{
  "active_landmarks_tail": 14,
  "case_id": "case_032",
  "duration_sec": 142.90499997138977,
  "evo_failed": false,
  "failure_reason": "FEATURE_STARVATION",
  "last10_update_accept_ratio": 0.23613963039014374,
  "launch_exit": 124,
  "mean_num_features": 141.46511627906978,
  "path_length_m": 2347.104660424004,
  "path_length_ratio": 40.229943510882734,
  "pose_count": 20221,
  "ros_crash": false,
  "rpe1_rot_rmse_deg": 0.179821,
  "rpe1_trans_rmse": 1.285573,
  "se3_ate_median": 398.220142,
  "se3_ate_rmse": 611.793714,
  "stage": 1,
  "status": "FAILED",
  "strong_baseline": false,
  "tail_E_orth_frob": 0.0,
  "timed_out": true,
  "update_accept_ratio": 0.6766169154228856,
  "usable": false
}
