{
  "active_landmarks_tail": 0,
  "duration_sec": 142.90499997138977,
  "first_timestamp": 1403715275.952143,
  "last_timestamp": 1403715418.857143,
  "mean_num_features": 71.71795970852979,
  "path_length_m": 3052.3928727003663,
  "pose_count": 13561
}
