{
  "active_landmarks_tail": 24,
  "case_id": "case_043",
  "duration_sec": 142.90499997138977,
  "evo_failed": false,
  "failure_reason": "E_ORTH_COLLAPSE",
  "last10_update_accept_ratio": 0.6152980877390326,
  "launch_exit": 124,
  "mean_num_features": 165.2207792207792,
  "path_length_m": 3052.3928727003663,
  "path_length_ratio": 52.32699566100026,
  "pose_count": 13561,
  "ros_crash": false,
  "rpe1_rot_rmse_deg": 0.364433,
  "rpe1_trans_rmse": 2.20959,
  "se3_ate_median": 343.596164,
  "se3_ate_rmse": 689.795962,
  "stage": 1,
  "status": "FAILED",
  "strong_baseline": false,
  "tail_E_orth_frob": 0.25276,
  "timed_out": true,
  "update_accept_ratio": 0.7578627591136526,
  "usable": false
}
