{
  "active_landmarks_tail": 10,
  "duration_sec": 142.90499997138977,
  "first_timestamp": 1403715275.952143,
  "last_timestamp": 1403715418.857143,
  "mean_num_features": 81.97493403693932,
  "path_length_m": 72.99843590412974,
  "pose_count": 9705
}
