{
  "active_landmarks_tail": 0,
  "duration_sec": 142.90499997138977,
  "first_timestamp": 1403715275.952143,
  "last_timestamp": 1403715418.857143,
  "mean_num_features": 70.69936034115139,
  "path_length_m": 552.7126906434386,
  "pose_count": 12259
}
