{
  "active_landmarks_tail": 27,
  "duration_sec": 142.90499997138977,
  "first_timestamp": 1403715275.952143,
  "last_timestamp": 1403715418.857143,
  "mean_num_features": 81.28310104529616,
  "path_length_m": 70.01114044022954,
  "pose_count": 10168
}
