{
  "active_landmarks_tail": 0,
  "duration_sec": 142.90499997138977,
  "first_timestamp": 1403715275.952143,
  "last_timestamp": 1403715418.857143,
  "mean_num_features": 80.8999183006536,
  "path_length_m": 253.20901779032295,
  "pose_count": 13822
}
