{
  "active_landmarks_tail": 24,
  "case_id": "case_017",
  "duration_sec": 142.90499997138977,
  "evo_failed": false,
  "failure_reason": "E_ORTH_COLLAPSE",
  "last10_update_accept_ratio": 0.5732484076433121,
  "launch_exit": 124,
  "mean_num_features": 122.52222222222223,
  "path_length_m": 9581.429832467307,
  "path_length_ratio": 164.22317862005548,
  "pose_count": 23909,
  "ros_crash": false,
  "rpe1_rot_rmse_deg": 0.13425,
  "rpe1_trans_rmse": 4.56041,
  "se3_ate_median": 2184.934026,
  "se3_ate_rmse": 2696.433759,
  "stage": 1,
  "status": "FAILED",
  "strong_baseline": false,
  "tail_E_orth_frob": 0.073917,
  "timed_out": true,
  "update_accept_ratio": 0.6107699574870099,
  "usable": false
}
