timestamp_ns,tx,ty,tz,qx,qy,qz,qw
1403715525262142976,-0.000007777685,-0.000030310743,0.000001478710,0.027546816390,-0.813789696596,0.000182246595,0.580506218233
1403715525312143104,0.001678172056,0.000276154347,-0.000623515798,0.026917591182,-0.813997870337,-0.000461877010,0.580243653168
1403715525362142976,0.001270409485,-0.000338942613,-0.000735321750,0.026434328088,-0.813981169564,-0.000987534711,0.580288640824
1403715525412143104,0.001362451580,-0.000599017579,-0.000807469135,0.026246319409,-0.813967098678,-0.001327564643,0.580316233238
1403715525462142976,0.001410303494,-0.000497899475,-0.000873389844,0.026975644657,-0.814092460422,-0.000624797046,0.580108084849
1403715525512142848,0.001381165180,-0.000136237931,-0.000920497994,0.027484971077,-0.814086334079,-0.000230384186,0.580093064908
1403715525562142976,0.001504886030,0.000402384794,-0.000924481043,0.027900068308,-0.814107142616,0.000277168257,0.580044023939
1403715525612143104,0.001597474596,0.000939284939,-0.000987735229,0.028022822017,-0.814118631786,0.000365780345,0.580021931508
1403715525662142976,0.001752611392,0.001708308218,-0.001003411449,0.027697968165,-0.814175456150,0.000175846700,0.579957859021
1403715525712142848,0.001952471047,0.002105746458,-0.001025884782,0.027607381441,-0.814114208308,-0.000458674654,0.580047996237
1403715525762142976,0.002148141202,0.002318550021,-0.000996188250,0.027452338822,-0.814152801650,-0.000460283845,0.580001183445
1403715525812143104,0.002282079331,0.002362426333,-0.000986888960,0.027653188364,-0.814108820775,-0.000566262938,0.580053280705
1403715525862142976,0.002195517841,0.002004999662,-0.000854893975,0.028452500850,-0.814215644665,0.000031520081,0.579864930983
1403715525912143104,0.002193396704,0.001990466603,-0.000668379086,0.029019977583,-0.814069187396,0.000644228339,0.580042053650
1403715525962142976,0.002238982497,0.002116690443,-0.000577693533,0.029457741324,-0.814089970996,0.001039020420,0.579990242191
1403715526012142848,0.002229869221,0.002139817369,-0.000701813056,0.029905097832,-0.814085569258,0.001153796294,0.579973309562
1403715526062142976,0.002193175873,0.002219966471,-0.000755626880,0.030210858179,-0.814100858381,0.001463035788,0.579935303252
1403715526112143104,0.002087082261,0.002340408716,-0.000845086849,0.030445453319,-0.814140840408,0.001502429266,0.579866802859
1403715526162142976,0.001932258678,0.002363898925,-0.000976388637,0.030528950490,-0.814043107109,0.001746720950,0.579998924065
1403715526212142848,0.001840311502,0.002417429373,-0.001048431290,0.030678232454,-0.814077525920,0.001750829696,0.579942723414
1403715526262142976,0.001746992832,0.002446964195,-0.001080050340,0.030733887869,-0.814107702338,0.001843478033,0.579897127705
1403715526312143104,0.001670099996,0.002531303853,-0.001090013138,0.030667919269,-0.814134152950,0.001886004424,0.579863348312
1403715526362142976,0.001673548762,0.002525104362,-0.001136974977,0.030542452605,-0.814195646474,0.001705588076,0.579784182968
1403715526412143104,0.001534895249,0.002379970050,-0.001146059707,0.030579541691,-0.814163558437,0.001739634744,0.579827185819
1403715526462142976,0.001618714219,0.002375699452,-0.001153762581,0.030737552248,-0.814203054657,0.001885200732,0.579762912480
1403715526512142848,0.001441828317,0.002431154882,-0.001144486644,0.030949428630,-0.814141394533,0.002003854109,0.579837828315
1403715526562142976,0.001507165665,0.002644683521,-0.001205692682,0.031003963171,-0.814169450893,0.002028815309,0.579795432380
1403715526612143104,0.001494524073,0.002785078571,-0.001272487345,0.030977645973,-0.814122331597,0.001971735421,0.579863196716
1403715526662142976,0.001350110586,0.002731785015,-0.001321064341,0.031015573038,-0.814189125738,0.001922975219,0.579767543009
1403715526712142848,0.001286096209,0.002650656540,-0.001353964036,0.030986080758,-0.814159414822,0.001995878943,0.579810595386
1403715526762142976,0.001309874581,0.002731693019,-0.001459300326,0.030988246073,-0.814118092514,0.002029618050,0.579868382219
1403715526812143104,0.001229136792,0.002771611610,-0.001588256770,0.030941860892,-0.814109294007,0.002053508824,0.579883127671
1403715526862142976,0.001073371390,0.002696192370,-0.001657064165,0.030914764867,-0.814116094871,0.001947075921,0.579875392028
1403715526912143104,0.000746686127,0.002545888729,-0.001219963073,0.030791948563,-0.814088858638,0.001897858663,0.579920325802
1403715526962142976,0.000572506483,0.002623317671,-0.001260848548,0.030997767651,-0.814326071827,0.001521096074,0.579577323064
1403715527012142848,0.000615898550,0.002782796627,-0.001368493809,0.031168660680,-0.814296609430,0.001258149727,0.579610182383
1403715527062142976,0.000577990670,0.002643985587,-0.001355985505,0.031212045042,-0.814448766364,0.001299553973,0.579393930216
1403715527112143104,0.000694925771,0.002959216705,-0.001419088824,0.031236375117,-0.814402610107,0.001617752670,0.579456694152
1403715527162142976,0.000805486408,0.003044341377,-0.001430528717,0.031404378104,-0.814460573662,0.001613750492,0.579366149162
1403715527212142848,0.000727577544,0.002973737674,-0.001359345560,0.031330900619,-0.814562986056,0.001526836275,0.579226367826
1403715527262142976,0.000781958525,0.003100562572,-0.001466524061,0.031364336715,-0.814463856861,0.001659150780,0.579363574509
1403715527312143104,0.000632695407,0.002803523621,-0.001136557637,0.031695703037,-0.814394027058,0.001840959655,0.579443148177
1403715527362142976,0.000220171302,0.002948607098,-0.000894828360,0.032311231134,-0.814435577300,0.002626265526,0.579347717265
1403715527412143104,-0.000089517279,0.003374694427,-0.000844561847,0.032576543177,-0.814415853492,0.002633996930,0.579360551363
1403715527462142976,-0.000785436383,0.003277235035,-0.000790650340,0.032700206983,-0.814427550429,0.003266106275,0.579333922808
1403715527512142848,-0.001095886051,0.003259083931,-0.000837255987,0.032823959217,-0.814227058995,0.003375751824,0.579608047219
1403715527562142976,-0.001376324197,0.003325269566,-0.000747412380,0.032934024369,-0.814185238120,0.003570403977,0.579659382984
1403715527612143104,-0.001816138823,0.003128003922,-0.000362847059,0.032703622503,-0.814381766694,0.003747060762,0.579395176617
1403715527662142976,-0.002248130142,0.003120180252,0.000197462766,0.032605381840,-0.814547644142,0.003963873182,0.579166048907
1403715527712142848,-0.002606071259,0.002957757961,0.000458800470,0.032724849287,-0.814412180833,0.003695976115,0.579351554508
1403715527762142976,-0.002780271746,0.002692434819,0.000432465438,0.032536342689,-0.814558609636,0.003735991344,0.579156024091
1403715527812143104,-0.003525022926,0.002216922156,0.000183707702,0.032182817266,-0.814213245416,0.003747807284,0.579661117553
1403715527862142976,-0.004206050474,0.002262158820,0.000596085288,0.032148601279,-0.814857380297,0.003866987787,0.578756394018
1403715527912143104,-0.004865285647,0.002196039751,0.000655397310,0.032343226793,-0.814565267145,0.003476561087,0.579159092793
1403715527962142976,-0.005512306551,0.001947511829,0.000340930186,0.032407765969,-0.814194252192,0.003324182324,0.579677846924
1403715528012142848,-0.006328840073,0.001541331298,0.000559955865,0.032500917390,-0.814036335495,0.003451159634,0.579893631936
1403715528062142976,-0.006874590915,0.001372532317,0.000447114984,0.032359852749,-0.813961232788,0.003719670070,0.580005271962
1403715528112143104,-0.007337389932,0.001384478587,0.000283851097,0.032392583403,-0.813964982679,0.003778557709,0.579997801732
1403715528162142976,-0.007848443577,0.001240418872,0.000460259191,0.032262947145,-0.814057150069,0.003498732772,0.579877415952
1403715528212142848,-0.008292471969,0.001163590029,0.001033940083,0.032417278466,-0.813908049548,0.003021922532,0.580080748622
1403715528262142976,-0.009084225804,0.000941500877,0.001329147171,0.032411347691,-0.814139563807,0.002567053189,0.579758299141
1403715528312143104,-0.010168837802,0.000724393855,0.001272873116,0.032061550249,-0.814760483942,0.002941646417,0.578903064008
1403715528362142976,-0.010504412131,0.000898702888,0.001069566170,0.031481532131,-0.815658973216,0.003306909934,0.577666354303
1403715528412143104,-0.012068743437,0.001025658409,0.001464234210,0.031359519111,-0.817128281568,0.003270511321,0.575592960154
1403715528462142976,-0.014416483760,-0.000243689317,0.004227434666,0.030318445530,-0.820271165167,0.003381467282,0.571160724433
1403715528512142848,-0.015109498720,-0.003919258480,0.013776137156,0.028871799463,-0.822629838206,0.003786787317,0.567831162169
1403715528562142976,-0.017183122451,-0.009489374285,0.028477183797,0.026875224060,-0.823870774053,0.005042295891,0.566117695577
1403715528612143104,-0.021074356524,-0.017322710816,0.050362193317,0.025794899676,-0.822748164810,0.005472819409,0.567794090055
1403715528662142976,-0.026767927966,-0.026083427054,0.076003567158,0.024116567301,-0.821413675461,0.006452161831,0.569786218292
1403715528712142848,-0.032732917855,-0.035065282255,0.101903332636,0.022573690074,-0.820438639951,0.006397034633,0.571252960202
1403715528762142976,-0.038608238482,-0.046046357419,0.128616667562,0.021164830933,-0.819733367199,0.006715156067,0.572314741477
1403715528812143104,-0.045812757226,-0.056616413690,0.157394075165,0.020826361922,-0.818926007927,0.006290547885,0.573486604200
1403715528862142976,-0.052528482755,-0.068976866873,0.190301490274,0.021080169298,-0.817470466461,0.004990081024,0.575562995699
1403715528912143104,-0.058488159997,-0.081136823337,0.222946352842,0.020044130472,-0.817002866749,0.005122409049,0.576262361674
1403715528962142976,-0.067307624580,-0.094437967310,0.254971480781,0.020142243472,-0.817628496592,0.003624326612,0.575382304078
1403715529012142848,-0.073726725591,-0.109221373561,0.287149942003,0.022123212212,-0.818714222592,0.002697417849,0.573768515295
1403715529062142976,-0.079473431890,-0.125559179124,0.319473202314,0.023453504527,-0.820037778469,0.005743425288,0.571799779709
1403715529112143104,-0.085446392971,-0.143534652498,0.356523455408,0.026533692451,-0.819746173826,0.009201401169,0.572038030098
1403715529162142976,-0.093748636610,-0.163665923075,0.397244392754,0.031216799442,-0.819764433960,0.014096123014,0.571675680402
1403715529212142848,-0.103860672249,-0.183937019553,0.441733615654,0.037581206542,-0.820567586414,0.018954051664,0.569997572773
1403715529262142976,-0.113940155322,-0.202943339416,0.487397731366,0.044969095644,-0.821997173706,0.024117910955,0.567200805031
1403715529312143104,-0.125123908449,-0.220334183460,0.531076087065,0.053362531158,-0.823998995114,0.029153035278,0.563318912210
1403715529362142976,-0.136061004395,-0.233100301222,0.558404629194,0.062634359976,-0.825749886543,0.033715461439,0.559533135287
1403715529412143104,-0.147402804627,-0.251430365584,0.594671699695,0.072136483016,-0.825998341762,0.038774104395,0.557691344789
1403715529462142976,-0.154242957867,-0.268068794884,0.625804748968,0.080156966149,-0.824686805451,0.043062772384,0.558222295620
1403715529512142848,-0.164502941941,-0.287277936388,0.649403565444,0.086836056552,-0.823578703799,0.046997559553,0.558541714940
1403715529562142976,-0.175526596384,-0.305876602644,0.669818624028,0.092251737924,-0.822998127172,0.050837259078,0.558192863275
1403715529612143104,-0.185358404377,-0.325615531787,0.690545082146,0.097324278153,-0.821969991151,0.052947263609,0.558650074560
1403715529662142976,-0.191731466495,-0.343768379498,0.713459959844,0.100927499726,-0.820627125585,0.055635239947,0.559722681896
1403715529712142848,-0.198279573661,-0.361230723269,0.734203571434,0.105744166780,-0.819072755448,0.056366863055,0.561035443822
1403715529762142976,-0.207512238557,-0.375557525037,0.750749677882,0.109650520387,-0.817976591082,0.057796212870,0.561738958590
1403715529812143104,-0.217098766845,-0.390161735096,0.766632711711,0.111895264560,-0.817411474850,0.059806219995,0.561908485968
1403715529862142976,-0.227595329355,-0.407288007677,0.781659157430,0.113547070363,-0.816796369117,0.061391529352,0.562300484024
1403715529912143104,-0.238210967091,-0.420981999904,0.795814743340,0.113859464887,-0.815604494772,0.064345977461,0.563635454481
1403715529962142976,-0.246956680446,-0.438257358532,0.814843967854,0.114125106201,-0.814602227866,0.066080931121,0.564829160926
1403715530012142848,-0.256130946924,-0.452195581749,0.829685797971,0.115784482929,-0.811580501993,0.066478048072,0.568780899311
1403715530062142976,-0.266385544924,-0.464538616188,0.843305610464,0.118061293211,-0.808129931449,0.064604633552,0.573422868628
1403715530112143104,-0.276192917272,-0.479294186948,0.864453725603,0.120810390059,-0.804907164056,0.061621564104,0.577695499153
1403715530162142976,-0.285121206827,-0.497408194533,0.884353658086,0.122922887397,-0.804209908140,0.058704914796,0.578524087987
1403715530212142848,-0.293500450436,-0.510322277477,0.903043981687,0.124731262549,-0.805505666604,0.055094134931,0.576686543547
1403715530262142976,-0.302011099005,-0.526268091956,0.924696578447,0.126777529727,-0.807916767450,0.051590249600,0.573180949592
1403715530312143104,-0.308599975461,-0.544292269862,0.948407362850,0.127801057025,-0.809418954383,0.049393064446,0.571023792230
1403715530362142976,-0.312945011961,-0.562029039716,0.978237303725,0.125578863200,-0.810717104842,0.051772371255,0.569462331159
1403715530412143104,-0.317339136203,-0.583048326147,1.009457694787,0.123292148305,-0.812140641808,0.054828068028,0.567644701416
1403715530462142976,-0.321277211866,-0.606327680531,1.041360332742,0.122285624298,-0.812995368589,0.059383157360,0.566178768028
1403715530512142848,-0.325307186301,-0.633162827348,1.071666535319,0.123905762782,-0.813171016987,0.063099361204,0.565171416207
1403715530562142976,-0.328169019608,-0.660945500852,1.101188256046,0.126178356359,-0.813203066681,0.067156872937,0.564154011902
1403715530612143104,-0.332517261024,-0.688929453441,1.128097555755,0.128480291581,-0.813287808470,0.070072428469,0.563156825438
1403715530662142976,-0.336241546431,-0.719394856209,1.148950517026,0.130602848692,-0.812720200300,0.073228344192,0.563086477856
1403715530712142848,-0.336797302006,-0.747221024881,1.165888421163,0.133119512382,-0.811889366051,0.076965153417,0.563197317001
1403715530762142976,-0.338145824736,-0.774385701717,1.179646375829,0.137094543957,-0.811111443028,0.081606397946,0.562711034920
1403715530812143104,-0.337920560142,-0.800850425752,1.194080577079,0.141987901257,-0.809647872484,0.087776658380,0.562676653791
1403715530862142976,-0.335243368343,-0.834744058444,1.208374782858,0.148367202991,-0.808581612388,0.093541960310,0.561634089819
1403715530912143104,-0.336240313292,-0.864860691083,1.222462982402,0.154298856639,-0.807826698132,0.098790827301,0.560221617815
1403715530962142976,-0.337746024774,-0.894910879359,1.237497478007,0.160649566537,-0.807234825147,0.100897998356,0.558912558250
1403715531012142848,-0.338794984282,-0.924822771139,1.250932184312,0.165111829469,-0.809519703618,0.104301262522,0.553657999002
1403715531062142976,-0.345194351583,-0.952515332759,1.267639712588,0.170075437955,-0.814718340365,0.105203463154,0.544279893638
1403715531112143104,-0.347437287253,-0.981872621545,1.283421737890,0.173859665984,-0.820401233660,0.107249614934,0.534052574612
1403715531162142976,-0.349112287942,-1.011912109655,1.299858622168,0.176824834715,-0.825215379718,0.108502464327,0.525337767670
1403715531212142848,-0.352497834016,-1.040792710669,1.313592478644,0.174280954902,-0.829201909871,0.116623563191,0.518120918254
1403715531262142976,-0.356330582239,-1.071445497629,1.327373877014,0.170740892531,-0.828022376370,0.125569839298,0.519094121818
1403715531312143104,-0.362196721604,-1.103794411403,1.341158271203,0.166551053194,-0.823854557521,0.134845525102,0.524729548521
1403715531362142976,-0.371595290407,-1.133809877961,1.350001117030,0.164299936377,-0.818508412779,0.140925256255,0.532155598736
1403715531412143104,-0.386840829196,-1.164665359040,1.357759698922,0.163795222850,-0.814468389819,0.144163373536,0.537614442410
1403715531462142976,-0.403010059066,-1.193120182912,1.367376135488,0.164204953043,-0.811075777407,0.145690501484,0.542187324158
1403715531512142848,-0.421286235607,-1.219010597313,1.377392726698,0.164609564785,-0.808850557059,0.146496436568,0.545163518221
1403715531562142976,-0.439900902485,-1.241729850075,1.382289316716,0.164755922105,-0.807445295028,0.147602369030,0.546901382633
1403715531612143104,-0.457435471426,-1.265905043768,1.385187078507,0.164437895195,-0.807590346526,0.149245584029,0.546336678679
1403715531662142976,-0.474838253314,-1.286285788306,1.386183530935,0.163476216114,-0.808250415326,0.151157586531,0.545122166973
1403715531712142848,-0.491780578771,-1.309646511776,1.382927236868,0.166013295276,-0.807670157763,0.147796527686,0.546136144614
1403715531762142976,-0.509856060297,-1.330688674697,1.382218968468,0.169185493354,-0.806565297047,0.142485662895,0.548202997354
1403715531812143104,-0.524070788017,-1.350630495505,1.385151807935,0.172009777411,-0.802699892895,0.138120560283,0.554083233141
1403715531862142976,-0.542573224202,-1.366946416747,1.380184501730,0.173965475158,-0.798747025958,0.134541325453,0.560033779090
1403715531912143104,-0.564937930710,-1.382753555278,1.375574722238,0.174860092971,-0.795479804255,0.131920689207,0.565006867806
1403715531962142976,-0.583808203191,-1.397321899591,1.374748829749,0.175672727198,-0.792351010949,0.129411398254,0.569711908221
1403715532012142848,-0.599061158762,-1.412137296262,1.377204603911,0.175412396803,-0.790802016943,0.128381791085,0.572171981807
1403715532062142976,-0.610019304494,-1.425161597378,1.381256115864,0.176341574119,-0.788676480387,0.126474047184,0.575236798120
1403715532112143104,-0.623713353936,-1.438557041018,1.385570789006,0.177330600857,-0.788335229685,0.124389736885,0.575854683921
1403715532162142976,-0.638049953354,-1.449270752987,1.389334835641,0.176928640880,-0.788009031436,0.123960686513,0.576516930029
1403715532212142848,-0.648424388400,-1.461056349130,1.391400156502,0.176903169346,-0.787249264149,0.124631981564,0.577417296194
1403715532262142976,-0.656650989814,-1.474163586044,1.391641573936,0.177670902179,-0.786200077727,0.126782607028,0.578142420911
1403715532312143104,-0.665786071388,-1.488318989019,1.388021885810,0.177716032566,-0.786883015545,0.130242897679,0.576427722460
1403715532362142976,-0.671405750309,-1.504334700750,1.383804238404,0.177550294718,-0.788916680810,0.134373736852,0.572739087569
1403715532412143104,-0.675866297992,-1.515869445093,1.382553316108,0.175797967094,-0.790144031457,0.140501079041,0.570111332203
1403715532462142976,-0.679187695504,-1.528814860207,1.379964000317,0.175903023372,-0.791283160429,0.143617155450,0.567717534564
1403715532512142848,-0.682793118445,-1.539780493814,1.378796011815,0.174690182831,-0.792606221678,0.148609781390,0.564954732925
1403715532562142976,-0.687415278650,-1.550291896441,1.375011863031,0.171822884805,-0.793818140808,0.154611090056,0.562516725451
1403715532612143104,-0.689550325193,-1.557500815189,1.374372986477,0.167958798239,-0.793757955353,0.162134337736,0.561649897120
1403715532662142976,-0.689812831989,-1.562169221851,1.371736990410,0.163863753704,-0.792512304414,0.169760699138,0.562364848299
1403715532712142848,-0.692811384651,-1.565628191442,1.367240221587,0.159950939407,-0.791422625234,0.176521717943,0.562944054365
1403715532762142976,-0.695945526162,-1.567866031892,1.360406196684,0.157779231854,-0.790675482463,0.181257232641,0.563101954395
1403715532812143104,-0.700451747280,-1.565266355850,1.355173662292,0.155225572721,-0.789984150985,0.184659876682,0.563676141690
1403715532862142976,-0.705733231903,-1.557753878849,1.351041808131,0.151899856708,-0.789785792066,0.186169703304,0.564363072635
1403715532912143104,-0.714045713542,-1.547706512952,1.345054262811,0.147537144318,-0.791350382534,0.184911200261,0.563742149505
1403715532962142976,-0.719699892735,-1.534155047498,1.337196329260,0.141140240734,-0.793413004279,0.183345147231,0.562991824161
1403715533012142848,-0.722600517510,-1.518493315352,1.327816449807,0.133324660775,-0.795479763077,0.179701506355,0.563155262763
1403715533062142976,-0.728139086472,-1.499097674221,1.313223929708,0.124304422143,-0.798760764462,0.174133951170,0.562322877750
1403715533112143104,-0.730862341968,-1.477117976468,1.299501478532,0.114314075204,-0.801013137382,0.167339835951,0.563300652632
1403715533162142976,-0.732053452106,-1.451253759243,1.285382144414,0.105113099240,-0.801196904939,0.158203398118,0.567456113465
1403715533212142848,-0.734399393023,-1.417916850469,1.275751120398,0.096298935825,-0.798285829116,0.145966889565,0.576333165055
1403715533262142976,-0.734404257874,-1.385154272267,1.268899372478,0.087065248248,-0.796287485499,0.135503990805,0.583081942321
1403715533312143104,-0.731381364386,-1.348862496444,1.262609027143,0.080755792712,-0.794753905208,0.123699191899,0.588679235258
1403715533362142976,-0.729517310865,-1.309679312158,1.260008922871,0.074886680258,-0.795487501014,0.113862918161,0.590446319929
1403715533412143104,-0.727789811150,-1.265420327719,1.262040407147,0.069904801711,-0.797292202661,0.105660074830,0.590147787304
1403715533462142976,-0.725542488769,-1.220357948336,1.267160586421,0.064499575235,-0.800408932600,0.099374173465,0.587630937797
1403715533512142848,-0.722349489261,-1.170767261537,1.275099703679,0.057496236924,-0.804275477578,0.097576116040,0.583364414826
1403715533562142976,-0.718514299496,-1.118422608374,1.285255693017,0.049687584284,-0.807731476703,0.099296888238,0.579000115283
1403715533612143104,-0.719361594733,-1.062625101631,1.293455556220,0.042352460528,-0.811263002121,0.101279745339,0.574283051866
1403715533662142976,-0.718136027313,-1.008998847437,1.308960080654,0.034630020385,-0.815120942877,0.104942479565,0.568652517935
1403715533712142848,-0.713549902999,-0.951460323935,1.326633804941,0.029461088678,-0.817388715663,0.106985431414,0.565298018062
1403715533762142976,-0.708268706223,-0.893235691967,1.347739400893,0.025032092923,-0.819181295568,0.108139738183,0.562691030976
1403715533812143104,-0.704314591058,-0.833294367757,1.370717514362,0.025354664511,-0.821079708600,0.104311942822,0.560628461369
1403715533862142976,-0.701977198089,-0.766183890158,1.396484219220,0.026823121569,-0.822422358955,0.099645507458,0.559439680827
1403715533912143104,-0.700230592823,-0.697372339065,1.425390277408,0.030776741588,-0.823971556216,0.091944941070,0.558273942196
1403715533962142976,-0.698014734987,-0.621721123546,1.456361460251,0.034336399293,-0.824395231263,0.085691417789,0.558435757515
1403715534012142848,-0.695746864777,-0.543901206118,1.483542796852,0.038188148012,-0.825207132922,0.079432377547,0.557911597408
1403715534062142976,-0.691802872888,-0.465351533871,1.506712334740,0.041986804061,-0.825421683063,0.073933217324,0.558077084990
1403715534112143104,-0.688706814004,-0.388448955843,1.520327138716,0.047369945925,-0.825019327145,0.066767549551,0.559143355846
1403715534162142976,-0.687047486192,-0.312821650907,1.529198343460,0.052598578679,-0.824911340072,0.060155794570,0.559585517075
1403715534212142848,-0.684552002338,-0.237197548512,1.533469478086,0.058884564056,-0.824541625822,0.053547910835,0.560175273149
1403715534262142976,-0.683786400045,-0.161477721460,1.533455153425,0.063905474195,-0.824037178797,0.047846237363,0.560882836160
1403715534312143104,-0.684719396647,-0.082706319777,1.529403573994,0.066568517286,-0.823604922326,0.045462319779,0.561406040141
1403715534362142976,-0.685006852684,-0.007830700712,1.522359867158,0.069359128726,-0.823180976866,0.041814282043,0.561973270187
1403715534412143104,-0.686305321260,0.069519679488,1.515918243452,0.069393679555,-0.823365078593,0.039302053799,0.561880604006
1403715534462142976,-0.687286714197,0.146866638776,1.507377888699,0.067568261672,-0.823759154488,0.036129763162,0.561738396076
1403715534512142848,-0.691515522527,0.222692061285,1.498511282468,0.064562951993,-0.824339969451,0.032352434524,0.561469999177
1403715534562142976,-0.693000862799,0.297515886576,1.488505582501,0.059548212351,-0.824843346496,0.028009520932,0.561518415446
1403715534612143104,-0.696231064307,0.372144584724,1.476370059271,0.052390898589,-0.825632955483,0.024087917027,0.561253230564
1403715534662142976,-0.697724595927,0.441074679746,1.464444758240,0.044996202176,-0.826448565001,0.018026506615,0.560921702430
1403715534712142848,-0.700705566157,0.507434614919,1.452333042217,0.036039223819,-0.827691761801,0.011397284283,0.559908585132
1403715534762142976,-0.702654477146,0.577809191767,1.440994648609,0.026253868949,-0.830623122998,0.003686755784,0.556203532655
1403715534812143104,-0.706214184838,0.648902611954,1.428997382664,0.015263816403,-0.833848719094,-0.005772717105,0.551751760587
1403715534862142976,-0.712754530693,0.716697995067,1.418338942582,0.004214455665,-0.837170339575,-0.015900407008,0.546694830739
1403715534912143104,-0.720543246926,0.782822617863,1.405788677302,-0.007634462196,-0.839781392880,-0.025813263843,0.542256952532
1403715534962142976,-0.730174324586,0.847793211935,1.393969424389,-0.019242662907,-0.841701900555,-0.036091619260,0.538391145494
1403715535012142848,-0.739145619529,0.916489344689,1.379262491451,-0.029459396257,-0.842310310932,-0.045228780161,0.536283359349
1403715535062142976,-0.749487850118,0.985169597703,1.364787555964,-0.039406491843,-0.843668474937,-0.052368830802,0.532849076529
1403715535112143104,-0.764529942097,1.047275986945,1.350034898897,-0.048426940320,-0.845703870686,-0.059033440504,0.528161762588
1403715535162142976,-0.779244671813,1.110739738242,1.336091686085,-0.056602342811,-0.847775379110,-0.063428395695,0.523497774572
1403715535212142848,-0.796238862034,1.172747492901,1.322687827177,-0.063671769505,-0.850615826048,-0.067247277310,0.517567798399
1403715535262142976,-0.815649918786,1.236007259234,1.308957428090,-0.069985489496,-0.852810891495,-0.069332508867,0.512843658265
1403715535312143104,-0.835901634501,1.298368326765,1.296535864222,-0.075564671967,-0.854055878259,-0.070621024729,0.509795260892
1403715535362142976,-0.860042292499,1.358217642540,1.286197550021,-0.080571609116,-0.854582343602,-0.071309677439,0.508047403016
1403715535412143104,-0.885810727031,1.416529915130,1.275705941725,-0.088817774509,-0.853062188412,-0.065235580571,0.510039826544
1403715535462142976,-0.917137408927,1.474142290377,1.262886135656,-0.096310881806,-0.849833424058,-0.059970692797,0.514694940140
1403715535512142848,-0.954229906883,1.528797113940,1.252392973307,-0.101570459772,-0.845691481626,-0.055987993848,0.520917175905
1403715535562142976,-0.994883723798,1.586133111819,1.241393384652,-0.102780209307,-0.840661817031,-0.054389693878,0.528928822395
1403715535612143104,-1.035192240777,1.643840354080,1.231026309807,-0.102082690619,-0.834717125688,-0.054286495639,0.538404514051
1403715535662142976,-1.079156231392,1.702177879815,1.223824700715,-0.098497249424,-0.831758793199,-0.055113250589,0.543542207562
1403715535712142848,-1.118717874431,1.760314194441,1.221445844171,-0.092738876054,-0.829291165586,-0.055796452542,0.548235733451
1403715535762142976,-1.162396038283,1.819430042285,1.214034661892,-0.085422955566,-0.828921704003,-0.055075774835,0.550053075913
1403715535812143104,-1.205347614610,1.880411120499,1.205504289702,-0.074634298838,-0.828502024472,-0.056255782162,0.552131690682
1403715535862142976,-1.250209621844,1.944495297320,1.191280944238,-0.062277556317,-0.829889446927,-0.057511992502,0.551450253945
1403715535912143104,-1.299573218861,2.005620448610,1.174807250522,-0.050014623169,-0.833155741097,-0.055828592091,0.547935413030
1403715535962142976,-1.345983201615,2.068038814331,1.150605279402,-0.038065662551,-0.835987986346,-0.053825232881,0.544773288924
1403715536012142848,-1.389124597343,2.125589284225,1.135678289037,-0.028410769870,-0.838736375709,-0.050837766327,0.541414482381
1403715536062142976,-1.432747311409,2.183621294103,1.119553117128,-0.019897818664,-0.842302388358,-0.047029035216,0.536580872959
1403715536112143104,-1.476471858351,2.241202189539,1.103615255589,-0.013131644277,-0.844997883502,-0.042928101713,0.532882083466
1403715536162142976,-1.522858861907,2.296069218511,1.087849860883,-0.006035583364,-0.847887569491,-0.041140030742,0.528543034299
1403715536212142848,-1.571868062909,2.352088401143,1.079939951226,0.001820256952,-0.851114893190,-0.040926086634,0.523378620778
1403715536262142976,-1.621702921329,2.403233786955,1.069141767206,0.009142463247,-0.852425999078,-0.040977340347,0.521159466036
1403715536312143104,-1.671687939974,2.451875443710,1.066615658197,0.015935486898,-0.852765988346,-0.040948124302,0.520441620639
1403715536362142976,-1.721933733766,2.497352606936,1.076599216595,0.023898573683,-0.851237481338,-0.042796270443,0.522486447458
1403715536412143104,-1.768457036760,2.547473892738,1.087062634425,0.032498740768,-0.849230876358,-0.047381159641,0.524886441241
1403715536462142976,-1.820204197051,2.590799162179,1.094721681557,0.040500484914,-0.845796138675,-0.051661081086,0.529452297403
1403715536512142848,-1.875468474760,2.631479891363,1.099161447177,0.047126005944,-0.842899758479,-0.055938826424,0.533075964961
1403715536562142976,-1.934287803999,2.671513337357,1.097830076908,0.052370265181,-0.839553038096,-0.058706071138,0.537551531261
1403715536612143104,-1.996401282156,2.706785885365,1.089596835016,0.055934174890,-0.836552680333,-0.060402818939,0.541666392322
1403715536662142976,-2.059521826771,2.734119671864,1.087501608609,0.059954401016,-0.832044393307,-0.062541816733,0.547901559156
1403715536712142848,-2.123281125766,2.759680219704,1.083924856414,0.061573940674,-0.826862996681,-0.062131489074,0.555559099121
1403715536762142976,-2.184718243698,2.782457795907,1.076872629228,0.062950468920,-0.819922471191,-0.060417840002,0.565786235525
1403715536812143104,-2.247539731703,2.797914337609,1.071478965845,0.066336053285,-0.812675290689,-0.058742869129,0.575940687280
1403715536862142976,-2.308399647199,2.809597788782,1.066524822623,0.070627401064,-0.806263873239,-0.059232353420,0.584330270684
1403715536912143104,-2.364196955489,2.817342684957,1.068158763315,0.075576643654,-0.799317446378,-0.061798766833,0.592925546142
1403715536962142976,-2.418139846027,2.820454895413,1.070707299000,0.081830763362,-0.792813759199,-0.067856616686,0.600121278546
1403715537012142848,-2.468383608345,2.819495442227,1.076148630942,0.086518801238,-0.786381645563,-0.072893887825,0.607293080541
1403715537062142976,-2.517565986382,2.807744724444,1.081256497345,0.090223915131,-0.777863937179,-0.075865119771,0.617277752699
1403715537112143104,-2.560938322711,2.795024853184,1.085175474299,0.092625301985,-0.768299457714,-0.078552958586,0.628463148805
1403715537162142976,-2.599313929174,2.776863170958,1.090744482193,0.094866547413,-0.758043823922,-0.080434810348,0.640234441810
1403715537212142848,-2.630963873540,2.757122270814,1.098503074500,0.095182325199,-0.748855216878,-0.080255110247,0.650934179779
1403715537262142976,-2.654781623909,2.734504461485,1.100525280857,0.093171036336,-0.740961274888,-0.076961291690,0.660584973100
1403715537312143104,-2.673932219340,2.706814980595,1.095221629320,0.085796077371,-0.738350970649,-0.065308054182,0.665741492855
1403715537362142976,-2.684349607204,2.681361622388,1.082986847462,0.075392278934,-0.741105767225,-0.050808328791,0.665204299286
1403715537412143104,-2.689997048344,2.650242116017,1.072841235115,0.064603595767,-0.750488514515,-0.036762503694,0.656690096862
1403715537462142976,-2.687305468134,2.607655339547,1.083905641854,0.053506475599,-0.762497061185,-0.023647254408,0.644341598930
1403715537512142848,-2.671876975153,2.575910082526,1.095880703073,0.043359946993,-0.776995117101,-0.012376922044,0.627889572137
1403715537562142976,-2.651347471446,2.541573801968,1.108219349428,0.035297550939,-0.791572280391,-0.004486837456,0.610038749674
1403715537612143104,-2.626266819547,2.503853373350,1.131454518205,0.027743718892,-0.802965981635,0.002947881275,0.595371504521
1403715537662142976,-2.597101567104,2.466507874190,1.161667134327,0.021751021464,-0.810555246429,0.007433275165,0.585210929470
1403715537712142848,-2.568521203776,2.419285107089,1.203622602007,0.016827295757,-0.811424502278,0.011334640323,0.584104994970
1403715537762142976,-2.558023596801,2.363856909654,1.229943944794,0.013843555533,-0.807518063636,0.012777638735,0.589541910995
1403715537812143104,-2.546872337476,2.308641316574,1.256614201893,0.011310112254,-0.802659646364,0.014007739646,0.596165544702
1403715537862142976,-2.524020901493,2.270491587349,1.271010290240,0.010771299580,-0.798739952395,0.012974889741,0.601440038399
1403715537912143104,-2.504288109343,2.223599851258,1.288431276843,0.009208950734,-0.796288775978,0.013643117209,0.604692687098
1403715537962142976,-2.480976302621,2.180750052140,1.302543564292,0.009811883626,-0.797245243166,0.011693554369,0.603462517457
1403715538012142848,-2.450941935721,2.141893433030,1.316447616703,0.007822701142,-0.800845598984,0.014361915110,0.598647531800
1403715538062142976,-2.419309345552,2.107516559902,1.320860903593,0.005469460412,-0.804335426660,0.015213127461,0.593955526260
1403715538112143104,-2.389681987568,2.066063862808,1.327694534045,0.001065961231,-0.808024936994,0.016961220915,0.588903117590
1403715538162142976,-2.360891942460,2.034120610393,1.325661358267,-0.004183194662,-0.811434632208,0.017264582444,0.584173153037
1403715538212142848,-2.317760814083,1.997439725853,1.325804391297,-0.009853646569,-0.814299106547,0.015061388934,0.580166377248
1403715538262142976,-2.273251469282,1.980495839523,1.313323768093,-0.016247510508,-0.816106515120,0.011407082574,0.577560432204
1403715538312143104,-2.225118478483,1.964968291133,1.294461794258,-0.022734072337,-0.815374861333,0.006925372055,0.578445361882
1403715538362142976,-2.179558033036,1.950018101796,1.273242228991,-0.029334731813,-0.813501811304,0.000663788429,0.580821690280
1403715538412143104,-2.132456655226,1.934126409917,1.266081783228,-0.034655103875,-0.808077720479,-0.008818399750,0.587989504385
1403715538462142976,-2.081121928448,1.921327856107,1.265776033540,-0.038341950279,-0.802010088085,-0.021589811871,0.595687496496
1403715538512142848,-2.028220835232,1.910762497087,1.266210172432,-0.042971268580,-0.795651940969,-0.034022312661,0.603269376937
1403715538562142976,-1.976386440564,1.897626895121,1.266896267847,-0.047636002601,-0.790597893569,-0.047538255694,0.608626236853
1403715538612143104,-1.932750590119,1.884301846575,1.254114594875,-0.055721709188,-0.787546432936,-0.058049959451,0.610979467170
1403715538662142976,-1.885987718366,1.867412679446,1.245275386678,-0.064547795974,-0.785713559022,-0.069176900418,0.611311983894
1403715538712142848,-1.841942354554,1.841480321427,1.243237125521,-0.075357416892,-0.785829331355,-0.078559153798,0.608787303626
1403715538762142976,-1.793488938827,1.813286442778,1.241629499424,-0.088045093833,-0.788675789421,-0.088238082002,0.602040365355
1403715538812143104,-1.741512112399,1.783702002362,1.241155283963,-0.102251315861,-0.792631873013,-0.098247252140,0.592981331692
1403715538862142976,-1.688585634926,1.757243128525,1.239366420206,-0.116365460781,-0.795267430453,-0.108993783370,0.584918070147
1403715538912143104,-1.631373946021,1.734473313375,1.237602250615,-0.132048392034,-0.796601359214,-0.120892620491,0.577385894329
1403715538962142976,-1.568472789767,1.716450138959,1.239397570704,-0.148498282596,-0.795702363296,-0.133239158598,0.571885771573
1403715539012142848,-1.505815369097,1.697956300036,1.240448696819,-0.165367446781,-0.793579364170,-0.146502119684,0.566941380776
1403715539062142976,-1.441901951283,1.676630796486,1.246271305832,-0.183221893190,-0.790089436297,-0.159146988304,0.562903772080
1403715539112143104,-1.376916707713,1.657208520742,1.244113907509,-0.201366154343,-0.786125192976,-0.172115275758,0.558422048906
1403715539162142976,-1.312663761521,1.640024605948,1.234619249281,-0.219840012902,-0.780908635280,-0.184604635535,0.554773107325
1403715539212142848,-1.248492576801,1.622028496964,1.224333108285,-0.238645268001,-0.775338976573,-0.196306422679,0.550782802820
1403715539262142976,-1.189078397039,1.607212168011,1.213436222690,-0.256800874666,-0.771496379494,-0.207620623044,0.543820121074
1403715539312143104,-1.125456086389,1.592976161982,1.180734926899,-0.273736282699,-0.767715923396,-0.218369706609,0.536652009904
1403715539362142976,-1.070599153596,1.573709606338,1.170498322665,-0.289871852364,-0.763995602535,-0.228072352136,0.529403466843
1403715539412143104,-1.011549985919,1.558482795722,1.125673456234,-0.304626648404,-0.760461532053,-0.237079020982,0.522201494789
1403715539462142976,-0.959718356317,1.536517583784,1.111832803530,-0.315714960449,-0.755339220939,-0.246512718150,0.518669649053
1403715539512142848,-0.905404825663,1.518232802155,1.076000775357,-0.327048786440,-0.751358913731,-0.251918868653,0.514816236789
1403715539562142976,-0.865084983166,1.488277776148,1.087701879058,-0.340171565933,-0.747337064418,-0.251755025775,0.512240202322
1403715539612143104,-0.821289861528,1.470505133121,1.061162988480,-0.350009169964,-0.742744244119,-0.252678246927,0.511838130955
1403715539662142976,-0.769548680871,1.460017946146,1.028432590204,-0.358174007339,-0.738123281389,-0.252326506035,0.513046524489
1403715539712142848,-0.738916197010,1.421556176460,1.057511771520,-0.364337960678,-0.733374135208,-0.253087772907,0.515137658711
1403715539762142976,-0.695807677706,1.409842425223,1.044702702844,-0.367813546154,-0.730375483533,-0.255068190698,0.515950643389
1403715539812143104,-0.640687184792,1.402299278829,1.038095913451,-0.368984202007,-0.727783671678,-0.257543982445,0.517544860872
1403715539862142976,-0.628785958582,1.371120300741,1.051929755845,-0.368658168145,-0.729627910854,-0.258012890689,0.514940399465
1403715539912143104,-0.587507278146,1.361021549545,1.049102935088,-0.368960289783,-0.733104610115,-0.255245898025,0.511151119272
1403715539962142976,-0.546232253272,1.352783134229,1.049017230810,-0.371877675590,-0.735513383229,-0.248601684220,0.508846008230
1403715540012142848,-0.504780725816,1.342493044922,1.058719385798,-0.373589520758,-0.742173913460,-0.242814667189,0.500649367877
1403715540062142976,-0.465770915703,1.341471049536,1.059595278690,0.377685390122,0.745825840563,0.233627852518,-0.496503361685
1403715540112143104,-0.417536686602,1.357555017594,1.053152732352,0.381134442142,0.750036947327,0.224959776545,-0.491501997548
1403715540162142976,-0.365655561298,1.357556610821,1.064736605563,0.384759013905,0.752673946573,0.215636482906,-0.488818308381
1403715540212142848,-0.319871052061,1.350765688704,1.092290659336,0.386383174783,0.754856900555,0.210253228142,-0.486510721346
1403715540262142976,-0.273058997838,1.345126148187,1.131998648368,0.385031252491,0.753906823303,0.210142244793,-0.489096793423
1403715540312143104,-0.231739790413,1.332505985683,1.176161301122,0.380783557896,0.754070306138,0.213946490127,-0.490518862838
1403715540362142976,-0.178803610716,1.349109409718,1.187593835985,0.374596910545,0.756078966376,0.220318164688,-0.489368631526
1403715540412143104,-0.144808310737,1.356948698354,1.222479282870,0.369432952106,0.758610699922,0.224763142732,-0.487350622787
1403715540462142976,-0.093607916978,1.382715314996,1.238936586076,0.364881695018,0.761569558419,0.229752171554,-0.483825480930
1403715540512142848,-0.065277616193,1.391045528660,1.272254178644,0.361227480981,0.766627220736,0.234067383646,-0.476455529220
1403715540562142976,-0.029710496480,1.408220091832,1.295209431180,0.360616265895,0.770596306508,0.236731605707,-0.469143248941
1403715540612143104,0.006151591641,1.431442380432,1.314573401530,0.361182807758,0.774011194374,0.238188794169,-0.462298333002
1403715540662142976,0.039986281239,1.460950890576,1.331532976686,0.364600217335,0.776074917205,0.235121068835,-0.457703492880
1403715540712142848,0.073192665242,1.495863230967,1.345796935139,0.371348801203,0.775142738943,0.228998963434,-0.456960913926
1403715540762142976,0.099803351254,1.536062216021,1.353604249021,0.377404298403,0.772740511816,0.224397600003,-0.458349009006
1403715540812143104,0.117332307246,1.579459210055,1.362975047544,0.380030221426,0.768772087158,0.223300715484,-0.463360873698
1403715540862142976,0.139685794712,1.621569186418,1.374871021244,0.380988144042,0.764032284200,0.225280246392,-0.469416140950
1403715540912143104,0.160605566610,1.669411224015,1.383387781363,0.381260216285,0.760031957117,0.226902214087,-0.474876254283
1403715540962142976,0.177987386196,1.717367174778,1.396858263336,0.379430971133,0.756629918207,0.231105885385,-0.479722184978
1403715541012142848,0.196850933053,1.771373817542,1.407731973023,0.376937581157,0.754451685850,0.235347401872,-0.483044836492
1403715541062142976,0.213996756539,1.830399403027,1.415370193019,0.374419299044,0.753270600181,0.239418942342,-0.484842408886
1403715541112143104,0.227391677178,1.890328585400,1.425869453053,0.372385455241,0.754065442904,0.241988424175,-0.483896665734
1403715541162142976,0.243197327412,1.952697997607,1.433885051240,0.373188942876,0.752692771822,0.240207092163,-0.486296367493
1403715541212142848,0.263738929590,2.014436283951,1.443591917434,0.376372611702,0.747271305673,0.235157518339,-0.494601045740
1403715541262142976,0.284539077108,2.077585204965,1.452829557415,-0.378926885150,-0.740910145833,-0.231684412499,0.503774656485
1403715541312143104,0.297312991548,2.144299026050,1.460279920184,-0.380032126739,-0.735570862446,-0.232241493984,0.510465451758
1403715541362142976,0.307491706173,2.214168722477,1.466874028297,-0.377795625317,-0.733232264793,-0.238549665885,0.512576792553
1403715541412143104,0.313588615808,2.284102153141,1.471996733079,-0.375135931363,-0.733091044122,-0.244243971885,0.512050228226
1403715541462142976,0.324721482602,2.352575661286,1.478314830032,-0.373414871785,-0.736441285959,-0.248661427402,0.506342828909
1403715541512142848,0.334480368627,2.422119488348,1.481177066521,0.373074920996,0.741584265167,0.250798663152,-0.497963765290
1403715541562142976,0.348738026296,2.494393951481,1.485741996787,0.373000373263,0.746756266591,0.252299351592,-0.489459739957
1403715541612143104,0.365697376067,2.561981207732,1.497839037530,0.373430194279,0.750454652720,0.252379343415,-0.483396701714
1403715541662142976,0.376192001636,2.628266049291,1.512977319680,0.370642316695,0.754415006559,0.256707262749,-0.477057283989
1403715541712142848,0.386870746810,2.701388186544,1.520796379219,0.367337483694,0.757177378457,0.261067684230,-0.472852254808
1403715541762142976,0.388017919227,2.771975771754,1.526197774231,0.358675131891,0.758919309651,0.272405717891,-0.470307086979
1403715541812143104,0.384729724019,2.843970443779,1.531216254029,0.349889847204,0.759665461135,0.283889305317,-0.468926800587
1403715541862142976,0.386610198285,2.916744710753,1.539569262211,0.340232978075,0.758425770667,0.296246139064,-0.470393554493
1403715541912143104,0.385707290662,2.988999075328,1.550699899006,0.330827361008,0.758756131645,0.305473492950,-0.470667966834
1403715541962142976,0.388767244507,3.061113022484,1.556782151910,0.322064178228,0.759821334515,0.312576179179,-0.470364047231
1403715542012142848,0.391020371402,3.132684983887,1.563593406837,0.312683873229,0.762251158462,0.317728036804,-0.469308919023
1403715542062142976,0.400031627830,3.201075641938,1.576767155217,0.301911003583,0.762838254608,0.321997659048,-0.472488148836
1403715542112143104,0.405644895588,3.266377410740,1.590452508200,0.292292312473,0.762578059477,0.322227779905,-0.478757940019
1403715542162142976,0.407641534523,3.324814676937,1.606922871428,0.281357216441,0.761989878724,0.322389526077,-0.486080790563
1403715542212142848,0.396658429873,3.378649265758,1.622001297241,0.271256444304,0.759804620620,0.319425825439,-0.497075469070
1403715542262142976,0.366426253489,3.433399374971,1.632640567677,-0.261485410717,-0.757876246524,-0.313753602989,0.508731413959
1403715542312143104,0.337414366078,3.487758631078,1.638102882509,-0.254158583627,-0.755746817246,-0.303309049347,0.521779439204
1403715542362142976,0.308161490137,3.533944518524,1.652107525002,-0.245410944489,-0.753835321555,-0.293727167065,0.534069403382
1403715542412143104,0.272687395250,3.574432522788,1.662793803827,-0.239300430897,-0.750537591581,-0.278164389352,0.549593667989
1403715542462142976,0.238492870634,3.613473872999,1.669440464761,-0.233320159777,-0.747224370638,-0.262882364498,0.564012681952
1403715542512142848,0.207240467068,3.652199478396,1.669169561632,-0.228803287106,-0.745051161740,-0.248775376836,0.575029246282
1403715542562142976,0.174611574010,3.689729678358,1.663355212354,-0.223314676427,-0.744523148316,-0.237561891963,0.582563459548
1403715542612143104,0.143452496307,3.727060625714,1.650018605152,-0.220106636839,-0.748242291806,-0.226783921833,0.583314318331
1403715542662142976,0.125068101201,3.760605740982,1.639349378307,-0.216214482746,-0.753478637487,-0.219534854445,0.580797458660
1403715542712142848,0.102703235298,3.786282459071,1.637910838269,-0.213800908055,-0.756312617865,-0.211207716043,0.581095255924
1403715542762142976,0.078388040549,3.805829187360,1.642100332206,-0.210381660526,-0.760286562178,-0.206739401894,0.578759639221
1403715542812143104,0.041988615766,3.811672442512,1.652271866968,-0.208365693653,-0.765084321131,-0.202486307660,0.574655561601
1403715542862142976,0.026081120529,3.829243347343,1.667602869976,-0.207988818802,-0.769190948670,-0.197531207718,0.571023079844
1403715542912143104,0.008053310270,3.842984482400,1.675945109565,-0.208579130244,-0.771653378779,-0.192431114836,0.569224099532
1403715542962142976,-0.008698494353,3.854104798593,1.682146799943,-0.210295087847,-0.772626807996,-0.186283178450,0.569317458910
1403715543012142848,-0.021499139320,3.866384543589,1.682773506115,-0.212321877559,-0.772415602172,-0.180717628980,0.570644106608
1403715543062142976,-0.035746197802,3.878119150666,1.678850861384,-0.214025569573,-0.771537798931,-0.176833012439,0.572409439214
1403715543112143104,-0.049204651225,3.891223014238,1.670135462593,-0.215834903743,-0.771084843348,-0.173758364895,0.573281335223
1403715543162142976,-0.060926785982,3.904693626861,1.658487599258,-0.216777175217,-0.769695548228,-0.172943382945,0.575036525482
1403715543212142848,-0.072325534989,3.916282855827,1.649641948086,-0.217275075257,-0.767618319523,-0.173211901382,0.577538998185
1403715543262142976,-0.081172910127,3.930138173890,1.637155594161,-0.219430540965,-0.765071768267,-0.171723349393,0.580539850799
1403715543312143104,-0.085859664636,3.942283697601,1.626602719496,-0.221301245760,-0.763079807459,-0.171169131329,0.582611443892
1403715543362142976,-0.087808494951,3.953109102677,1.618802200585,-0.221545579721,-0.762521395803,-0.172896805375,0.582739540224
1403715543412143104,-0.087753076232,3.961957994996,1.616545228857,-0.221162934045,-0.761311215952,-0.175255210320,0.583761766755
1403715543462142976,-0.088213866319,3.970560906107,1.613395295999,-0.219492606626,-0.762046983776,-0.179633060626,0.582099092668
1403715543512142848,-0.087507883747,3.979760584838,1.607104786262,-0.217894305230,-0.762093100544,-0.183575622121,0.581408779443
1403715543562142976,-0.084414012685,3.985390246136,1.606214048811,-0.215241859011,-0.760173374888,-0.188660458276,0.583279190203
1403715543612143104,-0.078402509028,3.989912351881,1.605520078390,-0.212808985412,-0.757451317458,-0.193304418744,0.586185328290
1403715543662142976,-0.073687729580,3.991843967704,1.604020720866,-0.208076102540,-0.754237831666,-0.200449208801,0.589618303249
1403715543712142848,-0.064403225592,3.995178239647,1.597762074338,-0.205395612459,-0.751664912391,-0.208236841526,0.591142892788
1403715543762142976,-0.051370957444,3.997372130268,1.590120556727,-0.202621364725,-0.748749214382,-0.219489446798,0.591729312494
1403715543812143104,-0.033259673066,3.998625243691,1.577907419224,-0.201318899946,-0.746112307242,-0.232058251577,0.590708128758
1403715543862142976,-0.012081619015,3.999457140856,1.557634119832,-0.203123705022,-0.744807742750,-0.244386257744,0.586751688386
1403715543912143104,0.005998541500,3.994516258193,1.538563911815,-0.206603060002,-0.742889536102,-0.256885453849,0.582614946898
1403715543962142976,0.023814874305,3.987669513125,1.512578277075,-0.214040414975,-0.742690260413,-0.267828465221,0.575209345423
1403715544012142848,0.046208450553,3.977564377355,1.485751347094,-0.222283465842,-0.741316514257,-0.279919826224,0.568053498704
1403715544062142976,0.071686733793,3.964146726110,1.453231168528,-0.234438996247,-0.739837133920,-0.290337069882,0.559806893637
1403715544112143104,0.089755174975,3.943782602366,1.420535209615,-0.252498358889,-0.737000879545,-0.295011208109,0.553211233977
1403715544162142976,0.110390626009,3.923006992508,1.384191546543,-0.273345305441,-0.732883319109,-0.298900331095,0.546647031123
1403715544212142848,0.126393168643,3.895510039213,1.348858901769,-0.296312209487,-0.727500216388,-0.303471609933,0.539302782886
1403715544262142976,0.140421392068,3.864310158338,1.315579179569,-0.319065994818,-0.720272819752,-0.310026509299,0.532247611182
1403715544312143104,0.158022883312,3.829614246193,1.287002732232,-0.342794713009,-0.711886928849,-0.316255206221,0.525063262670
1403715544362142976,0.176304751087,3.789390631744,1.258416886183,-0.366891823473,-0.702679970396,-0.322191638811,0.517516953301
1403715544412143104,0.207925126158,3.754235254306,1.233997536786,-0.390436761447,-0.691938115373,-0.327824426657,0.511186781022
1403715544462142976,0.220723549040,3.711734109748,1.219633112951,-0.410790046211,-0.681073386512,-0.335299323367,0.504940534982
1403715544512142848,0.227054909300,3.666039095786,1.202532424745,0.428509422360,0.670078160906,0.343563512988,-0.499338608330
1403715544562142976,0.238533170040,3.623814528026,1.187378089158,0.444802107649,0.660503551886,0.349949717073,-0.493377480736
1403715544612143104,0.259528915411,3.582725456942,1.165063368171,0.456882255032,0.652182791863,0.357241884740,-0.488154121997
1403715544662142976,0.275499474522,3.537400120309,1.158804471741,0.466348570123,0.645226320010,0.362792231244,-0.484338522171
1403715544712142848,0.302852373110,3.487742192662,1.139606042001,0.469331188274,0.637997726819,0.372526994520,-0.483643230741
1403715544762142976,0.326604050627,3.437066266085,1.125808299991,0.470750849274,0.631939071304,0.379821396610,-0.484543449800
1403715544812143104,0.348375107538,3.387281027187,1.126216214297,0.471959673493,0.627311751627,0.384829186045,-0.485428192872
1403715544862142976,0.366960035420,3.336050623340,1.119319791255,0.471992799407,0.624727779739,0.388923911900,-0.485464920755
1403715544912143104,0.381265187692,3.282289229295,1.128877451452,0.473148048243,0.624820084075,0.389089421819,-0.484086984755
1403715544962142976,0.398432310522,3.227751375901,1.137107121704,0.475215491098,0.626371055706,0.388624816468,-0.480416787404
1403715545012142848,0.419494421916,3.175222214765,1.140496978672,0.477799649745,0.628876563103,0.387128259599,-0.475766196469
1403715545062142976,0.437093222457,3.127756250064,1.123343158030,0.480652892742,0.629277356242,0.387060849704,-0.472405233085
1403715545112143104,0.446631863316,3.083859131459,1.106654792550,0.484401372041,0.629229152929,0.387763721495,-0.468044100659
1403715545162142976,0.467604629017,3.043322768060,1.087081669426,0.488912007143,0.628341254417,0.389300526927,-0.463246604957
1403715545212142848,0.498191969370,2.993448459310,1.089388780166,0.494569972519,0.625647756763,0.391125072117,-0.459332782089
1403715545262142976,0.521411359402,2.939074128977,1.077691752120,0.500430682811,0.623211236116,0.393785195184,-0.453993509793
1403715545312143104,0.542843294524,2.885107834667,1.065224460088,0.507534816359,0.619604113971,0.395570844763,-0.449469530566
1403715545362142976,0.558977466200,2.828634119239,1.058089915065,0.514330399353,0.614479417208,0.396795991920,-0.447696579087
1403715545412143104,0.570906426872,2.770572360568,1.055649717772,0.521813966837,0.607807005516,0.395206615866,-0.449547059646
1403715545462142976,0.583523950905,2.708004393804,1.044160037320,0.529852979489,0.601228403039,0.391663694017,-0.452083817776
1403715545512142848,0.591255524191,2.647713285757,1.038113462350,0.537631573870,0.594697161456,0.387069457922,-0.455483053118
1403715545562142976,0.604769054012,2.590912186957,1.038834509342,0.544220663556,0.588814202384,0.383107386558,-0.458639765824
1403715545612143104,0.617097202636,2.533340332142,1.045562166117,0.549330605854,0.583695698709,0.379883675480,-0.461761420957
1403715545662142976,0.633392114660,2.476732336218,1.054514280912,0.552182647385,0.580692060013,0.377582674328,-0.464028425219
1403715545712142848,0.654767248943,2.418698000239,1.064240886487,0.553751726083,0.579109853266,0.375498214789,-0.465823887752
1403715545762142976,0.678839194575,2.362032926090,1.071851376959,0.552957418596,0.580298372243,0.374686518868,-0.465941954508
1403715545812143104,0.701219511492,2.306540656609,1.078628223596,0.549418061717,0.584046696330,0.375369524170,-0.464894579759
1403715545862142976,0.727050923412,2.252799676958,1.081548447820,0.544263478135,0.588249099276,0.375937011139,-0.465200631152
1403715545912143104,0.753467861750,2.202697724970,1.080746873892,0.536488404920,0.596161347354,0.376905374500,-0.463372612461
1403715545962142976,0.782507958028,2.153053963198,1.077383083426,0.526032516044,0.604534781587,0.377633382694,-0.463918654714
1403715546012142848,0.816988560342,2.104549880679,1.071812717635,0.514551868503,0.614810135364,0.376857681497,-0.463921501949
1403715546062142976,0.850061760113,2.055214904632,1.069229893418,0.500619750367,0.625522662833,0.375651488788,-0.465818873379
1403715546112143104,0.877517044690,2.003236478035,1.071545854307,0.486487313777,0.637247175234,0.370953826474,-0.468657006578
1403715546162142976,0.904430536405,1.953655952621,1.073455569044,0.472904827102,0.649269578952,0.362107606789,-0.472956783920
1403715546212142848,0.931285721995,1.901505556503,1.074018079176,0.457251958361,0.661121130475,0.353142635783,-0.478675021500
1403715546262142976,0.960315108679,1.852782839800,1.067818559256,0.442171254226,0.673457621753,0.341655035599,-0.483953768752
1403715546312143104,0.988054463943,1.803808194647,1.059567258582,0.426209334783,0.684840577446,0.329297493911,-0.490817834774
1403715546362142976,1.017165637072,1.752229653130,1.052347836997,0.409087833377,0.695968901934,0.317466721534,-0.497482977440
1403715546412143104,1.051084561514,1.699763634646,1.047588143775,-0.392300993174,-0.707533988078,-0.304153235801,0.502977529936
1403715546462142976,1.085563236740,1.640962350820,1.051662008470,-0.374792690174,-0.718686967484,-0.291011806889,0.508263327825
1403715546512142848,1.116395249875,1.584894767351,1.056017135119,-0.357371638451,-0.730302241883,-0.277012249080,0.512062849064
1403715546562142976,1.143392027090,1.529650535483,1.063323866515,-0.338530622417,-0.739983709896,-0.263957784732,0.517829522772
1403715546612143104,1.171849303166,1.473797139457,1.077373189794,-0.318401185000,-0.750980417251,-0.251810768479,0.520807483793
1403715546662142976,1.202602783096,1.418327081939,1.091040843811,-0.298934653960,-0.762968512818,-0.238731666059,0.521079948502
1403715546712142848,1.237866212117,1.359217192140,1.104830743940,-0.279432663864,-0.775635562328,-0.224706004224,0.519436302624
1403715546762142976,1.274445828397,1.300339717814,1.115166289320,-0.261300069132,-0.789038117432,-0.209562421152,0.514999723060
1403715546812143104,1.307546207417,1.242328137189,1.124128295414,-0.243934021898,-0.801724527294,-0.193088847191,0.510343680656
1403715546862142976,1.334739987879,1.189250553876,1.131924609422,-0.227287414750,-0.812555666920,-0.175787953792,0.507141316158
1403715546912143104,1.356856962676,1.139579890434,1.143454959817,-0.210041996302,-0.820751594321,-0.159159726110,0.506870162658
1403715546962142976,1.378303832450,1.088853730489,1.157931560594,-0.187358273830,-0.829178735387,-0.150174922097,0.504784107101
1403715547012142848,1.400242759094,1.042933204892,1.166471392309,-0.164956423319,-0.835407181979,-0.141405469481,0.504865043258
1403715547062142976,1.418842209468,0.996302450122,1.176075665041,-0.142088690915,-0.840628307758,-0.132589086870,0.505544247473
1403715547112143104,1.433607559082,0.952913067985,1.185879212508,-0.121221657158,-0.845439434256,-0.122076896685,0.505603307086
1403715547162142976,1.445481387800,0.910226964543,1.194707478162,-0.099685105229,-0.849178407437,-0.112169435248,0.506336775215
1403715547212142848,1.455776515575,0.869012324212,1.200816111768,-0.078739921315,-0.851893832520,-0.101330575382,0.507748990545
1403715547262142976,1.460502153273,0.828847292498,1.208717411128,-0.057386224956,-0.854335932950,-0.092142296584,0.508258528740
1403715547312143104,1.464980372796,0.786616285046,1.216703339776,-0.038100819506,-0.856617537241,-0.082650346473,0.507861834235
1403715547362142976,1.467747719774,0.745161813723,1.221712483171,-0.020630902595,-0.858365588214,-0.072506489979,0.507469892445
1403715547412143104,1.464669322572,0.705013212282,1.225876948442,-0.004120284298,-0.860883492092,-0.062237333743,0.504964504287
1403715547462142976,1.456977794372,0.664269316396,1.229143405434,0.010427183436,-0.864230538715,-0.051116555155,0.500383800284
1403715547512142848,1.446865795926,0.621558030483,1.231932931174,-0.024889311009,0.866889921998,0.039848424656,-0.496280654860
1403715547562142976,1.432630599226,0.579911307125,1.230764925338,-0.041501506732,0.868645110562,0.029133702219,-0.492833160644
1403715547612143104,1.415440701831,0.536354268562,1.229300805085,-0.058368830505,0.869445513014,0.018546895495,-0.490217902766
1403715547662142976,1.395137555048,0.492129160773,1.227557376264,-0.075892004808,0.869714341583,0.008485562748,-0.487611897800
1403715547712142848,1.371876098375,0.448967100733,1.226562039112,-0.093591612080,0.869381612325,-0.001859688073,-0.485193532376
1403715547762142976,1.345070533961,0.404345197790,1.223910437894,-0.110826436346,0.868153799390,-0.012101382097,-0.483611453713
1403715547812143104,1.314228403805,0.357532104936,1.221192238348,-0.127338580354,0.866632884493,-0.022413028635,-0.481902464837
1403715547862142976,1.279894508443,0.307677167186,1.218184550295,-0.142806569852,0.864520832701,-0.033657574368,-0.480704879444
1403715547912143104,1.240653120557,0.255240070525,1.214298897862,-0.158084983639,0.860316765242,-0.044383517157,-0.482591239867
1403715547962142976,1.195885376459,0.200041959448,1.211465272509,-0.169753031486,0.855434510799,-0.056500184321,-0.486028224703
1403715548012142848,1.150893947042,0.143699306501,1.207571843647,-0.178490179562,0.849069812154,-0.068395218868,-0.492487364229
1403715548062142976,1.104075631848,0.084776925604,1.205990960693,0.186812278280,-0.841888989402,0.076425709631,0.500482979845
1403715548112143104,1.054644852285,0.025039950752,1.206135706887,0.192615842304,-0.833943815395,0.083867883833,0.510296999912
1403715548162142976,1.003985033305,-0.036061330450,1.199776467796,0.198059223448,-0.826824146567,0.088489884433,0.518945001916
1403715548212142848,0.953592565669,-0.097764010027,1.193943790946,0.202903196544,-0.820793480357,0.090809406834,0.526195787769
1403715548262142976,0.900833234131,-0.161084032069,1.190550698985,0.206737041714,-0.816121890454,0.091220128414,0.531868163812
1403715548312143104,0.847047802040,-0.223284724592,1.185533745757,0.208507930903,-0.812679739916,0.092173462585,0.536264986621
1403715548362142976,0.793251057400,-0.283977418713,1.179406347528,0.209199199288,-0.811490391951,0.092231346065,0.537784731646
1403715548412143104,0.742633164652,-0.343714643124,1.170303763936,0.210224578788,-0.809795042968,0.090802222443,0.540178277292
1403715548462142976,0.697156862569,-0.402292747278,1.149712090858,0.208558986861,-0.809581457965,0.090499271008,0.541193952171
1403715548512142848,0.651748556362,-0.462572561584,1.131558653614,0.206559891005,-0.810043482114,0.090701945706,0.541235369833
1403715548562142976,0.607814740253,-0.524266770726,1.116515036432,0.202746846911,-0.811154528889,0.092385050653,0.540728257766
1403715548612143104,0.563442002418,-0.587812292428,1.093888404791,0.199392128163,-0.812077050302,0.093788986907,0.540349210728
1403715548662142976,0.515728103210,-0.648162340521,1.076768088629,0.195692281460,-0.813501753921,0.093934382713,0.539532908254
1403715548712142848,0.472833177143,-0.717160459386,1.057303109842,0.192131305614,-0.813966293906,0.094793954184,0.539961609781
1403715548762142976,0.430736628331,-0.782449756228,1.041360155794,0.189154592189,-0.813852402275,0.095576707644,0.541045192679
1403715548812143104,0.386730654434,-0.847485710782,1.026111946810,0.185966639248,-0.815204557141,0.095454571959,0.540135505031
1403715548862142976,0.342748105517,-0.911575795533,1.007844768984,0.183887946432,-0.814785028527,0.093964729196,0.541739060907
1403715548912143104,0.300889685664,-0.974767574249,0.991069403807,0.181237937119,-0.814312737553,0.094401006636,0.543264231800
1403715548962142976,0.257653251954,-1.037474605858,0.976659315007,0.180753629487,-0.813652582105,0.095179390256,0.544277948048
1403715549012142848,0.216940848643,-1.101094049453,0.959751541260,0.182674973721,-0.812049231658,0.097018676390,0.545704384965
1403715549062142976,0.173249741554,-1.166318954692,0.944288757844,0.185635866484,-0.810666716473,0.100059838163,0.546211340659
1403715549112143104,0.130041649707,-1.228758602872,0.933668792472,0.188438200451,-0.806686015491,0.106304094947,0.549952867452
1403715549162142976,0.086669346491,-1.293335892599,0.921994110159,0.192326055299,-0.801423374116,0.109841668076,0.555577242000
1403715549212142848,0.045480356359,-1.355840117562,0.906419284165,0.195738960317,-0.795624261115,0.113697059032,0.561908598712
1403715549262142976,0.001355795518,-1.418227865634,0.890075457371,0.198314946835,-0.790236112126,0.118127794030,0.567665300359
1403715549312143104,-0.041572994226,-1.479778256476,0.876566823294,0.201600127089,-0.786056946879,0.120561592028,0.571783846877
1403715549362142976,-0.080531411926,-1.540517189478,0.865489175524,0.200338987621,-0.783862198114,0.129005232202,0.573395146886
1403715549412143104,-0.113782934617,-1.600763357107,0.856767039436,0.198525353140,-0.783809156482,0.137149719344,0.572206994767
1403715549462142976,-0.142751204743,-1.660417058519,0.850259032734,0.196388051399,-0.785538035513,0.145060417091,0.568611645522
1403715549512142848,-0.165988025370,-1.718635487883,0.844373377954,0.194972764613,-0.787306337473,0.151489871507,0.564964751877
1403715549562142976,-0.189732138695,-1.775759920081,0.833668531584,0.193708148458,-0.792474581263,0.156246819935,0.556819649917
1403715549612143104,-0.213377681630,-1.829786983336,0.824232009017,0.190633745529,-0.797424159778,0.160567550524,0.549537574863
1403715549662142976,-0.237190853718,-1.879434704220,0.816045494694,0.185952676678,-0.802443540789,0.162913768113,0.543106867975
1403715549712142848,-0.265274368793,-1.924317043281,0.806772876157,0.178220563761,-0.806372176247,0.164573753299,0.539367058460
1403715549762142976,-0.295302658960,-1.964819334789,0.793972642691,0.169806039410,-0.808400231684,0.164173195074,0.539168003885
1403715549812143104,-0.327817017149,-2.001668184737,0.781467120421,0.159709435989,-0.809468906727,0.162129397130,0.541264301137
1403715549862142976,-0.362529855934,-2.033653206895,0.770171640689,0.148031608903,-0.810746022942,0.159225108753,0.543530030258
1403715549912143104,-0.397043054035,-2.062412783010,0.763724973205,0.133687140251,-0.812858069136,0.157292166563,0.544654644991
1403715549962142976,-0.432272664074,-2.084401851996,0.761065826098,0.116989428050,-0.814777228197,0.155721484473,0.546079079813
1403715550012142848,-0.466023494276,-2.104582945337,0.756663880670,0.098872916762,-0.817853717440,0.152327755675,0.546018038211
1403715550062142976,-0.499526772746,-2.120201507364,0.749625813949,0.081895427215,-0.821854512714,0.144960192418,0.544825514773
1403715550112143104,-0.529168382783,-2.133960738346,0.744887461991,0.067299877699,-0.825228108448,0.132400245961,0.544921526790
1403715550162142976,-0.558754793379,-2.143900761470,0.740833126694,0.055706387615,-0.828262367825,0.115496021730,0.545471280076
1403715550212142848,-0.590987868068,-2.147748787130,0.744388976647,0.043755207356,-0.830367909971,0.099115271229,0.546580990273
1403715550262142976,-0.626892447808,-2.145875675877,0.753632807891,0.032068372003,-0.832744005192,0.082818755687,0.546488879155
1403715550312143104,-0.663177166185,-2.137836543281,0.771758793265,0.020190710432,-0.834030616927,0.067377377754,0.547216185988
1403715550362142976,-0.700532647131,-2.125731565049,0.792622590358,0.008526193555,-0.833992871756,0.051768864631,0.549275139195
1403715550412143104,-0.739627105271,-2.108374046101,0.813053853691,-0.002782240328,-0.832556718999,0.034842020750,0.552835963354
1403715550462142976,-0.786296004827,-2.086119334249,0.830304250534,-0.014989671373,-0.831434912071,0.017790999647,0.555134917901
1403715550512142848,-0.831756307842,-2.063563278392,0.843148374032,-0.027544456638,-0.829494176774,0.001583961791,0.557833491887
1403715550562142976,-0.877991133883,-2.039148267732,0.856539353455,-0.041525152962,-0.828271024781,-0.012962677960,0.558636500920
1403715550612143104,-0.923724908847,-2.012539702117,0.862499106490,-0.057348692091,-0.826383337509,-0.024702073239,0.559635162030
1403715550662142976,-0.966150339496,-1.989732720812,0.870959316996,-0.074952807461,-0.823926418361,-0.034255489064,0.560672716697
1403715550712142848,-1.006144028857,-1.965342795626,0.878241221414,-0.093529842898,-0.821442145311,-0.042931153591,0.560929484379
1403715550762142976,-1.047798149791,-1.935974467323,0.885198229593,-0.113833744614,-0.818572732289,-0.048760732781,0.560894777546
1403715550812143104,-1.087571306163,-1.905883511455,0.888305645684,-0.134483623771,-0.815256005421,-0.053611585801,0.560711689222
1403715550862142976,-1.124095850775,-1.875175801568,0.886562430051,-0.154512295772,-0.811589353065,-0.059030383803,0.560324982698
1403715550912143104,-1.161041917055,-1.840210840821,0.884249804346,-0.174325457262,-0.807375385206,-0.064080901119,0.560043980795
1403715550962142976,-1.197617008544,-1.802966234259,0.877355393118,-0.192766489902,-0.802345866337,-0.071644679173,0.560311726711
1403715551012142848,-1.230108558895,-1.766138523536,0.866293343888,-0.208883244688,-0.798171120383,-0.081406640154,0.559163313902
1403715551062142976,-1.262551160771,-1.723408158499,0.859775793727,-0.222359515609,-0.793307621291,-0.095307252706,0.558691141330
1403715551112143104,-1.294277805621,-1.674169068305,0.858024111779,-0.235669659452,-0.788199662207,-0.109062274641,0.557948496153
1403715551162142976,-1.322853736155,-1.623375368702,0.862502681216,-0.249103676002,-0.783199399910,-0.122798443569,0.556297223470
1403715551212142848,-1.353204702349,-1.569911281443,0.872300851005,-0.264472888562,-0.777377066665,-0.132971198632,0.555029411629
1403715551262142976,-1.380216144907,-1.514688264635,0.886936010896,-0.280170169283,-0.770175527167,-0.142602439914,0.554976465922
1403715551312143104,-1.403739555411,-1.457306514190,0.902582170063,-0.297875031498,-0.762489949157,-0.149887994255,0.554448493751
1403715551362142976,-1.425671937261,-1.396987193788,0.917236185694,-0.315299581397,-0.754551582216,-0.158021074528,0.553414332802
1403715551412143104,-1.445529566411,-1.332723762707,0.929894256095,-0.332184478300,-0.746019770998,-0.166872563849,0.552504770197
1403715551462142976,-1.464440815014,-1.263672532678,0.944237240584,-0.347789342658,-0.737064616098,-0.177189863349,0.551708326161
1403715551512142848,-1.479670445713,-1.193470080906,0.959156787716,-0.362277711635,-0.728380401405,-0.188771147308,0.550074817135
1403715551562142976,-1.491305622972,-1.121082851396,0.975614339837,-0.374506705142,-0.718745464365,-0.204243658511,0.549030247998
1403715551612143104,-1.502530178997,-1.047595523773,0.992550749500,-0.385143180528,-0.710625217697,-0.221232570832,0.545648861512
1403715551662142976,-1.507351333926,-0.972853545664,1.012670994690,-0.393584385556,-0.700712930958,-0.240917386970,0.544106177588
1403715551712142848,-1.509162080923,-0.896160571463,1.035346610754,-0.402382499347,-0.689717959787,-0.259700845061,0.543077279252
1403715551762142976,-1.506144223771,-0.821634289671,1.061112882318,-0.411643390396,-0.679047116866,-0.277022539954,0.541020558368
1403715551812143104,-1.499789812068,-0.741786488832,1.075475245213,-0.421588352250,-0.665588694395,-0.292405874099,0.541990549672
1403715551862142976,-1.493727420083,-0.666051221583,1.092694762198,-0.431625396408,-0.651824809873,-0.307105730875,0.542687759649
1403715551912143104,-1.485387111896,-0.593775655306,1.110824492936,-0.441157385603,-0.636099171096,-0.321549984406,0.545310565813
1403715551962142976,-1.473849286083,-0.522927793833,1.127053404202,-0.449831220655,-0.623137875597,-0.336862030732,0.543943961426
1403715552012142848,-1.459371416333,-0.451467189344,1.142386935864,-0.457782097087,-0.612767168085,-0.353596159965,0.538443780688
1403715552062142976,-1.443645286679,-0.382472341395,1.153883200034,-0.465620207403,-0.605884817017,-0.370916732444,0.527752014265
1403715552112143104,-1.423100935904,-0.314081669088,1.168454088607,-0.476556409260,-0.598269220446,-0.381662379506,0.518942922420
1403715552162142976,-1.400941608210,-0.250213725423,1.179557428556,-0.486962415299,-0.591309872471,-0.393283600315,0.508476401151
1403715552212142848,-1.375254034893,-0.192399446749,1.192829075769,-0.495778862415,-0.580703436269,-0.406082791055,0.502079282082
1403715552262142976,-1.348804860701,-0.137991715543,1.204653886012,0.502834405677,0.570036377207,0.421246693667,-0.494739640823
1403715552312143104,-1.322053851190,-0.087723645773,1.215143549452,0.510282270726,0.556822602810,0.435929978361,-0.489413574749
1403715552362142976,-1.294280098376,-0.040388744673,1.222734940078,0.518880489314,0.544497303167,0.449155418367,-0.482229338391
1403715552412143104,-1.266343825484,0.004928611088,1.228997058367,0.529413045306,0.533022188961,0.460546937959,-0.472763885541
1403715552462142976,-1.239026062809,0.042495231111,1.235677831416,0.540172323857,0.519887419443,0.471855357150,-0.463986479946
1403715552512142848,-1.209350447090,0.075505278660,1.247007885993,0.552237917794,0.504596921925,0.481811357962,-0.456369416016
1403715552562142976,-1.178541087556,0.104067044809,1.258498243733,0.564952549727,0.488428038546,0.490248898053,-0.449358081798
1403715552612143104,-1.148561859103,0.125103917012,1.265604795010,0.576545746032,0.470344105304,0.499805195095,-0.443357860305
1403715552662142976,-1.120608183637,0.143790251322,1.272401261132,0.590088392217,0.451214806009,0.506787875628,-0.437455068922
1403715552712142848,-1.093985662886,0.158365814621,1.277973047101,0.604458786913,0.433163612018,0.513052750232,-0.428690722580
1403715552762142976,-1.067381321471,0.164458637005,1.281023079843,0.618582261002,0.414008604313,0.519010025548,-0.420215962702
1403715552812143104,-1.038757173848,0.167068327754,1.284088197823,0.633215629946,0.394394222361,0.524573369585,-0.410260823481
1403715552862142976,-1.011016510317,0.165973688015,1.285670727840,0.648210565242,0.376139873513,0.528462481742,-0.398834883195
1403715552912143104,-0.979680188746,0.156647209378,1.288335123166,0.663561102224,0.355951960335,0.530569850506,-0.389204957937
1403715552962142976,-0.947320650154,0.144719597315,1.290371420567,0.679897387189,0.336108359007,0.529782360066,-0.379606855657
1403715553012142848,-0.914505888744,0.126466852793,1.291657090500,0.694926822008,0.314876124912,0.529056377545,-0.371522660672
1403715553062142976,-0.881013742862,0.106243221395,1.291020776619,0.708521788267,0.294122704830,0.529068566335,-0.362732907482
1403715553112143104,-0.846883106785,0.080645791670,1.289123258177,0.720056393181,0.274104696172,0.531061508311,-0.352645828794
1403715553162142976,-0.815312756391,0.051405222568,1.285653614830,0.728491380549,0.255859109556,0.537087248307,-0.339667060855
1403715553212142848,-0.781257671927,0.015674860080,1.280362956429,0.733913573101,0.236739668290,0.545345353015,-0.328517339910
1403715553262142976,-0.743656176446,-0.023808043018,1.276746841703,0.738710028704,0.217087681422,0.552961761313,-0.318455212852
1403715553312143104,-0.705753297881,-0.067394729711,1.272567543097,0.740832181537,0.198146637137,0.563576702600,-0.307061702719
1403715553362142976,-0.665993240125,-0.113640267627,1.267235928457,0.740304557792,0.179938199343,0.577292343824,-0.293777051336
1403715553412143104,-0.627920775891,-0.164156447770,1.262367723792,0.739183525758,0.162987754925,0.591195311798,-0.278443549574
1403715553462142976,-0.593428990430,-0.215375683644,1.255477715490,0.735353979900,0.148770648747,0.608788755530,-0.257872195976
1403715553512142848,-0.554673303040,-0.276247579318,1.246602284731,0.732594003916,0.133261620021,0.622658266812,-0.240507897637
1403715553562142976,-0.517907069440,-0.337905810816,1.236362098080,0.730734828750,0.120624621906,0.634380263313,-0.221445235127
1403715553612143104,-0.482697367233,-0.404956596329,1.223668939608,0.731017691155,0.108635667328,0.641890784719,-0.204420271732
1403715553662142976,-0.451160651825,-0.474646403206,1.210336745604,0.731786063093,0.100295720539,0.647368421014,-0.188000143024
1403715553712142848,-0.422531391972,-0.548131531809,1.195742995922,0.736114098808,0.093682446780,0.647194867191,-0.174638015858
1403715553762142976,-0.400498894398,-0.624629322673,1.180390419687,0.744948292547,0.092048055776,0.641135950537,-0.159761978544
1403715553812143104,-0.381741219471,-0.704659984281,1.164223716431,0.756669276234,0.092199974094,0.630413165470,-0.146731087308
1403715553862142976,-0.366163162169,-0.783917236410,1.147781370118,0.767695820378,0.094152451313,0.619518252963,-0.134073030591
1403715553912143104,-0.353673981954,-0.864469413728,1.131380384513,0.777158321874,0.096574551367,0.609490956859,-0.123365604108
1403715553962142976,-0.342582459895,-0.943016452351,1.118086271318,0.787376726396,0.098579942446,0.597421473312,-0.115790625282
1403715554012142848,-0.332981077397,-1.022506793745,1.105862368379,0.798435214207,0.099953122776,0.583167545824,-0.111472846286
1403715554062142976,-0.326608923077,-1.096829154030,1.095150342724,0.810359867891,0.100758119167,0.566768673454,-0.109260957002
1403715554112143104,-0.321305623417,-1.179933065491,1.087625409840,0.821221030960,0.101817421732,0.550924282167,-0.108220452132
1403715554162142976,-0.317564160161,-1.249070569616,1.078227234226,0.831374372178,0.105148112715,0.535559736444,-0.104576748746
1403715554212142848,-0.310237476652,-1.322709696395,1.066297529623,0.838761732835,0.106634648612,0.523670854916,-0.104291145159
1403715554262142976,-0.298253370930,-1.394787619161,1.056511009980,0.844430572468,0.110214463283,0.514305145201,-0.101390324911
1403715554312143104,-0.281183800831,-1.465308153358,1.047453137540,0.847555874318,0.116918015577,0.508831580609,-0.095234658173
1403715554362142976,-0.261813724238,-1.531977808271,1.034298116236,0.847557031845,0.126273909660,0.508309101413,-0.085579407162
1403715554412143104,-0.238066797538,-1.596077212749,1.021956460780,0.843007310937,0.142069386249,0.513844160047,-0.071548182256
1403715554462142976,-0.212150231777,-1.655842063849,1.011659748820,0.829727771180,0.167296482849,0.530245534447,-0.049024338419
1403715554512142848,-0.181440281754,-1.708682923832,0.995538831909,0.813021874937,0.193524926850,0.548489170601,-0.026517226379
1403715554562142976,-0.151796543631,-1.754479483168,0.977178813800,0.793598247479,0.220564792275,0.567055566802,-0.000989022416
1403715554612143104,-0.125363189307,-1.796088215585,0.959506577794,0.774399792962,0.243921422821,0.583386576477,0.021619494358
1403715554662142976,-0.100175814556,-1.829309193685,0.933841236942,0.757990259425,0.261200454308,0.596309135086,0.040503144304
1403715554712142848,-0.077699608015,-1.854127667327,0.902950735776,0.744492257436,0.273550359671,0.606654014261,0.053594648262
1403715554762142976,-0.061416348421,-1.866480037496,0.875027071514,0.733504851349,0.282846848695,0.614665430350,0.064456977611
1403715554812143104,-0.049121075694,-1.863038498691,0.852977357159,0.722442706282,0.289412437690,0.623813843586,0.071925416928
1403715554862142976,-0.045769765341,-1.845737846634,0.833233419118,0.714845727026,0.289750780598,0.632460676039,0.070947621234
1403715554912143104,-0.049964968584,-1.813366156527,0.819174870200,0.710931708242,0.285948343788,0.639126736137,0.065777397761
1403715554962142976,-0.065380486911,-1.767855201476,0.811604516726,0.707681170061,0.277056151913,0.647612909509,0.054997906008
1403715555012142848,-0.090306364384,-1.710708624990,0.811998385227,0.714611052672,0.258828118418,0.649066760738,0.032425123307
1403715555062142976,-0.123586269119,-1.642368531247,0.819080326914,0.728240365726,0.234357788113,0.644003608642,0.001322472561
1403715555112143104,-0.163318643203,-1.564588518204,0.834728063505,0.744373049994,0.206665656038,0.633960436714,-0.035947652742
1403715555162142976,-0.216246985396,-1.477144613792,0.857413543388,0.762047124139,0.178543103877,0.618137141490,-0.072890431197
1403715555212142848,-0.269888631044,-1.391466286619,0.879098565019,0.777613406582,0.150685043510,0.600287370416,-0.110754144326
1403715555262142976,-0.322513484731,-1.299844279369,0.898486731004,0.793334008535,0.120190924663,0.576896327946,-0.152859148673
1403715555312143104,-0.380379564212,-1.208413181636,0.911170388625,0.803474859763,0.093775242006,0.556663468077,-0.189103508758
1403715555362142976,-0.436449368871,-1.120600536984,0.919313170049,0.807387428750,0.078590377615,0.546037118517,-0.209266714133
1403715555412143104,-0.486097263456,-1.043141291884,0.931627566529,0.808308552831,0.069347289314,0.541161883490,-0.221296300788
1403715555462142976,-0.533413643959,-0.966829493339,0.947869157332,0.805344313149,0.069021124040,0.546223856447,-0.219763783102
1403715555512142848,-0.576366450801,-0.897164526170,0.958265062213,0.801140923310,0.071392324043,0.554068925032,-0.214671803876
1403715555562142976,-0.620462751010,-0.839828762245,0.977572139566,0.797288203053,0.077980948284,0.562027539131,-0.205853195833
1403715555612143104,-0.656834028936,-0.781566024052,1.000073506278,0.795045109816,0.085008746651,0.567250519998,-0.197240041352
1403715555662142976,-0.690319801629,-0.730309030350,1.023204116688,0.793685777688,0.092847875964,0.570830410049,-0.188665845315
1403715555712142848,-0.717664607365,-0.686203750815,1.044430693928,0.794344266352,0.099498284857,0.570581268646,-0.183178311201
1403715555762142976,-0.745760037359,-0.645256027887,1.069427832800,0.797197383961,0.101148394416,0.565491250454,-0.185647458838
1403715555812143104,-0.772439344048,-0.608438889055,1.094421881303,0.800097364635,0.100017091664,0.559379331308,-0.192186243486
1403715555862142976,-0.797757712991,-0.573396018924,1.121860550833,0.802723626000,0.097917464970,0.553350638732,-0.199624700199
1403715555912143104,-0.819658984955,-0.543144967911,1.152595786095,0.804360709078,0.097399778953,0.549453547052,-0.204004736176
1403715555962142976,-0.840692628041,-0.518377139081,1.185220237678,0.806087780928,0.097068626730,0.545484611083,-0.207958433864
1403715556012142848,-0.857193382425,-0.498600910457,1.215954776512,0.808573226177,0.094390543173,0.539397504434,-0.215290723160
1403715556062142976,-0.871014661090,-0.481463631450,1.243384531745,0.811754637729,0.088991670628,0.531228966123,-0.225678258227
1403715556112143104,-0.882896298069,-0.465072094992,1.267604947853,0.812931863819,0.086449932835,0.527398355995,-0.231342101648
1403715556162142976,-0.892542802719,-0.455059997135,1.290199909969,0.810670561498,0.084966131379,0.529843864766,-0.234220998651
1403715556212142848,-0.894320414215,-0.450265807761,1.312412604877,0.807433811336,0.083835788580,0.534038191315,-0.236274016941
1403715556262142976,-0.895856403661,-0.449736425236,1.334793485924,0.803090699735,0.085473716427,0.540840544442,-0.235012930040
1403715556312143104,-0.890976844914,-0.454875872510,1.359630956698,0.800215563747,0.088576025189,0.545468427875,-0.232966807699
1403715556362142976,-0.884261544601,-0.466939525898,1.381957176400,0.797947466386,0.091728365988,0.548868916489,-0.231535440644
1403715556412143104,-0.879667051431,-0.483829565128,1.403493667611,0.795688495588,0.096387064170,0.552693291086,-0.228296907203
1403715556462142976,-0.868473298869,-0.501001180280,1.420810452850,0.794989899683,0.105143897470,0.555422833723,-0.220093834549
1403715556512142848,-0.856002369307,-0.519886760852,1.435892056591,0.794971862450,0.118167431600,0.558402105027,-0.205531713181
1403715556562142976,-0.842302631230,-0.542573885509,1.446912516801,0.794801879570,0.130740456055,0.560844884801,-0.191441689750
1403715556612143104,-0.827028074545,-0.568304148059,1.454784390584,0.794827823206,0.141194840412,0.562076813504,-0.179951116199
1403715556662142976,-0.811360658814,-0.595783674589,1.458585384684,0.796846235280,0.149578335290,0.559854105231,-0.170955490662
1403715556712142848,-0.796406253189,-0.625759224814,1.461714889766,0.800141961109,0.156549922348,0.555317640910,-0.163973417295
1403715556762142976,-0.781200129739,-0.656142667429,1.459849692844,0.802235002213,0.163584440147,0.552277907442,-0.156997595898
1403715556812143104,-0.767083795430,-0.687553643586,1.453068848568,0.800198033397,0.170663348256,0.555076515501,-0.149823866087
1403715556862142976,-0.748137912009,-0.718020222412,1.445875411990,0.798635213540,0.175963584914,0.557033963741,-0.144678179826
1403715556912143104,-0.728966502653,-0.744386780559,1.440524755172,0.796783473651,0.181397264458,0.559618235080,-0.138052741836
1403715556962142976,-0.708886848859,-0.772077607803,1.433962989982,0.795312358232,0.185444663361,0.561298393165,-0.134285678701
1403715557012142848,-0.685758771580,-0.797447607430,1.426384745129,0.798209877207,0.186386749175,0.556911408216,-0.134054671908
1403715557062142976,-0.663162628841,-0.820664333746,1.419373809714,0.803366091722,0.185606406487,0.549449022925,-0.135125703510
1403715557112143104,-0.640380409562,-0.842120341573,1.411716826748,0.809011232265,0.184253088805,0.540899669199,-0.137764920045
1403715557162142976,-0.615474557786,-0.863155678310,1.405898909813,0.815749375608,0.181691179480,0.530748556300,-0.140880238076
1403715557212142848,-0.590973279010,-0.879910625823,1.399849894542,0.821027609056,0.179808819904,0.522713741830,-0.142663231261
1403715557262142976,-0.561587984621,-0.896385133223,1.394618220938,0.826022138586,0.178330275229,0.514839165152,-0.144313455811
1403715557312143104,-0.528082282932,-0.910894534175,1.388831354794,0.829011093649,0.177359843523,0.510310349471,-0.144455667021
1403715557362142976,-0.493043604487,-0.925814051130,1.381291956078,0.831541321051,0.175167135532,0.506794750244,-0.144964089137
1403715557412143104,-0.455083659286,-0.937180960270,1.373876476105,0.830653759855,0.173722762177,0.508662812467,-0.145247638033
1403715557462142976,-0.411612263136,-0.946525489030,1.367511853391,0.827654026916,0.173105597420,0.513887282353,-0.144717396700
1403715557512142848,-0.366194895196,-0.955173428493,1.361247564545,0.821175333940,0.173127501880,0.524590601480,-0.143187429126
1403715557562142976,-0.313681167040,-0.961726736615,1.356479885240,0.814844474876,0.172953393353,0.534932980206,-0.141288046843
1403715557612143104,-0.260910352749,-0.967359937369,1.349151082244,0.808530970616,0.174150789573,0.545014254637,-0.137508669866
1403715557662142976,-0.204836564923,-0.969156619168,1.346209106281,0.802611884546,0.175008103954,0.554243594224,-0.134165437422
1403715557712142848,-0.148258066464,-0.972441019690,1.345220345833,0.797870746547,0.176228981818,0.561682714682,-0.129838922509
1403715557762142976,-0.091882522973,-0.974140565570,1.339958979296,0.794633662927,0.174937688280,0.566865686237,-0.128908652655
1403715557812143104,-0.033809608748,-0.973486706438,1.338393109183,0.794381721726,0.171936598418,0.567944761868,-0.129746806434
1403715557862142976,0.023720536578,-0.971354413724,1.339854785714,0.795393047416,0.168251773285,0.567397942286,-0.130770088321
1403715557912143104,0.079381385023,-0.968006013886,1.343871253153,0.796772512724,0.164501453598,0.566532649759,-0.130895345559
1403715557962142976,0.135447739722,-0.965459651337,1.348535437747,0.797620474783,0.160311191778,0.566273858461,-0.132044754619
1403715558012142848,0.187925221982,-0.961175533789,1.355798450214,0.797277191386,0.157213211293,0.567695208699,-0.131739273987
1403715558062142976,0.243714084200,-0.954774400853,1.367448752670,0.798006707431,0.155454249172,0.567487078690,-0.130298452903
1403715558112143104,0.298161153717,-0.948445356400,1.384126844135,0.799364254233,0.153604199625,0.566308398860,-0.129295538568
1403715558162142976,0.353879039225,-0.942617055884,1.402525264221,0.801273510784,0.151862779155,0.564409483902,-0.127829541594
1403715558212142848,0.407402295432,-0.936201618487,1.423642061611,0.802461881574,0.153186390197,0.563442299851,-0.122970050081
1403715558262142976,0.461692766052,-0.928658890705,1.444900579015,0.802562464907,0.155039344112,0.563777282466,-0.118370044668
1403715558312143104,0.514346866222,-0.920147995367,1.464546324286,0.799977815143,0.159394309051,0.567729847493,-0.110958414669
1403715558362142976,0.569042614891,-0.909450263718,1.480807084187,0.796148003127,0.161466612370,0.573392460027,-0.106291942269
1403715558412143104,0.626265377493,-0.902039335777,1.492486554194,0.791079460624,0.162209108630,0.580490939761,-0.104459374452
1403715558462142976,0.685169820114,-0.894418892528,1.502875989386,0.785564513449,0.158588300469,0.588079428439,-0.109090476263
1403715558512142848,0.744338779418,-0.881182704963,1.510158217028,0.778519475375,0.154955559054,0.597224978760,-0.114971848404
1403715558562142976,0.802790602282,-0.862300586029,1.514275886776,0.771822654726,0.150543107334,0.605752227635,-0.121205615384
1403715558612143104,0.856362700989,-0.838944324626,1.518026258246,0.765131804125,0.147548099421,0.614019855408,-0.125628411749
1403715558662142976,0.907677133270,-0.816366148945,1.517425721841,0.762296932475,0.144373214071,0.617438849542,-0.129726746949
1403715558712142848,0.956270512678,-0.797332101446,1.516728405797,0.759922708327,0.143051757025,0.619965662793,-0.133027249610
1403715558762142976,1.004457062159,-0.776999122611,1.515270381454,0.759757583252,0.145557656623,0.619315095166,-0.134276566047
1403715558812143104,1.049709548839,-0.757161127350,1.514482559508,0.758558463643,0.150959486985,0.619184312434,-0.135687426685
1403715558862142976,1.088733084232,-0.737111451549,1.516089389372,0.757013429905,0.158856865039,0.619087833827,-0.135740257035
1403715558912143104,1.122894674012,-0.717841095582,1.517242337280,0.754878782090,0.168693738429,0.619317900940,-0.134706289907
1403715558962142976,1.154735481319,-0.700439437099,1.518855045115,0.751972675677,0.178700922136,0.619759135814,-0.136020913973
1403715559012142848,1.185292472823,-0.679829858840,1.521618054408,0.749342920984,0.191096348981,0.619277219355,-0.135878982057
1403715559062142976,1.214304789042,-0.662925867349,1.525872143467,0.747854815984,0.201847093562,0.617040018599,-0.138681435229
1403715559112143104,1.239051212385,-0.648726323402,1.531081435170,0.745021634920,0.211190363557,0.615687728144,-0.145842432968
1403715559162142976,1.256104828211,-0.635794230715,1.535289453917,0.741054131368,0.221044684573,0.615241951943,-0.153151436079
1403715559212142848,1.268098426673,-0.621638493856,1.539767927821,0.736368643480,0.231911282954,0.615145926703,-0.159918312264
1403715559262142976,1.278564981319,-0.607502197492,1.545742517030,0.731934852269,0.243848115292,0.614142920465,-0.166246629880
1403715559312143104,1.285473880155,-0.595252411245,1.548210907756,0.727251882235,0.255594522720,0.613323985338,-0.172075067195
1403715559362142976,1.288812512166,-0.584785376103,1.551676222091,0.723010559252,0.268330311768,0.611473663446,-0.177072114991
1403715559412143104,1.291485795789,-0.571795824865,1.552567114464,0.721172824009,0.280767780926,0.606510195386,-0.182276147636
1403715559462142976,1.291900758377,-0.557127188195,1.548783736770,0.721772841014,0.293683174300,0.598904209503,-0.184683261147
1403715559512142848,1.294172142552,-0.542217546693,1.535119899403,0.726072109016,0.301687535820,0.587489670380,-0.191467517968
1403715559562142976,1.292081549486,-0.527546263690,1.524168648004,0.730354213078,0.306937519909,0.576495065827,-0.200063793296
1403715559612143104,1.284668899449,-0.511650252064,1.512704964355,0.733471900369,0.310761128674,0.567279218012,-0.208903760345
1403715559662142976,1.272287819769,-0.493467829454,1.500767808454,0.734500670162,0.315327518035,0.561547419790,-0.213873367274
1403715559712142848,1.260201649726,-0.470907128909,1.484709151545,0.733467390035,0.322090988758,0.557985459573,-0.216645354487
1403715559762142976,1.248822031854,-0.448866225999,1.469263710266,0.730912026433,0.329628847097,0.556299851668,-0.218272553957
1403715559812143104,1.237367473274,-0.426828888249,1.454756902414,0.728034666358,0.337652270355,0.554343400153,-0.220589808497
1403715559862142976,1.224106222207,-0.404236684080,1.441614772476,0.724997347388,0.346069798115,0.551981104578,-0.223453353749
1403715559912143104,1.207682787886,-0.380232939148,1.430919122704,0.720468117049,0.356688016166,0.550619939866,-0.224759945857
1403715559962142976,1.193053484213,-0.356053258742,1.417851097641,0.715819425383,0.367524641352,0.548583817783,-0.227121075883
1403715560012142848,1.178686659548,-0.330386681288,1.404633719577,0.710945722416,0.379475594753,0.546326262485,-0.228214959379
1403715560062142976,1.163292707199,-0.302556805100,1.392728492218,0.706593581892,0.389750034244,0.542898987423,-0.232553456845
1403715560112143104,1.143284759044,-0.272634018321,1.382271525483,0.701472669686,0.400990900520,0.539811828957,-0.236105020495
1403715560162142976,1.123333691761,-0.242793926478,1.373041100477,0.697352277330,0.409514566160,0.535242706825,-0.243952590060
1403715560212142848,1.101644783331,-0.212157237257,1.366695115320,0.694354131183,0.415945532211,0.529007646555,-0.254975615756
1403715560262142976,1.077631244227,-0.176894805385,1.362405503461,0.690884872706,0.421596253843,0.522962016950,-0.267292761292
1403715560312143104,1.053189417139,-0.136890524654,1.361613719054,0.689085565013,0.428472467730,0.514776145022,-0.276727210452
1403715560362142976,1.028023999163,-0.096937836841,1.361725398594,0.685392296906,0.434991760596,0.508353441694,-0.287395800029
1403715560412143104,0.996814625699,-0.056299676343,1.364925613989,0.679813632526,0.442112991606,0.504233884329,-0.296879971671
1403715560462142976,0.968569366990,-0.012386818653,1.366517304606,0.675058766684,0.451190436270,0.499325344992,-0.302319452880
1403715560512142848,0.940532004192,0.031699088415,1.366115744491,0.669554331902,0.458978109100,0.494969386455,-0.309905466992
1403715560562142976,0.915184262715,0.074360046550,1.365271831981,0.664420556400,0.466804290257,0.489862949163,-0.317290670944
1403715560612143104,0.889909294979,0.118346143546,1.364601275303,0.658611632040,0.476037345837,0.485262301506,-0.322706774405
1403715560662142976,0.865110513572,0.167320651042,1.363792569555,0.652473374170,0.485723481718,0.479988348810,-0.328576292988
1403715560712142848,0.837691405428,0.214475882706,1.364496357108,0.646280354613,0.494706451448,0.475004007359,-0.334601887518
1403715560762142976,0.808349584822,0.262481699077,1.367692128406,0.638673165634,0.504991066723,0.470732398570,-0.339840578751
1403715560812143104,0.779174473063,0.313379082442,1.367589286292,0.630669007653,0.515819067132,0.466706842015,-0.344052345414
1403715560862142976,0.748499753435,0.363676781199,1.368812115319,0.620707839561,0.527998198056,0.464569662533,-0.346575690740
1403715560912143104,0.716209649044,0.414552567010,1.370721515643,0.611670153813,0.540221379903,0.460081114218,-0.349779719210
1403715560962142976,0.682321676373,0.463496627626,1.372965913162,0.601994563160,0.551427812925,0.456030354877,-0.354353253815
1403715561012142848,0.647758837242,0.511910832581,1.376457259119,0.592725318574,0.562704565221,0.449901909495,-0.360039637863
1403715561062142976,0.609743784621,0.555758216000,1.384853421086,0.583627459237,0.573016905290,0.442920478521,-0.367222091905
1403715561112143104,0.571427053680,0.603904284165,1.387315512029,0.575528901114,0.582439242888,0.434557961911,-0.375087176622
1403715561162142976,0.531847077812,0.653254845837,1.393881523909,0.568469217772,0.591206150785,0.425054156215,-0.382945165793
1403715561212142848,0.490057177519,0.699500604488,1.404566884350,0.561794728836,0.599079534816,0.416285973321,-0.390123547140
1403715561262142976,0.450509505793,0.745136711514,1.413951018783,0.558155189306,0.602195855371,0.405489178919,-0.401748008339
1403715561312143104,0.406997384553,0.790616626106,1.422074694701,0.555680486183,0.604185258134,0.394933848387,-0.412561057938
1403715561362142976,0.360863777536,0.839016017854,1.429999010999,0.553914035481,0.606228693547,0.384048598993,-0.422105065154
1403715561412143104,0.314451904060,0.887374356736,1.437279339538,0.550146506446,0.609068562441,0.375727525266,-0.430352337566
1403715561462142976,0.270599891118,0.932689416425,1.447555369130,0.543710096749,0.613314689570,0.371354476182,-0.436257120597
1403715561512142848,0.228962364834,0.977028335120,1.458355573684,0.534097626508,0.619387707283,0.371420882450,-0.439482788634
1403715561562142976,0.189355456733,1.025707752726,1.466858308965,0.524046929963,0.625763421152,0.371750054814,-0.442263329578
1403715561612143104,0.154694693652,1.076496121858,1.473515760279,0.513653928346,0.632483569610,0.372746373065,-0.444054408193
1403715561662142976,0.124024283477,1.131874228493,1.476857972740,0.503113899539,0.639922461347,0.373515785191,-0.444816373088
1403715561712142848,0.087351478894,1.183637722274,1.480894258405,0.490363537771,0.644702421409,0.376554484976,-0.449565466309
1403715561762142976,0.055525740510,1.234863270434,1.483398522753,0.478358829685,0.649949895149,0.377846248403,-0.453839372935
1403715561812143104,0.024030418750,1.286123842546,1.485407116557,0.467115523923,0.653702324862,0.376912695730,-0.460883041104
1403715561862142976,-0.008072303165,1.338012679957,1.486928587335,0.455492950955,0.659044452514,0.374870169538,-0.466539320135
1403715561912143104,-0.039274394037,1.386701981431,1.488587424207,0.444022299131,0.663312054265,0.371372159089,-0.474282654116
1403715561962142976,-0.071158033738,1.433702571819,1.491063969314,0.431204172531,0.666722367137,0.369235073366,-0.482917909533
1403715562012142848,-0.102506254386,1.475337636628,1.496756286102,0.418196752456,0.668533800981,0.367875088358,-0.492789967985
1403715562062142976,-0.133990562210,1.513927697766,1.503481432873,-0.406573916579,-0.669052947516,-0.366033869788,0.503075550933
1403715562112143104,-0.166645223770,1.546618534122,1.511203047387,-0.395109171777,-0.669507853580,-0.367391670345,0.510559826988
1403715562162142976,-0.198601624453,1.577516375250,1.516837969815,-0.386050598023,-0.669708434894,-0.368390796821,0.516472427934
1403715562212142848,-0.232076404774,1.606402055874,1.522403510408,-0.377694476545,-0.670826940566,-0.370346887190,0.519789651058
1403715562262142976,-0.262833760894,1.633554490917,1.525282603490,-0.371875293665,-0.674534250965,-0.372337495656,0.517761624269
1403715562312143104,-0.294627314263,1.656903699605,1.526803451598,-0.367686441574,-0.679499093991,-0.373616232109,0.513321120794
1403715562362142976,-0.327521304191,1.675853928127,1.528477025978,-0.365452233884,-0.686140334466,-0.374097687037,0.505674823104
1403715562412143104,-0.360659275470,1.688318485765,1.532079323732,0.364310742805,0.694275210932,0.373210609813,-0.495957109924
1403715562462142976,-0.395033320273,1.696683044430,1.533785831192,0.363447772926,0.702955374602,0.372161530557,-0.485031187499
1403715562512142848,-0.431546134838,1.701361559917,1.536708505455,0.361192896352,0.710700024420,0.370225081094,-0.476842276065
1403715562562142976,-0.472872605250,1.699562772646,1.544259064141,0.354185490635,0.716298848034,0.371966115424,-0.472345008976
1403715562612143104,-0.515829524954,1.696830601367,1.548243757591,0.347582705945,0.720764649094,0.370148135136,-0.471884457468
1403715562662142976,-0.558277376042,1.696339082362,1.546085857188,0.348556443916,0.724675301301,0.358818256844,-0.473923592622
1403715562712142848,-0.601689159567,1.690212249621,1.547383336229,0.352916330247,0.726072506457,0.343865236176,-0.479609714832
1403715562762142976,-0.649792495584,1.680052015220,1.551276771750,0.357566253052,0.726993048341,0.329446508381,-0.484863362668
1403715562812143104,-0.699107595077,1.668591102888,1.551720300094,0.360580558396,0.727838232081,0.316237361351,-0.490129676835
1403715562862142976,-0.754344142888,1.655422849775,1.551204178279,0.362834546074,0.729294349761,0.302759566738,-0.494790347856
1403715562912143104,-0.812042152239,1.640858594661,1.552049739679,0.362609310005,0.730976491112,0.290445353060,-0.499829325494
1403715562962142976,-0.867060202750,1.624337748193,1.555374029389,-0.359075639008,-0.733515766343,-0.280655782801,0.504233713249
1403715563012142848,-0.917300682117,1.609079389272,1.558739132821,-0.354874105581,-0.736216182275,-0.270500616045,0.508802042904
1403715563062142976,-0.968436091683,1.592430242153,1.563391793821,-0.346561187117,-0.738745626680,-0.263944162608,0.514279808733
1403715563112143104,-1.023320207782,1.575097869465,1.567372058486,-0.333944782581,-0.742265070733,-0.260389951905,0.519346242793
1403715563162142976,-1.078742391889,1.556504114396,1.570374335719,-0.319655051982,-0.745260810174,-0.256298742862,0.526039853022
1403715563212142848,-1.130675088229,1.540194314782,1.572235351069,-0.303148944585,-0.747491253516,-0.251495350762,0.534890298901
1403715563262142976,-1.180364711063,1.524335196260,1.575273487776,-0.285670616236,-0.749276680778,-0.244494624619,0.545159731816
1403715563312143104,-1.228992697133,1.508134766244,1.578550200395,-0.266482616071,-0.752948756078,-0.236456460567,0.553302384152
1403715563362142976,-1.277951020830,1.494349517858,1.578213825949,-0.247285228847,-0.757893453398,-0.224853759577,0.560257365587
1403715563412143104,-1.314671019617,1.483806283782,1.568496136257,-0.226779535897,-0.762529154435,-0.213303496637,0.567117226910
1403715563462142976,-1.354977564576,1.469583097462,1.560488509146,-0.205091838195,-0.768410581736,-0.203538938087,0.571011748096
1403715563512142848,-1.395755157013,1.452846243963,1.553566601166,-0.184611490380,-0.774159288578,-0.192598193900,0.574022585996
1403715563562142976,-1.437208961856,1.430637548224,1.542989566033,-0.163990542483,-0.778559644937,-0.182494784716,0.577622398115
1403715563612143104,-1.477108497905,1.405191405586,1.529498965815,-0.143394503190,-0.782511627249,-0.174108166683,0.580344652744
1403715563662142976,-1.516692495608,1.373704653506,1.512813241035,-0.123806972181,-0.784609681844,-0.164676927558,0.584757206305
1403715563712142848,-1.555127086837,1.342904564178,1.492737375690,-0.104625901840,-0.786555129668,-0.156558481200,0.588110440837
1403715563762142976,-1.593791404404,1.306349747095,1.472809473856,-0.086573756663,-0.787244430641,-0.147154486680,0.592534174653
1403715563812143104,-1.628362344703,1.264198790789,1.450289297544,-0.070723920731,-0.787780492395,-0.134778735976,0.596854014954
1403715563862142976,-1.660256370572,1.223986894817,1.421587507493,-0.058580691294,-0.787884578817,-0.115747165732,0.602003975647
1403715563912143104,-1.690506714125,1.182471779500,1.391782243686,-0.045981246549,-0.789503509162,-0.097868145979,0.604145479160
1403715563962142976,-1.715820815905,1.143661080246,1.364799733368,-0.034429744847,-0.790667581685,-0.076931068312,0.606416505936
1403715564012142848,-1.734847940295,1.097772813019,1.341619362505,-0.023014550745,-0.792719611787,-0.054410885445,0.606716905227
1403715564062142976,-1.749793679170,1.051420733217,1.320891240384,-0.011708086924,-0.795065304088,-0.031697632951,0.605581821889
1403715564112143104,-1.761556256229,1.002189376313,1.300908600197,0.001036846571,-0.796735484941,-0.010298591673,0.604239547692
1403715564162142976,-1.771361768172,0.951496712482,1.280194559368,0.014203695958,-0.796734018857,0.010205488235,0.604076987004
1403715564212142848,-1.781336827025,0.903649230264,1.257287518318,0.028831457787,-0.798579054373,0.029097519166,0.600494442387
1403715564262142976,-1.787856859491,0.855522184336,1.234954746186,0.045837097061,-0.799193511261,0.045528148420,0.597591733371
1403715564312143104,-1.793219734752,0.809795115097,1.211444741818,0.066337953464,-0.798903489600,0.059237658443,0.594847367026
1403715564362142976,-1.794898485193,0.768419165726,1.200114499096,0.087193682209,-0.798114799870,0.074386485931,0.591503743624
1403715564412143104,-1.790734098396,0.728106461605,1.187272146846,0.110010083556,-0.800914836380,0.087917989781,0.581982502706
1403715564462142976,-1.785191439101,0.689161538303,1.177262279380,0.133969430217,-0.804062598332,0.100218457462,0.570518878316
1403715564512142848,-1.775433818764,0.652235222180,1.167437986287,0.157365102261,-0.805305425488,0.113781147446,0.560154663245
1403715564562142976,-1.767163352713,0.617928769339,1.162803044435,0.181233845922,-0.805575231948,0.124633997157,0.550153801692
1403715564612143104,-1.756169763588,0.588115119978,1.166959023783,0.204481572861,-0.802733772442,0.136857741216,0.543208740366
1403715564662142976,-1.744795453946,0.559731000887,1.173371542158,0.228127410058,-0.799237215300,0.147978070172,0.535985306896
1403715564712142848,-1.738363730628,0.533632503072,1.179182656597,0.251314559630,-0.793635205085,0.158314171919,0.530962123260
1403715564762142976,-1.732243624936,0.507851123197,1.186578771497,0.273268083325,-0.788391766287,0.169189673286,0.524535825221
1403715564812143104,-1.724605962469,0.486072383235,1.197035041498,0.294830146470,-0.780380950218,0.179943436948,0.521249572440
1403715564862142976,-1.717168615499,0.461944117790,1.212462106790,0.314590122742,-0.772586966008,0.191437088771,0.517198487691
1403715564912143104,-1.708124932196,0.437487874901,1.231111031088,0.333140416851,-0.762279780017,0.203421982693,0.516300781129
1403715564962142976,-1.700524655144,0.404702944771,1.249124367333,0.351272082593,-0.751790061452,0.214649892106,0.515116541484
1403715565012142848,-1.691458958413,0.370474383448,1.274237587699,0.368653086150,-0.741254651578,0.227046351325,0.512919484848
1403715565062142976,-1.681732328563,0.332004390390,1.298370490410,0.386211609640,-0.731870637464,0.238682912003,0.508169686340
1403715565112143104,-1.670221404309,0.294738485712,1.328606588878,0.401625686030,-0.722536926173,0.253871371533,0.502181765254
1403715565162142976,-1.653815722063,0.258472303107,1.358466206528,-0.415971733003,0.713928776014,-0.269799312513,-0.494450756991
1403715565212142848,-1.634257794732,0.225505249354,1.389194991612,-0.429535702747,0.705409750055,-0.285681845768,-0.486088518268
1403715565262142976,-1.613373687186,0.195583523758,1.414174052131,-0.441765929548,0.696340234348,-0.301509101972,-0.478586881294
1403715565312143104,-1.589006959432,0.164859803002,1.435812104290,-0.452574465514,0.686017954422,-0.317011090742,-0.473349435113
1403715565362142976,-1.567350372519,0.135224752080,1.458653613782,-0.462845172275,0.674857166051,-0.331975871224,-0.469184582926
1403715565412143104,-1.544568348402,0.106239439925,1.481999515047,-0.472934128679,0.663082399478,-0.346619065296,-0.465306635463
1403715565462142976,-1.525472361264,0.078558753895,1.502245798362,-0.482241118031,0.651723494378,-0.362685881051,-0.459520339747
1403715565512142848,-1.501477390398,0.052443498193,1.519095124005,-0.493075372918,0.639229103278,-0.375988989003,-0.454857241662
1403715565562142976,-1.474433318562,0.027890127978,1.529440052846,-0.505098292626,0.625951072834,-0.388682540390,-0.449429473889
1403715565612143104,-1.450577386932,0.007394324372,1.535434855451,-0.517475804945,0.612211263505,-0.402311414031,-0.442223570465
1403715565662142976,-1.427211571562,-0.010890361092,1.543470554138,-0.530601670821,0.598759115750,-0.415217758785,-0.433063045085
1403715565712142848,-1.405231232884,-0.026528840923,1.551831175325,-0.545044131692,0.584991918929,-0.427269249005,-0.422080961607
1403715565762142976,-1.378727332807,-0.039375916873,1.567566282565,-0.561614465004,0.570838151948,-0.436858141061,-0.409741334950
1403715565812143104,-1.356354025656,-0.050529552913,1.581607459253,0.579192449346,-0.555875182143,0.446225514126,0.395501806621
1403715565862142976,-1.334086705242,-0.055839243311,1.596961235502,0.595981115238,-0.540806459023,0.457227735749,0.378520384948
1403715565912143104,-1.310185948436,-0.059476808869,1.615700453270,0.613035900646,-0.522674399476,0.467509146536,0.363914350578
1403715565962142976,-1.289031630500,-0.062084520448,1.626755133381,0.629058953541,-0.503477419164,0.479300842427,0.347945432231
1403715566012142848,-1.263339635238,-0.064598071076,1.640575066177,0.644070991021,-0.483195115199,0.490998336455,0.332589345548
1403715566062142976,-1.238758384455,-0.067667302322,1.657998595941,0.659035055840,-0.463215644367,0.501433684669,0.315702901263
1403715566112143104,-1.216200439489,-0.064308302103,1.674268389334,0.672970590248,-0.442159323844,0.511067833760,0.300691513504
1403715566162142976,-1.195207809352,-0.053167179367,1.692246738113,0.685336561769,-0.420007503838,0.521051771656,0.287075852478
1403715566212142848,-1.173195335796,-0.042850675038,1.710364282271,0.697680430313,-0.398055004651,0.529664807709,0.272487471097
1403715566262142976,-1.147354861833,-0.036002235692,1.723165216713,0.708618422419,-0.376233388857,0.538758449405,0.256997474135
1403715566312143104,-1.120683219670,-0.026833540824,1.729985933505,0.718224790727,-0.354287814545,0.547918236690,0.241700021417
1403715566362142976,-1.094722591323,-0.019164160909,1.738897985808,0.728294350762,-0.332693472059,0.554775047174,0.226112890677
1403715566412143104,-1.071063236031,-0.005152040935,1.748525114155,0.737382970449,-0.310619307034,0.561194912450,0.211759937735
1403715566462142976,-1.050074158393,0.011027229026,1.756574973662,0.744617800486,-0.289748944030,0.568150679302,0.196963667314
1403715566512142848,-1.029350333705,0.029235983259,1.760479697302,0.750303808299,-0.268567150167,0.575621693988,0.183236313304
1403715566562142976,-1.015257980329,0.052628894974,1.762071112529,0.754508250556,-0.248767382331,0.583333198040,0.168980677580
1403715566612143104,-0.999024414072,0.076980644849,1.762914286530,0.758780484745,-0.228640043279,0.589666855343,0.155784807632
1403715566662142976,-0.986360992888,0.102568286689,1.761548365573,0.762887808006,-0.207620959149,0.595405315539,0.142787394211
1403715566712142848,-0.976393393288,0.131255216810,1.758900688138,0.766923365251,-0.186119544048,0.600475467727,0.128908028504
1403715566762142976,-0.968927153641,0.162549775102,1.755647382595,0.770608277498,-0.163874776800,0.605225136842,0.114063464419
1403715566812143104,-0.961148435529,0.195805587888,1.754187255898,0.775006910964,-0.141751022553,0.608171536468,0.096944921435
1403715566862142976,-0.953522890049,0.231637188678,1.752632672896,0.777947370834,-0.118551397952,0.611932339899,0.079260744648
1403715566912143104,-0.946256218236,0.267895717574,1.751810524993,0.780010014100,-0.094466724800,0.615597759925,0.060826094605
1403715566962142976,-0.938491994916,0.309575610166,1.752792414789,0.782072190761,-0.068880632313,0.617924924870,0.042276874940
1403715567012142848,-0.934847861197,0.344582537570,1.750669444447,0.784392134800,-0.043677625085,0.618341494314,0.021795420184
1403715567062142976,-0.933618431635,0.379306126855,1.749562281727,0.786587974859,-0.018963142486,0.617185244515,-0.001459790314
1403715567112143104,-0.938126750372,0.418474790878,1.745374185439,0.787331822289,0.006351721173,0.615926008891,-0.026521855540
1403715567162142976,-0.942711259534,0.461974656318,1.738919740239,0.786828753646,0.034141031445,0.614242283744,-0.049409708249
1403715567212142848,-0.949371999241,0.507656217904,1.734637357244,0.786077191333,0.062185836938,0.610770167053,-0.071940072205
1403715567262142976,-0.956279624783,0.551549193132,1.731695253903,0.787296903921,0.091683880816,0.602487742923,-0.093627830815
1403715567312143104,-0.971585329158,0.594241340514,1.723519211359,0.784622958798,0.121846105571,0.596927403025,-0.114882612269
1403715567362142976,-0.989239656193,0.638179639441,1.714364364637,0.780968172329,0.154496265364,0.590389496257,-0.132890407883
1403715567412143104,-1.007211133677,0.681010413676,1.706645767015,0.776627804604,0.187110407896,0.582533076181,-0.149980543835
1403715567462142976,-1.028013598952,0.719249580834,1.697042555796,0.770396558262,0.218308854717,0.575113358717,-0.167555995402
1403715567512142848,-1.049502727412,0.759195995310,1.683348973011,0.763195403064,0.249396483734,0.567462537847,-0.182538869240
1403715567562142976,-1.066099970146,0.798389617405,1.668508357057,0.754686104738,0.278346242286,0.560025219595,-0.198353235765
1403715567612143104,-1.085366442191,0.838463449181,1.651609524559,0.745041245665,0.305523005177,0.552769206653,-0.214512096959
1403715567662142976,-1.107220503155,0.877281827445,1.633331908941,0.733115388122,0.331733014165,0.546906249350,-0.231059709671
1403715567712142848,-1.128782904660,0.913966811147,1.615280564081,0.720142261808,0.356766265310,0.540776840727,-0.248341223378
1403715567762142976,-1.149274336472,0.953385936833,1.593755825757,0.704832560421,0.380510822020,0.536168837416,-0.266356065971
1403715567812143104,-1.168158871923,0.996786988246,1.571892710408,0.690031541607,0.403267757224,0.529878920680,-0.283654573361
1403715567862142976,-1.192446425980,1.037210557924,1.546836632561,0.673713269748,0.426739365757,0.523607979676,-0.299730925161
1403715567912143104,-1.216377001137,1.075683499287,1.525922844202,0.658013930486,0.449682583556,0.515464266104,-0.314801257468
1403715567962142976,-1.238399628547,1.111696696295,1.507974726799,0.641092703973,0.472373954249,0.507769551524,-0.328683852365
1403715568012142848,-1.263854318342,1.149708145398,1.486076718188,0.623155554655,0.493551225899,0.501326886624,-0.341695324616
1403715568062142976,-1.290399444271,1.187745054230,1.465518328424,0.605102401775,0.512085221337,0.493904114582,-0.357321333051
1403715568112143104,-1.315373539811,1.227588915143,1.444714523337,0.587090711318,0.530541349234,0.485811074212,-0.371265368181
1403715568162142976,-1.342961536985,1.265398393940,1.424372623686,0.568486691864,0.547846640678,0.477494371013,-0.385598320955
1403715568212142848,-1.370419386956,1.302062772609,1.405302187065,0.550506404003,0.565419242161,0.467661538063,-0.398166379247
1403715568262142976,-1.399089594331,1.334037142563,1.389326067984,0.534209549969,0.580976214495,0.455007596022,-0.412377111967
1403715568312143104,-1.432385438767,1.360833298026,1.373523357298,0.516903655101,0.596592272361,0.443022349074,-0.424993494213
1403715568362142976,-1.467823427978,1.387324322616,1.353512584499,0.500015784200,0.611424443218,0.430367655475,-0.436953140402
1403715568412143104,-1.504241357118,1.410632303420,1.339085063771,0.482757341584,0.625842358918,0.417262614485,-0.448507080751
1403715568462142976,-1.542235693190,1.431468418923,1.324497085870,0.464613896405,0.639797507851,0.405527348849,-0.458629093660
1403715568512142848,-1.581326532882,1.447212616654,1.312924337316,0.446120446008,0.653602934762,0.392556278574,-0.468699604732
1403715568562142976,-1.619225185605,1.462829296516,1.301603928231,0.428242243706,0.666782570627,0.378599220899,-0.478196836197
1403715568612143104,-1.659854178543,1.470802522295,1.294579673209,0.408946838526,0.679802506568,0.365999632895,-0.486492861247
1403715568662142976,-1.704440263054,1.472186767863,1.288517115821,0.390140758555,0.692965693133,0.352218453288,-0.493488498161
1403715568712142848,-1.744481281976,1.478666815406,1.280548508784,-0.371034061084,-0.704511040281,-0.337626801217,0.502002054515
1403715568762142976,-1.786299582718,1.484269513534,1.269501605030,-0.351772074424,-0.716191356253,-0.323147184459,0.508824376440
1403715568812143104,-1.817096055165,1.498549734247,1.255225739609,-0.333632439806,-0.727540293657,-0.307560250132,0.514568954323
1403715568862142976,-1.851419248790,1.508293481701,1.240265070251,-0.314289408596,-0.738467173222,-0.293760201242,0.519223791716
1403715568912143104,-1.883279428318,1.517865588334,1.226778793442,-0.296306092170,-0.748263232943,-0.278727945306,0.524037752910
1403715568962142976,-1.916440108455,1.522447978155,1.216543739540,-0.280572808773,-0.758513531300,-0.262639654250,0.526266599574
1403715569012142848,-1.955491458073,1.517221949742,1.212475648997,-0.264216340041,-0.767727537804,-0.248788155455,0.528099050423
1403715569062142976,-2.006522327952,1.501465713514,1.212084096388,-0.247926273278,-0.776207184952,-0.235601479501,0.529647913150
1403715569112143104,-2.054930373522,1.483561606302,1.205860022773,-0.232059650498,-0.783776169741,-0.221432281666,0.531799754600
1403715569162142976,-2.100092141083,1.464796327189,1.201593098218,-0.217761071030,-0.789825617712,-0.206320860542,0.534964776462
1403715569212142848,-2.141700742721,1.448777703233,1.198408178416,-0.204345312359,-0.795030440838,-0.192051936064,0.537852810081
1403715569262142976,-2.178704263081,1.431180237014,1.198220473968,-0.190962722992,-0.796569598534,-0.179864194889,0.544664102466
1403715569312143104,-2.216135330422,1.415140981286,1.198776830016,-0.177488984138,-0.795955458401,-0.170755086617,0.552987584984
1403715569362142976,-2.254607866234,1.397168469682,1.202515666403,-0.164273346064,-0.794258907354,-0.162882555987,0.561815208780
1403715569412143104,-2.286977478415,1.386079699859,1.203913943880,-0.151995573223,-0.791922959789,-0.154957860576,0.570739373904
1403715569462142976,-2.319300569146,1.375088508403,1.201613261123,-0.139683981631,-0.791088669534,-0.147916829964,0.576877555140
1403715569512142848,-2.351290915337,1.362585266807,1.199880515174,-0.125763270341,-0.791271611183,-0.143076621317,0.581035212015
1403715569562142976,-2.383504212365,1.347257218550,1.191786240660,-0.112937920799,-0.792742406564,-0.136799012777,0.583172815711
1403715569612143104,-2.417882311437,1.329433289845,1.178060932336,-0.099427997134,-0.794802568618,-0.129949860311,0.584393689313
1403715569662142976,-2.449480390164,1.311751958005,1.154165270470,-0.086320145873,-0.798194940784,-0.121869415645,0.583593620984
1403715569712142848,-2.478709610212,1.308940394880,1.123395926710,-0.073622725890,-0.802219309082,-0.112525322325,0.581688856867
1403715569762142976,-2.504354205510,1.300610851316,1.098390894865,-0.060389197976,-0.805447070840,-0.100940052973,0.580878013483
1403715569812143104,-2.527152100637,1.289370086932,1.084252442765,-0.045177256498,-0.808499355901,-0.088703462832,0.580016812415
1403715569862142976,-2.548553574642,1.273313134926,1.067175103172,-0.030806296754,-0.810807118644,-0.073874221415,0.579814960006
1403715569912143104,-2.572117685804,1.240781866512,1.066413803632,-0.013895046997,-0.810895004178,-0.061953240973,0.581737067584
1403715569962142976,-2.585718147512,1.212523108605,1.078089589512,0.002051296195,-0.810540281289,-0.047690128789,0.583734439799
1403715570012142848,-2.599823334801,1.178013032216,1.093688583574,0.018809366646,-0.809398914043,-0.033941463047,0.585975752705
1403715570062142976,-2.611022162931,1.141860288336,1.107875938627,0.036283858922,-0.808343236343,-0.020938596445,0.587219097969
1403715570112143104,-2.621001439549,1.101375010820,1.127144013924,0.053840740487,-0.806561784240,-0.007088996254,0.588650158412
1403715570162142976,-2.632130813329,1.054288394321,1.143220362868,0.071774496274,-0.805090525270,0.007183565721,0.588749576805
1403715570212142848,-2.641776844101,0.991197316390,1.171081782386,0.089281934417,-0.802656561678,0.021958912915,0.589312299486
1403715570262142976,-2.652105843211,0.953492080034,1.172813264686,0.107847137669,-0.799944546456,0.036573712277,0.589168974966
1403715570312143104,-2.669497284599,0.910079075919,1.150832547124,0.126432456760,-0.796175980620,0.052025837710,0.589416621731
1403715570362142976,-2.686780264052,0.861491059449,1.142313308664,0.145938614307,-0.791900329929,0.067199799903,0.589134938028
1403715570412143104,-2.703115629512,0.806946981408,1.138627945200,0.165867590769,-0.786897398579,0.083536265876,0.588474399380
1403715570462142976,-2.716385960242,0.749231430182,1.117869082861,0.184965767826,-0.781385530239,0.101056989272,0.587377053336
1403715570512142848,-2.713397081686,0.721039860341,1.120505068677,0.205095301337,-0.775516121363,0.116907905539,0.585528141508
1403715570562142976,-2.708175399000,0.679292217707,1.113588931147,0.226357666624,-0.769085502803,0.131737402242,0.583022257713
1403715570612143104,-2.706570720767,0.621854614222,1.098859470003,0.247276868328,-0.763061651588,0.146542237551,0.578892424271
1403715570662142976,-2.699839189978,0.576925294844,1.088039328058,0.268453717195,-0.759996861653,0.161424706890,0.569455385441
1403715570712142848,-2.687626901105,0.532695010823,1.085926420493,0.288589625248,-0.756235725667,0.177362500582,0.559791120697
1403715570762142976,-2.667802731268,0.499067521559,1.076427648258,0.309391220008,-0.750851601283,0.192172214521,0.550970766737
1403715570812143104,-2.638962693838,0.468885589164,1.080791578294,0.329815669857,-0.744247603641,0.207888465633,0.542309426664
1403715570862142976,-2.614117622045,0.429382400348,1.073764094215,0.350586786842,-0.736736564662,0.223070156420,0.533430262075
1403715570912143104,-2.586952342198,0.394429488060,1.068419874296,0.368956228443,-0.729043193588,0.238757586083,0.524749595964
1403715570962142976,-2.557271423148,0.360303770178,1.061589827726,0.388219316119,-0.722141022814,0.251179189885,0.514496958524
1403715571012142848,-2.526562351555,0.323075887656,1.053674641882,0.404392833554,-0.716125234324,0.263916310329,0.503963556297
1403715571062142976,-2.497679324996,0.290287934764,1.045640437907,-0.416817883747,0.710723423667,-0.276432871190,-0.494691757123
1403715571112143104,-2.467369138129,0.261793430604,1.045473348123,-0.426140072814,0.705806872654,-0.287548312064,-0.487398466437
1403715571162142976,-2.436014699983,0.235306402898,1.038228106483,-0.432078212635,0.700185734958,-0.299331235718,-0.483165774917
1403715571212142848,-2.402993278094,0.208083242662,1.029475325149,-0.435625922947,0.693389581244,-0.310031869423,-0.483033315436
1403715571262142976,-2.368726857887,0.179132916874,1.023559367883,-0.439115701467,0.685188161519,-0.317758654859,-0.486542928529
1403715571312143104,-2.335017584484,0.150388234481,1.017454301448,-0.441840773766,0.678155466211,-0.323069049294,-0.490416439033
1403715571362142976,-2.296901149186,0.116507010871,1.005634611718,-0.443438246635,0.672339715661,-0.327672683978,-0.493915418205
1403715571412143104,-2.266687311936,0.088969451958,0.994988442470,-0.445875104689,0.671483260277,-0.328554822518,-0.492298030451
1403715571462142976,-2.234936075068,0.068760055211,0.987257451856,-0.449326526169,0.673926182360,-0.325983303776,-0.487508009442
1403715571512142848,-2.200718521590,0.052826194565,0.982204422174,-0.451575529220,0.677518117391,-0.324639472632,-0.481308585863
1403715571562142976,-2.165985360594,0.038671730646,0.974230922061,-0.451622120748,0.684941682582,-0.325716533467,-0.469894766239
1403715571612143104,-2.129465580065,0.027552300196,0.967132932830,-0.449561573328,0.694393365170,-0.328134704470,-0.456113869464
1403715571662142976,-2.093732757503,0.018938457643,0.959162813133,-0.443434411846,0.706060971665,-0.335102061741,-0.438805691508
1403715571712142848,-2.054432928919,0.008584163523,0.948092330765,-0.436779025461,0.719174689309,-0.341561999540,-0.418744850290
1403715571762142976,-2.017640796485,-0.001821724194,0.930443733583,-0.429561133936,0.732043179916,-0.347687051012,-0.398376366655
1403715571812143104,-1.985582533355,-0.011943322639,0.910169350293,-0.425043198522,0.744173040973,-0.349130082065,-0.379015765210
1403715571862142976,-1.958048685904,-0.025606235667,0.893663794751,-0.421482115795,0.753908759224,-0.350053091557,-0.362542744958
1403715571912143104,-1.935589927461,-0.037313662737,0.878953128750,-0.418483177996,0.762472202370,-0.349313449319,-0.348551408650
1403715571962142976,-1.921888889319,-0.052739214174,0.863768610943,-0.418623146778,0.770220620500,-0.345136767242,-0.335254334252
1403715572012142848,-1.914575550309,-0.068037466296,0.851745405998,-0.421398661780,0.775403786376,-0.338244664847,-0.326745593125
1403715572062142976,-1.915241409148,-0.087754692371,0.840689500728,-0.427458853071,0.778550434952,-0.328090887623,-0.321705639717
1403715572112143104,-1.923695002683,-0.111769113224,0.836402105150,-0.439342071837,0.776687552319,-0.313283394628,-0.324943848437
1403715572162142976,-1.941286487891,-0.138086707119,0.817867424990,-0.452644180543,0.770546686521,-0.300324790316,-0.333430757481
1403715572212142848,-1.964815768558,-0.167285358250,0.799059706753,-0.466006642391,0.759538324215,-0.291509228558,-0.347795504515
1403715572262142976,-1.993827067885,-0.203701755322,0.785739471755,-0.480832196333,0.741899730353,-0.285170479960,-0.370220186417
1403715572312143104,-2.024146182594,-0.245715975063,0.781203167900,-0.496520668015,0.720009555204,-0.281954648822,-0.394404668654
1403715572362142976,-2.054412266879,-0.290842021607,0.761527571698,-0.508018804972,0.698050201253,-0.285397438733,-0.416162362894
1403715572412143104,-2.083994564205,-0.339494265595,0.747238547368,-0.518007400664,0.675556016075,-0.291035090003,-0.436567266741
1403715572462142976,-2.109684608611,-0.390635892723,0.728084186088,-0.525948164697,0.656278881549,-0.299629103565,-0.450443068523
1403715572512142848,-2.131501334173,-0.444427193913,0.709511133398,-0.532155349908,0.641421394302,-0.310309261167,-0.457271736421
1403715572562142976,-2.151557254341,-0.497541085969,0.687984737014,-0.538124954258,0.630305954289,-0.321245835693,-0.458188880969
1403715572612143104,-2.169301815860,-0.551079954955,0.672662044204,-0.545996851077,0.619457572987,-0.330920128999,-0.456783999399
1403715572662142976,-2.182413248452,-0.599933627526,0.655134707897,-0.553949004098,0.608592599340,-0.340349616800,-0.454882058595
1403715572712142848,-2.190952010516,-0.646385542612,0.638831801908,-0.563406338685,0.599193175151,-0.348422986595,-0.449602334063
1403715572762142976,-2.198791029214,-0.693221086283,0.626088611536,-0.573665223234,0.590683815888,-0.355274086647,-0.442471654072
1403715572812143104,-2.204738885235,-0.738429186869,0.610210122432,-0.582311235336,0.584460726963,-0.364302334490,-0.431975801319
1403715572862142976,-2.208671318310,-0.782768507773,0.599620021538,0.590712419408,-0.577945460994,0.373387619032,0.421449365438
1403715572912143104,-2.205480556044,-0.829920074667,0.595381118372,0.597499278203,-0.570873090814,0.384824945725,0.411106175920
1403715572962142976,-2.199667165774,-0.874046379620,0.595978510430,0.604231591251,-0.561903343818,0.395805765693,0.403121088738
1403715573012142848,-2.191313281449,-0.917371587121,0.599451835998,0.610549115495,-0.552348213250,0.406968506785,0.395623385777
1403715573062142976,-2.181965722090,-0.960826823093,0.605501826157,0.616972593908,-0.543609167543,0.417882642693,0.386274498596
1403715573112143104,-2.171412420535,-1.003777944332,0.615537490549,0.623971367948,-0.534515702920,0.427888499766,0.376648545836
1403715573162142976,-2.161864052286,-1.046078416894,0.625721935525,0.630536847651,-0.526492750950,0.438204053929,0.364973799158
1403715573212142848,-2.149186654385,-1.087972648979,0.637606219161,0.638845234256,-0.516096957097,0.445837927266,0.356018595238
1403715573262142976,-2.141034506121,-1.124324879317,0.646875011455,0.645287999282,-0.507737147559,0.455596901191,0.343857311389
1403715573312143104,-2.125715424301,-1.160618807414,0.656689267468,0.653729391987,-0.497951893873,0.462494237267,0.332837608956
1403715573362142976,-2.111677585460,-1.198939161896,0.662177684493,0.661777847804,-0.488750991992,0.469430657235,0.320635940019
1403715573412143104,-2.099126801615,-1.235121547587,0.668712681065,0.668981049246,-0.479929388035,0.476733437459,0.307989233349
1403715573462142976,-2.087240444778,-1.271289479961,0.674484538130,0.675266345915,-0.472948539583,0.484643161365,0.292328662850
1403715573512142848,-2.075715711157,-1.304269585150,0.683703325083,0.681178043227,-0.464608267331,0.492495179203,0.278539278766
1403715573562142976,-2.063780362323,-1.338999232581,0.694107149978,0.687718688640,-0.456890054476,0.498273404224,0.264609331013
1403715573612143104,-2.050577481334,-1.373150832252,0.709890670961,0.695610251027,-0.445139563227,0.502643691489,0.255590428855
1403715573662142976,-2.038666153627,-1.408533312673,0.721249463571,0.705105835197,-0.432972056446,0.503735918368,0.248215801379
1403715573712142848,-2.025658113098,-1.446007962201,0.732457514235,0.716199625932,-0.418528745108,0.502728671162,0.243219383530
1403715573762142976,-2.014172399311,-1.484276344181,0.741379986601,0.727524460886,-0.405333739965,0.500717624227,0.235996989061
1403715573812143104,-2.002957067786,-1.520318321352,0.749909967888,0.738860168916,-0.389722045530,0.498828434436,0.231025044129
1403715573862142976,-1.991518443373,-1.558702739981,0.758309087779,0.750033401430,-0.375754033488,0.496655232126,0.222693474215
1403715573912143104,-1.979237892534,-1.596025809891,0.765393510824,0.760093365774,-0.361341211230,0.496214889716,0.213216761998
1403715573962142976,-1.965674989625,-1.633952020231,0.772993824948,0.769346564562,-0.346800630388,0.497018216136,0.202010096746
1403715574012142848,-1.950466639158,-1.674609211000,0.776087690022,0.778062270166,-0.332688549147,0.498501746231,0.188237727395
1403715574062142976,-1.934709261583,-1.714390432139,0.783262472104,0.786732626784,-0.316147823984,0.500338491202,0.175395899512
1403715574112143104,-1.918454258263,-1.755759401573,0.787696368505,0.793889925028,-0.300529089779,0.503443011319,0.161140272715
1403715574162142976,-1.897731229488,-1.797332884159,0.798779851590,0.799056693358,-0.283257504855,0.509165215017,0.148406100144
1403715574212142848,-1.874571001386,-1.839176711539,0.810158487946,0.803201209868,-0.263455194258,0.516012134838,0.138530335251
1403715574262142976,-1.849437904115,-1.882079206601,0.821083462816,0.804342034475,-0.241578979073,0.526533460463,0.132045459821
1403715574312143104,-1.824067957211,-1.925024980963,0.833658985217,0.805528848876,-0.217792047024,0.535527435155,0.130001015681
1403715574362142976,-1.796241173413,-1.966302771774,0.847773362130,0.806247279995,-0.193820457804,0.543499231570,0.130412955336
1403715574412143104,-1.765240332347,-2.009486037426,0.858233463930,0.807510402161,-0.172400681224,0.548539270767,0.131566044029
1403715574462142976,-1.736151441621,-2.051279288154,0.865101520110,0.809078982175,-0.154605700357,0.551189127482,0.132961737973
1403715574512142848,-1.707537786009,-2.091678510062,0.870688173261,0.809910974241,-0.139710408032,0.553738127686,0.133788271681
1403715574562142976,-1.675938380756,-2.129455227283,0.872576709805,0.811623115250,-0.128444957223,0.554428110782,0.131830503796
1403715574612143104,-1.644697049305,-2.165040592278,0.879645771187,0.814639098492,-0.117786104929,0.552813680826,0.129948478192
1403715574662142976,-1.614124406555,-2.195797534042,0.885984333095,0.817145113395,-0.108757250786,0.551632927965,0.127070204379
1403715574712142848,-1.578939346775,-2.224779881089,0.888847947137,0.819635302677,-0.101209664217,0.550579158831,0.121725775147
1403715574762142976,-1.542218321491,-2.252626179199,0.888743747309,0.821645481018,-0.095861000246,0.550234295498,0.113805062329
1403715574812143104,-1.505576999084,-2.276177234417,0.891021871477,0.822648024216,-0.094672495161,0.551034651214,0.103189922350
1403715574862142976,-1.467680638422,-2.294730757562,0.896338877704,0.822529314627,-0.096154795267,0.553055745364,0.091264036978
1403715574912143104,-1.430026687306,-2.311433511855,0.898198266764,0.821032959221,-0.098525914334,0.556441956426,0.081054754370
1403715574962142976,-1.388187948718,-2.324887783172,0.905668778360,0.818082606019,-0.100020022920,0.561427689429,0.074402918533
1403715575012142848,-1.345308373409,-2.337436980233,0.917030086152,0.815324553233,-0.101632487210,0.565757792666,0.069532945253
1403715575062142976,-1.300021942523,-2.350687627099,0.927714454043,0.810972226819,-0.101283898641,0.572199496066,0.068215510743
1403715575112143104,-1.255960424364,-2.362263406958,0.937181499366,0.807099770899,-0.101044060812,0.577571469485,0.069218893563
1403715575162142976,-1.212743358259,-2.372905248935,0.950269891268,0.799628194378,-0.100640784425,0.587638490988,0.071743899919
1403715575212142848,-1.168717094844,-2.383179025668,0.962747270726,0.791096829499,-0.099902500020,0.598706653343,0.075734008806
1403715575262142976,-1.126581203242,-2.390144438189,0.978203183931,0.784559147451,-0.098616127997,0.606632713928,0.082088694971
1403715575312143104,-1.085714236495,-2.397107137993,0.993127605953,0.782837040995,-0.098652017604,0.608114590510,0.087353256828
1403715575362142976,-1.045591881751,-2.403117578396,1.000498072919,0.786688229859,-0.102656241733,0.602339036779,0.088153331230
1403715575412143104,-1.009688352541,-2.405062315808,1.008454145170,0.790941092302,-0.107674930330,0.595900393250,0.087869330321
1403715575462142976,-0.976548985758,-2.403172023799,1.020497955502,0.794691138945,-0.110215920445,0.590011335662,0.090581832361
1403715575512142848,-0.946010039331,-2.398176894385,1.035103269964,0.797727277961,-0.112097360862,0.584647199885,0.096192636672
1403715575562142976,-0.911712777524,-2.391245096054,1.053353422383,0.797544758283,-0.108836097588,0.583583219251,0.107273895265
1403715575612143104,-0.879555272608,-2.383657416008,1.065495205445,0.794548649727,-0.104888998469,0.586022783911,0.119448892647
1403715575662142976,-0.845970119092,-2.374613720054,1.076859697021,0.792917760415,-0.101605414843,0.586500383249,0.130288392964
1403715575712142848,-0.811158345325,-2.362826908966,1.087597618341,0.791413766017,-0.098275779237,0.586686725216,0.140729558477
1403715575762142976,-0.775818455634,-2.347579819080,1.096399478016,0.790966964249,-0.097384873035,0.585798116872,0.147404254484
1403715575812143104,-0.742305421899,-2.327327562228,1.105426772903,0.791660297033,-0.098949948706,0.583841188698,0.150374027453
1403715575862142976,-0.710892159004,-2.301149735315,1.117996323530,0.792202585650,-0.101639919228,0.582556245373,0.150707037277
1403715575912143104,-0.681882358105,-2.269999636039,1.130396645546,0.792222560816,-0.106161260837,0.582500137919,0.147671223184
1403715575962142976,-0.651792713384,-2.236484869650,1.140866139812,0.793425416288,-0.114804364973,0.581594666071,0.137998952783
1403715576012142848,-0.621322308105,-2.198691057866,1.152479604879,0.793614597101,-0.123181045051,0.581979539633,0.127679743331
1403715576062142976,-0.591312204661,-2.157349652861,1.165604705084,0.793742285273,-0.129839998880,0.582118757658,0.119383881839
1403715576112143104,-0.560578771706,-2.112984197234,1.177488689582,0.793275019252,-0.134360310124,0.582871137082,0.113680642378
1403715576162142976,-0.526277699631,-2.067739576180,1.186936345294,0.791741783809,-0.138698059408,0.585234856071,0.106808048976
1403715576212142848,-0.491872463830,-2.019992816446,1.197061300337,0.790950378303,-0.142253046986,0.586419502992,0.101359440590
1403715576262142976,-0.459563371903,-1.971677222065,1.206773888448,0.790124536267,-0.144015716794,0.587638786831,0.098200543366
1403715576312143104,-0.426037240529,-1.920726318782,1.218923070082,0.787646051648,-0.143136685898,0.591219565490,0.097903073779
1403715576362142976,-0.394577770302,-1.870850675709,1.230974659090,0.784300168359,-0.141439402829,0.595883869574,0.098947234526
1403715576412143104,-0.365763574397,-1.818134458924,1.243573459026,0.777896059891,-0.140041683953,0.604496166605,0.099249339155
1403715576462142976,-0.338000261689,-1.765786744370,1.256698524289,0.771914357218,-0.137935776670,0.612479109031,0.099956428687
1403715576512142848,-0.314413071242,-1.713142199862,1.269116094181,0.765992336383,-0.136348682314,0.619885464017,0.102013670329
1403715576562142976,-0.292738896029,-1.661637816973,1.281480259850,0.761306138013,-0.135945433701,0.625171967280,0.105317684201
1403715576612143104,-0.273939605155,-1.608817165874,1.294874838529,0.756038823441,-0.135287586191,0.631045957470,0.109011770161
1403715576662142976,-0.258273953695,-1.552902716597,1.310126359422,0.754946245661,-0.136268933583,0.631545836812,0.112413521909
1403715576712142848,-0.246438967235,-1.494329472177,1.325965802558,0.754540330182,-0.137817799573,0.630830187935,0.117168332924
1403715576762142976,-0.236993033910,-1.434031776516,1.339280426099,0.756757576761,-0.142357211743,0.626754878861,0.119292565164
1403715576812143104,-0.231020409162,-1.372497661802,1.353543508232,0.761325670195,-0.148175937912,0.619447686066,0.121291712636
1403715576862142976,-0.227805908033,-1.310579548506,1.367618057342,0.767560181459,-0.154192750873,0.609957904545,0.122585962086
1403715576912143104,-0.226557927607,-1.244643639790,1.382402849096,0.773253512737,-0.159781636377,0.601035047530,0.123716229161
1403715576962142976,-0.228085693621,-1.177540859113,1.396497224518,0.777613741218,-0.165604339078,0.593639976190,0.124433319556
1403715577012142848,-0.230777190036,-1.110352815790,1.409192053892,0.779489191561,-0.173978717207,0.589096808247,0.122853395201
1403715577062142976,-0.234043703594,-1.042690141051,1.422443173516,0.779572321981,-0.183491671777,0.586826924026,0.119297788864
1403715577112143104,-0.237311724763,-0.973900177319,1.436442275034,0.779267805663,-0.194080818754,0.584488036963,0.115965760019
1403715577162142976,-0.239767033325,-0.904491088962,1.449440985743,0.778625714927,-0.204800206207,0.582177419132,0.113438636477
1403715577212142848,-0.244540091746,-0.835941937633,1.460475002271,0.777213839987,-0.213782965222,0.581139257622,0.111859974810
1403715577262142976,-0.250107248067,-0.765779527201,1.466891393707,0.775176519707,-0.220881300934,0.581166167499,0.112065605552
1403715577312143104,-0.255121852722,-0.695932896064,1.468658632475,0.774610404381,-0.224801788390,0.579945781041,0.114480428078
1403715577362142976,-0.263576786391,-0.626155702239,1.463496936018,0.773651309985,-0.226612770782,0.579635242267,0.118883508526
1403715577412143104,-0.272779999803,-0.559720378946,1.452226888387,0.773204013177,-0.227491105551,0.578985320508,0.123204502914
1403715577462142976,-0.280982720379,-0.492269843755,1.438257870026,0.773255472408,-0.227833411879,0.577930571280,0.127138371872
1403715577512142848,-0.291997041618,-0.426413139152,1.421942581300,0.772349428774,-0.228326598449,0.578373431822,0.129720845187
1403715577562142976,-0.300524427954,-0.362297536180,1.407646537516,0.773075059554,-0.228511693865,0.576807056513,0.132026427730
1403715577612143104,-0.314941529869,-0.300001123355,1.396402135480,0.772396710200,-0.229075765021,0.577364099905,0.132583227042
1403715577662142976,-0.328898207908,-0.239137568562,1.389604453247,0.772239551103,-0.230115733837,0.577136987887,0.132686555330
1403715577712142848,-0.343356416930,-0.176697630177,1.387697077075,0.772310260459,-0.232714462568,0.576559415700,0.130230874486
1403715577762142976,-0.356732848173,-0.114998374139,1.387879707217,0.771879116550,-0.235899290261,0.576764633333,0.126082163784
1403715577812143104,-0.367376125523,-0.051011396824,1.390080804240,0.770816247365,-0.239930048258,0.577192412056,0.122982942747
1403715577862142976,-0.381833609414,0.012372641218,1.389550540246,0.768815307404,-0.246508395017,0.577845421556,0.119378821714
1403715577912143104,-0.396935352966,0.075170594176,1.384487015045,0.766748087455,-0.253390819975,0.577933815825,0.117826004188
1403715577962142976,-0.413216815361,0.132718136166,1.374606599756,0.764824876611,-0.262757994885,0.576642293847,0.116124111137
1403715578012142848,-0.430657268224,0.187917794644,1.359885521103,0.762873994005,-0.273242022144,0.574687031776,0.114441610063
1403715578062142976,-0.449265474998,0.238905957922,1.342815995100,0.761914062717,-0.285759211971,0.570392516825,0.111718443231
1403715578112143104,-0.468581416712,0.288261046163,1.323931190810,0.761535678719,-0.302519001981,0.563459187185,0.105163719290
1403715578162142976,-0.493607055809,0.340980536762,1.301647206514,0.760366854666,-0.321553906957,0.555838758656,0.097409473986
1403715578212142848,-0.518057740346,0.394851096228,1.277490571499,0.757564808384,-0.338025303188,0.549905703411,0.097150259182
1403715578262142976,-0.544704946193,0.445808065627,1.253185723172,0.753729564569,-0.350362958591,0.545839307324,0.105815836819
1403715578312143104,-0.572356802890,0.492399194940,1.226593017237,0.749570128524,-0.361955459097,0.541746097521,0.116807679005
1403715578362142976,-0.608455262971,0.513991440217,1.209592431468,0.745320940126,-0.372119203377,0.537548607721,0.130634945653
1403715578412143104,-0.640082218857,0.543481456626,1.185623369428,0.741093103597,-0.382095889412,0.532439011152,0.145919301321
1403715578462142976,-0.672621752516,0.568658574985,1.163055838418,0.738783665941,-0.391487717821,0.524274778444,0.161468320180
1403715578512142848,-0.704647998528,0.590631149442,1.140684764115,0.739068456266,-0.400754493333,0.512029058222,0.176067874873
1403715578562142976,-0.738047546977,0.608928940349,1.115032428886,0.742640905967,-0.407784591858,0.495741038063,0.190884872653
1403715578612143104,-0.770523931586,0.621236602858,1.088265812197,0.748834498944,-0.416183059658,0.475434329596,0.200001880704
1403715578662142976,-0.805452676938,0.632749727943,1.063505665512,0.755761179829,-0.423267029562,0.454962249913,0.206589960800
1403715578712142848,-0.835441686501,0.641957422535,1.038340467653,0.761266892441,-0.430857784028,0.436603359230,0.210266010388
1403715578762142976,-0.862556152581,0.649183842413,1.012304930202,0.764669668840,-0.436523802123,0.423125600596,0.213756856865
1403715578812143104,-0.887947916169,0.651233191408,0.987595364275,0.765640280502,-0.442371117923,0.414621809867,0.214922101430
1403715578862142976,-0.907888514212,0.647633617561,0.965337795917,0.765308483616,-0.446019980590,0.409783752251,0.217821895618
1403715578912143104,-0.923501859528,0.639901799120,0.942428416945,0.763196355812,-0.446201142049,0.410047469027,0.224269784978
1403715578962142976,-0.933633320874,0.626291415463,0.921767973282,0.760626095258,-0.440540739381,0.413872659508,0.236814741665
1403715579012142848,-0.939122893127,0.608038329153,0.903911203451,0.757106182132,-0.432311211623,0.420174242393,0.251695950131
1403715579062142976,-0.937766999723,0.587210217925,0.890682559668,0.755096459792,-0.421615968500,0.423789984521,0.269205052954
1403715579112143104,-0.935022796491,0.562299084623,0.877203848917,0.752532541146,-0.408231875254,0.428877597634,0.288280274717
1403715579162142976,-0.924249289664,0.537108896073,0.871032566006,0.749603480847,-0.395237941280,0.433117001569,0.307068810246
1403715579212142848,-0.909061132858,0.511827401624,0.865258466161,0.745577912632,-0.379866070677,0.438915250844,0.327366380560
1403715579262142976,-0.888260480373,0.483913167710,0.864902913941,0.741203423205,-0.372735876416,0.444870436634,0.337306606028
1403715579312143104,-0.859892102456,0.461815425617,0.864740306824,0.738046405338,-0.367420767865,0.448396263911,0.345297369552
1403715579362142976,-0.828787030690,0.443166444350,0.862314380718,0.736029265724,-0.366145905762,0.450704815056,0.347941468320
1403715579412143104,-0.794502161922,0.426622289462,0.859221169957,0.734789662453,-0.368013519250,0.452691307111,0.346006910434
1403715579462142976,-0.753872667196,0.413206542268,0.856335281662,0.733981635863,-0.370915833151,0.454082868083,0.342784410160
1403715579512142848,-0.707479862206,0.401843113581,0.854036069733,0.734482194803,-0.377411815303,0.453993446225,0.334643359373
1403715579562142976,-0.656590135908,0.394199080602,0.850685614947,0.733874209347,-0.385101038192,0.455943332568,0.324409483100
1403715579612143104,-0.601597638554,0.387906071237,0.848973937781,0.733230615085,-0.388175624488,0.457885321430,0.319426958904
1403715579662142976,-0.543514412821,0.381988129934,0.848474429951,0.730770252099,-0.390066911000,0.463079606876,0.315245810894
1403715579712142848,-0.482207583103,0.377269808354,0.849537978094,0.728075402893,-0.391376367386,0.468846675338,0.311309398796
1403715579762142976,-0.418294723395,0.375012197904,0.852556945779,0.724814930554,-0.391488281627,0.475429175275,0.308783647709
1403715579812143104,-0.348848395478,0.372818557785,0.858630991925,0.723659015541,-0.388913095247,0.478574859701,0.309887620331
1403715579862142976,-0.281225807781,0.372560088108,0.865728487152,0.722139025207,-0.386257780623,0.481035815861,0.312929223691
1403715579912143104,-0.211368967193,0.372568252911,0.875712659653,0.720984280885,-0.386629162427,0.481835236232,0.313901835935
1403715579962142976,-0.140064344944,0.372320177956,0.887333290357,0.716793450017,-0.391361444606,0.485146086318,0.312532629686
1403715580012142848,-0.067473456558,0.374306914110,0.897278076935,0.711561942756,-0.397930537090,0.487996868916,0.311753019552
1403715580062142976,0.006263060422,0.374365785705,0.903105933054,0.705638581681,-0.406609196251,0.488961343914,0.312505932303
1403715580112143104,0.078841418629,0.379312048562,0.911262436708,0.698881222435,-0.416682360348,0.489245334165,0.313974283184
1403715580162142976,0.152032175750,0.387110457242,0.915003073729,0.691713373664,-0.427360288103,0.488418836352,0.316769369012
1403715580212142848,0.227250870448,0.394094822550,0.913683096272,0.683815085194,-0.438374253575,0.487225506092,0.320680915048
1403715580262142976,0.302155478739,0.398505053271,0.909526037529,0.676145656336,-0.450374340404,0.484160743879,0.324928267484
1403715580312143104,0.374727446529,0.405223718060,0.905929352032,0.666370079117,-0.463568594558,0.483119174437,0.328102025426
1403715580362142976,0.448172453930,0.411145532696,0.899879936425,0.655251017337,-0.477936392121,0.482945158574,0.330131614927
1403715580412143104,0.522638630779,0.419786652571,0.894639737606,0.644908956507,-0.492220190316,0.480716772554,0.332750817651
1403715580462142976,0.595283785637,0.428934220473,0.892844050153,0.633669582944,-0.507105258244,0.479221909083,0.334145894136
1403715580512142848,0.668825427521,0.438707712509,0.892947753087,0.624644958194,-0.520786804232,0.476027561375,0.334660337585
1403715580562142976,0.742522057332,0.456359325895,0.894244435915,0.616070395658,-0.532751820793,0.474320417518,0.334145038212
1403715580612143104,0.812522616794,0.471952104934,0.894576063584,0.608655738629,-0.544927402564,0.472815366549,0.330208944343
1403715580662142976,0.879151744388,0.487049270603,0.894795256423,0.601624875804,-0.556889420353,0.471660988346,0.324742350772
1403715580712142848,0.943556228498,0.502264082969,0.893942938571,0.595475044327,-0.567767068795,0.470840126399,0.318370228742
1403715580762142976,1.005634101882,0.515335507029,0.891139829100,0.590247400206,-0.577112172744,0.469800868011,0.312788572421
1403715580812143104,1.064590353904,0.525272461571,0.888690227309,-0.583935625328,0.586635387913,-0.470412486746,-0.305925153320
1403715580862142976,1.114827370822,0.531532556196,0.887545643036,-0.577489973244,0.596216577113,-0.472366928414,-0.296480368522
1403715580912143104,1.161280712090,0.537128809306,0.886565227326,-0.570695652442,0.605725556941,-0.475385665804,-0.285326989086
1403715580962142976,1.203315870086,0.540955567394,0.885619274514,-0.566442843383,0.613941608653,-0.475903903368,-0.275197531064
1403715581012142848,1.240245625945,0.543381736798,0.883380370693,-0.567708560641,0.617774123916,-0.471319779305,-0.271881936932
1403715581062142976,1.269670765553,0.542558396101,0.881991155555,-0.571598143203,0.620807407680,-0.464375796754,-0.268754245819
1403715581112143104,1.295353187409,0.541785022975,0.879637791008,-0.577003756198,0.621185298563,-0.456551124085,-0.269734241948
1403715581162142976,1.312767078236,0.537543957731,0.879484882589,-0.581742372044,0.620031407124,-0.449595412816,-0.273862796894
1403715581212142848,1.325653758530,0.529161079209,0.879865658788,-0.586638362002,0.615662236455,-0.443101773048,-0.283683382581
1403715581262142976,1.331071954497,0.518218607196,0.884994881728,-0.587976965482,0.611353381456,-0.442451001044,-0.291148145656
1403715581312143104,1.333064188553,0.503648147009,0.891862420874,-0.588246378975,0.607061846926,-0.445040524892,-0.295602846455
1403715581362142976,1.334680605837,0.486587804654,0.895105588964,-0.590954561561,0.600942570897,-0.447194829526,-0.299428651098
1403715581412143104,1.334225331494,0.467259320017,0.896776394730,0.595453270542,-0.593080777719,0.449568610930,0.302619658594
1403715581462142976,1.329881742697,0.447475244373,0.900126020691,0.602801718114,-0.582566344037,0.450899499160,0.306490106024
1403715581512142848,1.322241464823,0.423973960670,0.904185327950,0.613416152296,-0.567806563511,0.450415581788,0.313754895130
1403715581562142976,1.313543650663,0.397837702917,0.905216885003,0.624896989291,-0.550987258163,0.449888159085,0.321741260070
1403715581612143104,1.303310306402,0.368933075090,0.903104188692,0.636965118528,-0.533925320327,0.449790800666,0.326936424599
1403715581662142976,1.292606453301,0.340201617171,0.898262291267,0.648563798989,-0.516748295812,0.450908824658,0.330177875185
1403715581712142848,1.280647676070,0.312047647783,0.889923730259,0.661167085882,-0.498696633508,0.451631873866,0.331946385403
1403715581762142976,1.271251706867,0.282797920472,0.880264007015,0.674445782484,-0.479768270783,0.451752767326,0.332963556645
1403715581812143104,1.265615608042,0.255789647144,0.874543217737,0.686930182896,-0.460151814787,0.453122509754,0.333267493659
1403715581862142976,1.261256526540,0.228344437522,0.869845297827,0.698400636572,-0.442190090837,0.455237752107,0.330852026527
1403715581912143104,1.258182755631,0.199897592410,0.869975040740,0.707185302139,-0.427865800339,0.460908518292,0.323083801985
1403715581962142976,1.256876694700,0.171648260133,0.870109861381,0.713234228189,-0.417351039382,0.469200750905,0.311393161481
1403715582012142848,1.260156462534,0.145798309681,0.874095481005,0.715552133197,-0.405378789511,0.481728824129,0.302639260004
1403715582062142976,1.264435212739,0.123341397491,0.880452565031,0.715000068752,-0.394192435826,0.497013135298,0.293879513684
1403715582112143104,1.270080136887,0.102626280518,0.887824156526,0.714083876513,-0.381520618499,0.510985378345,0.288825514942
1403715582162142976,1.276784563472,0.080940174269,0.895746162135,0.712526409424,-0.370934957238,0.523539425171,0.283936337344
1403715582212142848,1.284736348357,0.058444254273,0.899210928680,0.711920217813,-0.361747206796,0.533075422001,0.279533819605
1403715582262142976,1.295443031273,0.038170407943,0.897575163963,0.714653487950,-0.355468634002,0.535833292421,0.275309144664
1403715582312143104,1.305124184660,0.018598836961,0.897518003855,0.720460954241,-0.352469134184,0.532756765135,0.269947683940
1403715582362142976,1.311434488434,0.004178611164,0.897306351621,0.726381597840,-0.350569794961,0.528127692428,0.265615763219
1403715582412143104,1.316002273916,-0.006409661270,0.895630324511,0.731936650707,-0.349386113865,0.523049636075,0.261948775513
1403715582462142976,1.321771341351,-0.016482863652,0.889818934011,0.738380717055,-0.350402916894,0.515384532472,0.257663532930
1403715582512142848,1.326933655499,-0.024269792276,0.885586628695,0.743617375632,-0.351479800352,0.508789150174,0.254221850493
1403715582562142976,1.332193684012,-0.031276437902,0.885790061287,0.746753567455,-0.353581635805,0.504451764802,0.250734029009
1403715582612143104,1.341806210050,-0.039727195712,0.887886577247,0.750484806655,-0.355648712557,0.498268277476,0.249028656781
1403715582662142976,1.352403538373,-0.050369555875,0.890883936307,0.752320738117,-0.358823480921,0.493988988744,0.247455239464
1403715582712142848,1.363148418632,-0.060413537921,0.894464794397,0.753257291383,-0.361682126306,0.490694660750,0.246998466394
1403715582762142976,1.376836604692,-0.073258194546,0.892654527883,0.753952033291,-0.365274458696,0.486980631132,0.246942839992
1403715582812143104,1.394180225183,-0.086417404519,0.886723354738,0.755761700188,-0.369166906557,0.481396433074,0.246571534968
1403715582862142976,1.413716960516,-0.098273524780,0.886223141283,0.757682857419,-0.373958090156,0.475396224393,0.245092766548
1403715582912143104,1.435235083309,-0.110103803997,0.881697397168,0.760842523978,-0.378184929255,0.467446802415,0.244107148406
1403715582962142976,1.455827542338,-0.119902144344,0.875854267588,0.762338895335,-0.382208751422,0.462083896442,0.243381083169
1403715583012142848,1.476338573911,-0.131292427329,0.870066410453,0.763469480588,-0.386349115082,0.457205989012,0.242510612340
1403715583062142976,1.498514918173,-0.145139135961,0.863082874248,0.763549002729,-0.389568734857,0.454315532531,0.242541786407
1403715583112143104,1.523110108497,-0.162141011748,0.856612977991,0.760893406862,-0.392710255585,0.455755852638,0.243118245590
1403715583162142976,1.553346906279,-0.180345734502,0.849268050634,0.753866004477,-0.391980496371,0.464914708954,0.248780327110
1403715583212142848,1.585986698255,-0.201757003309,0.843155128685,0.744819665027,-0.391346868822,0.477209733232,0.253696995176
1403715583262142976,1.620199469092,-0.223919353373,0.834577875499,0.733418813977,-0.390178575048,0.493058368964,0.258362086368
1403715583312143104,1.657393952670,-0.247575177069,0.822802236628,0.722530587895,-0.388985414158,0.507867803220,0.262126289374
1403715583362142976,1.694041670789,-0.273004550860,0.809959188279,0.711219585730,-0.387766436543,0.523209689299,0.264680019247
1403715583412143104,1.727187292392,-0.298553572997,0.795815843692,0.700027778327,-0.386358945210,0.537918265879,0.267080164483
1403715583462142976,1.758725254417,-0.324240050592,0.781179675485,0.690614077186,-0.383866110553,0.550229814975,0.270085461056
1403715583512142848,1.791646409005,-0.345508217732,0.766264952537,0.682855818287,-0.380054221962,0.560709023316,0.273627686779
1403715583562142976,1.821195431330,-0.362519732278,0.751973688881,0.673617773096,-0.375867444555,0.572753603731,0.277337464664
1403715583612143104,1.847303071610,-0.373542420062,0.734413608179,0.661238385455,-0.368983545585,0.588622303686,0.283087838474
1403715583662142976,1.871130508644,-0.381917678530,0.714958498608,0.647941651899,-0.359527321476,0.604398328005,0.292599353983
1403715583712142848,1.892342533841,-0.386678451175,0.698850445378,0.635328932118,-0.351277664837,0.618596222959,0.300499356308
1403715583762142976,1.909316233890,-0.385680720721,0.692815363980,0.624565888115,-0.342952240778,0.630568440387,0.307708716054
1403715583812143104,1.918878312493,-0.376855979541,0.686657129687,0.615542484747,-0.335377328969,0.640270975849,0.314137826711
1403715583862142976,1.923169190843,-0.357617216448,0.681592082064,0.608615648312,-0.331014562768,0.647876642195,0.316657872732
1403715583912143104,1.919164099018,-0.331860732898,0.678174829191,0.606309343896,-0.329923175676,0.651034494657,0.315743193786
1403715583962142976,1.905684055221,-0.299334095463,0.679157059806,0.606378853693,-0.332719027193,0.652417409548,0.309764843804
1403715584012142848,1.883968297899,-0.260113023601,0.682706738248,0.609328227910,-0.337896991385,0.651040859195,0.301148690092
1403715584062142976,1.854680528182,-0.214951370141,0.691970558224,0.615869500539,-0.345213496734,0.645905058215,0.290411872608
1403715584112143104,1.817525954630,-0.164072213276,0.705310534648,0.625405526255,-0.354926261767,0.637320823003,0.276979141823
1403715584162142976,1.773235704016,-0.104660973717,0.722613495095,0.637900644200,-0.365122656164,0.624416795117,0.264332896290
1403715584212142848,1.723869700841,-0.040329752022,0.739508095470,0.651838948298,-0.375956975764,0.609461856158,0.249636903812
1403715584262142976,1.668788042779,0.029797184697,0.762214810853,0.669029187619,-0.385727556825,0.589642343037,0.236508150636
1403715584312143104,1.605617833372,0.103381578315,0.786972647269,0.684446618651,-0.393721725538,0.571070492935,0.224487240517
1403715584362142976,1.540479572050,0.172480320332,0.803517833772,0.697137029921,-0.400307683364,0.555009002724,0.213819379496
1403715584412143104,1.473543192801,0.240954752156,0.819967083222,0.707927893855,-0.403880866576,0.540664600390,0.208326984814
1403715584462142976,1.403502233069,0.312096404767,0.827620232053,0.716401447782,-0.405744249788,0.529356877681,0.204748297753
1403715584512142848,1.335644814003,0.380734025192,0.832320557964,0.722110849528,-0.406954904654,0.521223957784,0.203148252278
1403715584562142976,1.265811415229,0.444624210505,0.842983027050,0.726521780226,-0.408038385007,0.514817450972,0.201578201679
1403715584612143104,1.196154333436,0.503501806116,0.853303070529,0.731490878212,-0.407662018868,0.507973241202,0.201732396230
1403715584662142976,1.129528451321,0.559768664573,0.858386541248,0.737029877049,-0.403911683683,0.501014408762,0.206462767430
1403715584712142848,1.063635571362,0.612485590026,0.864116492433,0.743693221987,-0.398430118841,0.492259955655,0.214135396487
1403715584762142976,0.996460925071,0.659699705667,0.874986842903,0.749107550845,-0.394846154959,0.484393374422,0.219766808227
1403715584812143104,0.928873833287,0.703075664753,0.887188766664,0.752177932794,-0.391772316536,0.479336936900,0.225785097687
1403715584862142976,0.863825438567,0.746344663016,0.895869253992,0.755148020134,-0.389269849610,0.474341747033,0.230695381171
1403715584912143104,0.802738438053,0.785070092434,0.903809248018,0.759129172516,-0.387405660289,0.467413549398,0.234870874418
1403715584962142976,0.744617494806,0.820185065225,0.912525622083,0.765843836367,-0.383776056345,0.456843777319,0.239776812892
1403715585012142848,0.689072429445,0.852286595969,0.920823836016,0.771231746897,-0.384487863100,0.446765163489,0.240357160074
1403715585062142976,0.635757298334,0.884387051653,0.927674982349,0.775346972746,-0.387137835718,0.438448962597,0.238167745943
1403715585112143104,0.587530711471,0.913674157236,0.934406135494,0.779141252430,-0.391097144389,0.430519810630,0.233740507974
1403715585162142976,0.542462296059,0.940752398379,0.942564519231,0.781819558405,-0.393960516606,0.424415348851,0.231138272708
1403715585212142848,0.503801103651,0.965170864509,0.949512113301,0.782382579665,-0.396525012175,0.422267105986,0.228770419763
1403715585262142976,0.469397920106,0.984301475970,0.958178248451,0.781767914047,-0.395197773357,0.424053337290,0.229861731556
1403715585312143104,0.440181559792,0.999249956724,0.967826740680,0.778064515793,-0.393477469912,0.431029703785,0.232388649444
1403715585362142976,0.418201527419,1.009304649389,0.979477131423,0.775485894423,-0.389096701972,0.436935978694,0.237302200977
1403715585412143104,0.399255742205,1.017107774229,0.990829336862,0.771723974637,-0.384894007087,0.444640320734,0.242061346473
1403715585462142976,0.384524537950,1.022053999634,1.001830487403,0.768876754431,-0.381470111736,0.450576287028,0.245540424198
1403715585512142848,0.373900651326,1.025782207318,1.013587478715,0.765821824418,-0.376902585390,0.457026037702,0.250177087747
1403715585562142976,0.364611216323,1.027848256569,1.025728738129,0.762357874682,-0.371913070847,0.464368554462,0.254662490897
1403715585612143104,0.358326487029,1.028365910615,1.038363482589,0.760028501728,-0.368519063065,0.469198560745,0.257687965014
1403715585662142976,0.355890062734,1.027571067382,1.048755538419,0.758665569135,-0.365692686507,0.472591050225,0.259524782040
1403715585712142848,0.357777427097,1.026860652879,1.055774122033,0.759240376379,-0.364095524426,0.472448699536,0.260347318549
1403715585762142976,0.360005572810,1.025921580892,1.060006816298,0.759228624795,-0.363867989383,0.473045143366,0.259615627288
1403715585812143104,0.363755140031,1.024861137475,1.059830052249,0.758461547670,-0.365964333640,0.474592280481,0.256063184620
1403715585862142976,0.369618334906,1.023892062539,1.053016587756,0.757750514891,-0.369166369107,0.475849520022,0.251192323526
1403715585912143104,0.376688262723,1.020819010601,1.041015515924,0.755458231323,-0.375754528071,0.479068329869,0.242043241336
1403715585962142976,0.384415191681,1.016491059418,1.026529477362,0.752246598114,-0.383498614385,0.483139116316,0.231582518073
1403715586012142848,0.393888741341,1.011619401260,1.011620475962,0.747568729245,-0.392486790926,0.488675206248,0.219753627506
1403715586062142976,0.404188484787,1.007084371821,0.996928505597,0.740744861339,-0.399450556401,0.497127511266,0.211188401513
1403715586112143104,0.413870947186,1.001251845962,0.983750332094,0.730898579791,-0.401108940635,0.510398320184,0.210695131779
1403715586162142976,0.424786771593,0.991801276196,0.975088793154,0.723169969238,-0.399007808559,0.521072239957,0.215178263418
1403715586212142848,0.434928156089,0.980076165850,0.970614737892,0.718681596285,-0.393466910353,0.527805670669,0.223834152058
1403715586262142976,0.443320579540,0.967694536780,0.968221538450,0.716370730655,-0.384972785690,0.531719300158,0.236396946636
1403715586312143104,0.449344953521,0.953521278181,0.968969692409,0.716362653971,-0.376065815731,0.532151607985,0.249426775535
1403715586362142976,0.454854896792,0.940343684471,0.970703660600,0.716569583752,-0.366479814354,0.531906946382,0.263240532028
1403715586412143104,0.455045648045,0.929268023928,0.973383776177,0.715149135093,-0.357928427765,0.533773364495,0.274836224920
1403715586462142976,0.456934391444,0.918934808833,0.975978881803,0.713773334371,-0.351161443420,0.535415308103,0.283802247427
1403715586512142848,0.459318227434,0.910627542077,0.977741495787,0.712536567435,-0.346522815067,0.536874589079,0.289791742992
1403715586562142976,0.461269082370,0.904494626065,0.980617962586,0.711541850342,-0.344545838955,0.538246802514,0.292038935169
1403715586612143104,0.461496271626,0.903012567029,0.982950405120,0.710496742510,-0.343323148783,0.539661958071,0.293408529874
1403715586662142976,0.461576531796,0.902622217223,0.985135413212,0.711583049209,-0.344399524364,0.538187603473,0.292220182676
1403715586712142848,0.462434220052,0.903464964091,0.987771632045,0.713266198954,-0.348394216098,0.535816832566,0.287703183086
1403715586762142976,0.460223311375,0.908921356421,0.989824154500,0.715364047440,-0.354481397084,0.533018338982,0.280158292864
1403715586812143104,0.457580516572,0.917247333459,0.990065350641,0.718590701634,-0.362366728475,0.528136791079,0.270904572735
1403715586862142976,0.457335478665,0.926696152579,0.989414448391,0.723548959148,-0.370106559366,0.520620195497,0.261634574305
1403715586912143104,0.457375277842,0.937051459517,0.989456672199,0.727988475071,-0.376659756186,0.513449231068,0.254027745235
1403715586962142976,0.456268529514,0.950206046441,0.989000805376,0.730896134427,-0.380837113572,0.508192920459,0.249987778104
1403715587012142848,0.454789825407,0.964357237926,0.986678730007,0.732026368587,-0.383073485419,0.505697320724,0.248318988952
1403715587062142976,0.453676922703,0.976047394683,0.985927974110,0.732418520812,-0.385155014412,0.504233188048,0.246916215174
1403715587112143104,0.453225620781,0.986680149405,0.987040994833,0.731657453827,-0.385268385899,0.504712213906,0.248014560502
1403715587162142976,0.453341645894,0.996885791516,0.991279915756,0.730078320017,-0.381559443384,0.507232247394,0.253206407913
1403715587212142848,0.451425090421,1.007459980416,0.997300412349,0.726775079137,-0.376616868781,0.512668325021,0.259092468079
1403715587262142976,0.451233800951,1.018010160516,1.003607476518,0.725023233358,-0.371814169428,0.516277640347,0.263728899784
1403715587312143104,0.451476637788,1.027591456067,1.011950289800,0.723650819613,-0.368326790526,0.519679671484,0.265702664083
1403715587362142976,0.453169836478,1.034881396885,1.022925634414,0.722789854121,-0.368502988586,0.522579202789,0.262090348917
1403715587412143104,0.453029452214,1.044938218217,1.033410114366,0.720553074204,-0.369679071246,0.527507820442,0.256663497426
1403715587462142976,0.451950635691,1.057726606204,1.041689718567,0.718581047416,-0.372411015707,0.531172425198,0.250613583799
1403715587512142848,0.450958695851,1.068906252833,1.051395623284,0.717202542805,-0.378040455561,0.532189725923,0.243885264366
1403715587562142976,0.447550294690,1.082359105396,1.058952873688,0.714044326793,-0.385183345459,0.533995109684,0.237957375573
1403715587612143104,0.443390392849,1.094491971372,1.067838889985,0.711043039731,-0.394689359106,0.533516773962,0.232374605670
1403715587662142976,0.438507483815,1.106310934326,1.075206333212,0.707965806421,-0.404876281541,0.531287652298,0.229331733738
1403715587712142848,0.431975618305,1.117249054585,1.081916209192,0.705175287580,-0.415876461987,0.526721669982,0.228776888087
1403715587762142976,0.420359091590,1.128797506381,1.088582375011,0.701263194506,-0.426862768469,0.522004990108,0.231363132822
1403715587812143104,0.403235654295,1.139741557600,1.094824021132,0.695384979074,-0.438282204944,0.518027618319,0.236634372751
1403715587862142976,0.384292999595,1.147754632134,1.102034557191,0.688096551874,-0.450195380974,0.513432263893,0.245427310303
1403715587912143104,0.361655606714,1.152616628744,1.112051553557,0.680648845954,-0.461342511713,0.507487198556,0.257559660446
1403715587962142976,0.338269641848,1.157452158999,1.121195593589,0.671996182935,-0.470587198216,0.501768914663,0.274220304269
1403715588012142848,0.311730856340,1.165409943705,1.128079025700,0.661661017741,-0.479160736784,0.497323369242,0.292025944623
1403715588062142976,0.282992152212,1.171903534441,1.134538948968,0.650069825583,-0.487522437058,0.493495827933,0.310149904151
1403715588112143104,0.253718297257,1.178683235594,1.141478995067,0.639102131243,-0.495549281919,0.488280221844,0.327966156771
1403715588162142976,0.219764390577,1.181971089144,1.146610748779,0.627288340159,-0.504402528180,0.483045415442,0.344607827081
1403715588212142848,0.188185232101,1.187563695059,1.146606091315,0.614780527932,-0.514059058893,0.477745592835,0.359926846696
1403715588262142976,0.154585919900,1.193041150818,1.142612619508,0.602298246857,-0.525055114233,0.472155386765,0.372321419744
1403715588312143104,0.121527696345,1.201591320374,1.132570664432,0.590612450145,-0.536524807256,0.465366499792,0.383082348593
1403715588362142976,0.087874841369,1.215321925062,1.117478802471,0.578297628864,-0.547716789988,0.459175044330,0.393365541298
1403715588412143104,0.053214490255,1.230981282647,1.100831112304,0.567367237649,-0.557796519332,0.451752975475,0.403579867947
1403715588462142976,0.016181870751,1.248789091722,1.084252832780,-0.556591916081,0.567658168741,-0.444324693445,-0.412971196586
1403715588512142848,-0.019402560254,1.264335729269,1.065752587232,-0.546826574214,0.578742857119,-0.435592432309,-0.419876929567
1403715588562142976,-0.057401239462,1.286072207320,1.051564109245,-0.536420067642,0.588527586107,-0.427940261812,-0.427499618411
1403715588612143104,-0.092679673494,1.306973942327,1.036302233016,-0.527451053891,0.599874924121,-0.418127143366,-0.432568090756
1403715588662142976,-0.128058048485,1.331362845462,1.019441922121,-0.519804613869,0.611316522929,-0.407126534230,-0.436283459830
1403715588712142848,-0.165624259536,1.355593837421,1.002325858784,-0.513318301425,0.622974792173,-0.394693194723,-0.438889521154
1403715588762142976,-0.206813769445,1.382911367828,0.984981250211,-0.506802482369,0.635595326841,-0.381317911837,-0.440189134889
1403715588812143104,-0.246531582733,1.408570408344,0.968059219542,-0.502669501971,0.648221415432,-0.364505043908,-0.440758937890
1403715588862142976,-0.288726556043,1.436993560355,0.949158940218,-0.498639076413,0.661469824099,-0.347294810378,-0.439548698058
1403715588912143104,-0.328702004574,1.464891092084,0.932026326090,-0.495636129154,0.674974532306,-0.327745548196,-0.437420922971
1403715588962142976,-0.371306053879,1.494009315365,0.909469363416,-0.491485634671,0.687465237263,-0.310124143415,-0.435495618966
1403715589012142848,-0.411432554237,1.519157424839,0.889057691834,-0.486536756263,0.699461994908,-0.293021006413,-0.433789801960
1403715589062142976,-0.453107411063,1.540536869403,0.871725413556,-0.479792853530,0.711150834545,-0.278828965746,-0.431645359164
1403715589112143104,-0.495722190619,1.560195087367,0.858559182072,-0.472451906185,0.719709588908,-0.267094191552,-0.432975746220
1403715589162142976,-0.537498399336,1.574006278697,0.846985846873,-0.464600189321,0.727637910543,-0.258083189581,-0.433685142101
1403715589212142848,-0.579537701713,1.582638229501,0.840463028986,-0.456730730780,0.733986365307,-0.250266699175,-0.435921592020
1403715589262142976,-0.623154232533,1.586023521737,0.834989778306,-0.448873157682,0.739741978934,-0.242897889978,-0.438514889096
1403715589312143104,-0.666351027628,1.585417494503,0.834215864771,-0.441013633643,0.746711842710,-0.235066368722,-0.438944416976
1403715589362142976,-0.711472728126,1.581011234449,0.835596797570,-0.433447039743,0.754486644228,-0.226352948629,-0.437764674301
1403715589412143104,-0.757611520440,1.571853684890,0.842548867413,-0.425778456919,0.761579289113,-0.218711185066,-0.436892560642
1403715589462142976,-0.808223123874,1.557402284264,0.849936645328,-0.417566388021,0.769314393284,-0.211510290096,-0.434806937692
1403715589512142848,-0.859348820192,1.539506422466,0.857306294577,-0.410399165324,0.775713313229,-0.203848227809,-0.433920823193
1403715589562142976,-0.911671801657,1.517182739379,0.864196199690,-0.405250127484,0.780178987868,-0.197029196314,-0.433903879751
1403715589612143104,-0.968552937908,1.488770529425,0.874417201946,-0.401105781560,0.784113315316,-0.191277790238,-0.433235810736
1403715589662142976,-1.027289028340,1.455042585438,0.885874688446,-0.396236046078,0.786125373675,-0.189350349090,-0.434914173086
1403715589712142848,-1.088687801574,1.413415452535,0.903261939500,-0.392803538640,0.784979551535,-0.188589079402,-0.440393736144
1403715589762142976,-1.150490461064,1.366961072288,0.926655199258,-0.389017821259,0.778623773339,-0.192027402325,-0.453360376621
1403715589812143104,-1.214712440779,1.316952303407,0.955876467620,-0.384820577205,0.767718909882,-0.198699182822,-0.472270508834
1403715589862142976,-1.276159927857,1.268388649658,0.985701391631,-0.379651841288,0.756144858078,-0.207443527636,-0.490995535470
1403715589912143104,-1.345088702955,1.210690380563,1.014980142165,0.374673453690,-0.747827029076,0.216129180044,0.503649397117
1403715589962142976,-1.411190266848,1.150999494412,1.046329346561,0.370512655662,-0.740645888511,0.223655931115,0.513947530691
1403715590012142848,-1.475707695125,1.089870085956,1.075904825603,0.367527707133,-0.735210105573,0.229407589711,0.521307627928
1403715590062142976,-1.539688118932,1.031190999288,1.102308292901,0.366563312577,-0.731656641880,0.232793026807,0.525468650764
1403715590112143104,-1.603268639092,0.970949011843,1.128809623444,0.367687936298,-0.729459081530,0.233545993124,0.527400510968
1403715590162142976,-1.663237728295,0.913621808698,1.154147674816,0.369639099598,-0.728794652153,0.232487005481,0.527423059150
1403715590212142848,-1.721625549273,0.854590202212,1.181394469542,0.374027443887,-0.730140305983,0.230544397885,0.523304772960
1403715590262142976,-1.777514377347,0.795257142302,1.209101565086,0.380182011910,-0.729076524950,0.228869892660,0.521083132351
1403715590312143104,-1.831828030854,0.731627942225,1.237744968387,0.389431978302,-0.726212432516,0.226595353732,0.519242508663
1403715590362142976,-1.881596626466,0.667815017828,1.268176760065,0.400683308091,-0.721266213884,0.223767349295,0.518802572003
1403715590412143104,-1.931340744837,0.601581479785,1.290509142424,0.413325967781,-0.715359458529,0.222427850756,0.517637267456
1403715590462142976,-1.976830591379,0.536150119912,1.308244828404,0.426658316672,-0.707471957135,0.223164673907,0.517342864068
1403715590512142848,-2.023475456083,0.466890117122,1.321836072945,0.440879778123,-0.700066185869,0.225673490301,0.514396571160
1403715590562142976,-2.068781358934,0.397586335611,1.338787241297,0.456459252910,-0.690878953756,0.228559699267,0.511948909132
1403715590612143104,-2.108272003758,0.333282477017,1.351845324537,0.471024793830,-0.682685405936,0.233470663357,0.507511309697
1403715590662142976,-2.144282212766,0.261054236642,1.362580952587,-0.483181085939,0.678089163056,-0.243578728655,-0.497393735469
1403715590712142848,-2.175838205158,0.190581141809,1.377196681779,-0.493308733948,0.675178976970,-0.256522471889,-0.484743296481
1403715590762142976,-2.203379938896,0.115104479384,1.390039882192,-0.501813996047,0.670459662126,-0.273184762029,-0.473325089793
1403715590812143104,-2.225410872726,0.039010684795,1.405616667927,-0.510426358363,0.663163320421,-0.289482527224,-0.464628033558
1403715590862142976,-2.244321504915,-0.038830024950,1.420756710065,-0.519310664022,0.652830832077,-0.306512040436,-0.458452514433
1403715590912143104,-2.261944563490,-0.118289051516,1.436485030340,-0.529030536200,0.640816427888,-0.322681121481,-0.453164309446
1403715590962142976,-2.277202851263,-0.198761837384,1.458087727210,-0.542185753168,0.629101678128,-0.334008893552,-0.445761984322
1403715591012142848,-2.293051398371,-0.280330397008,1.480043325185,-0.556242151130,0.617876354882,-0.344147919579,-0.436332085497
1403715591062142976,-2.304035165696,-0.355285951999,1.505714689096,-0.570796003667,0.605277011691,-0.353566720914,-0.427577168683
1403715591112143104,-2.317732869801,-0.428810541415,1.526531391432,-0.585996678842,0.591888026393,-0.362522789918,-0.418155094897
1403715591162142976,-2.329104543166,-0.500862235095,1.549130053164,0.603048002372,-0.576695562437,0.368080051973,0.410210202751
1403715591212142848,-2.335058081408,-0.573356473110,1.567754101311,0.620164925158,-0.560207550916,0.373648509255,0.402429816282
1403715591262142976,-2.340046118320,-0.651082477815,1.583058473249,0.637802358178,-0.541492220616,0.378162861764,0.396216073497
1403715591312143104,-2.345999796675,-0.732006152389,1.591937535453,0.654354349031,-0.522834935453,0.383484642390,0.389106084796
1403715591362142976,-2.355441499296,-0.808103549445,1.601669024278,0.668628202706,-0.506049550608,0.390280363984,0.380172876945
1403715591412143104,-2.360130992711,-0.884943114495,1.608899127001,0.682239561984,-0.488000833583,0.397460569043,0.372061100550
1403715591462142976,-2.357162251449,-0.962492181514,1.613865900700,0.694559238472,-0.471299501054,0.404949042104,0.362602423956
1403715591512142848,-2.348202745262,-1.042970825739,1.616769073934,0.706931861833,-0.455979544741,0.411206385273,0.351054563016
1403715591562142976,-2.340850148303,-1.121565155599,1.621567197032,0.717795489069,-0.440770218457,0.418994283685,0.339020708265
1403715591612143104,-2.329137304021,-1.197061844102,1.620600361870,0.727240044956,-0.427131360299,0.427393699043,0.325599975553
1403715591662142976,-2.310126556781,-1.270455029211,1.619550098762,0.735328463655,-0.412888250733,0.436387517849,0.313657898371
1403715591712142848,-2.290167534653,-1.346005763785,1.613224415701,0.743212600683,-0.396627795090,0.444041609509,0.305202344966
1403715591762142976,-2.267805577402,-1.421452978115,1.604437023212,0.750502450243,-0.380856204679,0.450988750980,0.297159502670
1403715591812143104,-2.242391896306,-1.495333334116,1.594545198929,0.757856425731,-0.365003321014,0.456701163426,0.289569095299
1403715591862142976,-2.215131213642,-1.569557133766,1.577132070872,0.764703807832,-0.350116222833,0.462206500855,0.281090496751
1403715591912143104,-2.187702735757,-1.643553708912,1.556950286332,0.771469237241,-0.334491695946,0.467119895348,0.273403593071
1403715591962142976,-2.159494817585,-1.710563678608,1.540739209880,0.778106820385,-0.317155844254,0.471114455918,0.268352596317
1403715592012142848,-2.127215624888,-1.778203069594,1.519757158084,0.785688591256,-0.298687354598,0.473105701393,0.263913427249
1403715592062142976,-2.092925454831,-1.842377924607,1.498620609555,0.792764060023,-0.280421163985,0.475237326465,0.258918132736
1403715592112143104,-2.055620235912,-1.903452027607,1.475103395692,0.798672551926,-0.261481997536,0.478990335404,0.253609105426
1403715592162142976,-2.013133583344,-1.961828428716,1.455713570856,0.802392780581,-0.241789823936,0.486160096098,0.247693091697
1403715592212142848,-1.969002481775,-2.017576339076,1.435934840548,0.804237959735,-0.221589755536,0.495958862247,0.241089384505
1403715592262142976,-1.920875328934,-2.069714542064,1.421676245564,0.806833605101,-0.202523946416,0.503534866618,0.233358571533
1403715592312143104,-1.865685220702,-2.116857872796,1.409670524970,0.809045236845,-0.181950621937,0.511093665662,0.226104048693
1403715592362142976,-1.806851723548,-2.160878784123,1.397194735781,0.812279969581,-0.162563066634,0.516386998771,0.217069039443
1403715592412143104,-1.749061557090,-2.198749193454,1.387396215968,0.815199843411,-0.142252218033,0.521193720390,0.208735784170
1403715592462142976,-1.686680524582,-2.232889929992,1.377217908812,0.819061989531,-0.123152598165,0.524026010562,0.198412789723
1403715592512142848,-1.630522080693,-2.259349757405,1.370864011294,0.821067964209,-0.104079742451,0.528189184263,0.189818310465
1403715592562142976,-1.570448062988,-2.278368688652,1.368407832760,0.822463779859,-0.084092166928,0.532519754082,0.181396112952
1403715592612143104,-1.508250198084,-2.292619448311,1.370883737852,0.823879679006,-0.063771614026,0.535925897809,0.173028575162
1403715592662142976,-1.444325631531,-2.303150104749,1.369322134010,0.824877947665,-0.043292127675,0.539014001685,0.164821324847
1403715592712142848,-1.378267829047,-2.309984634457,1.362185108922,0.825373582179,-0.023529959249,0.542469342485,0.154699073437
1403715592762142976,-1.313832481071,-2.308852074173,1.357354824135,0.826628931268,-0.006295389149,0.544719584829,0.141157897297
1403715592812143104,-1.248242460509,-2.301645884365,1.357030106289,0.827736612142,0.006968646800,0.547626618074,0.122100884754
1403715592862142976,-1.179467608438,-2.292650109340,1.350330517137,0.829826991968,0.014171789422,0.549656435311,0.095205708376
1403715592912143104,-1.110742738659,-2.274298532474,1.348589476679,0.831415791769,0.020239310530,0.551201350346,0.067195408196
1403715592962142976,-1.040865859181,-2.252759050694,1.344101517264,0.832782819677,0.025906034249,0.551686443414,0.037996326062
1403715593012142848,-0.970711204251,-2.224028671210,1.342721806210,0.832163537921,0.033160316049,0.553434223917,0.010714447797
1403715593062142976,-0.901003921665,-2.195894423955,1.339872562275,0.830044865798,0.042740667805,0.555853085210,-0.015036746335
1403715593112143104,-0.831684031384,-2.165682921354,1.337965808625,0.827213085067,0.056046630483,0.557885341581,-0.036622844703
1403715593162142976,-0.763151007861,-2.135140577221,1.336146822100,0.824385425094,0.071743452122,0.558810797816,-0.054516421520
1403715593212142848,-0.693910037184,-2.102863123272,1.336747525682,0.820202546896,0.089157277280,0.560731888979,-0.069989361015
1403715593262142976,-0.624397044054,-2.071169373078,1.334733689032,0.816358851241,0.106959828355,0.561458768863,-0.082957049045
1403715593312143104,-0.554409806659,-2.037713247124,1.334042778238,0.812935348921,0.127096292762,0.560997694067,-0.090907854951
1403715593362142976,-0.485138870403,-2.008936168716,1.329680282542,0.807950995401,0.148950836809,0.562061067890,-0.095478757885
1403715593412143104,-0.417365012863,-1.980004781520,1.326009292348,0.803329785570,0.171249975971,0.561764038013,-0.098771792232
1403715593462142976,-0.350422277796,-1.948283545005,1.324395357562,0.798376754966,0.193572833529,0.561068227972,-0.101619677278
1403715593512142848,-0.281375927663,-1.915921025690,1.321068189200,0.793642820713,0.214506549226,0.559340752707,-0.106093995262
1403715593562142976,-0.213676601432,-1.882377224872,1.317676112846,0.787605521118,0.232184766198,0.559010791214,-0.115215939676
1403715593612143104,-0.150295642144,-1.845082746926,1.314196367262,0.778986840100,0.249981081636,0.561606937802,-0.123639027770
1403715593662142976,-0.089881527379,-1.805279608601,1.310672359384,0.770214515498,0.264418883813,0.564088590518,-0.136588125572
1403715593712142848,-0.030344240931,-1.761866489987,1.308696468457,0.759742377398,0.278931722597,0.568230751656,-0.148668850090
1403715593762142976,0.028994189509,-1.716210892765,1.306993616714,0.750648568997,0.292646131062,0.569911896728,-0.161509745233
1403715593812143104,0.082535597556,-1.670442806519,1.304382140358,0.740837872806,0.307501990077,0.571069499419,-0.174589229761
1403715593862142976,0.130711921094,-1.621846901668,1.301953463207,0.732324523721,0.324885308731,0.569274983721,-0.184597727603
1403715593912143104,0.174473871290,-1.571152256069,1.297179518282,0.724857753290,0.341285165911,0.565029056720,-0.197098549176
1403715593962142976,0.217001927306,-1.517264642885,1.290656409948,0.718818939715,0.358790376309,0.557731241861,-0.208577706447
1403715594012142848,0.253762621316,-1.463936737030,1.287006394177,0.713123279117,0.376777602640,0.549220263613,-0.218748551920
1403715594062142976,0.285602875897,-1.411339200785,1.282455497741,0.708548167786,0.392744529639,0.538918555178,-0.230820318107
1403715594112143104,0.312763165225,-1.359177918932,1.279376060496,0.703926163770,0.408224594146,0.528359667436,-0.242232736274
1403715594162142976,0.336584216259,-1.307100637365,1.277703997235,0.698231898700,0.422667127598,0.519014596052,-0.253867217203
1403715594212142848,0.355743196032,-1.254414891187,1.273461340513,0.691318128470,0.436641596662,0.511139124325,-0.264877626270
1403715594262142976,0.373084576733,-1.202411793344,1.267880919720,0.683407028220,0.450097141035,0.504287283846,-0.275792916449
1403715594312143104,0.388020345683,-1.152244088224,1.265174511251,0.675132189750,0.463209958173,0.498184345448,-0.285386437946
1403715594362142976,0.398018170944,-1.098243814942,1.265733499830,0.664879902334,0.477576629087,0.493683461594,-0.293482399082
1403715594412143104,0.408089056550,-1.042593203245,1.269454674936,0.654935260037,0.492383901156,0.488112857275,-0.300605618054
1403715594462142976,0.415821067118,-0.988423846418,1.273187691034,0.643898266292,0.507469786949,0.482750757502,-0.307930420927
1403715594512142848,0.421647372984,-0.933677202827,1.274725826877,0.630360587518,0.524038635127,0.478705008549,-0.314436882995
1403715594562142976,0.425215574160,-0.878229969512,1.277880190842,0.616952061592,0.539951822905,0.473750449932,-0.321531792874
1403715594612143104,0.427261557170,-0.822053995151,1.279598152633,0.604459203827,0.555345257819,0.466685092498,-0.329280640135
1403715594662142976,0.424307196045,-0.763577500320,1.279386656244,0.592704566968,0.571778812744,0.457235768772,-0.335716751663
1403715594712142848,0.418561110314,-0.703833260205,1.275984955415,0.583440979332,0.587582135510,0.444006333158,-0.342348117829
1403715594762142976,0.411003265453,-0.644773403856,1.272976472424,0.578355402922,0.601051138156,0.424358634258,-0.352366721985
1403715594812143104,0.397572307687,-0.583355764084,1.269971998886,0.571505920778,0.613860133576,0.406211158087,-0.362697138074
1403715594862142976,0.381464737550,-0.522820861258,1.266275541327,0.563834487739,0.624880536784,0.389090181354,-0.374464705891
1403715594912143104,0.360705414144,-0.459671097040,1.264836775208,0.554925707271,0.637143864302,0.372545702440,-0.383816173688
1403715594962142976,0.336653964422,-0.392228304313,1.264814036531,0.544955345041,0.649209629810,0.357500277163,-0.392102129936
1403715595012142848,0.312206059811,-0.322710592754,1.262959825407,0.532991569233,0.660806544626,0.345337367460,-0.399996000408
1403715595062142976,0.285368647025,-0.251908163513,1.261486351010,0.520098844704,0.672540812099,0.334050055153,-0.406935631828
1403715595112143104,0.261255119054,-0.181515000801,1.262329949278,0.507496779510,0.681620169121,0.322318598892,-0.417075154669
1403715595162142976,0.233657471957,-0.108037403606,1.260356408493,0.494646957848,0.688822652366,0.310541820616,-0.429431622412
1403715595212142848,0.204116864597,-0.029625054082,1.259517971210,0.480380716336,0.696940349140,0.300065346435,-0.439851457861
1403715595262142976,0.173729197040,0.051273631240,1.258778622976,0.465805853455,0.704392927707,0.289620302706,-0.450528124032
1403715595312143104,0.143094263303,0.130668362657,1.257644582536,0.449464954730,0.710787577962,0.280621449774,-0.462616337164
1403715595362142976,0.113873224712,0.209678086039,1.258131201584,0.432167712091,0.717066953898,0.272370150516,-0.474194636579
1403715595412143104,0.083685054057,0.291525375580,1.259058613658,0.415910813774,0.723295750692,0.261798883015,-0.485100811037
1403715595462142976,0.051931768329,0.371311787968,1.259219663080,0.397297813487,0.728480435806,0.253730323686,-0.497083116680
1403715595512142848,0.017897237467,0.452727122157,1.258963456193,-0.376899272493,-0.734286097361,-0.247758283798,0.507332926613
1403715595562142976,-0.014644040267,0.531094023819,1.259393663729,-0.354784320507,-0.739752896259,-0.243210625424,0.517438237937
1403715595612143104,-0.050232506087,0.607412934198,1.259764565448,-0.327709205250,-0.745815989594,-0.245682928586,0.525361861065
1403715595662142976,-0.086026278425,0.688071789713,1.256956354106,-0.300437661656,-0.750551488767,-0.247899292956,0.533812340359
1403715595712142848,-0.122305899827,0.761590921079,1.255502324956,-0.269338917212,-0.753860925014,-0.254212346751,0.542702806489
1403715595762142976,-0.155197294158,0.835434852619,1.254151771143,-0.239614576260,-0.754966310466,-0.258280387680,0.553084049892
1403715595812143104,-0.190047941178,0.905927598281,1.253276022114,-0.210166080870,-0.756367898783,-0.263707903688,0.560531856074
1403715595862142976,-0.221217937382,0.969464626756,1.255990895604,-0.185100935150,-0.753820980158,-0.264628991828,0.572243890631
1403715595912143104,-0.253085953773,1.029343416429,1.259326203817,-0.161685489626,-0.749869316510,-0.266270607095,0.583655527172
1403715595962142976,-0.279201760549,1.080668684447,1.264054832177,-0.142040674239,-0.741591523083,-0.264534148580,0.599906779416
1403715596012142848,-0.308055381082,1.124243629675,1.269412854380,-0.126988911115,-0.732417063042,-0.258834524888,0.616801224824
1403715596062142976,-0.332965895003,1.157241959569,1.276391389665,-0.116000656959,-0.720941019033,-0.248963345719,0.636242993791
1403715596112143104,-0.356416898648,1.178993550064,1.285576228990,-0.109298387627,-0.711586746114,-0.237033787058,0.652313689117
1403715596162142976,-0.378336512817,1.196603689835,1.294664740232,-0.105153093482,-0.709575451834,-0.227500472313,0.658550711930
1403715596212142848,-0.393702240280,1.201805145970,1.306956934372,-0.102904924397,-0.713888650434,-0.218643928968,0.657243032403
1403715596262142976,-0.405399060201,1.199064439668,1.320619383128,-0.103209851864,-0.727416125250,-0.210132762148,0.645025371188
1403715596312143104,-0.412872325108,1.188690753549,1.333017698682,-0.106799539728,-0.748811922763,-0.198092182551,0.623405205187
1403715596362142976,-0.413826214591,1.171260162953,1.346627598989,-0.109942485437,-0.770123576453,-0.185094979169,0.600468296893
1403715596412143104,-0.406991983089,1.150635264818,1.359436397667,-0.114781653272,-0.789540445338,-0.168798716902,0.578755605087
1403715596462142976,-0.401333155453,1.123449135075,1.378198879459,-0.117976052489,-0.807395183238,-0.152939759369,0.557498070963
1403715596512142848,-0.393471368263,1.088663553009,1.395166495384,-0.119635254851,-0.822061345679,-0.137257606917,0.539502455120
1403715596562142976,-0.389955783247,1.051316513462,1.413162820532,-0.119252431638,-0.834527731940,-0.122884062194,0.523681037876
1403715596612143104,-0.387566600437,1.012032126071,1.430862042680,-0.117350346019,-0.845490416557,-0.109386336364,0.509322570887
1403715596662142976,-0.394100371115,0.971908446449,1.442575309063,0.113336815657,0.854738673589,0.097325191335,-0.497095939654
1403715596712142848,-0.405756416036,0.933103912327,1.456603274759,0.107975711931,0.862188385892,0.086561363731,-0.487318749049
1403715596762142976,-0.416514705790,0.894966031079,1.475371000813,0.100736373977,0.867680919777,0.077203280352,-0.480647124111
1403715596812143104,-0.433909992367,0.857685267053,1.493483632834,0.094402731244,0.873195460925,0.066721698258,-0.473461747489
1403715596862142976,-0.459012629102,0.821537233447,1.509327510872,0.089089656562,0.878598507138,0.056615741885,-0.465749239526
1403715596912143104,-0.489782032567,0.785590421019,1.525041001724,0.084080619651,0.883073512029,0.048450020561,-0.459090641659
1403715596962142976,-0.527093022508,0.753991283714,1.537552224684,0.078901601651,0.887421356933,0.042262124465,-0.452185565174
1403715597012142848,-0.573158828015,0.725989798313,1.547679051159,0.074403138936,0.890394522976,0.037931718324,-0.447462792995
1403715597062142976,-0.625358001343,0.698398526738,1.559946694596,0.070034507446,0.891462552115,0.034763858334,-0.446297165683
1403715597112143104,-0.679606992527,0.673646139229,1.576820967143,0.067269718416,0.889230595332,0.032036611418,-0.451350627382
1403715597162142976,-0.740028606490,0.651702960912,1.594090891981,0.064736526773,0.884281202862,0.028587701459,-0.461561133212
1403715597212142848,-0.806521825034,0.632512275773,1.612422368592,0.062808553528,0.876573363539,0.023164698818,-0.476589572554
1403715597262142976,-0.882543871273,0.613743496155,1.630940158751,0.060116816179,0.868083240700,0.017611033244,-0.492450309306
1403715597312143104,-0.963771521561,0.596928037615,1.649158855355,-0.057599304558,-0.858057294473,-0.010530120005,0.510204974582
1403715597362142976,-1.045168582779,0.579586859527,1.671083548075,-0.052949712517,-0.848818703345,-0.003604143825,0.526013447493
1403715597412143104,-1.132002073120,0.563814797754,1.690933236852,-0.048262918363,-0.838414551309,0.005100376322,0.542868047527
1403715597462142976,-1.221498771503,0.544245341661,1.708731513392,-0.038129188355,-0.827657242940,0.009355091886,0.559859031776
1403715597512142848,-1.311457556988,0.526546113571,1.718101454202,-0.027270022217,-0.818730825584,0.014028485873,0.573357988269
1403715597562142976,-1.403015448722,0.513646293761,1.721641380375,-0.014822431845,-0.812132207194,0.019269031656,0.582966789767
1403715597612143104,-1.492248381330,0.507242440882,1.722336777834,-0.002160490404,-0.808075593406,0.025337416275,0.588529678911
1403715597662142976,-1.580504857576,0.499991118225,1.722939451820,0.010941956746,-0.805419043229,0.032067934219,0.591736500464
1403715597712142848,-1.669693123387,0.490841302702,1.725638167273,0.024428924773,-0.805854507078,0.037832986082,0.590398514751
1403715597762142976,-1.753667784107,0.483123369641,1.726752650133,0.036308894537,-0.805655214528,0.042633141077,0.589731934664
1403715597812143104,-1.836123737854,0.467755696038,1.736049324005,0.045658472052,-0.806194791414,0.048745590402,0.587868292770
1403715597862142976,-1.913390801115,0.456096352824,1.744503410095,0.054074970313,-0.804672481122,0.053302231182,0.588843755051
1403715597912143104,-1.992302596874,0.444658780435,1.750906761880,0.061067547195,-0.801559697182,0.056778103288,0.592071831386
1403715597962142976,-2.066927009060,0.440306968420,1.757128293523,0.066693861191,-0.796393292093,0.059305628131,0.598157584305
1403715598012142848,-2.142885046113,0.437880745903,1.761793192702,0.070592873720,-0.793703882887,0.061758432223,0.601029690215
1403715598062142976,-2.216216247282,0.432856405473,1.769671369982,0.074820669847,-0.791221027463,0.061519655703,0.603809974269
1403715598112143104,-2.285332214338,0.435537134965,1.778105803522,0.079215983815,-0.789376586712,0.059589447437,0.605853554924
1403715598162142976,-2.349522061219,0.439620844429,1.786066959402,0.081992118598,-0.785845175448,0.058355265932,0.610179740447
1403715598212142848,-2.414581166244,0.444107752847,1.787314527309,0.082857716844,-0.781776592674,0.058775942177,0.615227881787
1403715598262142976,-2.478151210503,0.447316975323,1.782831259337,0.082583734128,-0.776144670240,0.059972782613,0.622240020459
1403715598312143104,-2.539352061947,0.447346807756,1.779140342984,0.081757493018,-0.769576137553,0.060707942108,0.630383079254
1403715598362142976,-2.591534856348,0.447919800859,1.777008980971,0.079552453176,-0.760851371741,0.063122033397,0.640930734333
1403715598412143104,-2.639880900036,0.446351296208,1.774663943141,0.076493968098,-0.750222720284,0.066604503375,0.653359306158
1403715598462142976,-2.684078365709,0.447589965149,1.776044430136,0.073285302253,-0.741687911073,0.069557050408,0.663091338942
1403715598512142848,-2.723581920273,0.452914317994,1.772359138910,0.069437135053,-0.733953657096,0.073527722619,0.671628012755
1403715598562142976,-2.758573445309,0.460949640810,1.765753029284,0.066470162645,-0.729856892704,0.075830087448,0.676121609984
1403715598612143104,-2.790346454651,0.473369093426,1.749322359018,0.064816226344,-0.728893767819,0.075733155247,0.677330953991
1403715598662142976,-2.820399046790,0.480915669344,1.725893211351,0.064761472045,-0.735131977074,0.072556564233,0.670911673031
1403715598712142848,-2.841524864762,0.478916841135,1.708159468933,0.065799231071,-0.743374455723,0.068192842573,0.662128851501
1403715598762142976,-2.855980028293,0.476098777959,1.689321229207,0.067022611101,-0.754759886596,0.064012899827,0.649421151367
1403715598812143104,-2.861104252042,0.477365881938,1.677610615681,0.068024396250,-0.765924947911,0.060429619117,0.636458888551
1403715598862142976,-2.857158807284,0.480938174975,1.677036802617,0.069510364139,-0.774530622349,0.057261508281,0.626092440451
1403715598912143104,-2.843472242393,0.504727437274,1.682650564799,0.071429529856,-0.782769937100,0.053123326909,0.615911487128
1403715598962142976,-2.825192561393,0.529098166887,1.693396425513,0.072512984847,-0.788362285660,0.050255298716,0.608852345424
1403715599012142848,-2.803934081477,0.550269102983,1.702782838059,0.074068660317,-0.791638039758,0.047790668053,0.604598296073
1403715599062142976,-2.791584971336,0.568801594945,1.692362246019,0.074225520919,-0.793567701563,0.046697937866,0.602129701708
1403715599112143104,-2.769761949184,0.583638447931,1.692536987098,0.075281628809,-0.793533932727,0.044711738320,0.602193851207
1403715599162142976,-2.752749598493,0.584602823828,1.680927454216,0.074544937280,-0.793618708210,0.045913872816,0.602083312000
1403715599212142848,-2.741441817388,0.580438103121,1.671829931531,0.072984366658,-0.797024613547,0.048515257142,0.597554447267
1403715599262142976,-2.727039238695,0.577667237890,1.667487766303,0.070848303426,-0.800535364357,0.051293230905,0.592868158007
1403715599312143104,-2.710262149190,0.582521096254,1.663670533671,0.067004236833,-0.803622186308,0.056362006091,0.588663858403
1403715599362142976,-2.691332561028,0.586769072760,1.659193408559,0.062728364858,-0.805869154883,0.062630823861,0.585420735329
1403715599412143104,-2.674812279272,0.591890333583,1.658103227572,0.057345095839,-0.806965893006,0.070549022367,0.583558414343
1403715599462142976,-2.659047008908,0.611233062498,1.650537844270,0.051841547568,-0.806839866473,0.077712589448,0.583337498587
1403715599512142848,-2.645115139908,0.622977790458,1.643586386246,0.048005279367,-0.806350316797,0.083969028581,0.583475673866
1403715599562142976,-2.624827066480,0.640366531055,1.637717407217,0.045013449845,-0.806231190463,0.088361761331,0.583230019797
1403715599612143104,-2.608571471722,0.657716213438,1.625718740802,0.042157843588,-0.803453630969,0.092592058045,0.586610339061
1403715599662142976,-2.591045954698,0.674335435791,1.618557554028,0.038653677649,-0.800858608742,0.097371710904,0.589618632612
1403715599712142848,-2.581642187065,0.691326345903,1.594954123258,0.039106879507,-0.797502253440,0.096179764778,0.594314950662
1403715599762142976,-2.573164260446,0.695349880807,1.593101167992,0.040383582435,-0.794611124750,0.093482993791,0.598517549087
1403715599812143104,-2.551623556412,0.692637196684,1.593509223985,0.043788576349,-0.792067057735,0.087770968404,0.602501945008
1403715599862142976,-2.540743785022,0.702709469371,1.578104074528,0.049371284778,-0.791434032651,0.078573681987,0.604169533078
1403715599912143104,-2.526333767587,0.743925815693,1.555585172611,0.054936551329,-0.792812505874,0.069801066220,0.602957806992
1403715599962142976,-2.513011456470,0.777647171254,1.538000724860,0.060223062570,-0.797295125899,0.060722545399,0.597500156848
1403715600012142848,-2.492401788520,0.814882030055,1.523429725700,0.064629596536,-0.800172510955,0.053644718467,0.593859589587
1403715600062142976,-2.476494072500,0.826621960458,1.493421449034,0.071939268514,-0.802826558076,0.044941917632,0.590147848706
1403715600112143104,-2.445791468181,0.858561128253,1.487224647032,0.082708466002,-0.803377387199,0.035193836114,0.588647158567
1403715600162142976,-2.417946493584,0.902029410529,1.469524704992,0.097052281461,-0.802965696015,0.025297786475,0.587526142130
1403715600212142848,-2.396635192735,0.937687871467,1.444881406860,0.113390165413,-0.802067523560,0.016735803930,0.586131615684
1403715600262142976,-2.387262591592,0.959387811702,1.409533960599,0.129526592052,-0.800149541637,0.012625555866,0.585511885710
1403715600312143104,-2.374160495421,0.976972908183,1.378477504415,0.144974101816,-0.799143934091,0.013388060918,0.583242867281
1403715600362142976,-2.357276218824,0.980992992018,1.360821230146,0.161517378995,-0.797252046669,0.016003603089,0.581416541778
1403715600412143104,-2.337740584373,0.997422284042,1.334093335013,0.175496063499,-0.797276000968,0.025376148938,0.576981941695
1403715600462142976,-2.316226855892,1.004721974987,1.305657369831,0.189080837435,-0.798283892448,0.037545639510,0.570597571785
1403715600512142848,-2.289636951059,1.010584347638,1.276899453930,0.199548429367,-0.801683707661,0.055968100299,0.560670338931
1403715600562142976,-2.262150599897,1.012839487172,1.251661807345,0.208703481745,-0.805050235035,0.076574008199,0.549975814965
1403715600612143104,-2.225658210011,0.986347295254,1.276168232533,0.219686865595,-0.807269762006,0.095050251217,0.539461455694
1403715600662142976,-2.197221132588,0.999452156359,1.243989781514,0.232635060931,-0.806862990328,0.111824520043,0.531364582919
1403715600712142848,-2.171830659980,1.001871699700,1.221688062627,0.246866655845,-0.803840077642,0.126967178153,0.526096302478
1403715600762142976,-2.144746849152,0.993475664978,1.213771911445,0.262474328416,-0.798481879234,0.140672150620,0.523206710104
1403715600812143104,-2.122041361971,0.984559535696,1.205647595886,0.278349948190,-0.793366814342,0.153272530998,0.519228211371
1403715600862142976,-2.098937041590,0.968969097252,1.223196394705,0.294855158095,-0.785963639885,0.163966202138,0.518108750245
1403715600912143104,-2.078021041783,0.962823490909,1.212957432785,0.309268432209,-0.779365855547,0.174973877438,0.516067865945
1403715600962142976,-2.058293623284,0.947563699731,1.213372050280,0.323214439777,-0.771864740529,0.184176569405,0.515593094921
1403715601012142848,-2.039609315825,0.928136450568,1.236812961431,0.335701197868,-0.766051190313,0.190881370171,0.513842954697
1403715601062142976,-2.021670226079,0.912159585031,1.240628702164,0.344753920798,-0.758711650182,0.198816331465,0.515726121421
1403715601112143104,-2.005909643528,0.889800316954,1.250597711965,0.353229906868,-0.753356164362,0.203726556786,0.515925006732
1403715601162142976,-1.991980086168,0.866259518121,1.256821381394,0.359790620795,-0.748991117889,0.206756841011,0.516541017932
1403715601212142848,-1.977670279045,0.841580351174,1.272803384379,0.365094823359,-0.744969138600,0.207990524475,0.518137717425
1403715601262142976,-1.963883650491,0.815722456940,1.285716042109,0.369450121276,-0.741597436110,0.208060230160,0.519856510269
1403715601312143104,-1.949919117993,0.785382328662,1.298992251895,0.374223970443,-0.738294737476,0.206870010092,0.521614895767
1403715601362142976,-1.935204754801,0.752426541411,1.314637160199,0.378592378045,-0.735248887319,0.206261674132,0.523003830546
1403715601412143104,-1.921813556500,0.721819433153,1.328693647702,0.380041063792,-0.734153597316,0.208358990703,0.522660325998
1403715601462142976,-1.906826606263,0.688949766863,1.345125846544,0.380514459161,-0.733497892096,0.210701837402,0.522297160988
1403715601512142848,-1.891641421603,0.657526278889,1.356262620284,0.379975786694,-0.733996921143,0.213036873347,0.521039549242
1403715601562142976,-1.871512760182,0.622020032742,1.374790933186,0.378913399036,-0.733568544250,0.215912056550,0.521232971668
1403715601612143104,-1.850525732597,0.586426676931,1.394697802790,0.377453443875,-0.734087903705,0.217835519151,0.520760534158
1403715601662142976,-1.828306747131,0.549373976862,1.413556054713,0.375796435066,-0.734801083628,0.220441177855,0.519855839629
1403715601712142848,-1.805325064974,0.510771332771,1.434206970917,0.373735115686,-0.734095515686,0.223646452395,0.520968426572
1403715601762142976,-1.781471325894,0.470984234695,1.451786690991,0.371727144329,-0.731626608445,0.226808757184,0.524499021591
1403715601812143104,-1.758061187008,0.428693280704,1.468730431001,0.370951537856,-0.730287692378,0.227778142497,0.526490228517
1403715601862142976,-1.735593907885,0.388075503000,1.480098882493,0.367771437032,-0.729156960949,0.228777998686,0.529844244774
1403715601912143104,-1.713124608558,0.348601886842,1.491566240895,0.363115858869,-0.727679255285,0.228916240915,0.535001989819
1403715601962142976,-1.689437299035,0.311847032718,1.502751537739,0.355475819059,-0.724584456162,0.230419270661,0.543618678543
1403715602012142848,-1.663137929344,0.275049306986,1.514927857253,0.346503585603,-0.719280266896,0.231073748346,0.556036047071
1403715602062142976,-1.638143732245,0.238601309054,1.530485230841,0.336730848678,-0.714704606923,0.231412026387,0.567677843883
1403715602112143104,-1.614378803875,0.204926447219,1.537784105710,0.325804610233,-0.712184977587,0.231500690136,0.577106007694
1403715602162142976,-1.590005709240,0.169513221035,1.541682177384,0.315058157864,-0.713156594578,0.229734253770,0.582553174756
1403715602212142848,-1.561498881086,0.133647337310,1.550027968578,0.304050978480,-0.717055736305,0.226699858471,0.584800177571
1403715602262142976,-1.529893539797,0.101999435394,1.560549218560,0.292473574063,-0.722353611630,0.222256420399,0.585889538933
1403715602312143104,-1.499646565395,0.073400985995,1.566699940926,0.283239254108,-0.729464526613,0.214623735981,0.584460162285
1403715602362142976,-1.466356442890,0.046668242909,1.572121134548,0.275382072705,-0.740106325836,0.203813247018,0.578677371970
1403715602412143104,-1.428731849371,0.026326930447,1.579060546256,0.267363520362,-0.749953639577,0.192464129240,0.573623435208
1403715602462142976,-1.387261741297,0.003976201356,1.586979271452,0.259037156080,-0.760497032418,0.181424723752,0.567123518350
1403715602512142848,-1.343246734355,-0.014092867376,1.596005989256,0.250490600586,-0.768398402407,0.170794372005,0.563602374630
1403715602562142976,-1.298405156548,-0.033823397623,1.602502605824,0.241667884328,-0.775542226566,0.160829361222,0.560593261703
1403715602612143104,-1.253462896228,-0.050875162921,1.608419249007,0.232820209889,-0.779972195284,0.150061665852,0.561176996048
1403715602662142976,-1.210218343359,-0.069048383225,1.610033722065,0.224892747553,-0.782281763204,0.136443742227,0.564660606262
1403715602712142848,-1.171370566021,-0.084080217193,1.604471104029,0.214244608918,-0.785289543477,0.126804881603,0.566868681845
1403715602762142976,-1.132051866541,-0.103353458910,1.599068872743,0.204773939164,-0.788962960031,0.115377402624,0.567708672209
1403715602812143104,-1.091588788312,-0.123914812273,1.591896186525,0.194604224339,-0.792764382211,0.105658611882,0.567882107397
1403715602862142976,-1.049010307743,-0.143150894640,1.583974571680,0.182406286330,-0.796021678747,0.098649518387,0.568634949853
1403715602912143104,-1.005983436010,-0.165243780043,1.572395358370,0.171908740646,-0.799469374495,0.090113043686,0.568485482218
1403715602962142976,-0.963648393180,-0.185226477316,1.557283376516,0.161175787556,-0.803521554758,0.081458459305,0.567221293634
1403715603012142848,-0.923695101006,-0.207728127092,1.540394382218,0.150518189898,-0.805948514855,0.074217997446,0.567699704745
1403715603062142976,-0.883858468670,-0.232958810296,1.520141700054,0.139641738971,-0.807140104222,0.066879161956,0.569694843394
1403715603112143104,-0.847675206661,-0.260846526232,1.495177703906,0.127841667945,-0.808213002618,0.060167073180,0.571688878361
1403715603162142976,-0.812124040465,-0.291008669689,1.471622731811,0.117369243454,-0.810674408012,0.051534337970,0.571292986912
1403715603212142848,-0.774547572109,-0.316265084296,1.450742829250,0.105641141838,-0.812350075861,0.045718004046,0.571696744354
1403715603262142976,-0.737277271275,-0.344047642419,1.429172466087,0.095363185428,-0.816404254509,0.038210356828,0.568269236116
1403715603312143104,-0.699704596474,-0.373067736914,1.406991565691,0.087150125786,-0.819498825968,0.031004630398,0.565566302662
1403715603362142976,-0.663099414031,-0.404094134228,1.383795386031,0.079506799079,-0.822518796332,0.025778510544,0.562562856022
1403715603412143104,-0.626738886243,-0.433903856528,1.361991350784,0.071308853047,-0.823427893614,0.024299415313,0.562397626160
1403715603462142976,-0.593137520285,-0.466074718839,1.339413721824,0.063786620030,-0.823470960739,0.023895918571,0.563254675081
1403715603512142848,-0.562231520511,-0.502002196955,1.320193310995,0.055421945970,-0.824234365469,0.026286865321,0.562916618511
1403715603562142976,-0.532228004171,-0.535289018072,1.301029034880,0.047332807268,-0.824823285084,0.029912266254,0.562611242392
1403715603612143104,-0.502686101820,-0.568202961317,1.283728994529,0.039901911766,-0.825112668708,0.033566294309,0.562556864025
1403715603662142976,-0.473360669386,-0.599924488197,1.267631929618,0.030971560798,-0.825514489692,0.040882986470,0.562045524088
1403715603712142848,-0.446471398376,-0.632222844219,1.249682687467,0.024274517998,-0.824669661680,0.045132653282,0.563288328025
1403715603762142976,-0.422799466309,-0.664304703438,1.233287463230,0.017640091383,-0.823557909717,0.049913633007,0.564756430471
1403715603812143104,-0.399932521451,-0.693165981175,1.221936286785,0.012229760046,-0.822512729915,0.054816253956,0.565966801499
1403715603862142976,-0.378118912592,-0.720025176672,1.213478181431,0.007876255114,-0.824251517887,0.059325016165,0.563052344213
1403715603912143104,-0.360582508703,-0.744284053466,1.204392245441,0.004926984298,-0.830818888041,0.062420505081,0.553009385676
1403715603962142976,-0.339721913151,-0.766902283241,1.199728762616,0.004233111509,-0.836023247010,0.063629224558,0.544975717815
1403715604012142848,-0.319753952788,-0.787269647146,1.195992977120,0.006311702217,-0.841314513828,0.060751981420,0.537084023214
1403715604062142976,-0.297888372663,-0.803070600655,1.196347253079,0.012157905413,-0.843530396985,0.052411838870,0.534379690711
1403715604112143104,-0.280735695530,-0.815107551293,1.198986176750,0.018884268925,-0.843910305255,0.043173808533,0.534410706599
1403715604162142976,-0.266856092723,-0.825339946729,1.201192560640,0.024996998002,-0.842436389816,0.034236638684,0.537125620107
1403715604212142848,-0.256584941138,-0.833505927481,1.202153088038,0.029803333001,-0.839702413953,0.027583163690,0.541526348782
1403715604262142976,-0.248205755229,-0.841106292022,1.201525582607,0.033047554986,-0.836812735112,0.022760637068,0.546016720316
1403715604312143104,-0.244456942018,-0.848097876854,1.198746530158,0.034770580477,-0.834718836363,0.020076767313,0.549210701251
1403715604362142976,-0.242848154498,-0.855718135625,1.195167723685,0.035939596684,-0.834127527740,0.018013163750,0.550104661667
1403715604412143104,-0.241635010387,-0.864369627274,1.190363360560,0.036254304498,-0.833899431206,0.017017596744,0.550461411401
1403715604462142976,-0.238998405355,-0.873999841331,1.185125896394,0.037009070177,-0.832679324468,0.016050379702,0.552284217265
1403715604512142848,-0.240364082170,-0.883282799621,1.182004695717,0.036580063270,-0.830687536398,0.016377055010,0.555294433534
1403715604562142976,-0.243449786093,-0.893017207447,1.178988855650,0.036888041258,-0.826973952727,0.016116767506,0.560797292904
1403715604612143104,-0.246920379133,-0.902456895932,1.176066578398,0.036629724047,-0.822534676453,0.016635479136,0.567290252149
1403715604662142976,-0.251091017110,-0.913848959243,1.170976740582,0.037936415843,-0.818762087054,0.014649056886,0.572690909905
1403715604712142848,-0.256898895133,-0.924710598362,1.165120542943,0.038512979025,-0.816601627493,0.013865594709,0.575748450025
1403715604762142976,-0.264746352869,-0.935668707744,1.158986867826,0.039362322193,-0.815115373512,0.011764727913,0.577840052811
1403715604812143104,-0.273612577047,-0.946926306748,1.152209358757,0.039132129620,-0.814936562948,0.011954121002,0.578103947222
1403715604862142976,-0.281121447016,-0.958421654166,1.146876953389,0.039152978914,-0.814628903124,0.012410086636,0.578526390225
1403715604912143104,-0.288098353540,-0.969866450642,1.141922319329,0.040126074980,-0.814371744350,0.011561230103,0.578839267906
1403715604962142976,-0.296780856412,-0.980523397808,1.137665586008,0.040652618297,-0.815854667526,0.011121067111,0.576719037286
1403715605012142848,-0.305446520466,-0.993094624482,1.131481721582,0.040963990673,-0.817448287361,0.011131532680,0.574435669104
1403715605062142976,-0.314601726708,-1.005946410727,1.127028439613,0.041361729957,-0.817955531577,0.011168543685,0.573683901892
1403715605112143104,-0.324005884746,-1.018435085913,1.125415190455,0.041528322524,-0.817762468286,0.011907423181,0.573932188647
1403715605162142976,-0.333405504850,-1.033277017051,1.123885833200,0.042987596410,-0.816846595960,0.011189900920,0.575142148813
1403715605212142848,-0.344687876587,-1.046107247648,1.124998038357,0.042997587899,-0.816469883807,0.012502623492,0.575649042973
1403715605262142976,-0.353481141336,-1.060217957936,1.127535751141,0.042849343187,-0.815859496120,0.014335134495,0.576482194259
1403715605312143104,-0.361361507944,-1.073706125567,1.131623163369,0.041650923177,-0.814784371140,0.017860690244,0.577990159855
1403715605362142976,-0.368401270006,-1.087803952312,1.134792326293,0.039897353053,-0.813736079933,0.022646396185,0.579421206182
1403715605412143104,-0.375395496059,-1.101958192611,1.136422486651,0.038668189704,-0.812467089198,0.026795294448,0.581105852896
1403715605462142976,-0.385692711895,-1.115486030308,1.133745146257,0.038188757543,-0.813288518099,0.029432751524,0.579859567708
1403715605512142848,-0.395905352489,-1.129546487010,1.128683370064,0.037540039708,-0.814178862424,0.032023312450,0.578513641033
1403715605562142976,-0.405360351357,-1.142515040775,1.120565510432,0.037003237050,-0.815669695163,0.034657296184,0.576292096651
1403715605612143104,-0.413389642548,-1.154177359993,1.110874977935,0.036411689359,-0.815946356254,0.036928151748,0.575796877555
1403715605662142976,-0.422170153818,-1.165626840938,1.099498986472,0.037669649594,-0.815259452629,0.036148789618,0.576737624409
1403715605712142848,-0.432806427170,-1.175345627529,1.088791973952,0.040810092041,-0.814483709437,0.032573641848,0.577831966324
1403715605762142976,-0.445034784666,-1.184702421011,1.078049414536,0.044451672199,-0.812991925692,0.027895546132,0.579905178546
1403715605812143104,-0.458009349637,-1.192884600358,1.068302127631,0.047130203532,-0.812556703152,0.024654072595,0.580450277614
1403715605862142976,-0.469886446611,-1.201028014019,1.060101916496,0.049072835943,-0.811536936682,0.022553714932,0.581799782671
1403715605912143104,-0.481725503029,-1.209313364074,1.053112762183,0.050661090725,-0.810669926785,0.021274794130,0.582919468561
1403715605962142976,-0.493689169876,-1.217916608641,1.045815037113,0.052306149340,-0.809203694212,0.019888144191,0.584857170372
1403715606012142848,-0.504684131949,-1.225645611246,1.038514999094,0.053007891451,-0.808101805739,0.019808826311,0.586318382285
1403715606062142976,-0.516403709803,-1.234397830193,1.027534364930,0.054331981949,-0.807474087929,0.019826641236,0.587060931555
1403715606112143104,-0.528742502339,-1.243964700163,1.014445461550,0.055974429091,-0.806807590449,0.019490357205,0.587833736066
1403715606162142976,-0.543556909105,-1.253671163297,0.999138103354,0.055984745559,-0.807396036555,0.020247195076,0.586998636720
1403715606212142848,-0.556234617959,-1.264230953577,0.983979475002,0.056478090699,-0.808025837613,0.021385500279,0.586043625849
1403715606262142976,-0.567480776605,-1.274814813696,0.971633279903,0.054758446096,-0.808244832321,0.025658710875,0.585733244885
1403715606312143104,-0.577732193931,-1.284381515721,0.961522538543,0.053300461059,-0.808165354677,0.029577889386,0.585792598801
1403715606362142976,-0.587045204348,-1.295313235022,0.952390172084,0.052782517539,-0.808494231479,0.032748009092,0.585216755918
1403715606412143104,-0.597248093882,-1.306014961598,0.945643475490,0.051929917301,-0.809028096692,0.035553453875,0.584390943093
1403715606462142976,-0.605870634610,-1.314787933295,0.944566510453,0.051588158491,-0.807373594246,0.037561536725,0.586579638393
1403715606512142848,-0.615516896982,-1.324047978167,0.943064598113,0.051758541053,-0.806180433806,0.039423143953,0.588081607685
1403715606562142976,-0.626177773469,-1.333210289708,0.941667550380,0.051446749355,-0.806166556725,0.042537822671,0.587910918798
1403715606612143104,-0.636352609259,-1.341424835559,0.939541957720,0.051086127239,-0.805539017486,0.045831114414,0.588554677038
1403715606662142976,-0.646301064806,-1.348887871902,0.936749443150,0.050778700845,-0.805383177096,0.049428155842,0.588503457085
1403715606712142848,-0.655594930032,-1.354761770921,0.933922017835,0.049210582241,-0.805077227890,0.054497652711,0.588607663540
1403715606762142976,-0.665388967978,-1.359566334366,0.929524297754,0.047639063965,-0.804866945414,0.058630375398,0.588627385402
1403715606812143104,-0.673396187171,-1.363256621026,0.925971067394,0.047384444643,-0.802828219549,0.061279059442,0.591156866810
1403715606862142976,-0.681428334115,-1.367241395250,0.920351076081,0.049777643532,-0.800206384156,0.059247214827,0.594711439688
1403715606912143104,-0.686754135518,-1.369666792784,0.915964659063,0.053067973105,-0.796556116362,0.056368904741,0.599587099840
1403715606962142976,-0.693097975874,-1.371669313640,0.909925256338,0.057832165714,-0.794188524982,0.050697734009,0.602785009072
1403715607012142848,-0.699907103297,-1.372391415340,0.901601624093,0.062085443602,-0.794964701719,0.045038661956,0.601787370790
1403715607062142976,-0.706151331196,-1.370406626753,0.895839223113,0.066437322174,-0.796291909388,0.039422276946,0.599959299742
1403715607112143104,-0.710215623780,-1.367433583459,0.892034072006,0.069091980556,-0.797551050168,0.036094431950,0.598193791827
1403715607162142976,-0.713601188817,-1.365227560405,0.887628009116,0.071164604967,-0.798787711264,0.033934939033,0.596424522673
1403715607212142848,-0.716742633274,-1.363718580829,0.881905052680,0.072198953186,-0.800126376365,0.032893640813,0.594561267993
1403715607262142976,-0.718731417268,-1.364686272410,0.871460325790,0.073002795566,-0.801105171818,0.031909139829,0.593197186710
1403715607312143104,-0.719053877946,-1.366387750445,0.862776195168,0.073523640871,-0.801550831820,0.031690831404,0.592542175247
1403715607362142976,-0.718352211825,-1.367613235208,0.857413538797,0.073358440234,-0.800477853789,0.031935638025,0.593998198536
1403715607412143104,-0.716570270809,-1.368956465479,0.853856829892,0.073477252024,-0.799713442553,0.031776412645,0.595020808741
1403715607462142976,-0.712787553171,-1.371685839456,0.852060620065,0.073769525262,-0.799318445075,0.030751465205,0.595568995073
1403715607512142848,-0.710107530404,-1.375008910613,0.848250142534,0.073411882429,-0.800543870800,0.030148121689,0.593996041402
1403715607562142976,-0.707350675839,-1.377987843214,0.844628667857,0.073356147372,-0.800703641163,0.029120560464,0.593838822939
1403715607612143104,-0.704886152377,-1.380082028385,0.843549147477,0.072427494701,-0.801280377843,0.029056778080,0.593177644338
1403715607662142976,-0.701788786322,-1.383326536961,0.842118675684,0.072020733845,-0.802057327648,0.028005234958,0.592226953016
1403715607712142848,-0.698182386354,-1.388381882213,0.838977700318,0.071975480685,-0.801984836184,0.026720348147,0.592389969283
1403715607762142976,-0.693208899589,-1.394045486281,0.833870586397,0.071497023524,-0.802329101903,0.026647247903,0.591984891738
1403715607812143104,-0.688085324080,-1.398846804309,0.828112342816,0.070146921356,-0.802816552480,0.027189434610,0.591460672517
1403715607862142976,-0.683819765139,-1.403384172806,0.820198361270,0.067162110369,-0.804354343331,0.030435152232,0.589556649360
1403715607912143104,-0.682365627542,-1.406262558917,0.810971764002,0.069866035254,-0.804443915363,0.028812380088,0.589201638582
1403715607962142976,-0.691814719448,-1.399850920854,0.810201894977,0.067856487179,-0.801830581094,0.029325651682,0.592961400534
1403715608012142848,-0.696437589651,-1.396622652337,0.804926233477,0.070884268019,-0.802317163370,0.026651724310,0.592074552317
1403715608062142976,-0.701212594643,-1.393520620400,0.800217387975,0.070129475959,-0.801865178037,0.028236940931,0.592702934040
1403715608112143104,-0.704445635591,-1.393103464990,0.792289186094,0.070411148917,-0.802983973035,0.027800448719,0.591173531383
1403715608162142976,-0.707197686545,-1.393692355344,0.789760000069,0.069112326130,-0.804286672678,0.029249370516,0.589483595068
1403715608212142848,-0.705492102869,-1.394733657990,0.786381760379,0.070544772825,-0.802946293055,0.027903058490,0.591203945203
1403715608262142976,-0.703696748442,-1.394430317177,0.784504929835,0.069492975804,-0.802050219167,0.029372889263,0.592472282579
1403715608312143104,-0.702962408654,-1.396384206669,0.782160784613,0.069942544604,-0.803466251326,0.028563003157,0.590537194667
1403715608362142976,-0.700796786666,-1.396755932862,0.781613130989,0.069396178794,-0.803418658345,0.029291110142,0.590630731217
1403715608412143104,-0.697620010691,-1.396806073765,0.781492142463,0.069960050993,-0.803029637067,0.028781703540,0.591118098859
1403715608462142976,-0.694107802753,-1.398012708422,0.781764690366,0.069567507720,-0.803176921435,0.029265816760,0.590940527221
1403715608512142848,-0.690770539844,-1.398428374709,0.782196021333,0.069877101694,-0.802720308390,0.029050244642,0.591534766894
1403715608562142976,-0.688648164882,-1.398501394130,0.782013827181,0.069829881024,-0.803057765687,0.029225723161,0.591073489332
1403715608612143104,-0.684113209781,-1.401438677587,0.781742939259,0.069696287605,-0.803296664877,0.029406040325,0.590755601315
1403715608662142976,-0.680288620738,-1.403544228401,0.780738776632,0.069875983037,-0.803357212370,0.029199570205,0.590662273578
1403715608712142848,-0.676784221923,-1.404445134280,0.780879031243,0.069811845445,-0.803178461160,0.029394767781,0.590903218295
1403715608762142976,-0.674155862048,-1.404469422682,0.781528889061,0.069846962419,-0.802934719002,0.029270495377,0.591236396852
1403715608812143104,-0.673154006542,-1.404489314871,0.781493177698,0.069732092094,-0.803173699069,0.029296369831,0.590923994411
1403715608862142976,-0.672489355045,-1.404116491960,0.781787518892,0.069773184413,-0.803260529656,0.029233854067,0.590804202770
1403715608912143104,-0.672107499067,-1.403929195471,0.781729577479,0.069743473492,-0.803279939032,0.029285652428,0.590778755556
1403715608962142976,-0.671370036503,-1.404015746198,0.781620469237,0.069786918923,-0.803064781479,0.029341153237,0.591063312532
1403715609012142848,-0.668111794142,-1.403753915548,0.785127136795,0.069779033322,-0.803085281469,0.029136465195,0.591046515591
1403715609062142976,-0.665492394775,-1.403654382087,0.787149438551,0.069782318064,-0.803238640506,0.029462844792,0.590821508799
1403715609112143104,-0.663164820076,-1.403646432831,0.788112835491,0.069825170789,-0.803240622261,0.029477329670,0.590813029063
1403715609162142976,-0.661696283084,-1.403881849648,0.787975852494,0.069842701028,-0.803282056498,0.029388424503,0.590759050143
1403715609212142848,-0.663332794101,-1.404595043058,0.786192296127,0.069838188447,-0.803204845019,0.029272546258,0.590870309296
1403715609262142976,-0.664824150782,-1.404773495053,0.784977725907,0.069852580759,-0.803186325295,0.029240599286,0.590895363981
1403715609312143104,-0.666118307436,-1.404916059836,0.784137930929,0.069832870011,-0.803323778795,0.029264552563,0.590709626341
1403715609362142976,-0.666948869749,-1.404798361211,0.783921984805,0.069817325442,-0.803371713206,0.029229962485,0.590647983812
