1403715525.262142897 -0.000007778 -0.000030311 0.000001479 0.027546816 -0.813789697 0.000182247 0.580506218
1403715525.312143087 0.001678172 0.000276154 -0.000623516 0.026917591 -0.813997870 -0.000461877 0.580243653
1403715525.362143040 0.001270409 -0.000338943 -0.000735322 0.026434328 -0.813981170 -0.000987535 0.580288641
1403715525.412142992 0.001362452 -0.000599018 -0.000807469 0.026246319 -0.813967099 -0.001327565 0.580316233
1403715525.462142944 0.001410303 -0.000497899 -0.000873390 0.026975645 -0.814092460 -0.000624797 0.580108085
1403715525.512142897 0.001381165 -0.000136238 -0.000920498 0.027484971 -0.814086334 -0.000230384 0.580093065
1403715525.562143087 0.001504886 0.000402385 -0.000924481 0.027900068 -0.814107143 0.000277168 0.580044024
1403715525.612143040 0.001597475 0.000939285 -0.000987735 0.028022822 -0.814118632 0.000365780 0.580021932
1403715525.662142992 0.001752611 0.001708308 -0.001003411 0.027697968 -0.814175456 0.000175847 0.579957859
1403715525.712142944 0.001952471 0.002105746 -0.001025885 0.027607381 -0.814114208 -0.000458675 0.580047996
1403715525.762142897 0.002148141 0.002318550 -0.000996188 0.027452339 -0.814152802 -0.000460284 0.580001183
1403715525.812143087 0.002282079 0.002362426 -0.000986889 0.027653188 -0.814108821 -0.000566263 0.580053281
1403715525.862143040 0.002195518 0.002005000 -0.000854894 0.028452501 -0.814215645 0.000031520 0.579864931
1403715525.912142992 0.002193397 0.001990467 -0.000668379 0.029019978 -0.814069187 0.000644228 0.580042054
1403715525.962142944 0.002238982 0.002116690 -0.000577694 0.029457741 -0.814089971 0.001039020 0.579990242
1403715526.012142897 0.002229869 0.002139817 -0.000701813 0.029905098 -0.814085569 0.001153796 0.579973310
1403715526.062143087 0.002193176 0.002219966 -0.000755627 0.030210858 -0.814100858 0.001463036 0.579935303
1403715526.112143040 0.002087082 0.002340409 -0.000845087 0.030445453 -0.814140840 0.001502429 0.579866803
1403715526.162142992 0.001932259 0.002363899 -0.000976389 0.030528950 -0.814043107 0.001746721 0.579998924
1403715526.212142944 0.001840312 0.002417429 -0.001048431 0.030678232 -0.814077526 0.001750830 0.579942723
1403715526.262142897 0.001746993 0.002446964 -0.001080050 0.030733888 -0.814107702 0.001843478 0.579897128
1403715526.312143087 0.001670100 0.002531304 -0.001090013 0.030667919 -0.814134153 0.001886004 0.579863348
1403715526.362143040 0.001673549 0.002525104 -0.001136975 0.030542453 -0.814195646 0.001705588 0.579784183
1403715526.412142992 0.001534895 0.002379970 -0.001146060 0.030579542 -0.814163558 0.001739635 0.579827186
1403715526.462142944 0.001618714 0.002375699 -0.001153763 0.030737552 -0.814203055 0.001885201 0.579762912
1403715526.512142897 0.001441828 0.002431155 -0.001144487 0.030949429 -0.814141395 0.002003854 0.579837828
1403715526.562143087 0.001507166 0.002644684 -0.001205693 0.031003963 -0.814169451 0.002028815 0.579795432
1403715526.612143040 0.001494524 0.002785079 -0.001272487 0.030977646 -0.814122332 0.001971735 0.579863197
1403715526.662142992 0.001350111 0.002731785 -0.001321064 0.031015573 -0.814189126 0.001922975 0.579767543
1403715526.712142944 0.001286096 0.002650657 -0.001353964 0.030986081 -0.814159415 0.001995879 0.579810595
1403715526.762142897 0.001309875 0.002731693 -0.001459300 0.030988246 -0.814118093 0.002029618 0.579868382
1403715526.812143087 0.001229137 0.002771612 -0.001588257 0.030941861 -0.814109294 0.002053509 0.579883128
1403715526.862143040 0.001073371 0.002696192 -0.001657064 0.030914765 -0.814116095 0.001947076 0.579875392
1403715526.912142992 0.000746686 0.002545889 -0.001219963 0.030791949 -0.814088859 0.001897859 0.579920326
1403715526.962142944 0.000572506 0.002623318 -0.001260849 0.030997768 -0.814326072 0.001521096 0.579577323
1403715527.012142897 0.000615899 0.002782797 -0.001368494 0.031168661 -0.814296609 0.001258150 0.579610182
1403715527.062143087 0.000577991 0.002643986 -0.001355986 0.031212045 -0.814448766 0.001299554 0.579393930
1403715527.112143040 0.000694926 0.002959217 -0.001419089 0.031236375 -0.814402610 0.001617753 0.579456694
1403715527.162142992 0.000805486 0.003044341 -0.001430529 0.031404378 -0.814460574 0.001613750 0.579366149
1403715527.212142944 0.000727578 0.002973738 -0.001359346 0.031330901 -0.814562986 0.001526836 0.579226368
1403715527.262142897 0.000781959 0.003100563 -0.001466524 0.031364337 -0.814463857 0.001659151 0.579363575
1403715527.312143087 0.000632695 0.002803524 -0.001136558 0.031695703 -0.814394027 0.001840960 0.579443148
1403715527.362143040 0.000220171 0.002948607 -0.000894828 0.032311231 -0.814435577 0.002626266 0.579347717
1403715527.412142992 -0.000089517 0.003374694 -0.000844562 0.032576543 -0.814415853 0.002633997 0.579360551
1403715527.462142944 -0.000785436 0.003277235 -0.000790650 0.032700207 -0.814427550 0.003266106 0.579333923
1403715527.512142897 -0.001095886 0.003259084 -0.000837256 0.032823959 -0.814227059 0.003375752 0.579608047
1403715527.562143087 -0.001376324 0.003325270 -0.000747412 0.032934024 -0.814185238 0.003570404 0.579659383
1403715527.612143040 -0.001816139 0.003128004 -0.000362847 0.032703623 -0.814381767 0.003747061 0.579395177
1403715527.662142992 -0.002248130 0.003120180 0.000197463 0.032605382 -0.814547644 0.003963873 0.579166049
1403715527.712142944 -0.002606071 0.002957758 0.000458800 0.032724849 -0.814412181 0.003695976 0.579351555
1403715527.762142897 -0.002780272 0.002692435 0.000432465 0.032536343 -0.814558610 0.003735991 0.579156024
1403715527.812143087 -0.003525023 0.002216922 0.000183708 0.032182817 -0.814213245 0.003747807 0.579661118
1403715527.862143040 -0.004206050 0.002262159 0.000596085 0.032148601 -0.814857380 0.003866988 0.578756394
1403715527.912142992 -0.004865286 0.002196040 0.000655397 0.032343227 -0.814565267 0.003476561 0.579159093
1403715527.962142944 -0.005512307 0.001947512 0.000340930 0.032407766 -0.814194252 0.003324182 0.579677847
1403715528.012142897 -0.006328840 0.001541331 0.000559956 0.032500917 -0.814036335 0.003451160 0.579893632
1403715528.062143087 -0.006874591 0.001372532 0.000447115 0.032359853 -0.813961233 0.003719670 0.580005272
1403715528.112143040 -0.007337390 0.001384479 0.000283851 0.032392583 -0.813964983 0.003778558 0.579997802
1403715528.162142992 -0.007848444 0.001240419 0.000460259 0.032262947 -0.814057150 0.003498733 0.579877416
1403715528.212142944 -0.008292472 0.001163590 0.001033940 0.032417278 -0.813908050 0.003021923 0.580080749
1403715528.262142897 -0.009084226 0.000941501 0.001329147 0.032411348 -0.814139564 0.002567053 0.579758299
1403715528.312143087 -0.010168838 0.000724394 0.001272873 0.032061550 -0.814760484 0.002941646 0.578903064
1403715528.362143040 -0.010504412 0.000898703 0.001069566 0.031481532 -0.815658973 0.003306910 0.577666354
1403715528.412142992 -0.012068743 0.001025658 0.001464234 0.031359519 -0.817128282 0.003270511 0.575592960
1403715528.462142944 -0.014416484 -0.000243689 0.004227435 0.030318446 -0.820271165 0.003381467 0.571160724
1403715528.512142897 -0.015109499 -0.003919258 0.013776137 0.028871799 -0.822629838 0.003786787 0.567831162
1403715528.562143087 -0.017183122 -0.009489374 0.028477184 0.026875224 -0.823870774 0.005042296 0.566117696
1403715528.612143040 -0.021074357 -0.017322711 0.050362193 0.025794900 -0.822748165 0.005472819 0.567794090
1403715528.662142992 -0.026767928 -0.026083427 0.076003567 0.024116567 -0.821413675 0.006452162 0.569786218
1403715528.712142944 -0.032732918 -0.035065282 0.101903333 0.022573690 -0.820438640 0.006397035 0.571252960
1403715528.762142897 -0.038608238 -0.046046357 0.128616668 0.021164831 -0.819733367 0.006715156 0.572314741
1403715528.812143087 -0.045812757 -0.056616414 0.157394075 0.020826362 -0.818926008 0.006290548 0.573486604
1403715528.862143040 -0.052528483 -0.068976867 0.190301490 0.021080169 -0.817470466 0.004990081 0.575562996
1403715528.912142992 -0.058488160 -0.081136823 0.222946353 0.020044130 -0.817002867 0.005122409 0.576262362
1403715528.962142944 -0.067307625 -0.094437967 0.254971481 0.020142243 -0.817628497 0.003624327 0.575382304
1403715529.012142897 -0.073726726 -0.109221374 0.287149942 0.022123212 -0.818714223 0.002697418 0.573768515
1403715529.062143087 -0.079473432 -0.125559179 0.319473202 0.023453505 -0.820037778 0.005743425 0.571799780
1403715529.112143040 -0.085446393 -0.143534652 0.356523455 0.026533692 -0.819746174 0.009201401 0.572038030
1403715529.162142992 -0.093748637 -0.163665923 0.397244393 0.031216799 -0.819764434 0.014096123 0.571675680
1403715529.212142944 -0.103860672 -0.183937020 0.441733616 0.037581207 -0.820567586 0.018954052 0.569997573
1403715529.262142897 -0.113940155 -0.202943339 0.487397731 0.044969096 -0.821997174 0.024117911 0.567200805
1403715529.312143087 -0.125123908 -0.220334183 0.531076087 0.053362531 -0.823998995 0.029153035 0.563318912
1403715529.362143040 -0.136061004 -0.233100301 0.558404629 0.062634360 -0.825749887 0.033715461 0.559533135
1403715529.412142992 -0.147402805 -0.251430366 0.594671700 0.072136483 -0.825998342 0.038774104 0.557691345
1403715529.462142944 -0.154242958 -0.268068795 0.625804749 0.080156966 -0.824686805 0.043062772 0.558222296
1403715529.512142897 -0.164502942 -0.287277936 0.649403565 0.086836057 -0.823578704 0.046997560 0.558541715
1403715529.562143087 -0.175526596 -0.305876603 0.669818624 0.092251738 -0.822998127 0.050837259 0.558192863
1403715529.612143040 -0.185358404 -0.325615532 0.690545082 0.097324278 -0.821969991 0.052947264 0.558650075
1403715529.662142992 -0.191731466 -0.343768379 0.713459960 0.100927500 -0.820627126 0.055635240 0.559722682
1403715529.712142944 -0.198279574 -0.361230723 0.734203571 0.105744167 -0.819072755 0.056366863 0.561035444
1403715529.762142897 -0.207512239 -0.375557525 0.750749678 0.109650520 -0.817976591 0.057796213 0.561738959
1403715529.812143087 -0.217098767 -0.390161735 0.766632712 0.111895265 -0.817411475 0.059806220 0.561908486
1403715529.862143040 -0.227595329 -0.407288008 0.781659157 0.113547070 -0.816796369 0.061391529 0.562300484
1403715529.912142992 -0.238210967 -0.420982000 0.795814743 0.113859465 -0.815604495 0.064345977 0.563635454
1403715529.962142944 -0.246956680 -0.438257359 0.814843968 0.114125106 -0.814602228 0.066080931 0.564829161
1403715530.012142897 -0.256130947 -0.452195582 0.829685798 0.115784483 -0.811580502 0.066478048 0.568780899
1403715530.062143087 -0.266385545 -0.464538616 0.843305610 0.118061293 -0.808129931 0.064604634 0.573422869
1403715530.112143040 -0.276192917 -0.479294187 0.864453726 0.120810390 -0.804907164 0.061621564 0.577695499
1403715530.162142992 -0.285121207 -0.497408195 0.884353658 0.122922887 -0.804209908 0.058704915 0.578524088
1403715530.212142944 -0.293500450 -0.510322277 0.903043982 0.124731263 -0.805505667 0.055094135 0.576686544
1403715530.262142897 -0.302011099 -0.526268092 0.924696578 0.126777530 -0.807916767 0.051590250 0.573180950
1403715530.312143087 -0.308599975 -0.544292270 0.948407363 0.127801057 -0.809418954 0.049393064 0.571023792
1403715530.362143040 -0.312945012 -0.562029040 0.978237304 0.125578863 -0.810717105 0.051772371 0.569462331
1403715530.412142992 -0.317339136 -0.583048326 1.009457695 0.123292148 -0.812140642 0.054828068 0.567644701
1403715530.462142944 -0.321277212 -0.606327681 1.041360333 0.122285624 -0.812995369 0.059383157 0.566178768
1403715530.512142897 -0.325307186 -0.633162827 1.071666535 0.123905763 -0.813171017 0.063099361 0.565171416
1403715530.562143087 -0.328169020 -0.660945501 1.101188256 0.126178356 -0.813203067 0.067156873 0.564154012
1403715530.612143040 -0.332517261 -0.688929453 1.128097556 0.128480292 -0.813287808 0.070072428 0.563156825
1403715530.662142992 -0.336241546 -0.719394856 1.148950517 0.130602849 -0.812720200 0.073228344 0.563086478
1403715530.712142944 -0.336797302 -0.747221025 1.165888421 0.133119512 -0.811889366 0.076965153 0.563197317
1403715530.762142897 -0.338145825 -0.774385702 1.179646376 0.137094544 -0.811111443 0.081606398 0.562711035
1403715530.812143087 -0.337920560 -0.800850426 1.194080577 0.141987901 -0.809647872 0.087776658 0.562676654
1403715530.862143040 -0.335243368 -0.834744058 1.208374783 0.148367203 -0.808581612 0.093541960 0.561634090
1403715530.912142992 -0.336240313 -0.864860691 1.222462982 0.154298857 -0.807826698 0.098790827 0.560221618
1403715530.962142944 -0.337746025 -0.894910879 1.237497478 0.160649567 -0.807234825 0.100897998 0.558912558
1403715531.012142897 -0.338794984 -0.924822771 1.250932184 0.165111829 -0.809519704 0.104301263 0.553657999
1403715531.062143087 -0.345194352 -0.952515333 1.267639713 0.170075438 -0.814718340 0.105203463 0.544279894
1403715531.112143040 -0.347437287 -0.981872622 1.283421738 0.173859666 -0.820401234 0.107249615 0.534052575
1403715531.162142992 -0.349112288 -1.011912110 1.299858622 0.176824835 -0.825215380 0.108502464 0.525337768
1403715531.212142944 -0.352497834 -1.040792711 1.313592479 0.174280955 -0.829201910 0.116623563 0.518120918
1403715531.262142897 -0.356330582 -1.071445498 1.327373877 0.170740893 -0.828022376 0.125569839 0.519094122
1403715531.312143087 -0.362196722 -1.103794411 1.341158271 0.166551053 -0.823854558 0.134845525 0.524729549
1403715531.362143040 -0.371595290 -1.133809878 1.350001117 0.164299936 -0.818508413 0.140925256 0.532155599
1403715531.412142992 -0.386840829 -1.164665359 1.357759699 0.163795223 -0.814468390 0.144163374 0.537614442
1403715531.462142944 -0.403010059 -1.193120183 1.367376135 0.164204953 -0.811075777 0.145690501 0.542187324
1403715531.512142897 -0.421286236 -1.219010597 1.377392727 0.164609565 -0.808850557 0.146496437 0.545163518
1403715531.562143087 -0.439900902 -1.241729850 1.382289317 0.164755922 -0.807445295 0.147602369 0.546901383
1403715531.612143040 -0.457435471 -1.265905044 1.385187079 0.164437895 -0.807590347 0.149245584 0.546336679
1403715531.662142992 -0.474838253 -1.286285788 1.386183531 0.163476216 -0.808250415 0.151157587 0.545122167
1403715531.712142944 -0.491780579 -1.309646512 1.382927237 0.166013295 -0.807670158 0.147796528 0.546136145
1403715531.762142897 -0.509856060 -1.330688675 1.382218968 0.169185493 -0.806565297 0.142485663 0.548202997
1403715531.812143087 -0.524070788 -1.350630496 1.385151808 0.172009777 -0.802699893 0.138120560 0.554083233
1403715531.862143040 -0.542573224 -1.366946417 1.380184502 0.173965475 -0.798747026 0.134541325 0.560033779
1403715531.912142992 -0.564937931 -1.382753555 1.375574722 0.174860093 -0.795479804 0.131920689 0.565006868
1403715531.962142944 -0.583808203 -1.397321900 1.374748830 0.175672727 -0.792351011 0.129411398 0.569711908
1403715532.012142897 -0.599061159 -1.412137296 1.377204604 0.175412397 -0.790802017 0.128381791 0.572171982
1403715532.062143087 -0.610019304 -1.425161597 1.381256116 0.176341574 -0.788676480 0.126474047 0.575236798
1403715532.112143040 -0.623713354 -1.438557041 1.385570789 0.177330601 -0.788335230 0.124389737 0.575854684
1403715532.162142992 -0.638049953 -1.449270753 1.389334836 0.176928641 -0.788009031 0.123960687 0.576516930
1403715532.212142944 -0.648424388 -1.461056349 1.391400157 0.176903169 -0.787249264 0.124631982 0.577417296
1403715532.262142897 -0.656650990 -1.474163586 1.391641574 0.177670902 -0.786200078 0.126782607 0.578142421
1403715532.312143087 -0.665786071 -1.488318989 1.388021886 0.177716033 -0.786883016 0.130242898 0.576427722
1403715532.362143040 -0.671405750 -1.504334701 1.383804238 0.177550295 -0.788916681 0.134373737 0.572739088
1403715532.412142992 -0.675866298 -1.515869445 1.382553316 0.175797967 -0.790144031 0.140501079 0.570111332
1403715532.462142944 -0.679187696 -1.528814860 1.379964000 0.175903023 -0.791283160 0.143617155 0.567717535
1403715532.512142897 -0.682793118 -1.539780494 1.378796012 0.174690183 -0.792606222 0.148609781 0.564954733
1403715532.562143087 -0.687415279 -1.550291896 1.375011863 0.171822885 -0.793818141 0.154611090 0.562516725
1403715532.612143040 -0.689550325 -1.557500815 1.374372986 0.167958798 -0.793757955 0.162134338 0.561649897
1403715532.662142992 -0.689812832 -1.562169222 1.371736990 0.163863754 -0.792512304 0.169760699 0.562364848
1403715532.712142944 -0.692811385 -1.565628191 1.367240222 0.159950939 -0.791422625 0.176521718 0.562944054
1403715532.762142897 -0.695945526 -1.567866032 1.360406197 0.157779232 -0.790675482 0.181257233 0.563101954
1403715532.812143087 -0.700451747 -1.565266356 1.355173662 0.155225573 -0.789984151 0.184659877 0.563676142
1403715532.862143040 -0.705733232 -1.557753879 1.351041808 0.151899857 -0.789785792 0.186169703 0.564363073
1403715532.912142992 -0.714045714 -1.547706513 1.345054263 0.147537144 -0.791350383 0.184911200 0.563742150
1403715532.962142944 -0.719699893 -1.534155047 1.337196329 0.141140241 -0.793413004 0.183345147 0.562991824
1403715533.012142897 -0.722600518 -1.518493315 1.327816450 0.133324661 -0.795479763 0.179701506 0.563155263
1403715533.062143087 -0.728139086 -1.499097674 1.313223930 0.124304422 -0.798760764 0.174133951 0.562322878
1403715533.112143040 -0.730862342 -1.477117976 1.299501479 0.114314075 -0.801013137 0.167339836 0.563300653
1403715533.162142992 -0.732053452 -1.451253759 1.285382144 0.105113099 -0.801196905 0.158203398 0.567456113
1403715533.212142944 -0.734399393 -1.417916850 1.275751120 0.096298936 -0.798285829 0.145966890 0.576333165
1403715533.262142897 -0.734404258 -1.385154272 1.268899372 0.087065248 -0.796287485 0.135503991 0.583081942
1403715533.312143087 -0.731381364 -1.348862496 1.262609027 0.080755793 -0.794753905 0.123699192 0.588679235
1403715533.362143040 -0.729517311 -1.309679312 1.260008923 0.074886680 -0.795487501 0.113862918 0.590446320
1403715533.412142992 -0.727789811 -1.265420328 1.262040407 0.069904802 -0.797292203 0.105660075 0.590147787
1403715533.462142944 -0.725542489 -1.220357948 1.267160586 0.064499575 -0.800408933 0.099374173 0.587630938
1403715533.512142897 -0.722349489 -1.170767262 1.275099704 0.057496237 -0.804275478 0.097576116 0.583364415
1403715533.562143087 -0.718514299 -1.118422608 1.285255693 0.049687584 -0.807731477 0.099296888 0.579000115
1403715533.612143040 -0.719361595 -1.062625102 1.293455556 0.042352461 -0.811263002 0.101279745 0.574283052
1403715533.662142992 -0.718136027 -1.008998847 1.308960081 0.034630020 -0.815120943 0.104942480 0.568652518
1403715533.712142944 -0.713549903 -0.951460324 1.326633805 0.029461089 -0.817388716 0.106985431 0.565298018
1403715533.762142897 -0.708268706 -0.893235692 1.347739401 0.025032093 -0.819181296 0.108139738 0.562691031
1403715533.812143087 -0.704314591 -0.833294368 1.370717514 0.025354665 -0.821079709 0.104311943 0.560628461
1403715533.862143040 -0.701977198 -0.766183890 1.396484219 0.026823122 -0.822422359 0.099645507 0.559439681
1403715533.912142992 -0.700230593 -0.697372339 1.425390277 0.030776742 -0.823971556 0.091944941 0.558273942
1403715533.962142944 -0.698014735 -0.621721124 1.456361460 0.034336399 -0.824395231 0.085691418 0.558435758
1403715534.012142897 -0.695746865 -0.543901206 1.483542797 0.038188148 -0.825207133 0.079432378 0.557911597
1403715534.062143087 -0.691802873 -0.465351534 1.506712335 0.041986804 -0.825421683 0.073933217 0.558077085
1403715534.112143040 -0.688706814 -0.388448956 1.520327139 0.047369946 -0.825019327 0.066767550 0.559143356
1403715534.162142992 -0.687047486 -0.312821651 1.529198343 0.052598579 -0.824911340 0.060155795 0.559585517
1403715534.212142944 -0.684552002 -0.237197549 1.533469478 0.058884564 -0.824541626 0.053547911 0.560175273
1403715534.262142897 -0.683786400 -0.161477721 1.533455153 0.063905474 -0.824037179 0.047846237 0.560882836
1403715534.312143087 -0.684719397 -0.082706320 1.529403574 0.066568517 -0.823604922 0.045462320 0.561406040
1403715534.362143040 -0.685006853 -0.007830701 1.522359867 0.069359129 -0.823180977 0.041814282 0.561973270
1403715534.412142992 -0.686305321 0.069519679 1.515918243 0.069393680 -0.823365079 0.039302054 0.561880604
1403715534.462142944 -0.687286714 0.146866639 1.507377889 0.067568262 -0.823759154 0.036129763 0.561738396
1403715534.512142897 -0.691515523 0.222692061 1.498511282 0.064562952 -0.824339969 0.032352435 0.561469999
1403715534.562143087 -0.693000863 0.297515887 1.488505583 0.059548212 -0.824843346 0.028009521 0.561518415
1403715534.612143040 -0.696231064 0.372144585 1.476370059 0.052390899 -0.825632955 0.024087917 0.561253231
1403715534.662142992 -0.697724596 0.441074680 1.464444758 0.044996202 -0.826448565 0.018026507 0.560921702
1403715534.712142944 -0.700705566 0.507434615 1.452333042 0.036039224 -0.827691762 0.011397284 0.559908585
1403715534.762142897 -0.702654477 0.577809192 1.440994649 0.026253869 -0.830623123 0.003686756 0.556203533
1403715534.812143087 -0.706214185 0.648902612 1.428997383 0.015263816 -0.833848719 -0.005772717 0.551751761
1403715534.862143040 -0.712754531 0.716697995 1.418338943 0.004214456 -0.837170340 -0.015900407 0.546694831
1403715534.912142992 -0.720543247 0.782822618 1.405788677 -0.007634462 -0.839781393 -0.025813264 0.542256953
1403715534.962142944 -0.730174325 0.847793212 1.393969424 -0.019242663 -0.841701901 -0.036091619 0.538391145
1403715535.012142897 -0.739145620 0.916489345 1.379262491 -0.029459396 -0.842310311 -0.045228780 0.536283359
1403715535.062143087 -0.749487850 0.985169598 1.364787556 -0.039406492 -0.843668475 -0.052368831 0.532849077
1403715535.112143040 -0.764529942 1.047275987 1.350034899 -0.048426940 -0.845703871 -0.059033441 0.528161763
1403715535.162142992 -0.779244672 1.110739738 1.336091686 -0.056602343 -0.847775379 -0.063428396 0.523497775
1403715535.212142944 -0.796238862 1.172747493 1.322687827 -0.063671770 -0.850615826 -0.067247277 0.517567798
1403715535.262142897 -0.815649919 1.236007259 1.308957428 -0.069985489 -0.852810891 -0.069332509 0.512843658
1403715535.312143087 -0.835901635 1.298368327 1.296535864 -0.075564672 -0.854055878 -0.070621025 0.509795261
1403715535.362143040 -0.860042292 1.358217643 1.286197550 -0.080571609 -0.854582344 -0.071309677 0.508047403
1403715535.412142992 -0.885810727 1.416529915 1.275705942 -0.088817775 -0.853062188 -0.065235581 0.510039827
1403715535.462142944 -0.917137409 1.474142290 1.262886136 -0.096310882 -0.849833424 -0.059970693 0.514694940
1403715535.512142897 -0.954229907 1.528797114 1.252392973 -0.101570460 -0.845691482 -0.055987994 0.520917176
1403715535.562143087 -0.994883724 1.586133112 1.241393385 -0.102780209 -0.840661817 -0.054389694 0.528928822
1403715535.612143040 -1.035192241 1.643840354 1.231026310 -0.102082691 -0.834717126 -0.054286496 0.538404514
1403715535.662142992 -1.079156231 1.702177880 1.223824701 -0.098497249 -0.831758793 -0.055113251 0.543542208
1403715535.712142944 -1.118717874 1.760314194 1.221445844 -0.092738876 -0.829291166 -0.055796453 0.548235733
1403715535.762142897 -1.162396038 1.819430042 1.214034662 -0.085422956 -0.828921704 -0.055075775 0.550053076
1403715535.812143087 -1.205347615 1.880411120 1.205504290 -0.074634299 -0.828502024 -0.056255782 0.552131691
1403715535.862143040 -1.250209622 1.944495297 1.191280944 -0.062277556 -0.829889447 -0.057511993 0.551450254
1403715535.912142992 -1.299573219 2.005620449 1.174807251 -0.050014623 -0.833155741 -0.055828592 0.547935413
1403715535.962142944 -1.345983202 2.068038814 1.150605279 -0.038065663 -0.835987986 -0.053825233 0.544773289
1403715536.012142897 -1.389124597 2.125589284 1.135678289 -0.028410770 -0.838736376 -0.050837766 0.541414482
1403715536.062143087 -1.432747311 2.183621294 1.119553117 -0.019897819 -0.842302388 -0.047029035 0.536580873
1403715536.112143040 -1.476471858 2.241202190 1.103615256 -0.013131644 -0.844997884 -0.042928102 0.532882083
1403715536.162142992 -1.522858862 2.296069219 1.087849861 -0.006035583 -0.847887569 -0.041140031 0.528543034
1403715536.212142944 -1.571868063 2.352088401 1.079939951 0.001820257 -0.851114893 -0.040926087 0.523378621
1403715536.262142897 -1.621702921 2.403233787 1.069141767 0.009142463 -0.852425999 -0.040977340 0.521159466
1403715536.312143087 -1.671687940 2.451875444 1.066615658 0.015935487 -0.852765988 -0.040948124 0.520441621
1403715536.362143040 -1.721933734 2.497352607 1.076599217 0.023898574 -0.851237481 -0.042796270 0.522486447
1403715536.412142992 -1.768457037 2.547473893 1.087062634 0.032498741 -0.849230876 -0.047381160 0.524886441
1403715536.462142944 -1.820204197 2.590799162 1.094721682 0.040500485 -0.845796139 -0.051661081 0.529452297
1403715536.512142897 -1.875468475 2.631479891 1.099161447 0.047126006 -0.842899758 -0.055938826 0.533075965
1403715536.562143087 -1.934287804 2.671513337 1.097830077 0.052370265 -0.839553038 -0.058706071 0.537551531
1403715536.612143040 -1.996401282 2.706785885 1.089596835 0.055934175 -0.836552680 -0.060402819 0.541666392
1403715536.662142992 -2.059521827 2.734119672 1.087501609 0.059954401 -0.832044393 -0.062541817 0.547901559
1403715536.712142944 -2.123281126 2.759680220 1.083924856 0.061573941 -0.826862997 -0.062131489 0.555559099
1403715536.762142897 -2.184718244 2.782457796 1.076872629 0.062950469 -0.819922471 -0.060417840 0.565786236
1403715536.812143087 -2.247539732 2.797914338 1.071478966 0.066336053 -0.812675291 -0.058742869 0.575940687
1403715536.862143040 -2.308399647 2.809597789 1.066524823 0.070627401 -0.806263873 -0.059232353 0.584330271
1403715536.912142992 -2.364196955 2.817342685 1.068158763 0.075576644 -0.799317446 -0.061798767 0.592925546
1403715536.962142944 -2.418139846 2.820454895 1.070707299 0.081830763 -0.792813759 -0.067856617 0.600121279
1403715537.012142897 -2.468383608 2.819495442 1.076148631 0.086518801 -0.786381646 -0.072893888 0.607293081
1403715537.062143087 -2.517565986 2.807744724 1.081256497 0.090223915 -0.777863937 -0.075865120 0.617277753
1403715537.112143040 -2.560938323 2.795024853 1.085175474 0.092625302 -0.768299458 -0.078552959 0.628463149
1403715537.162142992 -2.599313929 2.776863171 1.090744482 0.094866547 -0.758043824 -0.080434810 0.640234442
1403715537.212142944 -2.630963874 2.757122271 1.098503075 0.095182325 -0.748855217 -0.080255110 0.650934180
1403715537.262142897 -2.654781624 2.734504461 1.100525281 0.093171036 -0.740961275 -0.076961292 0.660584973
1403715537.312143087 -2.673932219 2.706814981 1.095221629 0.085796077 -0.738350971 -0.065308054 0.665741493
1403715537.362143040 -2.684349607 2.681361622 1.082986847 0.075392279 -0.741105767 -0.050808329 0.665204299
1403715537.412142992 -2.689997048 2.650242116 1.072841235 0.064603596 -0.750488515 -0.036762504 0.656690097
1403715537.462142944 -2.687305468 2.607655340 1.083905642 0.053506476 -0.762497061 -0.023647254 0.644341599
1403715537.512142897 -2.671876975 2.575910083 1.095880703 0.043359947 -0.776995117 -0.012376922 0.627889572
1403715537.562143087 -2.651347471 2.541573802 1.108219349 0.035297551 -0.791572280 -0.004486837 0.610038750
1403715537.612143040 -2.626266820 2.503853373 1.131454518 0.027743719 -0.802965982 0.002947881 0.595371505
1403715537.662142992 -2.597101567 2.466507874 1.161667134 0.021751021 -0.810555246 0.007433275 0.585210929
1403715537.712142944 -2.568521204 2.419285107 1.203622602 0.016827296 -0.811424502 0.011334640 0.584104995
1403715537.762142897 -2.558023597 2.363856910 1.229943945 0.013843556 -0.807518064 0.012777639 0.589541911
1403715537.812143087 -2.546872337 2.308641317 1.256614202 0.011310112 -0.802659646 0.014007740 0.596165545
1403715537.862143040 -2.524020901 2.270491587 1.271010290 0.010771300 -0.798739952 0.012974890 0.601440038
1403715537.912142992 -2.504288109 2.223599851 1.288431277 0.009208951 -0.796288776 0.013643117 0.604692687
1403715537.962142944 -2.480976303 2.180750052 1.302543564 0.009811884 -0.797245243 0.011693554 0.603462517
1403715538.012142897 -2.450941936 2.141893433 1.316447617 0.007822701 -0.800845599 0.014361915 0.598647532
1403715538.062143087 -2.419309346 2.107516560 1.320860904 0.005469460 -0.804335427 0.015213127 0.593955526
1403715538.112143040 -2.389681988 2.066063863 1.327694534 0.001065961 -0.808024937 0.016961221 0.588903118
1403715538.162142992 -2.360891942 2.034120610 1.325661358 -0.004183195 -0.811434632 0.017264582 0.584173153
1403715538.212142944 -2.317760814 1.997439726 1.325804391 -0.009853647 -0.814299107 0.015061389 0.580166377
1403715538.262142897 -2.273251469 1.980495840 1.313323768 -0.016247511 -0.816106515 0.011407083 0.577560432
1403715538.312143087 -2.225118478 1.964968291 1.294461794 -0.022734072 -0.815374861 0.006925372 0.578445362
1403715538.362143040 -2.179558033 1.950018102 1.273242229 -0.029334732 -0.813501811 0.000663788 0.580821690
1403715538.412142992 -2.132456655 1.934126410 1.266081783 -0.034655104 -0.808077720 -0.008818400 0.587989504
1403715538.462142944 -2.081121928 1.921327856 1.265776034 -0.038341950 -0.802010088 -0.021589812 0.595687496
1403715538.512142897 -2.028220835 1.910762497 1.266210172 -0.042971269 -0.795651941 -0.034022313 0.603269377
1403715538.562143087 -1.976386441 1.897626895 1.266896268 -0.047636003 -0.790597894 -0.047538256 0.608626237
1403715538.612143040 -1.932750590 1.884301847 1.254114595 -0.055721709 -0.787546433 -0.058049959 0.610979467
1403715538.662142992 -1.885987718 1.867412679 1.245275387 -0.064547796 -0.785713559 -0.069176900 0.611311984
1403715538.712142944 -1.841942355 1.841480321 1.243237126 -0.075357417 -0.785829331 -0.078559154 0.608787304
1403715538.762142897 -1.793488939 1.813286443 1.241629499 -0.088045094 -0.788675789 -0.088238082 0.602040365
1403715538.812143087 -1.741512112 1.783702002 1.241155284 -0.102251316 -0.792631873 -0.098247252 0.592981332
1403715538.862143040 -1.688585635 1.757243129 1.239366420 -0.116365461 -0.795267430 -0.108993783 0.584918070
1403715538.912142992 -1.631373946 1.734473313 1.237602251 -0.132048392 -0.796601359 -0.120892620 0.577385894
1403715538.962142944 -1.568472790 1.716450139 1.239397571 -0.148498283 -0.795702363 -0.133239159 0.571885772
1403715539.012142897 -1.505815369 1.697956300 1.240448697 -0.165367447 -0.793579364 -0.146502120 0.566941381
1403715539.062143087 -1.441901951 1.676630796 1.246271306 -0.183221893 -0.790089436 -0.159146988 0.562903772
1403715539.112143040 -1.376916708 1.657208521 1.244113908 -0.201366154 -0.786125193 -0.172115276 0.558422049
1403715539.162142992 -1.312663762 1.640024606 1.234619249 -0.219840013 -0.780908635 -0.184604636 0.554773107
1403715539.212142944 -1.248492577 1.622028497 1.224333108 -0.238645268 -0.775338977 -0.196306423 0.550782803
1403715539.262142897 -1.189078397 1.607212168 1.213436223 -0.256800875 -0.771496379 -0.207620623 0.543820121
1403715539.312143087 -1.125456086 1.592976162 1.180734927 -0.273736283 -0.767715923 -0.218369707 0.536652010
1403715539.362143040 -1.070599154 1.573709606 1.170498323 -0.289871852 -0.763995603 -0.228072352 0.529403467
1403715539.412142992 -1.011549986 1.558482796 1.125673456 -0.304626648 -0.760461532 -0.237079021 0.522201495
1403715539.462142944 -0.959718356 1.536517584 1.111832804 -0.315714960 -0.755339221 -0.246512718 0.518669649
1403715539.512142897 -0.905404826 1.518232802 1.076000775 -0.327048786 -0.751358914 -0.251918869 0.514816237
1403715539.562143087 -0.865084983 1.488277776 1.087701879 -0.340171566 -0.747337064 -0.251755026 0.512240202
1403715539.612143040 -0.821289862 1.470505133 1.061162988 -0.350009170 -0.742744244 -0.252678247 0.511838131
1403715539.662142992 -0.769548681 1.460017946 1.028432590 -0.358174007 -0.738123281 -0.252326506 0.513046524
1403715539.712142944 -0.738916197 1.421556176 1.057511772 -0.364337961 -0.733374135 -0.253087773 0.515137659
1403715539.762142897 -0.695807678 1.409842425 1.044702703 -0.367813546 -0.730375484 -0.255068191 0.515950643
1403715539.812143087 -0.640687185 1.402299279 1.038095913 -0.368984202 -0.727783672 -0.257543982 0.517544861
1403715539.862143040 -0.628785959 1.371120301 1.051929756 -0.368658168 -0.729627911 -0.258012891 0.514940399
1403715539.912142992 -0.587507278 1.361021550 1.049102935 -0.368960290 -0.733104610 -0.255245898 0.511151119
1403715539.962142944 -0.546232253 1.352783134 1.049017231 -0.371877676 -0.735513383 -0.248601684 0.508846008
1403715540.012142897 -0.504780726 1.342493045 1.058719386 -0.373589521 -0.742173913 -0.242814667 0.500649368
1403715540.062143087 -0.465770916 1.341471050 1.059595279 0.377685390 0.745825841 0.233627853 -0.496503362
1403715540.112143040 -0.417536687 1.357555018 1.053152732 0.381134442 0.750036947 0.224959777 -0.491501998
1403715540.162142992 -0.365655561 1.357556611 1.064736606 0.384759014 0.752673947 0.215636483 -0.488818308
1403715540.212142944 -0.319871052 1.350765689 1.092290659 0.386383175 0.754856901 0.210253228 -0.486510721
1403715540.262142897 -0.273058998 1.345126148 1.131998648 0.385031252 0.753906823 0.210142245 -0.489096793
1403715540.312143087 -0.231739790 1.332505986 1.176161301 0.380783558 0.754070306 0.213946490 -0.490518863
1403715540.362143040 -0.178803611 1.349109410 1.187593836 0.374596911 0.756078966 0.220318165 -0.489368632
1403715540.412142992 -0.144808311 1.356948698 1.222479283 0.369432952 0.758610700 0.224763143 -0.487350623
1403715540.462142944 -0.093607917 1.382715315 1.238936586 0.364881695 0.761569558 0.229752172 -0.483825481
1403715540.512142897 -0.065277616 1.391045529 1.272254179 0.361227481 0.766627221 0.234067384 -0.476455529
1403715540.562143087 -0.029710496 1.408220092 1.295209431 0.360616266 0.770596307 0.236731606 -0.469143249
1403715540.612143040 0.006151592 1.431442380 1.314573402 0.361182808 0.774011194 0.238188794 -0.462298333
1403715540.662142992 0.039986281 1.460950891 1.331532977 0.364600217 0.776074917 0.235121069 -0.457703493
1403715540.712142944 0.073192665 1.495863231 1.345796935 0.371348801 0.775142739 0.228998963 -0.456960914
1403715540.762142897 0.099803351 1.536062216 1.353604249 0.377404298 0.772740512 0.224397600 -0.458349009
1403715540.812143087 0.117332307 1.579459210 1.362975048 0.380030221 0.768772087 0.223300715 -0.463360874
1403715540.862143040 0.139685795 1.621569186 1.374871021 0.380988144 0.764032284 0.225280246 -0.469416141
1403715540.912142992 0.160605567 1.669411224 1.383387781 0.381260216 0.760031957 0.226902214 -0.474876254
1403715540.962142944 0.177987386 1.717367175 1.396858263 0.379430971 0.756629918 0.231105885 -0.479722185
1403715541.012142897 0.196850933 1.771373818 1.407731973 0.376937581 0.754451686 0.235347402 -0.483044836
1403715541.062143087 0.213996757 1.830399403 1.415370193 0.374419299 0.753270600 0.239418942 -0.484842409
1403715541.112143040 0.227391677 1.890328585 1.425869453 0.372385455 0.754065443 0.241988424 -0.483896666
1403715541.162142992 0.243197327 1.952697998 1.433885051 0.373188943 0.752692772 0.240207092 -0.486296367
1403715541.212142944 0.263738930 2.014436284 1.443591917 0.376372612 0.747271306 0.235157518 -0.494601046
1403715541.262142897 0.284539077 2.077585205 1.452829557 -0.378926885 -0.740910146 -0.231684412 0.503774656
1403715541.312143087 0.297312992 2.144299026 1.460279920 -0.380032127 -0.735570862 -0.232241494 0.510465452
1403715541.362143040 0.307491706 2.214168722 1.466874028 -0.377795625 -0.733232265 -0.238549666 0.512576793
1403715541.412142992 0.313588616 2.284102153 1.471996733 -0.375135931 -0.733091044 -0.244243972 0.512050228
1403715541.462142944 0.324721483 2.352575661 1.478314830 -0.373414872 -0.736441286 -0.248661427 0.506342829
1403715541.512142897 0.334480369 2.422119488 1.481177067 0.373074921 0.741584265 0.250798663 -0.497963765
1403715541.562143087 0.348738026 2.494393951 1.485741997 0.373000373 0.746756267 0.252299352 -0.489459740
1403715541.612143040 0.365697376 2.561981208 1.497839038 0.373430194 0.750454653 0.252379343 -0.483396702
1403715541.662142992 0.376192002 2.628266049 1.512977320 0.370642317 0.754415007 0.256707263 -0.477057284
1403715541.712142944 0.386870747 2.701388187 1.520796379 0.367337484 0.757177378 0.261067684 -0.472852255
1403715541.762142897 0.388017919 2.771975772 1.526197774 0.358675132 0.758919310 0.272405718 -0.470307087
1403715541.812143087 0.384729724 2.843970444 1.531216254 0.349889847 0.759665461 0.283889305 -0.468926801
1403715541.862143040 0.386610198 2.916744711 1.539569262 0.340232978 0.758425771 0.296246139 -0.470393554
1403715541.912142992 0.385707291 2.988999075 1.550699899 0.330827361 0.758756132 0.305473493 -0.470667967
1403715541.962142944 0.388767245 3.061113022 1.556782152 0.322064178 0.759821335 0.312576179 -0.470364047
1403715542.012142897 0.391020371 3.132684984 1.563593407 0.312683873 0.762251158 0.317728037 -0.469308919
1403715542.062143087 0.400031628 3.201075642 1.576767155 0.301911004 0.762838255 0.321997659 -0.472488149
1403715542.112143040 0.405644896 3.266377411 1.590452508 0.292292312 0.762578059 0.322227780 -0.478757940
1403715542.162142992 0.407641535 3.324814677 1.606922871 0.281357216 0.761989879 0.322389526 -0.486080791
1403715542.212142944 0.396658430 3.378649266 1.622001297 0.271256444 0.759804621 0.319425825 -0.497075469
1403715542.262142897 0.366426253 3.433399375 1.632640568 -0.261485411 -0.757876247 -0.313753603 0.508731414
1403715542.312143087 0.337414366 3.487758631 1.638102883 -0.254158584 -0.755746817 -0.303309049 0.521779439
1403715542.362143040 0.308161490 3.533944519 1.652107525 -0.245410944 -0.753835322 -0.293727167 0.534069403
1403715542.412142992 0.272687395 3.574432523 1.662793804 -0.239300431 -0.750537592 -0.278164389 0.549593668
1403715542.462142944 0.238492871 3.613473873 1.669440465 -0.233320160 -0.747224371 -0.262882364 0.564012682
1403715542.512142897 0.207240467 3.652199478 1.669169562 -0.228803287 -0.745051162 -0.248775377 0.575029246
1403715542.562143087 0.174611574 3.689729678 1.663355212 -0.223314676 -0.744523148 -0.237561892 0.582563460
1403715542.612143040 0.143452496 3.727060626 1.650018605 -0.220106637 -0.748242292 -0.226783922 0.583314318
1403715542.662142992 0.125068101 3.760605741 1.639349378 -0.216214483 -0.753478637 -0.219534854 0.580797459
1403715542.712142944 0.102703235 3.786282459 1.637910838 -0.213800908 -0.756312618 -0.211207716 0.581095256
1403715542.762142897 0.078388041 3.805829187 1.642100332 -0.210381661 -0.760286562 -0.206739402 0.578759639
1403715542.812143087 0.041988616 3.811672443 1.652271867 -0.208365694 -0.765084321 -0.202486308 0.574655562
1403715542.862143040 0.026081121 3.829243347 1.667602870 -0.207988819 -0.769190949 -0.197531208 0.571023080
1403715542.912142992 0.008053310 3.842984482 1.675945110 -0.208579130 -0.771653379 -0.192431115 0.569224100
1403715542.962142944 -0.008698494 3.854104799 1.682146800 -0.210295088 -0.772626808 -0.186283178 0.569317459
1403715543.012142897 -0.021499139 3.866384544 1.682773506 -0.212321878 -0.772415602 -0.180717629 0.570644107
1403715543.062143087 -0.035746198 3.878119151 1.678850861 -0.214025570 -0.771537799 -0.176833012 0.572409439
1403715543.112143040 -0.049204651 3.891223014 1.670135463 -0.215834904 -0.771084843 -0.173758365 0.573281335
1403715543.162142992 -0.060926786 3.904693627 1.658487599 -0.216777175 -0.769695548 -0.172943383 0.575036525
1403715543.212142944 -0.072325535 3.916282856 1.649641948 -0.217275075 -0.767618320 -0.173211901 0.577538998
1403715543.262142897 -0.081172910 3.930138174 1.637155594 -0.219430541 -0.765071768 -0.171723349 0.580539851
1403715543.312143087 -0.085859665 3.942283698 1.626602719 -0.221301246 -0.763079807 -0.171169131 0.582611444
1403715543.362143040 -0.087808495 3.953109103 1.618802201 -0.221545580 -0.762521396 -0.172896805 0.582739540
1403715543.412142992 -0.087753076 3.961957995 1.616545229 -0.221162934 -0.761311216 -0.175255210 0.583761767
1403715543.462142944 -0.088213866 3.970560906 1.613395296 -0.219492607 -0.762046984 -0.179633061 0.582099093
1403715543.512142897 -0.087507884 3.979760585 1.607104786 -0.217894305 -0.762093101 -0.183575622 0.581408779
1403715543.562143087 -0.084414013 3.985390246 1.606214049 -0.215241859 -0.760173375 -0.188660458 0.583279190
1403715543.612143040 -0.078402509 3.989912352 1.605520078 -0.212808985 -0.757451317 -0.193304419 0.586185328
1403715543.662142992 -0.073687730 3.991843968 1.604020721 -0.208076103 -0.754237832 -0.200449209 0.589618303
1403715543.712142944 -0.064403226 3.995178240 1.597762074 -0.205395612 -0.751664912 -0.208236842 0.591142893
1403715543.762142897 -0.051370957 3.997372130 1.590120557 -0.202621365 -0.748749214 -0.219489447 0.591729312
1403715543.812143087 -0.033259673 3.998625244 1.577907419 -0.201318900 -0.746112307 -0.232058252 0.590708129
1403715543.862143040 -0.012081619 3.999457141 1.557634120 -0.203123705 -0.744807743 -0.244386258 0.586751688
1403715543.912142992 0.005998541 3.994516258 1.538563912 -0.206603060 -0.742889536 -0.256885454 0.582614947
1403715543.962142944 0.023814874 3.987669513 1.512578277 -0.214040415 -0.742690260 -0.267828465 0.575209345
1403715544.012142897 0.046208451 3.977564377 1.485751347 -0.222283466 -0.741316514 -0.279919826 0.568053499
1403715544.062143087 0.071686734 3.964146726 1.453231169 -0.234438996 -0.739837134 -0.290337070 0.559806894
1403715544.112143040 0.089755175 3.943782602 1.420535210 -0.252498359 -0.737000880 -0.295011208 0.553211234
1403715544.162142992 0.110390626 3.923006993 1.384191547 -0.273345305 -0.732883319 -0.298900331 0.546647031
1403715544.212142944 0.126393169 3.895510039 1.348858902 -0.296312209 -0.727500216 -0.303471610 0.539302783
1403715544.262142897 0.140421392 3.864310158 1.315579180 -0.319065995 -0.720272820 -0.310026509 0.532247611
1403715544.312143087 0.158022883 3.829614246 1.287002732 -0.342794713 -0.711886929 -0.316255206 0.525063263
1403715544.362143040 0.176304751 3.789390632 1.258416886 -0.366891823 -0.702679970 -0.322191639 0.517516953
1403715544.412142992 0.207925126 3.754235254 1.233997537 -0.390436761 -0.691938115 -0.327824427 0.511186781
1403715544.462142944 0.220723549 3.711734110 1.219633113 -0.410790046 -0.681073387 -0.335299323 0.504940535
1403715544.512142897 0.227054909 3.666039096 1.202532425 0.428509422 0.670078161 0.343563513 -0.499338608
1403715544.562143087 0.238533170 3.623814528 1.187378089 0.444802108 0.660503552 0.349949717 -0.493377481
1403715544.612143040 0.259528915 3.582725457 1.165063368 0.456882255 0.652182792 0.357241885 -0.488154122
1403715544.662142992 0.275499475 3.537400120 1.158804472 0.466348570 0.645226320 0.362792231 -0.484338522
1403715544.712142944 0.302852373 3.487742193 1.139606042 0.469331188 0.637997727 0.372526995 -0.483643231
1403715544.762142897 0.326604051 3.437066266 1.125808300 0.470750849 0.631939071 0.379821397 -0.484543450
1403715544.812143087 0.348375108 3.387281027 1.126216214 0.471959673 0.627311752 0.384829186 -0.485428193
1403715544.862143040 0.366960035 3.336050623 1.119319791 0.471992799 0.624727780 0.388923912 -0.485464921
1403715544.912142992 0.381265188 3.282289229 1.128877451 0.473148048 0.624820084 0.389089422 -0.484086985
1403715544.962142944 0.398432311 3.227751376 1.137107122 0.475215491 0.626371056 0.388624816 -0.480416787
1403715545.012142897 0.419494422 3.175222215 1.140496979 0.477799650 0.628876563 0.387128260 -0.475766196
1403715545.062143087 0.437093222 3.127756250 1.123343158 0.480652893 0.629277356 0.387060850 -0.472405233
1403715545.112143040 0.446631863 3.083859131 1.106654793 0.484401372 0.629229153 0.387763721 -0.468044101
1403715545.162142992 0.467604629 3.043322768 1.087081669 0.488912007 0.628341254 0.389300527 -0.463246605
1403715545.212142944 0.498191969 2.993448459 1.089388780 0.494569973 0.625647757 0.391125072 -0.459332782
1403715545.262142897 0.521411359 2.939074129 1.077691752 0.500430683 0.623211236 0.393785195 -0.453993510
1403715545.312143087 0.542843295 2.885107835 1.065224460 0.507534816 0.619604114 0.395570845 -0.449469531
1403715545.362143040 0.558977466 2.828634119 1.058089915 0.514330399 0.614479417 0.396795992 -0.447696579
1403715545.412142992 0.570906427 2.770572361 1.055649718 0.521813967 0.607807006 0.395206616 -0.449547060
1403715545.462142944 0.583523951 2.708004394 1.044160037 0.529852979 0.601228403 0.391663694 -0.452083818
1403715545.512142897 0.591255524 2.647713286 1.038113462 0.537631574 0.594697161 0.387069458 -0.455483053
1403715545.562143087 0.604769054 2.590912187 1.038834509 0.544220664 0.588814202 0.383107387 -0.458639766
1403715545.612143040 0.617097203 2.533340332 1.045562166 0.549330606 0.583695699 0.379883675 -0.461761421
1403715545.662142992 0.633392115 2.476732336 1.054514281 0.552182647 0.580692060 0.377582674 -0.464028425
1403715545.712142944 0.654767249 2.418698000 1.064240886 0.553751726 0.579109853 0.375498215 -0.465823888
1403715545.762142897 0.678839195 2.362032926 1.071851377 0.552957419 0.580298372 0.374686519 -0.465941955
1403715545.812143087 0.701219511 2.306540657 1.078628224 0.549418062 0.584046696 0.375369524 -0.464894580
1403715545.862143040 0.727050923 2.252799677 1.081548448 0.544263478 0.588249099 0.375937011 -0.465200631
1403715545.912142992 0.753467862 2.202697725 1.080746874 0.536488405 0.596161347 0.376905375 -0.463372612
1403715545.962142944 0.782507958 2.153053963 1.077383083 0.526032516 0.604534782 0.377633383 -0.463918655
1403715546.012142897 0.816988560 2.104549881 1.071812718 0.514551869 0.614810135 0.376857681 -0.463921502
1403715546.062143087 0.850061760 2.055214905 1.069229893 0.500619750 0.625522663 0.375651489 -0.465818873
1403715546.112143040 0.877517045 2.003236478 1.071545854 0.486487314 0.637247175 0.370953826 -0.468657007
1403715546.162142992 0.904430536 1.953655953 1.073455569 0.472904827 0.649269579 0.362107607 -0.472956784
1403715546.212142944 0.931285722 1.901505557 1.074018079 0.457251958 0.661121130 0.353142636 -0.478675021
1403715546.262142897 0.960315109 1.852782840 1.067818559 0.442171254 0.673457622 0.341655036 -0.483953769
1403715546.312143087 0.988054464 1.803808195 1.059567259 0.426209335 0.684840577 0.329297494 -0.490817835
1403715546.362143040 1.017165637 1.752229653 1.052347837 0.409087833 0.695968902 0.317466722 -0.497482977
1403715546.412142992 1.051084562 1.699763635 1.047588144 -0.392300993 -0.707533988 -0.304153236 0.502977530
1403715546.462142944 1.085563237 1.640962351 1.051662008 -0.374792690 -0.718686967 -0.291011807 0.508263328
1403715546.512142897 1.116395250 1.584894767 1.056017135 -0.357371638 -0.730302242 -0.277012249 0.512062849
1403715546.562143087 1.143392027 1.529650535 1.063323867 -0.338530622 -0.739983710 -0.263957785 0.517829523
1403715546.612143040 1.171849303 1.473797139 1.077373190 -0.318401185 -0.750980417 -0.251810768 0.520807484
1403715546.662142992 1.202602783 1.418327082 1.091040844 -0.298934654 -0.762968513 -0.238731666 0.521079949
1403715546.712142944 1.237866212 1.359217192 1.104830744 -0.279432664 -0.775635562 -0.224706004 0.519436303
1403715546.762142897 1.274445828 1.300339718 1.115166289 -0.261300069 -0.789038117 -0.209562421 0.514999723
1403715546.812143087 1.307546207 1.242328137 1.124128295 -0.243934022 -0.801724527 -0.193088847 0.510343681
1403715546.862143040 1.334739988 1.189250554 1.131924609 -0.227287415 -0.812555667 -0.175787954 0.507141316
1403715546.912142992 1.356856963 1.139579890 1.143454960 -0.210041996 -0.820751594 -0.159159726 0.506870163
1403715546.962142944 1.378303832 1.088853730 1.157931561 -0.187358274 -0.829178735 -0.150174922 0.504784107
1403715547.012142897 1.400242759 1.042933205 1.166471392 -0.164956423 -0.835407182 -0.141405469 0.504865043
1403715547.062143087 1.418842209 0.996302450 1.176075665 -0.142088691 -0.840628308 -0.132589087 0.505544247
1403715547.112143040 1.433607559 0.952913068 1.185879213 -0.121221657 -0.845439434 -0.122076897 0.505603307
1403715547.162142992 1.445481388 0.910226965 1.194707478 -0.099685105 -0.849178407 -0.112169435 0.506336775
1403715547.212142944 1.455776516 0.869012324 1.200816112 -0.078739921 -0.851893833 -0.101330575 0.507748991
1403715547.262142897 1.460502153 0.828847292 1.208717411 -0.057386225 -0.854335933 -0.092142297 0.508258529
1403715547.312143087 1.464980373 0.786616285 1.216703340 -0.038100820 -0.856617537 -0.082650346 0.507861834
1403715547.362143040 1.467747720 0.745161814 1.221712483 -0.020630903 -0.858365588 -0.072506490 0.507469892
1403715547.412142992 1.464669323 0.705013212 1.225876948 -0.004120284 -0.860883492 -0.062237334 0.504964504
1403715547.462142944 1.456977794 0.664269316 1.229143405 0.010427183 -0.864230539 -0.051116555 0.500383800
1403715547.512142897 1.446865796 0.621558030 1.231932931 -0.024889311 0.866889922 0.039848425 -0.496280655
1403715547.562143087 1.432630599 0.579911307 1.230764925 -0.041501507 0.868645111 0.029133702 -0.492833161
1403715547.612143040 1.415440702 0.536354269 1.229300805 -0.058368831 0.869445513 0.018546895 -0.490217903
1403715547.662142992 1.395137555 0.492129161 1.227557376 -0.075892005 0.869714342 0.008485563 -0.487611898
1403715547.712142944 1.371876098 0.448967101 1.226562039 -0.093591612 0.869381612 -0.001859688 -0.485193532
1403715547.762142897 1.345070534 0.404345198 1.223910438 -0.110826436 0.868153799 -0.012101382 -0.483611454
1403715547.812143087 1.314228404 0.357532105 1.221192238 -0.127338580 0.866632884 -0.022413029 -0.481902465
1403715547.862143040 1.279894508 0.307677167 1.218184550 -0.142806570 0.864520833 -0.033657574 -0.480704879
1403715547.912142992 1.240653121 0.255240071 1.214298898 -0.158084984 0.860316765 -0.044383517 -0.482591240
1403715547.962142944 1.195885376 0.200041959 1.211465273 -0.169753031 0.855434511 -0.056500184 -0.486028225
1403715548.012142897 1.150893947 0.143699307 1.207571844 -0.178490180 0.849069812 -0.068395219 -0.492487364
1403715548.062143087 1.104075632 0.084776926 1.205990961 0.186812278 -0.841888989 0.076425710 0.500482980
1403715548.112143040 1.054644852 0.025039951 1.206135707 0.192615842 -0.833943815 0.083867884 0.510297000
1403715548.162142992 1.003985033 -0.036061330 1.199776468 0.198059223 -0.826824147 0.088489884 0.518945002
1403715548.212142944 0.953592566 -0.097764010 1.193943791 0.202903197 -0.820793480 0.090809407 0.526195788
1403715548.262142897 0.900833234 -0.161084032 1.190550699 0.206737042 -0.816121890 0.091220128 0.531868164
1403715548.312143087 0.847047802 -0.223284725 1.185533746 0.208507931 -0.812679740 0.092173463 0.536264987
1403715548.362143040 0.793251057 -0.283977419 1.179406348 0.209199199 -0.811490392 0.092231346 0.537784732
1403715548.412142992 0.742633165 -0.343714643 1.170303764 0.210224579 -0.809795043 0.090802222 0.540178277
1403715548.462142944 0.697156863 -0.402292747 1.149712091 0.208558987 -0.809581458 0.090499271 0.541193952
1403715548.512142897 0.651748556 -0.462572562 1.131558654 0.206559891 -0.810043482 0.090701946 0.541235370
1403715548.562143087 0.607814740 -0.524266771 1.116515036 0.202746847 -0.811154529 0.092385051 0.540728258
1403715548.612143040 0.563442002 -0.587812292 1.093888405 0.199392128 -0.812077050 0.093788987 0.540349211
1403715548.662142992 0.515728103 -0.648162341 1.076768089 0.195692281 -0.813501754 0.093934383 0.539532908
1403715548.712142944 0.472833177 -0.717160459 1.057303110 0.192131306 -0.813966294 0.094793954 0.539961610
1403715548.762142897 0.430736628 -0.782449756 1.041360156 0.189154592 -0.813852402 0.095576708 0.541045193
1403715548.812143087 0.386730654 -0.847485711 1.026111947 0.185966639 -0.815204557 0.095454572 0.540135505
1403715548.862143040 0.342748106 -0.911575796 1.007844769 0.183887946 -0.814785029 0.093964729 0.541739061
1403715548.912142992 0.300889686 -0.974767574 0.991069404 0.181237937 -0.814312738 0.094401007 0.543264232
1403715548.962142944 0.257653252 -1.037474606 0.976659315 0.180753629 -0.813652582 0.095179390 0.544277948
1403715549.012142897 0.216940849 -1.101094049 0.959751541 0.182674974 -0.812049232 0.097018676 0.545704385
1403715549.062143087 0.173249742 -1.166318955 0.944288758 0.185635866 -0.810666716 0.100059838 0.546211341
1403715549.112143040 0.130041650 -1.228758603 0.933668792 0.188438200 -0.806686015 0.106304095 0.549952867
1403715549.162142992 0.086669346 -1.293335893 0.921994110 0.192326055 -0.801423374 0.109841668 0.555577242
1403715549.212142944 0.045480356 -1.355840118 0.906419284 0.195738960 -0.795624261 0.113697059 0.561908599
1403715549.262142897 0.001355796 -1.418227866 0.890075457 0.198314947 -0.790236112 0.118127794 0.567665300
1403715549.312143087 -0.041572994 -1.479778256 0.876566823 0.201600127 -0.786056947 0.120561592 0.571783847
1403715549.362143040 -0.080531412 -1.540517189 0.865489176 0.200338988 -0.783862198 0.129005232 0.573395147
1403715549.412142992 -0.113782935 -1.600763357 0.856767039 0.198525353 -0.783809156 0.137149719 0.572206995
1403715549.462142944 -0.142751205 -1.660417059 0.850259033 0.196388051 -0.785538036 0.145060417 0.568611646
1403715549.512142897 -0.165988025 -1.718635488 0.844373378 0.194972765 -0.787306337 0.151489872 0.564964752
1403715549.562143087 -0.189732139 -1.775759920 0.833668532 0.193708148 -0.792474581 0.156246820 0.556819650
1403715549.612143040 -0.213377682 -1.829786983 0.824232009 0.190633746 -0.797424160 0.160567551 0.549537575
1403715549.662142992 -0.237190854 -1.879434704 0.816045495 0.185952677 -0.802443541 0.162913768 0.543106868
1403715549.712142944 -0.265274369 -1.924317043 0.806772876 0.178220564 -0.806372176 0.164573753 0.539367058
1403715549.762142897 -0.295302659 -1.964819335 0.793972643 0.169806039 -0.808400232 0.164173195 0.539168004
1403715549.812143087 -0.327817017 -2.001668185 0.781467120 0.159709436 -0.809468907 0.162129397 0.541264301
1403715549.862143040 -0.362529856 -2.033653207 0.770171641 0.148031609 -0.810746023 0.159225109 0.543530030
1403715549.912142992 -0.397043054 -2.062412783 0.763724973 0.133687140 -0.812858069 0.157292167 0.544654645
1403715549.962142944 -0.432272664 -2.084401852 0.761065826 0.116989428 -0.814777228 0.155721484 0.546079080
1403715550.012142897 -0.466023494 -2.104582945 0.756663881 0.098872917 -0.817853717 0.152327756 0.546018038
1403715550.062143087 -0.499526773 -2.120201507 0.749625814 0.081895427 -0.821854513 0.144960192 0.544825515
1403715550.112143040 -0.529168383 -2.133960738 0.744887462 0.067299878 -0.825228108 0.132400246 0.544921527
1403715550.162142992 -0.558754793 -2.143900761 0.740833127 0.055706388 -0.828262368 0.115496022 0.545471280
1403715550.212142944 -0.590987868 -2.147748787 0.744388977 0.043755207 -0.830367910 0.099115271 0.546580990
1403715550.262142897 -0.626892448 -2.145875676 0.753632808 0.032068372 -0.832744005 0.082818756 0.546488879
1403715550.312143087 -0.663177166 -2.137836543 0.771758793 0.020190710 -0.834030617 0.067377378 0.547216186
1403715550.362143040 -0.700532647 -2.125731565 0.792622590 0.008526194 -0.833992872 0.051768865 0.549275139
1403715550.412142992 -0.739627105 -2.108374046 0.813053854 -0.002782240 -0.832556719 0.034842021 0.552835963
1403715550.462142944 -0.786296005 -2.086119334 0.830304251 -0.014989671 -0.831434912 0.017791000 0.555134918
1403715550.512142897 -0.831756308 -2.063563278 0.843148374 -0.027544457 -0.829494177 0.001583962 0.557833492
1403715550.562143087 -0.877991134 -2.039148268 0.856539353 -0.041525153 -0.828271025 -0.012962678 0.558636501
1403715550.612143040 -0.923724909 -2.012539702 0.862499106 -0.057348692 -0.826383338 -0.024702073 0.559635162
1403715550.662142992 -0.966150339 -1.989732721 0.870959317 -0.074952807 -0.823926418 -0.034255489 0.560672717
1403715550.712142944 -1.006144029 -1.965342796 0.878241221 -0.093529843 -0.821442145 -0.042931154 0.560929484
1403715550.762142897 -1.047798150 -1.935974467 0.885198230 -0.113833745 -0.818572732 -0.048760733 0.560894778
1403715550.812143087 -1.087571306 -1.905883511 0.888305646 -0.134483624 -0.815256005 -0.053611586 0.560711689
1403715550.862143040 -1.124095851 -1.875175802 0.886562430 -0.154512296 -0.811589353 -0.059030384 0.560324983
1403715550.912142992 -1.161041917 -1.840210841 0.884249804 -0.174325457 -0.807375385 -0.064080901 0.560043981
1403715550.962142944 -1.197617009 -1.802966234 0.877355393 -0.192766490 -0.802345866 -0.071644679 0.560311727
1403715551.012142897 -1.230108559 -1.766138524 0.866293344 -0.208883245 -0.798171120 -0.081406640 0.559163314
1403715551.062143087 -1.262551161 -1.723408158 0.859775794 -0.222359516 -0.793307621 -0.095307253 0.558691141
1403715551.112143040 -1.294277806 -1.674169068 0.858024112 -0.235669659 -0.788199662 -0.109062275 0.557948496
1403715551.162142992 -1.322853736 -1.623375369 0.862502681 -0.249103676 -0.783199400 -0.122798444 0.556297223
1403715551.212142944 -1.353204702 -1.569911281 0.872300851 -0.264472889 -0.777377067 -0.132971199 0.555029412
1403715551.262142897 -1.380216145 -1.514688265 0.886936011 -0.280170169 -0.770175527 -0.142602440 0.554976466
1403715551.312143087 -1.403739555 -1.457306514 0.902582170 -0.297875031 -0.762489949 -0.149887994 0.554448494
1403715551.362143040 -1.425671937 -1.396987194 0.917236186 -0.315299581 -0.754551582 -0.158021075 0.553414333
1403715551.412142992 -1.445529566 -1.332723763 0.929894256 -0.332184478 -0.746019771 -0.166872564 0.552504770
1403715551.462142944 -1.464440815 -1.263672533 0.944237241 -0.347789343 -0.737064616 -0.177189863 0.551708326
1403715551.512142897 -1.479670446 -1.193470081 0.959156788 -0.362277712 -0.728380401 -0.188771147 0.550074817
1403715551.562143087 -1.491305623 -1.121082851 0.975614340 -0.374506705 -0.718745464 -0.204243659 0.549030248
1403715551.612143040 -1.502530179 -1.047595524 0.992550750 -0.385143181 -0.710625218 -0.221232571 0.545648862
1403715551.662142992 -1.507351334 -0.972853546 1.012670995 -0.393584386 -0.700712931 -0.240917387 0.544106178
1403715551.712142944 -1.509162081 -0.896160571 1.035346611 -0.402382499 -0.689717960 -0.259700845 0.543077279
1403715551.762142897 -1.506144224 -0.821634290 1.061112882 -0.411643390 -0.679047117 -0.277022540 0.541020558
1403715551.812143087 -1.499789812 -0.741786489 1.075475245 -0.421588352 -0.665588694 -0.292405874 0.541990550
1403715551.862143040 -1.493727420 -0.666051222 1.092694762 -0.431625396 -0.651824810 -0.307105731 0.542687760
1403715551.912142992 -1.485387112 -0.593775655 1.110824493 -0.441157386 -0.636099171 -0.321549984 0.545310566
1403715551.962142944 -1.473849286 -0.522927794 1.127053404 -0.449831221 -0.623137876 -0.336862031 0.543943961
1403715552.012142897 -1.459371416 -0.451467189 1.142386936 -0.457782097 -0.612767168 -0.353596160 0.538443781
1403715552.062143087 -1.443645287 -0.382472341 1.153883200 -0.465620207 -0.605884817 -0.370916732 0.527752014
1403715552.112143040 -1.423100936 -0.314081669 1.168454089 -0.476556409 -0.598269220 -0.381662380 0.518942922
1403715552.162142992 -1.400941608 -0.250213725 1.179557429 -0.486962415 -0.591309872 -0.393283600 0.508476401
1403715552.212142944 -1.375254035 -0.192399447 1.192829076 -0.495778862 -0.580703436 -0.406082791 0.502079282
1403715552.262142897 -1.348804861 -0.137991716 1.204653886 0.502834406 0.570036377 0.421246694 -0.494739641
1403715552.312143087 -1.322053851 -0.087723646 1.215143549 0.510282271 0.556822603 0.435929978 -0.489413575
1403715552.362143040 -1.294280098 -0.040388745 1.222734940 0.518880489 0.544497303 0.449155418 -0.482229338
1403715552.412142992 -1.266343825 0.004928611 1.228997058 0.529413045 0.533022189 0.460546938 -0.472763886
1403715552.462142944 -1.239026063 0.042495231 1.235677831 0.540172324 0.519887419 0.471855357 -0.463986480
1403715552.512142897 -1.209350447 0.075505279 1.247007886 0.552237918 0.504596922 0.481811358 -0.456369416
1403715552.562143087 -1.178541088 0.104067045 1.258498244 0.564952550 0.488428039 0.490248898 -0.449358082
1403715552.612143040 -1.148561859 0.125103917 1.265604795 0.576545746 0.470344105 0.499805195 -0.443357860
1403715552.662142992 -1.120608184 0.143790251 1.272401261 0.590088392 0.451214806 0.506787876 -0.437455069
1403715552.712142944 -1.093985663 0.158365815 1.277973047 0.604458787 0.433163612 0.513052750 -0.428690723
1403715552.762142897 -1.067381321 0.164458637 1.281023080 0.618582261 0.414008604 0.519010026 -0.420215963
1403715552.812143087 -1.038757174 0.167068328 1.284088198 0.633215630 0.394394222 0.524573370 -0.410260823
1403715552.862143040 -1.011016510 0.165973688 1.285670728 0.648210565 0.376139874 0.528462482 -0.398834883
1403715552.912142992 -0.979680189 0.156647209 1.288335123 0.663561102 0.355951960 0.530569851 -0.389204958
1403715552.962142944 -0.947320650 0.144719597 1.290371421 0.679897387 0.336108359 0.529782360 -0.379606856
1403715553.012142897 -0.914505889 0.126466853 1.291657091 0.694926822 0.314876125 0.529056378 -0.371522661
1403715553.062143087 -0.881013743 0.106243221 1.291020777 0.708521788 0.294122705 0.529068566 -0.362732907
1403715553.112143040 -0.846883107 0.080645792 1.289123258 0.720056393 0.274104696 0.531061508 -0.352645829
1403715553.162142992 -0.815312756 0.051405223 1.285653615 0.728491381 0.255859110 0.537087248 -0.339667061
1403715553.212142944 -0.781257672 0.015674860 1.280362956 0.733913573 0.236739668 0.545345353 -0.328517340
1403715553.262142897 -0.743656176 -0.023808043 1.276746842 0.738710029 0.217087681 0.552961761 -0.318455213
1403715553.312143087 -0.705753298 -0.067394730 1.272567543 0.740832182 0.198146637 0.563576703 -0.307061703
1403715553.362143040 -0.665993240 -0.113640268 1.267235928 0.740304558 0.179938199 0.577292344 -0.293777051
1403715553.412142992 -0.627920776 -0.164156448 1.262367724 0.739183526 0.162987755 0.591195312 -0.278443550
1403715553.462142944 -0.593428990 -0.215375684 1.255477715 0.735353980 0.148770649 0.608788756 -0.257872196
1403715553.512142897 -0.554673303 -0.276247579 1.246602285 0.732594004 0.133261620 0.622658267 -0.240507898
1403715553.562143087 -0.517907069 -0.337905811 1.236362098 0.730734829 0.120624622 0.634380263 -0.221445235
1403715553.612143040 -0.482697367 -0.404956596 1.223668940 0.731017691 0.108635667 0.641890785 -0.204420272
1403715553.662142992 -0.451160652 -0.474646403 1.210336746 0.731786063 0.100295721 0.647368421 -0.188000143
1403715553.712142944 -0.422531392 -0.548131532 1.195742996 0.736114099 0.093682447 0.647194867 -0.174638016
1403715553.762142897 -0.400498894 -0.624629323 1.180390420 0.744948293 0.092048056 0.641135951 -0.159761979
1403715553.812143087 -0.381741219 -0.704659984 1.164223716 0.756669276 0.092199974 0.630413165 -0.146731087
1403715553.862143040 -0.366163162 -0.783917236 1.147781370 0.767695820 0.094152451 0.619518253 -0.134073031
1403715553.912142992 -0.353673982 -0.864469414 1.131380385 0.777158322 0.096574551 0.609490957 -0.123365604
1403715553.962142944 -0.342582460 -0.943016452 1.118086271 0.787376726 0.098579942 0.597421473 -0.115790625
1403715554.012142897 -0.332981077 -1.022506794 1.105862368 0.798435214 0.099953123 0.583167546 -0.111472846
1403715554.062143087 -0.326608923 -1.096829154 1.095150343 0.810359868 0.100758119 0.566768673 -0.109260957
1403715554.112143040 -0.321305623 -1.179933065 1.087625410 0.821221031 0.101817422 0.550924282 -0.108220452
1403715554.162142992 -0.317564160 -1.249070570 1.078227234 0.831374372 0.105148113 0.535559736 -0.104576749
1403715554.212142944 -0.310237477 -1.322709696 1.066297530 0.838761733 0.106634649 0.523670855 -0.104291145
1403715554.262142897 -0.298253371 -1.394787619 1.056511010 0.844430572 0.110214463 0.514305145 -0.101390325
1403715554.312143087 -0.281183801 -1.465308153 1.047453138 0.847555874 0.116918016 0.508831581 -0.095234658
1403715554.362143040 -0.261813724 -1.531977808 1.034298116 0.847557032 0.126273910 0.508309101 -0.085579407
1403715554.412142992 -0.238066798 -1.596077213 1.021956461 0.843007311 0.142069386 0.513844160 -0.071548182
1403715554.462142944 -0.212150232 -1.655842064 1.011659749 0.829727771 0.167296483 0.530245534 -0.049024338
1403715554.512142897 -0.181440282 -1.708682924 0.995538832 0.813021875 0.193524927 0.548489171 -0.026517226
1403715554.562143087 -0.151796544 -1.754479483 0.977178814 0.793598247 0.220564792 0.567055567 -0.000989022
1403715554.612143040 -0.125363189 -1.796088216 0.959506578 0.774399793 0.243921423 0.583386576 0.021619494
1403715554.662142992 -0.100175815 -1.829309194 0.933841237 0.757990259 0.261200454 0.596309135 0.040503144
1403715554.712142944 -0.077699608 -1.854127667 0.902950736 0.744492257 0.273550360 0.606654014 0.053594648
1403715554.762142897 -0.061416348 -1.866480037 0.875027072 0.733504851 0.282846849 0.614665430 0.064456978
1403715554.812143087 -0.049121076 -1.863038499 0.852977357 0.722442706 0.289412438 0.623813844 0.071925417
1403715554.862143040 -0.045769765 -1.845737847 0.833233419 0.714845727 0.289750781 0.632460676 0.070947621
1403715554.912142992 -0.049964969 -1.813366157 0.819174870 0.710931708 0.285948344 0.639126736 0.065777398
1403715554.962142944 -0.065380487 -1.767855201 0.811604517 0.707681170 0.277056152 0.647612910 0.054997906
1403715555.012142897 -0.090306364 -1.710708625 0.811998385 0.714611053 0.258828118 0.649066761 0.032425123
1403715555.062143087 -0.123586269 -1.642368531 0.819080327 0.728240366 0.234357788 0.644003609 0.001322473
1403715555.112143040 -0.163318643 -1.564588518 0.834728064 0.744373050 0.206665656 0.633960437 -0.035947653
1403715555.162142992 -0.216246985 -1.477144614 0.857413543 0.762047124 0.178543104 0.618137141 -0.072890431
1403715555.212142944 -0.269888631 -1.391466287 0.879098565 0.777613407 0.150685044 0.600287370 -0.110754144
1403715555.262142897 -0.322513485 -1.299844279 0.898486731 0.793334009 0.120190925 0.576896328 -0.152859149
1403715555.312143087 -0.380379564 -1.208413182 0.911170389 0.803474860 0.093775242 0.556663468 -0.189103509
1403715555.362143040 -0.436449369 -1.120600537 0.919313170 0.807387429 0.078590378 0.546037119 -0.209266714
1403715555.412142992 -0.486097263 -1.043141292 0.931627567 0.808308553 0.069347289 0.541161883 -0.221296301
1403715555.462142944 -0.533413644 -0.966829493 0.947869157 0.805344313 0.069021124 0.546223856 -0.219763783
1403715555.512142897 -0.576366451 -0.897164526 0.958265062 0.801140923 0.071392324 0.554068925 -0.214671804
1403715555.562143087 -0.620462751 -0.839828762 0.977572140 0.797288203 0.077980948 0.562027539 -0.205853196
1403715555.612143040 -0.656834029 -0.781566024 1.000073506 0.795045110 0.085008747 0.567250520 -0.197240041
1403715555.662142992 -0.690319802 -0.730309030 1.023204117 0.793685778 0.092847876 0.570830410 -0.188665845
1403715555.712142944 -0.717664607 -0.686203751 1.044430694 0.794344266 0.099498285 0.570581269 -0.183178311
1403715555.762142897 -0.745760037 -0.645256028 1.069427833 0.797197384 0.101148394 0.565491250 -0.185647459
1403715555.812143087 -0.772439344 -0.608438889 1.094421881 0.800097365 0.100017092 0.559379331 -0.192186243
1403715555.862143040 -0.797757713 -0.573396019 1.121860551 0.802723626 0.097917465 0.553350639 -0.199624700
1403715555.912142992 -0.819658985 -0.543144968 1.152595786 0.804360709 0.097399779 0.549453547 -0.204004736
1403715555.962142944 -0.840692628 -0.518377139 1.185220238 0.806087781 0.097068627 0.545484611 -0.207958434
1403715556.012142897 -0.857193382 -0.498600910 1.215954777 0.808573226 0.094390543 0.539397504 -0.215290723
1403715556.062143087 -0.871014661 -0.481463631 1.243384532 0.811754638 0.088991671 0.531228966 -0.225678258
1403715556.112143040 -0.882896298 -0.465072095 1.267604948 0.812931864 0.086449933 0.527398356 -0.231342102
1403715556.162142992 -0.892542803 -0.455059997 1.290199910 0.810670561 0.084966131 0.529843865 -0.234220999
1403715556.212142944 -0.894320414 -0.450265808 1.312412605 0.807433811 0.083835789 0.534038191 -0.236274017
1403715556.262142897 -0.895856404 -0.449736425 1.334793486 0.803090700 0.085473716 0.540840544 -0.235012930
1403715556.312143087 -0.890976845 -0.454875873 1.359630957 0.800215564 0.088576025 0.545468428 -0.232966808
1403715556.362143040 -0.884261545 -0.466939526 1.381957176 0.797947466 0.091728366 0.548868916 -0.231535441
1403715556.412142992 -0.879667051 -0.483829565 1.403493668 0.795688496 0.096387064 0.552693291 -0.228296907
1403715556.462142944 -0.868473299 -0.501001180 1.420810453 0.794989900 0.105143897 0.555422834 -0.220093835
1403715556.512142897 -0.856002369 -0.519886761 1.435892057 0.794971862 0.118167432 0.558402105 -0.205531713
1403715556.562143087 -0.842302631 -0.542573886 1.446912517 0.794801880 0.130740456 0.560844885 -0.191441690
1403715556.612143040 -0.827028075 -0.568304148 1.454784391 0.794827823 0.141194840 0.562076814 -0.179951116
1403715556.662142992 -0.811360659 -0.595783675 1.458585385 0.796846235 0.149578335 0.559854105 -0.170955491
1403715556.712142944 -0.796406253 -0.625759225 1.461714890 0.800141961 0.156549922 0.555317641 -0.163973417
1403715556.762142897 -0.781200130 -0.656142667 1.459849693 0.802235002 0.163584440 0.552277907 -0.156997596
1403715556.812143087 -0.767083795 -0.687553644 1.453068849 0.800198033 0.170663348 0.555076516 -0.149823866
1403715556.862143040 -0.748137912 -0.718020222 1.445875412 0.798635214 0.175963585 0.557033964 -0.144678180
1403715556.912142992 -0.728966503 -0.744386781 1.440524755 0.796783474 0.181397264 0.559618235 -0.138052742
1403715556.962142944 -0.708886849 -0.772077608 1.433962990 0.795312358 0.185444663 0.561298393 -0.134285679
1403715557.012142897 -0.685758772 -0.797447607 1.426384745 0.798209877 0.186386749 0.556911408 -0.134054672
1403715557.062143087 -0.663162629 -0.820664334 1.419373810 0.803366092 0.185606406 0.549449023 -0.135125704
1403715557.112143040 -0.640380410 -0.842120342 1.411716827 0.809011232 0.184253089 0.540899669 -0.137764920
1403715557.162142992 -0.615474558 -0.863155678 1.405898910 0.815749376 0.181691179 0.530748556 -0.140880238
1403715557.212142944 -0.590973279 -0.879910626 1.399849895 0.821027609 0.179808820 0.522713742 -0.142663231
1403715557.262142897 -0.561587985 -0.896385133 1.394618221 0.826022139 0.178330275 0.514839165 -0.144313456
1403715557.312143087 -0.528082283 -0.910894534 1.388831355 0.829011094 0.177359844 0.510310349 -0.144455667
1403715557.362143040 -0.493043604 -0.925814051 1.381291956 0.831541321 0.175167136 0.506794750 -0.144964089
1403715557.412142992 -0.455083659 -0.937180960 1.373876476 0.830653760 0.173722762 0.508662812 -0.145247638
1403715557.462142944 -0.411612263 -0.946525489 1.367511853 0.827654027 0.173105597 0.513887282 -0.144717397
1403715557.512142897 -0.366194895 -0.955173428 1.361247565 0.821175334 0.173127502 0.524590601 -0.143187429
1403715557.562143087 -0.313681167 -0.961726737 1.356479885 0.814844475 0.172953393 0.534932980 -0.141288047
1403715557.612143040 -0.260910353 -0.967359937 1.349151082 0.808530971 0.174150790 0.545014255 -0.137508670
1403715557.662142992 -0.204836565 -0.969156619 1.346209106 0.802611885 0.175008104 0.554243594 -0.134165437
1403715557.712142944 -0.148258066 -0.972441020 1.345220346 0.797870747 0.176228982 0.561682715 -0.129838923
1403715557.762142897 -0.091882523 -0.974140566 1.339958979 0.794633663 0.174937688 0.566865686 -0.128908653
1403715557.812143087 -0.033809609 -0.973486706 1.338393109 0.794381722 0.171936598 0.567944762 -0.129746806
1403715557.862143040 0.023720537 -0.971354414 1.339854786 0.795393047 0.168251773 0.567397942 -0.130770088
1403715557.912142992 0.079381385 -0.968006014 1.343871253 0.796772513 0.164501454 0.566532650 -0.130895346
1403715557.962142944 0.135447740 -0.965459651 1.348535438 0.797620475 0.160311192 0.566273858 -0.132044755
1403715558.012142897 0.187925222 -0.961175534 1.355798450 0.797277191 0.157213211 0.567695209 -0.131739274
1403715558.062143087 0.243714084 -0.954774401 1.367448753 0.798006707 0.155454249 0.567487079 -0.130298453
1403715558.112143040 0.298161154 -0.948445356 1.384126844 0.799364254 0.153604200 0.566308399 -0.129295539
1403715558.162142992 0.353879039 -0.942617056 1.402525264 0.801273511 0.151862779 0.564409484 -0.127829542
1403715558.212142944 0.407402295 -0.936201618 1.423642062 0.802461882 0.153186390 0.563442300 -0.122970050
1403715558.262142897 0.461692766 -0.928658891 1.444900579 0.802562465 0.155039344 0.563777282 -0.118370045
1403715558.312143087 0.514346866 -0.920147995 1.464546324 0.799977815 0.159394309 0.567729847 -0.110958415
1403715558.362143040 0.569042615 -0.909450264 1.480807084 0.796148003 0.161466612 0.573392460 -0.106291942
1403715558.412142992 0.626265377 -0.902039336 1.492486554 0.791079461 0.162209109 0.580490940 -0.104459374
1403715558.462142944 0.685169820 -0.894418893 1.502875989 0.785564513 0.158588300 0.588079428 -0.109090476
1403715558.512142897 0.744338779 -0.881182705 1.510158217 0.778519475 0.154955559 0.597224979 -0.114971848
1403715558.562143087 0.802790602 -0.862300586 1.514275887 0.771822655 0.150543107 0.605752228 -0.121205615
1403715558.612143040 0.856362701 -0.838944325 1.518026258 0.765131804 0.147548099 0.614019855 -0.125628412
1403715558.662142992 0.907677133 -0.816366149 1.517425722 0.762296932 0.144373214 0.617438850 -0.129726747
1403715558.712142944 0.956270513 -0.797332101 1.516728406 0.759922708 0.143051757 0.619965663 -0.133027250
1403715558.762142897 1.004457062 -0.776999123 1.515270381 0.759757583 0.145557657 0.619315095 -0.134276566
1403715558.812143087 1.049709549 -0.757161127 1.514482560 0.758558464 0.150959487 0.619184312 -0.135687427
1403715558.862143040 1.088733084 -0.737111452 1.516089389 0.757013430 0.158856865 0.619087834 -0.135740257
1403715558.912142992 1.122894674 -0.717841096 1.517242337 0.754878782 0.168693738 0.619317901 -0.134706290
1403715558.962142944 1.154735481 -0.700439437 1.518855045 0.751972676 0.178700922 0.619759136 -0.136020914
1403715559.012142897 1.185292473 -0.679829859 1.521618054 0.749342921 0.191096349 0.619277219 -0.135878982
1403715559.062143087 1.214304789 -0.662925867 1.525872143 0.747854816 0.201847094 0.617040019 -0.138681435
1403715559.112143040 1.239051212 -0.648726323 1.531081435 0.745021635 0.211190364 0.615687728 -0.145842433
1403715559.162142992 1.256104828 -0.635794231 1.535289454 0.741054131 0.221044685 0.615241952 -0.153151436
1403715559.212142944 1.268098427 -0.621638494 1.539767928 0.736368643 0.231911283 0.615145927 -0.159918312
1403715559.262142897 1.278564981 -0.607502197 1.545742517 0.731934852 0.243848115 0.614142920 -0.166246630
1403715559.312143087 1.285473880 -0.595252411 1.548210908 0.727251882 0.255594523 0.613323985 -0.172075067
1403715559.362143040 1.288812512 -0.584785376 1.551676222 0.723010559 0.268330312 0.611473663 -0.177072115
1403715559.412142992 1.291485796 -0.571795825 1.552567114 0.721172824 0.280767781 0.606510195 -0.182276148
1403715559.462142944 1.291900758 -0.557127188 1.548783737 0.721772841 0.293683174 0.598904210 -0.184683261
1403715559.512142897 1.294172143 -0.542217547 1.535119899 0.726072109 0.301687536 0.587489670 -0.191467518
1403715559.562143087 1.292081549 -0.527546264 1.524168648 0.730354213 0.306937520 0.576495066 -0.200063793
1403715559.612143040 1.284668899 -0.511650252 1.512704964 0.733471900 0.310761129 0.567279218 -0.208903760
1403715559.662142992 1.272287820 -0.493467829 1.500767808 0.734500670 0.315327518 0.561547420 -0.213873367
1403715559.712142944 1.260201650 -0.470907129 1.484709152 0.733467390 0.322090989 0.557985460 -0.216645354
1403715559.762142897 1.248822032 -0.448866226 1.469263710 0.730912026 0.329628847 0.556299852 -0.218272554
1403715559.812143087 1.237367473 -0.426828888 1.454756902 0.728034666 0.337652270 0.554343400 -0.220589808
1403715559.862143040 1.224106222 -0.404236684 1.441614772 0.724997347 0.346069798 0.551981105 -0.223453354
1403715559.912142992 1.207682788 -0.380232939 1.430919123 0.720468117 0.356688016 0.550619940 -0.224759946
1403715559.962142944 1.193053484 -0.356053259 1.417851098 0.715819425 0.367524641 0.548583818 -0.227121076
1403715560.012142897 1.178686660 -0.330386681 1.404633720 0.710945722 0.379475595 0.546326262 -0.228214959
1403715560.062143087 1.163292707 -0.302556805 1.392728492 0.706593582 0.389750034 0.542898987 -0.232553457
1403715560.112143040 1.143284759 -0.272634018 1.382271525 0.701472670 0.400990901 0.539811829 -0.236105020
1403715560.162142992 1.123333692 -0.242793926 1.373041100 0.697352277 0.409514566 0.535242707 -0.243952590
1403715560.212142944 1.101644783 -0.212157237 1.366695115 0.694354131 0.415945532 0.529007647 -0.254975616
1403715560.262142897 1.077631244 -0.176894805 1.362405503 0.690884873 0.421596254 0.522962017 -0.267292761
1403715560.312143087 1.053189417 -0.136890525 1.361613719 0.689085565 0.428472468 0.514776145 -0.276727210
1403715560.362143040 1.028023999 -0.096937837 1.361725399 0.685392297 0.434991761 0.508353442 -0.287395800
1403715560.412142992 0.996814626 -0.056299676 1.364925614 0.679813633 0.442112992 0.504233884 -0.296879972
1403715560.462142944 0.968569367 -0.012386819 1.366517305 0.675058767 0.451190436 0.499325345 -0.302319453
1403715560.512142897 0.940532004 0.031699088 1.366115744 0.669554332 0.458978109 0.494969386 -0.309905467
1403715560.562143087 0.915184263 0.074360047 1.365271832 0.664420556 0.466804290 0.489862949 -0.317290671
1403715560.612143040 0.889909295 0.118346144 1.364601275 0.658611632 0.476037346 0.485262302 -0.322706774
1403715560.662142992 0.865110514 0.167320651 1.363792570 0.652473374 0.485723482 0.479988349 -0.328576293
1403715560.712142944 0.837691405 0.214475883 1.364496357 0.646280355 0.494706451 0.475004007 -0.334601888
1403715560.762142897 0.808349585 0.262481699 1.367692128 0.638673166 0.504991067 0.470732399 -0.339840579
1403715560.812143087 0.779174473 0.313379082 1.367589286 0.630669008 0.515819067 0.466706842 -0.344052345
1403715560.862143040 0.748499753 0.363676781 1.368812115 0.620707840 0.527998198 0.464569663 -0.346575691
1403715560.912142992 0.716209649 0.414552567 1.370721516 0.611670154 0.540221380 0.460081114 -0.349779719
1403715560.962142944 0.682321676 0.463496628 1.372965913 0.601994563 0.551427813 0.456030355 -0.354353254
1403715561.012142897 0.647758837 0.511910833 1.376457259 0.592725319 0.562704565 0.449901909 -0.360039638
1403715561.062143087 0.609743785 0.555758216 1.384853421 0.583627459 0.573016905 0.442920479 -0.367222092
1403715561.112143040 0.571427054 0.603904284 1.387315512 0.575528901 0.582439243 0.434557962 -0.375087177
1403715561.162142992 0.531847078 0.653254846 1.393881524 0.568469218 0.591206151 0.425054156 -0.382945166
1403715561.212142944 0.490057178 0.699500604 1.404566884 0.561794729 0.599079535 0.416285973 -0.390123547
1403715561.262142897 0.450509506 0.745136712 1.413951019 0.558155189 0.602195855 0.405489179 -0.401748008
1403715561.312143087 0.406997385 0.790616626 1.422074695 0.555680486 0.604185258 0.394933848 -0.412561058
1403715561.362143040 0.360863778 0.839016018 1.429999011 0.553914035 0.606228694 0.384048599 -0.422105065
1403715561.412142992 0.314451904 0.887374357 1.437279340 0.550146506 0.609068562 0.375727525 -0.430352338
1403715561.462142944 0.270599891 0.932689416 1.447555369 0.543710097 0.613314690 0.371354476 -0.436257121
1403715561.512142897 0.228962365 0.977028335 1.458355574 0.534097627 0.619387707 0.371420882 -0.439482789
1403715561.562143087 0.189355457 1.025707753 1.466858309 0.524046930 0.625763421 0.371750055 -0.442263330
1403715561.612143040 0.154694694 1.076496122 1.473515760 0.513653928 0.632483570 0.372746373 -0.444054408
1403715561.662142992 0.124024283 1.131874228 1.476857973 0.503113900 0.639922461 0.373515785 -0.444816373
1403715561.712142944 0.087351479 1.183637722 1.480894258 0.490363538 0.644702421 0.376554485 -0.449565466
1403715561.762142897 0.055525741 1.234863270 1.483398523 0.478358830 0.649949895 0.377846248 -0.453839373
1403715561.812143087 0.024030419 1.286123843 1.485407117 0.467115524 0.653702325 0.376912696 -0.460883041
1403715561.862143040 -0.008072303 1.338012680 1.486928587 0.455492951 0.659044453 0.374870170 -0.466539320
1403715561.912142992 -0.039274394 1.386701981 1.488587424 0.444022299 0.663312054 0.371372159 -0.474282654
1403715561.962142944 -0.071158034 1.433702572 1.491063969 0.431204173 0.666722367 0.369235073 -0.482917910
1403715562.012142897 -0.102506254 1.475337637 1.496756286 0.418196752 0.668533801 0.367875088 -0.492789968
1403715562.062143087 -0.133990562 1.513927698 1.503481433 -0.406573917 -0.669052948 -0.366033870 0.503075551
1403715562.112143040 -0.166645224 1.546618534 1.511203047 -0.395109172 -0.669507854 -0.367391670 0.510559827
1403715562.162142992 -0.198601624 1.577516375 1.516837970 -0.386050598 -0.669708435 -0.368390797 0.516472428
1403715562.212142944 -0.232076405 1.606402056 1.522403510 -0.377694477 -0.670826941 -0.370346887 0.519789651
1403715562.262142897 -0.262833761 1.633554491 1.525282603 -0.371875294 -0.674534251 -0.372337496 0.517761624
1403715562.312143087 -0.294627314 1.656903700 1.526803452 -0.367686442 -0.679499094 -0.373616232 0.513321121
1403715562.362143040 -0.327521304 1.675853928 1.528477026 -0.365452234 -0.686140334 -0.374097687 0.505674823
1403715562.412142992 -0.360659275 1.688318486 1.532079324 0.364310743 0.694275211 0.373210610 -0.495957110
1403715562.462142944 -0.395033320 1.696683044 1.533785831 0.363447773 0.702955375 0.372161531 -0.485031187
1403715562.512142897 -0.431546135 1.701361560 1.536708505 0.361192896 0.710700024 0.370225081 -0.476842276
1403715562.562143087 -0.472872605 1.699562773 1.544259064 0.354185491 0.716298848 0.371966115 -0.472345009
1403715562.612143040 -0.515829525 1.696830601 1.548243758 0.347582706 0.720764649 0.370148135 -0.471884457
1403715562.662142992 -0.558277376 1.696339082 1.546085857 0.348556444 0.724675301 0.358818257 -0.473923593
1403715562.712142944 -0.601689160 1.690212250 1.547383336 0.352916330 0.726072506 0.343865236 -0.479609715
1403715562.762142897 -0.649792496 1.680052015 1.551276772 0.357566253 0.726993048 0.329446508 -0.484863363
1403715562.812143087 -0.699107595 1.668591103 1.551720300 0.360580558 0.727838232 0.316237361 -0.490129677
1403715562.862143040 -0.754344143 1.655422850 1.551204178 0.362834546 0.729294350 0.302759567 -0.494790348
1403715562.912142992 -0.812042152 1.640858595 1.552049740 0.362609310 0.730976491 0.290445353 -0.499829325
1403715562.962142944 -0.867060203 1.624337748 1.555374029 -0.359075639 -0.733515766 -0.280655783 0.504233713
1403715563.012142897 -0.917300682 1.609079389 1.558739133 -0.354874106 -0.736216182 -0.270500616 0.508802043
1403715563.062143087 -0.968436092 1.592430242 1.563391794 -0.346561187 -0.738745627 -0.263944163 0.514279809
1403715563.112143040 -1.023320208 1.575097869 1.567372058 -0.333944783 -0.742265071 -0.260389952 0.519346243
1403715563.162142992 -1.078742392 1.556504114 1.570374336 -0.319655052 -0.745260810 -0.256298743 0.526039853
1403715563.212142944 -1.130675088 1.540194315 1.572235351 -0.303148945 -0.747491254 -0.251495351 0.534890299
1403715563.262142897 -1.180364711 1.524335196 1.575273488 -0.285670616 -0.749276681 -0.244494625 0.545159732
1403715563.312143087 -1.228992697 1.508134766 1.578550200 -0.266482616 -0.752948756 -0.236456461 0.553302384
1403715563.362143040 -1.277951021 1.494349518 1.578213826 -0.247285229 -0.757893453 -0.224853760 0.560257366
1403715563.412142992 -1.314671020 1.483806284 1.568496136 -0.226779536 -0.762529154 -0.213303497 0.567117227
1403715563.462142944 -1.354977565 1.469583097 1.560488509 -0.205091838 -0.768410582 -0.203538938 0.571011748
1403715563.512142897 -1.395755157 1.452846244 1.553566601 -0.184611490 -0.774159289 -0.192598194 0.574022586
1403715563.562143087 -1.437208962 1.430637548 1.542989566 -0.163990542 -0.778559645 -0.182494785 0.577622398
1403715563.612143040 -1.477108498 1.405191406 1.529498966 -0.143394503 -0.782511627 -0.174108167 0.580344653
1403715563.662142992 -1.516692496 1.373704654 1.512813241 -0.123806972 -0.784609682 -0.164676928 0.584757206
1403715563.712142944 -1.555127087 1.342904564 1.492737376 -0.104625902 -0.786555130 -0.156558481 0.588110441
1403715563.762142897 -1.593791404 1.306349747 1.472809474 -0.086573757 -0.787244431 -0.147154487 0.592534175
1403715563.812143087 -1.628362345 1.264198791 1.450289298 -0.070723921 -0.787780492 -0.134778736 0.596854015
1403715563.862143040 -1.660256371 1.223986895 1.421587507 -0.058580691 -0.787884579 -0.115747166 0.602003976
1403715563.912142992 -1.690506714 1.182471779 1.391782244 -0.045981247 -0.789503509 -0.097868146 0.604145479
1403715563.962142944 -1.715820816 1.143661080 1.364799733 -0.034429745 -0.790667582 -0.076931068 0.606416506
1403715564.012142897 -1.734847940 1.097772813 1.341619363 -0.023014551 -0.792719612 -0.054410885 0.606716905
1403715564.062143087 -1.749793679 1.051420733 1.320891240 -0.011708087 -0.795065304 -0.031697633 0.605581822
1403715564.112143040 -1.761556256 1.002189376 1.300908600 0.001036847 -0.796735485 -0.010298592 0.604239548
1403715564.162142992 -1.771361768 0.951496712 1.280194559 0.014203696 -0.796734019 0.010205488 0.604076987
1403715564.212142944 -1.781336827 0.903649230 1.257287518 0.028831458 -0.798579054 0.029097519 0.600494442
1403715564.262142897 -1.787856859 0.855522184 1.234954746 0.045837097 -0.799193511 0.045528148 0.597591733
1403715564.312143087 -1.793219735 0.809795115 1.211444742 0.066337953 -0.798903490 0.059237658 0.594847367
1403715564.362143040 -1.794898485 0.768419166 1.200114499 0.087193682 -0.798114800 0.074386486 0.591503744
1403715564.412142992 -1.790734098 0.728106462 1.187272147 0.110010084 -0.800914836 0.087917990 0.581982503
1403715564.462142944 -1.785191439 0.689161538 1.177262279 0.133969430 -0.804062598 0.100218457 0.570518878
1403715564.512142897 -1.775433819 0.652235222 1.167437986 0.157365102 -0.805305425 0.113781147 0.560154663
1403715564.562143087 -1.767163353 0.617928769 1.162803044 0.181233846 -0.805575232 0.124633997 0.550153802
1403715564.612143040 -1.756169764 0.588115120 1.166959024 0.204481573 -0.802733772 0.136857741 0.543208740
1403715564.662142992 -1.744795454 0.559731001 1.173371542 0.228127410 -0.799237215 0.147978070 0.535985307
1403715564.712142944 -1.738363731 0.533632503 1.179182657 0.251314560 -0.793635205 0.158314172 0.530962123
1403715564.762142897 -1.732243625 0.507851123 1.186578771 0.273268083 -0.788391766 0.169189673 0.524535825
1403715564.812143087 -1.724605962 0.486072383 1.197035041 0.294830146 -0.780380950 0.179943437 0.521249572
1403715564.862143040 -1.717168615 0.461944118 1.212462107 0.314590123 -0.772586966 0.191437089 0.517198488
1403715564.912142992 -1.708124932 0.437487875 1.231111031 0.333140417 -0.762279780 0.203421983 0.516300781
1403715564.962142944 -1.700524655 0.404702945 1.249124367 0.351272083 -0.751790061 0.214649892 0.515116541
1403715565.012142897 -1.691458958 0.370474383 1.274237588 0.368653086 -0.741254652 0.227046351 0.512919485
1403715565.062143087 -1.681732329 0.332004390 1.298370490 0.386211610 -0.731870637 0.238682912 0.508169686
1403715565.112143040 -1.670221404 0.294738486 1.328606589 0.401625686 -0.722536926 0.253871372 0.502181765
1403715565.162142992 -1.653815722 0.258472303 1.358466207 -0.415971733 0.713928776 -0.269799313 -0.494450757
1403715565.212142944 -1.634257795 0.225505249 1.389194992 -0.429535703 0.705409750 -0.285681846 -0.486088518
1403715565.262142897 -1.613373687 0.195583524 1.414174052 -0.441765930 0.696340234 -0.301509102 -0.478586881
1403715565.312143087 -1.589006959 0.164859803 1.435812104 -0.452574466 0.686017954 -0.317011091 -0.473349435
1403715565.362143040 -1.567350373 0.135224752 1.458653614 -0.462845172 0.674857166 -0.331975871 -0.469184583
1403715565.412142992 -1.544568348 0.106239440 1.481999515 -0.472934129 0.663082399 -0.346619065 -0.465306635
1403715565.462142944 -1.525472361 0.078558754 1.502245798 -0.482241118 0.651723494 -0.362685881 -0.459520340
1403715565.512142897 -1.501477390 0.052443498 1.519095124 -0.493075373 0.639229103 -0.375988989 -0.454857242
1403715565.562143087 -1.474433319 0.027890128 1.529440053 -0.505098293 0.625951073 -0.388682540 -0.449429474
1403715565.612143040 -1.450577387 0.007394324 1.535434855 -0.517475805 0.612211264 -0.402311414 -0.442223570
1403715565.662142992 -1.427211572 -0.010890361 1.543470554 -0.530601671 0.598759116 -0.415217759 -0.433063045
1403715565.712142944 -1.405231233 -0.026528841 1.551831175 -0.545044132 0.584991919 -0.427269249 -0.422080962
1403715565.762142897 -1.378727333 -0.039375917 1.567566283 -0.561614465 0.570838152 -0.436858141 -0.409741335
1403715565.812143087 -1.356354026 -0.050529553 1.581607459 0.579192449 -0.555875182 0.446225514 0.395501807
1403715565.862143040 -1.334086705 -0.055839243 1.596961236 0.595981115 -0.540806459 0.457227736 0.378520385
1403715565.912142992 -1.310185948 -0.059476809 1.615700453 0.613035901 -0.522674399 0.467509147 0.363914351
1403715565.962142944 -1.289031630 -0.062084520 1.626755133 0.629058954 -0.503477419 0.479300842 0.347945432
1403715566.012142897 -1.263339635 -0.064598071 1.640575066 0.644070991 -0.483195115 0.490998336 0.332589346
1403715566.062143087 -1.238758384 -0.067667302 1.657998596 0.659035056 -0.463215644 0.501433685 0.315702901
1403715566.112143040 -1.216200439 -0.064308302 1.674268389 0.672970590 -0.442159324 0.511067834 0.300691514
1403715566.162142992 -1.195207809 -0.053167179 1.692246738 0.685336562 -0.420007504 0.521051772 0.287075852
1403715566.212142944 -1.173195336 -0.042850675 1.710364282 0.697680430 -0.398055005 0.529664808 0.272487471
1403715566.262142897 -1.147354862 -0.036002236 1.723165217 0.708618422 -0.376233389 0.538758449 0.256997474
1403715566.312143087 -1.120683220 -0.026833541 1.729985934 0.718224791 -0.354287815 0.547918237 0.241700021
1403715566.362143040 -1.094722591 -0.019164161 1.738897986 0.728294351 -0.332693472 0.554775047 0.226112891
1403715566.412142992 -1.071063236 -0.005152041 1.748525114 0.737382970 -0.310619307 0.561194912 0.211759938
1403715566.462142944 -1.050074158 0.011027229 1.756574974 0.744617800 -0.289748944 0.568150679 0.196963667
1403715566.512142897 -1.029350334 0.029235983 1.760479697 0.750303808 -0.268567150 0.575621694 0.183236313
1403715566.562143087 -1.015257980 0.052628895 1.762071113 0.754508251 -0.248767382 0.583333198 0.168980678
1403715566.612143040 -0.999024414 0.076980645 1.762914287 0.758780485 -0.228640043 0.589666855 0.155784808
1403715566.662142992 -0.986360993 0.102568287 1.761548366 0.762887808 -0.207620959 0.595405316 0.142787394
1403715566.712142944 -0.976393393 0.131255217 1.758900688 0.766923365 -0.186119544 0.600475468 0.128908029
1403715566.762142897 -0.968927154 0.162549775 1.755647383 0.770608277 -0.163874777 0.605225137 0.114063464
1403715566.812143087 -0.961148436 0.195805588 1.754187256 0.775006911 -0.141751023 0.608171536 0.096944921
1403715566.862143040 -0.953522890 0.231637189 1.752632673 0.777947371 -0.118551398 0.611932340 0.079260745
1403715566.912142992 -0.946256218 0.267895718 1.751810525 0.780010014 -0.094466725 0.615597760 0.060826095
1403715566.962142944 -0.938491995 0.309575610 1.752792415 0.782072191 -0.068880632 0.617924925 0.042276875
1403715567.012142897 -0.934847861 0.344582538 1.750669444 0.784392135 -0.043677625 0.618341494 0.021795420
1403715567.062143087 -0.933618432 0.379306127 1.749562282 0.786587975 -0.018963142 0.617185245 -0.001459790
1403715567.112143040 -0.938126750 0.418474791 1.745374185 0.787331822 0.006351721 0.615926009 -0.026521856
1403715567.162142992 -0.942711260 0.461974656 1.738919740 0.786828754 0.034141031 0.614242284 -0.049409708
1403715567.212142944 -0.949371999 0.507656218 1.734637357 0.786077191 0.062185837 0.610770167 -0.071940072
1403715567.262142897 -0.956279625 0.551549193 1.731695254 0.787296904 0.091683881 0.602487743 -0.093627831
1403715567.312143087 -0.971585329 0.594241341 1.723519211 0.784622959 0.121846106 0.596927403 -0.114882612
1403715567.362143040 -0.989239656 0.638179639 1.714364365 0.780968172 0.154496265 0.590389496 -0.132890408
1403715567.412142992 -1.007211134 0.681010414 1.706645767 0.776627805 0.187110408 0.582533076 -0.149980544
1403715567.462142944 -1.028013599 0.719249581 1.697042556 0.770396558 0.218308855 0.575113359 -0.167555995
1403715567.512142897 -1.049502727 0.759195995 1.683348973 0.763195403 0.249396484 0.567462538 -0.182538869
1403715567.562143087 -1.066099970 0.798389617 1.668508357 0.754686105 0.278346242 0.560025220 -0.198353236
1403715567.612143040 -1.085366442 0.838463449 1.651609525 0.745041246 0.305523005 0.552769207 -0.214512097
1403715567.662142992 -1.107220503 0.877281827 1.633331909 0.733115388 0.331733014 0.546906249 -0.231059710
1403715567.712142944 -1.128782905 0.913966811 1.615280564 0.720142262 0.356766265 0.540776841 -0.248341223
1403715567.762142897 -1.149274336 0.953385937 1.593755826 0.704832560 0.380510822 0.536168837 -0.266356066
1403715567.812143087 -1.168158872 0.996786988 1.571892710 0.690031542 0.403267757 0.529878921 -0.283654573
1403715567.862143040 -1.192446426 1.037210558 1.546836633 0.673713270 0.426739366 0.523607980 -0.299730925
1403715567.912142992 -1.216377001 1.075683499 1.525922844 0.658013930 0.449682584 0.515464266 -0.314801257
1403715567.962142944 -1.238399629 1.111696696 1.507974727 0.641092704 0.472373954 0.507769552 -0.328683852
1403715568.012142897 -1.263854318 1.149708145 1.486076718 0.623155555 0.493551226 0.501326887 -0.341695325
1403715568.062143087 -1.290399444 1.187745054 1.465518328 0.605102402 0.512085221 0.493904115 -0.357321333
1403715568.112143040 -1.315373540 1.227588915 1.444714523 0.587090711 0.530541349 0.485811074 -0.371265368
1403715568.162142992 -1.342961537 1.265398394 1.424372624 0.568486692 0.547846641 0.477494371 -0.385598321
1403715568.212142944 -1.370419387 1.302062773 1.405302187 0.550506404 0.565419242 0.467661538 -0.398166379
1403715568.262142897 -1.399089594 1.334037143 1.389326068 0.534209550 0.580976214 0.455007596 -0.412377112
1403715568.312143087 -1.432385439 1.360833298 1.373523357 0.516903655 0.596592272 0.443022349 -0.424993494
1403715568.362143040 -1.467823428 1.387324323 1.353512584 0.500015784 0.611424443 0.430367655 -0.436953140
1403715568.412142992 -1.504241357 1.410632303 1.339085064 0.482757342 0.625842359 0.417262614 -0.448507081
1403715568.462142944 -1.542235693 1.431468419 1.324497086 0.464613896 0.639797508 0.405527349 -0.458629094
1403715568.512142897 -1.581326533 1.447212617 1.312924337 0.446120446 0.653602935 0.392556279 -0.468699605
1403715568.562143087 -1.619225186 1.462829297 1.301603928 0.428242244 0.666782571 0.378599221 -0.478196836
1403715568.612143040 -1.659854179 1.470802522 1.294579673 0.408946839 0.679802507 0.365999633 -0.486492861
1403715568.662142992 -1.704440263 1.472186768 1.288517116 0.390140759 0.692965693 0.352218453 -0.493488498
1403715568.712142944 -1.744481282 1.478666815 1.280548509 -0.371034061 -0.704511040 -0.337626801 0.502002055
1403715568.762142897 -1.786299583 1.484269514 1.269501605 -0.351772074 -0.716191356 -0.323147184 0.508824376
1403715568.812143087 -1.817096055 1.498549734 1.255225740 -0.333632440 -0.727540294 -0.307560250 0.514568954
1403715568.862143040 -1.851419249 1.508293482 1.240265070 -0.314289409 -0.738467173 -0.293760201 0.519223792
1403715568.912142992 -1.883279428 1.517865588 1.226778793 -0.296306092 -0.748263233 -0.278727945 0.524037753
1403715568.962142944 -1.916440108 1.522447978 1.216543740 -0.280572809 -0.758513531 -0.262639654 0.526266600
1403715569.012142897 -1.955491458 1.517221950 1.212475649 -0.264216340 -0.767727538 -0.248788155 0.528099050
1403715569.062143087 -2.006522328 1.501465714 1.212084096 -0.247926273 -0.776207185 -0.235601480 0.529647913
1403715569.112143040 -2.054930374 1.483561606 1.205860023 -0.232059650 -0.783776170 -0.221432282 0.531799755
1403715569.162142992 -2.100092141 1.464796327 1.201593098 -0.217761071 -0.789825618 -0.206320861 0.534964776
1403715569.212142944 -2.141700743 1.448777703 1.198408178 -0.204345312 -0.795030441 -0.192051936 0.537852810
1403715569.262142897 -2.178704263 1.431180237 1.198220474 -0.190962723 -0.796569599 -0.179864195 0.544664102
1403715569.312143087 -2.216135330 1.415140981 1.198776830 -0.177488984 -0.795955458 -0.170755087 0.552987585
1403715569.362143040 -2.254607866 1.397168470 1.202515666 -0.164273346 -0.794258907 -0.162882556 0.561815209
1403715569.412142992 -2.286977478 1.386079700 1.203913944 -0.151995573 -0.791922960 -0.154957861 0.570739374
1403715569.462142944 -2.319300569 1.375088508 1.201613261 -0.139683982 -0.791088670 -0.147916830 0.576877555
1403715569.512142897 -2.351290915 1.362585267 1.199880515 -0.125763270 -0.791271611 -0.143076621 0.581035212
1403715569.562143087 -2.383504212 1.347257219 1.191786241 -0.112937921 -0.792742407 -0.136799013 0.583172816
1403715569.612143040 -2.417882311 1.329433290 1.178060932 -0.099427997 -0.794802569 -0.129949860 0.584393689
1403715569.662142992 -2.449480390 1.311751958 1.154165270 -0.086320146 -0.798194941 -0.121869416 0.583593621
1403715569.712142944 -2.478709610 1.308940395 1.123395927 -0.073622726 -0.802219309 -0.112525322 0.581688857
1403715569.762142897 -2.504354206 1.300610851 1.098390895 -0.060389198 -0.805447071 -0.100940053 0.580878013
1403715569.812143087 -2.527152101 1.289370087 1.084252443 -0.045177256 -0.808499356 -0.088703463 0.580016812
1403715569.862143040 -2.548553575 1.273313135 1.067175103 -0.030806297 -0.810807119 -0.073874221 0.579814960
1403715569.912142992 -2.572117686 1.240781867 1.066413804 -0.013895047 -0.810895004 -0.061953241 0.581737068
1403715569.962142944 -2.585718148 1.212523109 1.078089590 0.002051296 -0.810540281 -0.047690129 0.583734440
1403715570.012142897 -2.599823335 1.178013032 1.093688584 0.018809367 -0.809398914 -0.033941463 0.585975753
1403715570.062143087 -2.611022163 1.141860288 1.107875939 0.036283859 -0.808343236 -0.020938596 0.587219098
1403715570.112143040 -2.621001440 1.101375011 1.127144014 0.053840740 -0.806561784 -0.007088996 0.588650158
1403715570.162142992 -2.632130813 1.054288394 1.143220363 0.071774496 -0.805090525 0.007183566 0.588749577
1403715570.212142944 -2.641776844 0.991197316 1.171081782 0.089281934 -0.802656562 0.021958913 0.589312299
1403715570.262142897 -2.652105843 0.953492080 1.172813265 0.107847138 -0.799944546 0.036573712 0.589168975
1403715570.312143087 -2.669497285 0.910079076 1.150832547 0.126432457 -0.796175981 0.052025838 0.589416622
1403715570.362143040 -2.686780264 0.861491059 1.142313309 0.145938614 -0.791900330 0.067199800 0.589134938
1403715570.412142992 -2.703115630 0.806946981 1.138627945 0.165867591 -0.786897399 0.083536266 0.588474399
1403715570.462142944 -2.716385960 0.749231430 1.117869083 0.184965768 -0.781385530 0.101056989 0.587377053
1403715570.512142897 -2.713397082 0.721039860 1.120505069 0.205095301 -0.775516121 0.116907906 0.585528142
1403715570.562143087 -2.708175399 0.679292218 1.113588931 0.226357667 -0.769085503 0.131737402 0.583022258
1403715570.612143040 -2.706570721 0.621854614 1.098859470 0.247276868 -0.763061652 0.146542238 0.578892424
1403715570.662142992 -2.699839190 0.576925295 1.088039328 0.268453717 -0.759996862 0.161424707 0.569455385
1403715570.712142944 -2.687626901 0.532695011 1.085926420 0.288589625 -0.756235726 0.177362501 0.559791121
1403715570.762142897 -2.667802731 0.499067522 1.076427648 0.309391220 -0.750851601 0.192172215 0.550970767
1403715570.812143087 -2.638962694 0.468885589 1.080791578 0.329815670 -0.744247604 0.207888466 0.542309427
1403715570.862143040 -2.614117622 0.429382400 1.073764094 0.350586787 -0.736736565 0.223070156 0.533430262
1403715570.912142992 -2.586952342 0.394429488 1.068419874 0.368956228 -0.729043194 0.238757586 0.524749596
1403715570.962142944 -2.557271423 0.360303770 1.061589828 0.388219316 -0.722141023 0.251179190 0.514496959
1403715571.012142897 -2.526562352 0.323075888 1.053674642 0.404392834 -0.716125234 0.263916310 0.503963556
1403715571.062143087 -2.497679325 0.290287935 1.045640438 -0.416817884 0.710723424 -0.276432871 -0.494691757
1403715571.112143040 -2.467369138 0.261793431 1.045473348 -0.426140073 0.705806873 -0.287548312 -0.487398466
1403715571.162142992 -2.436014700 0.235306403 1.038228106 -0.432078213 0.700185735 -0.299331236 -0.483165775
1403715571.212142944 -2.402993278 0.208083243 1.029475325 -0.435625923 0.693389581 -0.310031869 -0.483033315
1403715571.262142897 -2.368726858 0.179132917 1.023559368 -0.439115701 0.685188162 -0.317758655 -0.486542929
1403715571.312143087 -2.335017584 0.150388234 1.017454301 -0.441840774 0.678155466 -0.323069049 -0.490416439
1403715571.362143040 -2.296901149 0.116507011 1.005634612 -0.443438247 0.672339716 -0.327672684 -0.493915418
1403715571.412142992 -2.266687312 0.088969452 0.994988442 -0.445875105 0.671483260 -0.328554823 -0.492298030
1403715571.462142944 -2.234936075 0.068760055 0.987257452 -0.449326526 0.673926182 -0.325983304 -0.487508009
1403715571.512142897 -2.200718522 0.052826195 0.982204422 -0.451575529 0.677518117 -0.324639473 -0.481308586
1403715571.562143087 -2.165985361 0.038671731 0.974230922 -0.451622121 0.684941683 -0.325716533 -0.469894766
1403715571.612143040 -2.129465580 0.027552300 0.967132933 -0.449561573 0.694393365 -0.328134704 -0.456113869
1403715571.662142992 -2.093732758 0.018938458 0.959162813 -0.443434412 0.706060972 -0.335102062 -0.438805692
1403715571.712142944 -2.054432929 0.008584164 0.948092331 -0.436779025 0.719174689 -0.341562000 -0.418744850
1403715571.762142897 -2.017640796 -0.001821724 0.930443734 -0.429561134 0.732043180 -0.347687051 -0.398376367
1403715571.812143087 -1.985582533 -0.011943323 0.910169350 -0.425043199 0.744173041 -0.349130082 -0.379015765
1403715571.862143040 -1.958048686 -0.025606236 0.893663795 -0.421482116 0.753908759 -0.350053092 -0.362542745
1403715571.912142992 -1.935589927 -0.037313663 0.878953129 -0.418483178 0.762472202 -0.349313449 -0.348551409
1403715571.962142944 -1.921888889 -0.052739214 0.863768611 -0.418623147 0.770220621 -0.345136767 -0.335254334
1403715572.012142897 -1.914575550 -0.068037466 0.851745406 -0.421398662 0.775403786 -0.338244665 -0.326745593
1403715572.062143087 -1.915241409 -0.087754692 0.840689501 -0.427458853 0.778550435 -0.328090888 -0.321705640
1403715572.112143040 -1.923695003 -0.111769113 0.836402105 -0.439342072 0.776687552 -0.313283395 -0.324943848
1403715572.162142992 -1.941286488 -0.138086707 0.817867425 -0.452644181 0.770546687 -0.300324790 -0.333430757
1403715572.212142944 -1.964815769 -0.167285358 0.799059707 -0.466006642 0.759538324 -0.291509229 -0.347795505
1403715572.262142897 -1.993827068 -0.203701755 0.785739472 -0.480832196 0.741899730 -0.285170480 -0.370220186
1403715572.312143087 -2.024146183 -0.245715975 0.781203168 -0.496520668 0.720009555 -0.281954649 -0.394404669
1403715572.362143040 -2.054412267 -0.290842022 0.761527572 -0.508018805 0.698050201 -0.285397439 -0.416162363
1403715572.412142992 -2.083994564 -0.339494266 0.747238547 -0.518007401 0.675556016 -0.291035090 -0.436567267
1403715572.462142944 -2.109684609 -0.390635893 0.728084186 -0.525948165 0.656278882 -0.299629104 -0.450443069
1403715572.512142897 -2.131501334 -0.444427194 0.709511133 -0.532155350 0.641421394 -0.310309261 -0.457271736
1403715572.562143087 -2.151557254 -0.497541086 0.687984737 -0.538124954 0.630305954 -0.321245836 -0.458188881
1403715572.612143040 -2.169301816 -0.551079955 0.672662044 -0.545996851 0.619457573 -0.330920129 -0.456783999
1403715572.662142992 -2.182413248 -0.599933628 0.655134708 -0.553949004 0.608592599 -0.340349617 -0.454882059
1403715572.712142944 -2.190952011 -0.646385543 0.638831802 -0.563406339 0.599193175 -0.348422987 -0.449602334
1403715572.762142897 -2.198791029 -0.693221086 0.626088612 -0.573665223 0.590683816 -0.355274087 -0.442471654
1403715572.812143087 -2.204738885 -0.738429187 0.610210122 -0.582311235 0.584460727 -0.364302334 -0.431975801
1403715572.862143040 -2.208671318 -0.782768508 0.599620022 0.590712419 -0.577945461 0.373387619 0.421449365
1403715572.912142992 -2.205480556 -0.829920075 0.595381118 0.597499278 -0.570873091 0.384824946 0.411106176
1403715572.962142944 -2.199667166 -0.874046380 0.595978510 0.604231591 -0.561903344 0.395805766 0.403121089
1403715573.012142897 -2.191313281 -0.917371587 0.599451836 0.610549115 -0.552348213 0.406968507 0.395623386
1403715573.062143087 -2.181965722 -0.960826823 0.605501826 0.616972594 -0.543609168 0.417882643 0.386274499
1403715573.112143040 -2.171412421 -1.003777944 0.615537491 0.623971368 -0.534515703 0.427888500 0.376648546
1403715573.162142992 -2.161864052 -1.046078417 0.625721936 0.630536848 -0.526492751 0.438204054 0.364973799
1403715573.212142944 -2.149186654 -1.087972649 0.637606219 0.638845234 -0.516096957 0.445837927 0.356018595
1403715573.262142897 -2.141034506 -1.124324879 0.646875011 0.645287999 -0.507737148 0.455596901 0.343857311
1403715573.312143087 -2.125715424 -1.160618807 0.656689267 0.653729392 -0.497951894 0.462494237 0.332837609
1403715573.362143040 -2.111677585 -1.198939162 0.662177684 0.661777848 -0.488750992 0.469430657 0.320635940
1403715573.412142992 -2.099126802 -1.235121548 0.668712681 0.668981049 -0.479929388 0.476733437 0.307989233
1403715573.462142944 -2.087240445 -1.271289480 0.674484538 0.675266346 -0.472948540 0.484643161 0.292328663
1403715573.512142897 -2.075715711 -1.304269585 0.683703325 0.681178043 -0.464608267 0.492495179 0.278539279
1403715573.562143087 -2.063780362 -1.338999233 0.694107150 0.687718689 -0.456890054 0.498273404 0.264609331
1403715573.612143040 -2.050577481 -1.373150832 0.709890671 0.695610251 -0.445139563 0.502643691 0.255590429
1403715573.662142992 -2.038666154 -1.408533313 0.721249464 0.705105835 -0.432972056 0.503735918 0.248215801
1403715573.712142944 -2.025658113 -1.446007962 0.732457514 0.716199626 -0.418528745 0.502728671 0.243219384
1403715573.762142897 -2.014172399 -1.484276344 0.741379987 0.727524461 -0.405333740 0.500717624 0.235996989
1403715573.812143087 -2.002957068 -1.520318321 0.749909968 0.738860169 -0.389722046 0.498828434 0.231025044
1403715573.862143040 -1.991518443 -1.558702740 0.758309088 0.750033401 -0.375754033 0.496655232 0.222693474
1403715573.912142992 -1.979237893 -1.596025810 0.765393511 0.760093366 -0.361341211 0.496214890 0.213216762
1403715573.962142944 -1.965674990 -1.633952020 0.772993825 0.769346565 -0.346800630 0.497018216 0.202010097
1403715574.012142897 -1.950466639 -1.674609211 0.776087690 0.778062270 -0.332688549 0.498501746 0.188237727
1403715574.062143087 -1.934709262 -1.714390432 0.783262472 0.786732627 -0.316147824 0.500338491 0.175395900
1403715574.112143040 -1.918454258 -1.755759402 0.787696369 0.793889925 -0.300529090 0.503443011 0.161140273
1403715574.162142992 -1.897731229 -1.797332884 0.798779852 0.799056693 -0.283257505 0.509165215 0.148406100
1403715574.212142944 -1.874571001 -1.839176712 0.810158488 0.803201210 -0.263455194 0.516012135 0.138530335
1403715574.262142897 -1.849437904 -1.882079207 0.821083463 0.804342034 -0.241578979 0.526533460 0.132045460
1403715574.312143087 -1.824067957 -1.925024981 0.833658985 0.805528849 -0.217792047 0.535527435 0.130001016
1403715574.362143040 -1.796241173 -1.966302772 0.847773362 0.806247280 -0.193820458 0.543499232 0.130412955
1403715574.412142992 -1.765240332 -2.009486037 0.858233464 0.807510402 -0.172400681 0.548539271 0.131566044
1403715574.462142944 -1.736151442 -2.051279288 0.865101520 0.809078982 -0.154605700 0.551189127 0.132961738
1403715574.512142897 -1.707537786 -2.091678510 0.870688173 0.809910974 -0.139710408 0.553738128 0.133788272
1403715574.562143087 -1.675938381 -2.129455227 0.872576710 0.811623115 -0.128444957 0.554428111 0.131830504
1403715574.612143040 -1.644697049 -2.165040592 0.879645771 0.814639098 -0.117786105 0.552813681 0.129948478
1403715574.662142992 -1.614124407 -2.195797534 0.885984333 0.817145113 -0.108757251 0.551632928 0.127070204
1403715574.712142944 -1.578939347 -2.224779881 0.888847947 0.819635303 -0.101209664 0.550579159 0.121725775
1403715574.762142897 -1.542218321 -2.252626179 0.888743747 0.821645481 -0.095861000 0.550234295 0.113805062
1403715574.812143087 -1.505576999 -2.276177234 0.891021871 0.822648024 -0.094672495 0.551034651 0.103189922
1403715574.862143040 -1.467680638 -2.294730758 0.896338878 0.822529315 -0.096154795 0.553055745 0.091264037
1403715574.912142992 -1.430026687 -2.311433512 0.898198267 0.821032959 -0.098525914 0.556441956 0.081054754
1403715574.962142944 -1.388187949 -2.324887783 0.905668778 0.818082606 -0.100020023 0.561427689 0.074402919
1403715575.012142897 -1.345308373 -2.337436980 0.917030086 0.815324553 -0.101632487 0.565757793 0.069532945
1403715575.062143087 -1.300021943 -2.350687627 0.927714454 0.810972227 -0.101283899 0.572199496 0.068215511
1403715575.112143040 -1.255960424 -2.362263407 0.937181499 0.807099771 -0.101044061 0.577571469 0.069218894
1403715575.162142992 -1.212743358 -2.372905249 0.950269891 0.799628194 -0.100640784 0.587638491 0.071743900
1403715575.212142944 -1.168717095 -2.383179026 0.962747271 0.791096829 -0.099902500 0.598706653 0.075734009
1403715575.262142897 -1.126581203 -2.390144438 0.978203184 0.784559147 -0.098616128 0.606632714 0.082088695
1403715575.312143087 -1.085714236 -2.397107138 0.993127606 0.782837041 -0.098652018 0.608114591 0.087353257
1403715575.362143040 -1.045591882 -2.403117578 1.000498073 0.786688230 -0.102656242 0.602339037 0.088153331
1403715575.412142992 -1.009688353 -2.405062316 1.008454145 0.790941092 -0.107674930 0.595900393 0.087869330
1403715575.462142944 -0.976548986 -2.403172024 1.020497956 0.794691139 -0.110215920 0.590011336 0.090581832
1403715575.512142897 -0.946010039 -2.398176894 1.035103270 0.797727278 -0.112097361 0.584647200 0.096192637
1403715575.562143087 -0.911712778 -2.391245096 1.053353422 0.797544758 -0.108836098 0.583583219 0.107273895
1403715575.612143040 -0.879555273 -2.383657416 1.065495205 0.794548650 -0.104888998 0.586022784 0.119448893
1403715575.662142992 -0.845970119 -2.374613720 1.076859697 0.792917760 -0.101605415 0.586500383 0.130288393
1403715575.712142944 -0.811158345 -2.362826909 1.087597618 0.791413766 -0.098275779 0.586686725 0.140729558
1403715575.762142897 -0.775818456 -2.347579819 1.096399478 0.790966964 -0.097384873 0.585798117 0.147404254
1403715575.812143087 -0.742305422 -2.327327562 1.105426773 0.791660297 -0.098949949 0.583841189 0.150374027
1403715575.862143040 -0.710892159 -2.301149735 1.117996324 0.792202586 -0.101639919 0.582556245 0.150707037
1403715575.912142992 -0.681882358 -2.269999636 1.130396646 0.792222561 -0.106161261 0.582500138 0.147671223
1403715575.962142944 -0.651792713 -2.236484870 1.140866140 0.793425416 -0.114804365 0.581594666 0.137998953
1403715576.012142897 -0.621322308 -2.198691058 1.152479605 0.793614597 -0.123181045 0.581979540 0.127679743
1403715576.062143087 -0.591312205 -2.157349653 1.165604705 0.793742285 -0.129839999 0.582118758 0.119383882
1403715576.112143040 -0.560578772 -2.112984197 1.177488690 0.793275019 -0.134360310 0.582871137 0.113680642
1403715576.162142992 -0.526277700 -2.067739576 1.186936345 0.791741784 -0.138698059 0.585234856 0.106808049
1403715576.212142944 -0.491872464 -2.019992816 1.197061300 0.790950378 -0.142253047 0.586419503 0.101359441
1403715576.262142897 -0.459563372 -1.971677222 1.206773888 0.790124536 -0.144015717 0.587638787 0.098200543
1403715576.312143087 -0.426037241 -1.920726319 1.218923070 0.787646052 -0.143136686 0.591219565 0.097903074
1403715576.362143040 -0.394577770 -1.870850676 1.230974659 0.784300168 -0.141439403 0.595883870 0.098947235
1403715576.412142992 -0.365763574 -1.818134459 1.243573459 0.777896060 -0.140041684 0.604496167 0.099249339
1403715576.462142944 -0.338000262 -1.765786744 1.256698524 0.771914357 -0.137935777 0.612479109 0.099956429
1403715576.512142897 -0.314413071 -1.713142200 1.269116094 0.765992336 -0.136348682 0.619885464 0.102013670
1403715576.562143087 -0.292738896 -1.661637817 1.281480260 0.761306138 -0.135945434 0.625171967 0.105317684
1403715576.612143040 -0.273939605 -1.608817166 1.294874839 0.756038823 -0.135287586 0.631045957 0.109011770
1403715576.662142992 -0.258273954 -1.552902717 1.310126359 0.754946246 -0.136268934 0.631545837 0.112413522
1403715576.712142944 -0.246438967 -1.494329472 1.325965803 0.754540330 -0.137817800 0.630830188 0.117168333
1403715576.762142897 -0.236993034 -1.434031777 1.339280426 0.756757577 -0.142357212 0.626754879 0.119292565
1403715576.812143087 -0.231020409 -1.372497662 1.353543508 0.761325670 -0.148175938 0.619447686 0.121291713
1403715576.862143040 -0.227805908 -1.310579549 1.367618057 0.767560181 -0.154192751 0.609957905 0.122585962
1403715576.912142992 -0.226557928 -1.244643640 1.382402849 0.773253513 -0.159781636 0.601035048 0.123716229
1403715576.962142944 -0.228085694 -1.177540859 1.396497225 0.777613741 -0.165604339 0.593639976 0.124433320
1403715577.012142897 -0.230777190 -1.110352816 1.409192054 0.779489192 -0.173978717 0.589096808 0.122853395
1403715577.062143087 -0.234043704 -1.042690141 1.422443174 0.779572322 -0.183491672 0.586826924 0.119297789
1403715577.112143040 -0.237311725 -0.973900177 1.436442275 0.779267806 -0.194080819 0.584488037 0.115965760
1403715577.162142992 -0.239767033 -0.904491089 1.449440986 0.778625715 -0.204800206 0.582177419 0.113438636
1403715577.212142944 -0.244540092 -0.835941938 1.460475002 0.777213840 -0.213782965 0.581139258 0.111859975
1403715577.262142897 -0.250107248 -0.765779527 1.466891394 0.775176520 -0.220881301 0.581166167 0.112065606
1403715577.312143087 -0.255121853 -0.695932896 1.468658632 0.774610404 -0.224801788 0.579945781 0.114480428
1403715577.362143040 -0.263576786 -0.626155702 1.463496936 0.773651310 -0.226612771 0.579635242 0.118883509
1403715577.412142992 -0.272780000 -0.559720379 1.452226888 0.773204013 -0.227491106 0.578985321 0.123204503
1403715577.462142944 -0.280982720 -0.492269844 1.438257870 0.773255472 -0.227833412 0.577930571 0.127138372
1403715577.512142897 -0.291997042 -0.426413139 1.421942581 0.772349429 -0.228326598 0.578373432 0.129720845
1403715577.562143087 -0.300524428 -0.362297536 1.407646538 0.773075060 -0.228511694 0.576807057 0.132026428
1403715577.612143040 -0.314941530 -0.300001123 1.396402135 0.772396710 -0.229075765 0.577364100 0.132583227
1403715577.662142992 -0.328898208 -0.239137569 1.389604453 0.772239551 -0.230115734 0.577136988 0.132686555
1403715577.712142944 -0.343356417 -0.176697630 1.387697077 0.772310260 -0.232714463 0.576559416 0.130230874
1403715577.762142897 -0.356732848 -0.114998374 1.387879707 0.771879117 -0.235899290 0.576764633 0.126082164
1403715577.812143087 -0.367376126 -0.051011397 1.390080804 0.770816247 -0.239930048 0.577192412 0.122982943
1403715577.862143040 -0.381833609 0.012372641 1.389550540 0.768815307 -0.246508395 0.577845422 0.119378822
1403715577.912142992 -0.396935353 0.075170594 1.384487015 0.766748087 -0.253390820 0.577933816 0.117826004
1403715577.962142944 -0.413216815 0.132718136 1.374606600 0.764824877 -0.262757995 0.576642294 0.116124111
1403715578.012142897 -0.430657268 0.187917795 1.359885521 0.762873994 -0.273242022 0.574687032 0.114441610
1403715578.062143087 -0.449265475 0.238905958 1.342815995 0.761914063 -0.285759212 0.570392517 0.111718443
1403715578.112143040 -0.468581417 0.288261046 1.323931191 0.761535679 -0.302519002 0.563459187 0.105163719
1403715578.162142992 -0.493607056 0.340980537 1.301647207 0.760366855 -0.321553907 0.555838759 0.097409474
1403715578.212142944 -0.518057740 0.394851096 1.277490571 0.757564808 -0.338025303 0.549905703 0.097150259
1403715578.262142897 -0.544704946 0.445808066 1.253185723 0.753729565 -0.350362959 0.545839307 0.105815837
1403715578.312143087 -0.572356803 0.492399195 1.226593017 0.749570129 -0.361955459 0.541746098 0.116807679
1403715578.362143040 -0.608455263 0.513991440 1.209592431 0.745320940 -0.372119203 0.537548608 0.130634946
1403715578.412142992 -0.640082219 0.543481457 1.185623369 0.741093104 -0.382095889 0.532439011 0.145919301
1403715578.462142944 -0.672621753 0.568658575 1.163055838 0.738783666 -0.391487718 0.524274778 0.161468320
1403715578.512142897 -0.704647999 0.590631149 1.140684764 0.739068456 -0.400754493 0.512029058 0.176067875
1403715578.562143087 -0.738047547 0.608928940 1.115032429 0.742640906 -0.407784592 0.495741038 0.190884873
1403715578.612143040 -0.770523932 0.621236603 1.088265812 0.748834499 -0.416183060 0.475434330 0.200001881
1403715578.662142992 -0.805452677 0.632749728 1.063505666 0.755761180 -0.423267030 0.454962250 0.206589961
1403715578.712142944 -0.835441687 0.641957423 1.038340468 0.761266892 -0.430857784 0.436603359 0.210266010
1403715578.762142897 -0.862556153 0.649183842 1.012304930 0.764669669 -0.436523802 0.423125601 0.213756857
1403715578.812143087 -0.887947916 0.651233191 0.987595364 0.765640281 -0.442371118 0.414621810 0.214922101
1403715578.862143040 -0.907888514 0.647633618 0.965337796 0.765308484 -0.446019981 0.409783752 0.217821896
1403715578.912142992 -0.923501860 0.639901799 0.942428417 0.763196356 -0.446201142 0.410047469 0.224269785
1403715578.962142944 -0.933633321 0.626291415 0.921767973 0.760626095 -0.440540739 0.413872660 0.236814742
1403715579.012142897 -0.939122893 0.608038329 0.903911203 0.757106182 -0.432311212 0.420174242 0.251695950
1403715579.062143087 -0.937767000 0.587210218 0.890682560 0.755096460 -0.421615968 0.423789985 0.269205053
1403715579.112143040 -0.935022796 0.562299085 0.877203849 0.752532541 -0.408231875 0.428877598 0.288280275
1403715579.162142992 -0.924249290 0.537108896 0.871032566 0.749603481 -0.395237941 0.433117002 0.307068810
1403715579.212142944 -0.909061133 0.511827402 0.865258466 0.745577913 -0.379866071 0.438915251 0.327366381
1403715579.262142897 -0.888260480 0.483913168 0.864902914 0.741203423 -0.372735876 0.444870437 0.337306606
1403715579.312143087 -0.859892102 0.461815426 0.864740307 0.738046405 -0.367420768 0.448396264 0.345297370
1403715579.362143040 -0.828787031 0.443166444 0.862314381 0.736029266 -0.366145906 0.450704815 0.347941468
1403715579.412142992 -0.794502162 0.426622289 0.859221170 0.734789662 -0.368013519 0.452691307 0.346006910
1403715579.462142944 -0.753872667 0.413206542 0.856335282 0.733981636 -0.370915833 0.454082868 0.342784410
1403715579.512142897 -0.707479862 0.401843114 0.854036070 0.734482195 -0.377411815 0.453993446 0.334643359
1403715579.562143087 -0.656590136 0.394199081 0.850685615 0.733874209 -0.385101038 0.455943333 0.324409483
1403715579.612143040 -0.601597639 0.387906071 0.848973938 0.733230615 -0.388175624 0.457885321 0.319426959
1403715579.662142992 -0.543514413 0.381988130 0.848474430 0.730770252 -0.390066911 0.463079607 0.315245811
1403715579.712142944 -0.482207583 0.377269808 0.849537978 0.728075403 -0.391376367 0.468846675 0.311309399
1403715579.762142897 -0.418294723 0.375012198 0.852556946 0.724814931 -0.391488282 0.475429175 0.308783648
1403715579.812143087 -0.348848395 0.372818558 0.858630992 0.723659016 -0.388913095 0.478574860 0.309887620
1403715579.862143040 -0.281225808 0.372560088 0.865728487 0.722139025 -0.386257781 0.481035816 0.312929224
1403715579.912142992 -0.211368967 0.372568253 0.875712660 0.720984281 -0.386629162 0.481835236 0.313901836
1403715579.962142944 -0.140064345 0.372320178 0.887333290 0.716793450 -0.391361445 0.485146086 0.312532630
1403715580.012142897 -0.067473457 0.374306914 0.897278077 0.711561943 -0.397930537 0.487996869 0.311753020
1403715580.062143087 0.006263060 0.374365786 0.903105933 0.705638582 -0.406609196 0.488961344 0.312505932
1403715580.112143040 0.078841419 0.379312049 0.911262437 0.698881222 -0.416682360 0.489245334 0.313974283
1403715580.162142992 0.152032176 0.387110457 0.915003074 0.691713374 -0.427360288 0.488418836 0.316769369
1403715580.212142944 0.227250870 0.394094823 0.913683096 0.683815085 -0.438374254 0.487225506 0.320680915
1403715580.262142897 0.302155479 0.398505053 0.909526038 0.676145656 -0.450374340 0.484160744 0.324928267
1403715580.312143087 0.374727447 0.405223718 0.905929352 0.666370079 -0.463568595 0.483119174 0.328102025
1403715580.362143040 0.448172454 0.411145533 0.899879936 0.655251017 -0.477936392 0.482945159 0.330131615
1403715580.412142992 0.522638631 0.419786653 0.894639738 0.644908957 -0.492220190 0.480716773 0.332750818
1403715580.462142944 0.595283786 0.428934220 0.892844050 0.633669583 -0.507105258 0.479221909 0.334145894
1403715580.512142897 0.668825428 0.438707713 0.892947753 0.624644958 -0.520786804 0.476027561 0.334660338
1403715580.562143087 0.742522057 0.456359326 0.894244436 0.616070396 -0.532751821 0.474320418 0.334145038
1403715580.612143040 0.812522617 0.471952105 0.894576064 0.608655739 -0.544927403 0.472815367 0.330208944
1403715580.662142992 0.879151744 0.487049271 0.894795256 0.601624876 -0.556889420 0.471660988 0.324742351
1403715580.712142944 0.943556228 0.502264083 0.893942939 0.595475044 -0.567767069 0.470840126 0.318370229
1403715580.762142897 1.005634102 0.515335507 0.891139829 0.590247400 -0.577112173 0.469800868 0.312788572
1403715580.812143087 1.064590354 0.525272462 0.888690227 -0.583935625 0.586635388 -0.470412487 -0.305925153
1403715580.862143040 1.114827371 0.531532556 0.887545643 -0.577489973 0.596216577 -0.472366928 -0.296480369
1403715580.912142992 1.161280712 0.537128809 0.886565227 -0.570695652 0.605725557 -0.475385666 -0.285326989
1403715580.962142944 1.203315870 0.540955567 0.885619275 -0.566442843 0.613941609 -0.475903903 -0.275197531
1403715581.012142897 1.240245626 0.543381737 0.883380371 -0.567708561 0.617774124 -0.471319779 -0.271881937
1403715581.062143087 1.269670766 0.542558396 0.881991156 -0.571598143 0.620807408 -0.464375797 -0.268754246
1403715581.112143040 1.295353187 0.541785023 0.879637791 -0.577003756 0.621185299 -0.456551124 -0.269734242
1403715581.162142992 1.312767078 0.537543958 0.879484883 -0.581742372 0.620031407 -0.449595413 -0.273862797
1403715581.212142944 1.325653759 0.529161079 0.879865659 -0.586638362 0.615662236 -0.443101773 -0.283683383
1403715581.262142897 1.331071954 0.518218607 0.884994882 -0.587976965 0.611353381 -0.442451001 -0.291148146
1403715581.312143087 1.333064189 0.503648147 0.891862421 -0.588246379 0.607061847 -0.445040525 -0.295602846
1403715581.362143040 1.334680606 0.486587805 0.895105589 -0.590954562 0.600942571 -0.447194830 -0.299428651
1403715581.412142992 1.334225331 0.467259320 0.896776395 0.595453271 -0.593080778 0.449568611 0.302619659
1403715581.462142944 1.329881743 0.447475244 0.900126021 0.602801718 -0.582566344 0.450899499 0.306490106
1403715581.512142897 1.322241465 0.423973961 0.904185328 0.613416152 -0.567806564 0.450415582 0.313754895
1403715581.562143087 1.313543651 0.397837703 0.905216885 0.624896989 -0.550987258 0.449888159 0.321741260
1403715581.612143040 1.303310306 0.368933075 0.903104189 0.636965119 -0.533925320 0.449790801 0.326936425
1403715581.662142992 1.292606453 0.340201617 0.898262291 0.648563799 -0.516748296 0.450908825 0.330177875
1403715581.712142944 1.280647676 0.312047648 0.889923730 0.661167086 -0.498696634 0.451631874 0.331946385
1403715581.762142897 1.271251707 0.282797920 0.880264007 0.674445782 -0.479768271 0.451752767 0.332963557
1403715581.812143087 1.265615608 0.255789647 0.874543218 0.686930183 -0.460151815 0.453122510 0.333267494
1403715581.862143040 1.261256527 0.228344438 0.869845298 0.698400637 -0.442190091 0.455237752 0.330852027
1403715581.912142992 1.258182756 0.199897592 0.869975041 0.707185302 -0.427865800 0.460908518 0.323083802
1403715581.962142944 1.256876695 0.171648260 0.870109861 0.713234228 -0.417351039 0.469200751 0.311393161
1403715582.012142897 1.260156463 0.145798310 0.874095481 0.715552133 -0.405378790 0.481728824 0.302639260
1403715582.062143087 1.264435213 0.123341397 0.880452565 0.715000069 -0.394192436 0.497013135 0.293879514
1403715582.112143040 1.270080137 0.102626281 0.887824157 0.714083877 -0.381520618 0.510985378 0.288825515
1403715582.162142992 1.276784563 0.080940174 0.895746162 0.712526409 -0.370934957 0.523539425 0.283936337
1403715582.212142944 1.284736348 0.058444254 0.899210929 0.711920218 -0.361747207 0.533075422 0.279533820
1403715582.262142897 1.295443031 0.038170408 0.897575164 0.714653488 -0.355468634 0.535833292 0.275309145
1403715582.312143087 1.305124185 0.018598837 0.897518004 0.720460954 -0.352469134 0.532756765 0.269947684
1403715582.362143040 1.311434488 0.004178611 0.897306352 0.726381598 -0.350569795 0.528127692 0.265615763
1403715582.412142992 1.316002274 -0.006409661 0.895630325 0.731936651 -0.349386114 0.523049636 0.261948776
1403715582.462142944 1.321771341 -0.016482864 0.889818934 0.738380717 -0.350402917 0.515384532 0.257663533
1403715582.512142897 1.326933655 -0.024269792 0.885586629 0.743617376 -0.351479800 0.508789150 0.254221850
1403715582.562143087 1.332193684 -0.031276438 0.885790061 0.746753567 -0.353581636 0.504451765 0.250734029
1403715582.612143040 1.341806210 -0.039727196 0.887886577 0.750484807 -0.355648713 0.498268277 0.249028657
1403715582.662142992 1.352403538 -0.050369556 0.890883936 0.752320738 -0.358823481 0.493988989 0.247455239
1403715582.712142944 1.363148419 -0.060413538 0.894464794 0.753257291 -0.361682126 0.490694661 0.246998466
1403715582.762142897 1.376836605 -0.073258195 0.892654528 0.753952033 -0.365274459 0.486980631 0.246942840
1403715582.812143087 1.394180225 -0.086417405 0.886723355 0.755761700 -0.369166907 0.481396433 0.246571535
1403715582.862143040 1.413716961 -0.098273525 0.886223141 0.757682857 -0.373958090 0.475396224 0.245092767
1403715582.912142992 1.435235083 -0.110103804 0.881697397 0.760842524 -0.378184929 0.467446802 0.244107148
1403715582.962142944 1.455827542 -0.119902144 0.875854268 0.762338895 -0.382208751 0.462083896 0.243381083
1403715583.012142897 1.476338574 -0.131292427 0.870066410 0.763469481 -0.386349115 0.457205989 0.242510612
1403715583.062143087 1.498514918 -0.145139136 0.863082874 0.763549003 -0.389568735 0.454315533 0.242541786
1403715583.112143040 1.523110108 -0.162141012 0.856612978 0.760893407 -0.392710256 0.455755853 0.243118246
1403715583.162142992 1.553346906 -0.180345735 0.849268051 0.753866004 -0.391980496 0.464914709 0.248780327
1403715583.212142944 1.585986698 -0.201757003 0.843155129 0.744819665 -0.391346869 0.477209733 0.253696995
1403715583.262142897 1.620199469 -0.223919353 0.834577875 0.733418814 -0.390178575 0.493058369 0.258362086
1403715583.312143087 1.657393953 -0.247575177 0.822802237 0.722530588 -0.388985414 0.507867803 0.262126289
1403715583.362143040 1.694041671 -0.273004551 0.809959188 0.711219586 -0.387766437 0.523209689 0.264680019
1403715583.412142992 1.727187292 -0.298553573 0.795815844 0.700027778 -0.386358945 0.537918266 0.267080164
1403715583.462142944 1.758725254 -0.324240051 0.781179675 0.690614077 -0.383866111 0.550229815 0.270085461
1403715583.512142897 1.791646409 -0.345508218 0.766264953 0.682855818 -0.380054222 0.560709023 0.273627687
1403715583.562143087 1.821195431 -0.362519732 0.751973689 0.673617773 -0.375867445 0.572753604 0.277337465
1403715583.612143040 1.847303072 -0.373542420 0.734413608 0.661238385 -0.368983546 0.588622304 0.283087838
1403715583.662142992 1.871130509 -0.381917679 0.714958499 0.647941652 -0.359527321 0.604398328 0.292599354
1403715583.712142944 1.892342534 -0.386678451 0.698850445 0.635328932 -0.351277665 0.618596223 0.300499356
1403715583.762142897 1.909316234 -0.385680721 0.692815364 0.624565888 -0.342952241 0.630568440 0.307708716
1403715583.812143087 1.918878312 -0.376855980 0.686657130 0.615542485 -0.335377329 0.640270976 0.314137827
1403715583.862143040 1.923169191 -0.357617216 0.681592082 0.608615648 -0.331014563 0.647876642 0.316657873
1403715583.912142992 1.919164099 -0.331860733 0.678174829 0.606309344 -0.329923176 0.651034495 0.315743194
1403715583.962142944 1.905684055 -0.299334095 0.679157060 0.606378854 -0.332719027 0.652417410 0.309764844
1403715584.012142897 1.883968298 -0.260113024 0.682706738 0.609328228 -0.337896991 0.651040859 0.301148690
1403715584.062143087 1.854680528 -0.214951370 0.691970558 0.615869501 -0.345213497 0.645905058 0.290411873
1403715584.112143040 1.817525955 -0.164072213 0.705310535 0.625405526 -0.354926262 0.637320823 0.276979142
1403715584.162142992 1.773235704 -0.104660974 0.722613495 0.637900644 -0.365122656 0.624416795 0.264332896
1403715584.212142944 1.723869701 -0.040329752 0.739508095 0.651838948 -0.375956976 0.609461856 0.249636904
1403715584.262142897 1.668788043 0.029797185 0.762214811 0.669029188 -0.385727557 0.589642343 0.236508151
1403715584.312143087 1.605617833 0.103381578 0.786972647 0.684446619 -0.393721726 0.571070493 0.224487241
1403715584.362143040 1.540479572 0.172480320 0.803517834 0.697137030 -0.400307683 0.555009003 0.213819379
1403715584.412142992 1.473543193 0.240954752 0.819967083 0.707927894 -0.403880867 0.540664600 0.208326985
1403715584.462142944 1.403502233 0.312096405 0.827620232 0.716401448 -0.405744250 0.529356878 0.204748298
1403715584.512142897 1.335644814 0.380734025 0.832320558 0.722110850 -0.406954905 0.521223958 0.203148252
1403715584.562143087 1.265811415 0.444624211 0.842983027 0.726521780 -0.408038385 0.514817451 0.201578202
1403715584.612143040 1.196154333 0.503501806 0.853303071 0.731490878 -0.407662019 0.507973241 0.201732396
1403715584.662142992 1.129528451 0.559768665 0.858386541 0.737029877 -0.403911684 0.501014409 0.206462767
1403715584.712142944 1.063635571 0.612485590 0.864116492 0.743693222 -0.398430119 0.492259956 0.214135396
1403715584.762142897 0.996460925 0.659699706 0.874986843 0.749107551 -0.394846155 0.484393374 0.219766808
1403715584.812143087 0.928873833 0.703075665 0.887188767 0.752177933 -0.391772317 0.479336937 0.225785098
1403715584.862143040 0.863825439 0.746344663 0.895869254 0.755148020 -0.389269850 0.474341747 0.230695381
1403715584.912142992 0.802738438 0.785070092 0.903809248 0.759129173 -0.387405660 0.467413549 0.234870874
1403715584.962142944 0.744617495 0.820185065 0.912525622 0.765843836 -0.383776056 0.456843777 0.239776813
1403715585.012142897 0.689072429 0.852286596 0.920823836 0.771231747 -0.384487863 0.446765163 0.240357160
1403715585.062143087 0.635757298 0.884387052 0.927674982 0.775346973 -0.387137836 0.438448963 0.238167746
1403715585.112143040 0.587530711 0.913674157 0.934406135 0.779141252 -0.391097144 0.430519811 0.233740508
1403715585.162142992 0.542462296 0.940752398 0.942564519 0.781819558 -0.393960517 0.424415349 0.231138273
1403715585.212142944 0.503801104 0.965170865 0.949512113 0.782382580 -0.396525012 0.422267106 0.228770420
1403715585.262142897 0.469397920 0.984301476 0.958178248 0.781767914 -0.395197773 0.424053337 0.229861732
1403715585.312143087 0.440181560 0.999249957 0.967826741 0.778064516 -0.393477470 0.431029704 0.232388649
1403715585.362143040 0.418201527 1.009304649 0.979477131 0.775485894 -0.389096702 0.436935979 0.237302201
1403715585.412142992 0.399255742 1.017107774 0.990829337 0.771723975 -0.384894007 0.444640321 0.242061346
1403715585.462142944 0.384524538 1.022054000 1.001830487 0.768876754 -0.381470112 0.450576287 0.245540424
1403715585.512142897 0.373900651 1.025782207 1.013587479 0.765821824 -0.376902585 0.457026038 0.250177088
1403715585.562143087 0.364611216 1.027848257 1.025728738 0.762357875 -0.371913071 0.464368554 0.254662491
1403715585.612143040 0.358326487 1.028365911 1.038363483 0.760028502 -0.368519063 0.469198561 0.257687965
1403715585.662142992 0.355890063 1.027571067 1.048755538 0.758665569 -0.365692687 0.472591050 0.259524782
1403715585.712142944 0.357777427 1.026860653 1.055774122 0.759240376 -0.364095524 0.472448700 0.260347319
1403715585.762142897 0.360005573 1.025921581 1.060006816 0.759228625 -0.363867989 0.473045143 0.259615627
1403715585.812143087 0.363755140 1.024861137 1.059830052 0.758461548 -0.365964334 0.474592280 0.256063185
1403715585.862143040 0.369618335 1.023892063 1.053016588 0.757750515 -0.369166369 0.475849520 0.251192324
1403715585.912142992 0.376688263 1.020819011 1.041015516 0.755458231 -0.375754528 0.479068330 0.242043241
1403715585.962142944 0.384415192 1.016491059 1.026529477 0.752246598 -0.383498614 0.483139116 0.231582518
1403715586.012142897 0.393888741 1.011619401 1.011620476 0.747568729 -0.392486791 0.488675206 0.219753628
1403715586.062143087 0.404188485 1.007084372 0.996928506 0.740744861 -0.399450556 0.497127511 0.211188402
1403715586.112143040 0.413870947 1.001251846 0.983750332 0.730898580 -0.401108941 0.510398320 0.210695132
1403715586.162142992 0.424786772 0.991801276 0.975088793 0.723169969 -0.399007809 0.521072240 0.215178263
1403715586.212142944 0.434928156 0.980076166 0.970614738 0.718681596 -0.393466910 0.527805671 0.223834152
1403715586.262142897 0.443320580 0.967694537 0.968221538 0.716370731 -0.384972786 0.531719300 0.236396947
1403715586.312143087 0.449344954 0.953521278 0.968969692 0.716362654 -0.376065816 0.532151608 0.249426776
1403715586.362143040 0.454854897 0.940343684 0.970703661 0.716569584 -0.366479814 0.531906946 0.263240532
1403715586.412142992 0.455045648 0.929268024 0.973383776 0.715149135 -0.357928428 0.533773364 0.274836225
1403715586.462142944 0.456934391 0.918934809 0.975978882 0.713773334 -0.351161443 0.535415308 0.283802247
1403715586.512142897 0.459318227 0.910627542 0.977741496 0.712536567 -0.346522815 0.536874589 0.289791743
1403715586.562143087 0.461269082 0.904494626 0.980617963 0.711541850 -0.344545839 0.538246803 0.292038935
1403715586.612143040 0.461496272 0.903012567 0.982950405 0.710496743 -0.343323149 0.539661958 0.293408530
1403715586.662142992 0.461576532 0.902622217 0.985135413 0.711583049 -0.344399524 0.538187603 0.292220183
1403715586.712142944 0.462434220 0.903464964 0.987771632 0.713266199 -0.348394216 0.535816833 0.287703183
1403715586.762142897 0.460223311 0.908921356 0.989824154 0.715364047 -0.354481397 0.533018339 0.280158293
1403715586.812143087 0.457580517 0.917247333 0.990065351 0.718590702 -0.362366728 0.528136791 0.270904573
1403715586.862143040 0.457335479 0.926696153 0.989414448 0.723548959 -0.370106559 0.520620195 0.261634574
1403715586.912142992 0.457375278 0.937051460 0.989456672 0.727988475 -0.376659756 0.513449231 0.254027745
1403715586.962142944 0.456268530 0.950206046 0.989000805 0.730896134 -0.380837114 0.508192920 0.249987778
1403715587.012142897 0.454789825 0.964357238 0.986678730 0.732026369 -0.383073485 0.505697321 0.248318989
1403715587.062143087 0.453676923 0.976047395 0.985927974 0.732418521 -0.385155014 0.504233188 0.246916215
1403715587.112143040 0.453225621 0.986680149 0.987040995 0.731657454 -0.385268386 0.504712214 0.248014561
1403715587.162142992 0.453341646 0.996885792 0.991279916 0.730078320 -0.381559443 0.507232247 0.253206408
1403715587.212142944 0.451425090 1.007459980 0.997300412 0.726775079 -0.376616869 0.512668325 0.259092468
1403715587.262142897 0.451233801 1.018010161 1.003607477 0.725023233 -0.371814169 0.516277640 0.263728900
1403715587.312143087 0.451476638 1.027591456 1.011950290 0.723650820 -0.368326791 0.519679671 0.265702664
1403715587.362143040 0.453169836 1.034881397 1.022925634 0.722789854 -0.368502989 0.522579203 0.262090349
1403715587.412142992 0.453029452 1.044938218 1.033410114 0.720553074 -0.369679071 0.527507820 0.256663497
1403715587.462142944 0.451950636 1.057726606 1.041689719 0.718581047 -0.372411016 0.531172425 0.250613584
1403715587.512142897 0.450958696 1.068906253 1.051395623 0.717202543 -0.378040456 0.532189726 0.243885264
1403715587.562143087 0.447550295 1.082359105 1.058952874 0.714044327 -0.385183345 0.533995110 0.237957376
1403715587.612143040 0.443390393 1.094491971 1.067838890 0.711043040 -0.394689359 0.533516774 0.232374606
1403715587.662142992 0.438507484 1.106310934 1.075206333 0.707965806 -0.404876282 0.531287652 0.229331734
1403715587.712142944 0.431975618 1.117249055 1.081916209 0.705175288 -0.415876462 0.526721670 0.228776888
1403715587.762142897 0.420359092 1.128797506 1.088582375 0.701263195 -0.426862768 0.522004990 0.231363133
1403715587.812143087 0.403235654 1.139741558 1.094824021 0.695384979 -0.438282205 0.518027618 0.236634373
1403715587.862143040 0.384293000 1.147754632 1.102034557 0.688096552 -0.450195381 0.513432264 0.245427310
1403715587.912142992 0.361655607 1.152616629 1.112051554 0.680648846 -0.461342512 0.507487199 0.257559660
1403715587.962142944 0.338269642 1.157452159 1.121195594 0.671996183 -0.470587198 0.501768915 0.274220304
1403715588.012142897 0.311730856 1.165409944 1.128079026 0.661661018 -0.479160737 0.497323369 0.292025945
1403715588.062143087 0.282992152 1.171903534 1.134538949 0.650069826 -0.487522437 0.493495828 0.310149904
1403715588.112143040 0.253718297 1.178683236 1.141478995 0.639102131 -0.495549282 0.488280222 0.327966157
1403715588.162142992 0.219764391 1.181971089 1.146610749 0.627288340 -0.504402528 0.483045415 0.344607827
1403715588.212142944 0.188185232 1.187563695 1.146606091 0.614780528 -0.514059059 0.477745593 0.359926847
1403715588.262142897 0.154585920 1.193041151 1.142612620 0.602298247 -0.525055114 0.472155387 0.372321420
1403715588.312143087 0.121527696 1.201591320 1.132570664 0.590612450 -0.536524807 0.465366500 0.383082349
1403715588.362143040 0.087874841 1.215321925 1.117478802 0.578297629 -0.547716790 0.459175044 0.393365541
1403715588.412142992 0.053214490 1.230981283 1.100831112 0.567367238 -0.557796519 0.451752975 0.403579868
1403715588.462142944 0.016181871 1.248789092 1.084252833 -0.556591916 0.567658169 -0.444324693 -0.412971197
1403715588.512142897 -0.019402560 1.264335729 1.065752587 -0.546826574 0.578742857 -0.435592432 -0.419876930
1403715588.562143087 -0.057401239 1.286072207 1.051564109 -0.536420068 0.588527586 -0.427940262 -0.427499618
1403715588.612143040 -0.092679673 1.306973942 1.036302233 -0.527451054 0.599874924 -0.418127143 -0.432568091
1403715588.662142992 -0.128058048 1.331362845 1.019441922 -0.519804614 0.611316523 -0.407126534 -0.436283460
1403715588.712142944 -0.165624260 1.355593837 1.002325859 -0.513318301 0.622974792 -0.394693195 -0.438889521
1403715588.762142897 -0.206813769 1.382911368 0.984981250 -0.506802482 0.635595327 -0.381317912 -0.440189135
1403715588.812143087 -0.246531583 1.408570408 0.968059220 -0.502669502 0.648221415 -0.364505044 -0.440758938
1403715588.862143040 -0.288726556 1.436993560 0.949158940 -0.498639076 0.661469824 -0.347294810 -0.439548698
1403715588.912142992 -0.328702005 1.464891092 0.932026326 -0.495636129 0.674974532 -0.327745548 -0.437420923
1403715588.962142944 -0.371306054 1.494009315 0.909469363 -0.491485635 0.687465237 -0.310124143 -0.435495619
1403715589.012142897 -0.411432554 1.519157425 0.889057692 -0.486536756 0.699461995 -0.293021006 -0.433789802
1403715589.062143087 -0.453107411 1.540536869 0.871725414 -0.479792854 0.711150835 -0.278828966 -0.431645359
1403715589.112143040 -0.495722191 1.560195087 0.858559182 -0.472451906 0.719709589 -0.267094192 -0.432975746
1403715589.162142992 -0.537498399 1.574006279 0.846985847 -0.464600189 0.727637911 -0.258083190 -0.433685142
1403715589.212142944 -0.579537702 1.582638230 0.840463029 -0.456730731 0.733986365 -0.250266699 -0.435921592
1403715589.262142897 -0.623154233 1.586023522 0.834989778 -0.448873158 0.739741979 -0.242897890 -0.438514889
1403715589.312143087 -0.666351028 1.585417495 0.834215865 -0.441013634 0.746711843 -0.235066369 -0.438944417
1403715589.362143040 -0.711472728 1.581011234 0.835596798 -0.433447040 0.754486644 -0.226352949 -0.437764674
1403715589.412142992 -0.757611520 1.571853685 0.842548867 -0.425778457 0.761579289 -0.218711185 -0.436892561
1403715589.462142944 -0.808223124 1.557402284 0.849936645 -0.417566388 0.769314393 -0.211510290 -0.434806938
1403715589.512142897 -0.859348820 1.539506422 0.857306295 -0.410399165 0.775713313 -0.203848228 -0.433920823
1403715589.562143087 -0.911671802 1.517182739 0.864196200 -0.405250127 0.780178988 -0.197029196 -0.433903880
1403715589.612143040 -0.968552938 1.488770529 0.874417202 -0.401105782 0.784113315 -0.191277790 -0.433235811
1403715589.662142992 -1.027289028 1.455042585 0.885874688 -0.396236046 0.786125374 -0.189350349 -0.434914173
1403715589.712142944 -1.088687802 1.413415453 0.903261939 -0.392803539 0.784979552 -0.188589079 -0.440393736
1403715589.762142897 -1.150490461 1.366961072 0.926655199 -0.389017821 0.778623773 -0.192027402 -0.453360377
1403715589.812143087 -1.214712441 1.316952303 0.955876468 -0.384820577 0.767718910 -0.198699183 -0.472270509
1403715589.862143040 -1.276159928 1.268388650 0.985701392 -0.379651841 0.756144858 -0.207443528 -0.490995535
1403715589.912142992 -1.345088703 1.210690381 1.014980142 0.374673454 -0.747827029 0.216129180 0.503649397
1403715589.962142944 -1.411190267 1.150999494 1.046329347 0.370512656 -0.740645889 0.223655931 0.513947531
1403715590.012142897 -1.475707695 1.089870086 1.075904826 0.367527707 -0.735210106 0.229407590 0.521307628
1403715590.062143087 -1.539688119 1.031190999 1.102308293 0.366563313 -0.731656642 0.232793027 0.525468651
1403715590.112143040 -1.603268639 0.970949012 1.128809623 0.367687936 -0.729459082 0.233545993 0.527400511
1403715590.162142992 -1.663237728 0.913621809 1.154147675 0.369639100 -0.728794652 0.232487005 0.527423059
1403715590.212142944 -1.721625549 0.854590202 1.181394470 0.374027444 -0.730140306 0.230544398 0.523304773
1403715590.262142897 -1.777514377 0.795257142 1.209101565 0.380182012 -0.729076525 0.228869893 0.521083132
1403715590.312143087 -1.831828031 0.731627942 1.237744968 0.389431978 -0.726212433 0.226595354 0.519242509
1403715590.362143040 -1.881596626 0.667815018 1.268176760 0.400683308 -0.721266214 0.223767349 0.518802572
1403715590.412142992 -1.931340745 0.601581480 1.290509142 0.413325968 -0.715359459 0.222427851 0.517637267
1403715590.462142944 -1.976830591 0.536150120 1.308244828 0.426658317 -0.707471957 0.223164674 0.517342864
1403715590.512142897 -2.023475456 0.466890117 1.321836073 0.440879778 -0.700066186 0.225673490 0.514396571
1403715590.562143087 -2.068781359 0.397586336 1.338787241 0.456459253 -0.690878954 0.228559699 0.511948909
1403715590.612143040 -2.108272004 0.333282477 1.351845325 0.471024794 -0.682685406 0.233470663 0.507511310
1403715590.662142992 -2.144282213 0.261054237 1.362580953 -0.483181086 0.678089163 -0.243578729 -0.497393735
1403715590.712142944 -2.175838205 0.190581142 1.377196682 -0.493308734 0.675178977 -0.256522472 -0.484743296
1403715590.762142897 -2.203379939 0.115104479 1.390039882 -0.501813996 0.670459662 -0.273184762 -0.473325090
1403715590.812143087 -2.225410873 0.039010685 1.405616668 -0.510426358 0.663163320 -0.289482527 -0.464628034
1403715590.862143040 -2.244321505 -0.038830025 1.420756710 -0.519310664 0.652830832 -0.306512040 -0.458452514
1403715590.912142992 -2.261944563 -0.118289052 1.436485030 -0.529030536 0.640816428 -0.322681121 -0.453164309
1403715590.962142944 -2.277202851 -0.198761837 1.458087727 -0.542185753 0.629101678 -0.334008894 -0.445761984
1403715591.012142897 -2.293051398 -0.280330397 1.480043325 -0.556242151 0.617876355 -0.344147920 -0.436332085
1403715591.062143087 -2.304035166 -0.355285952 1.505714689 -0.570796004 0.605277012 -0.353566721 -0.427577169
1403715591.112143040 -2.317732870 -0.428810541 1.526531391 -0.585996679 0.591888026 -0.362522790 -0.418155095
1403715591.162142992 -2.329104543 -0.500862235 1.549130053 0.603048002 -0.576695562 0.368080052 0.410210203
1403715591.212142944 -2.335058081 -0.573356473 1.567754101 0.620164925 -0.560207551 0.373648509 0.402429816
1403715591.262142897 -2.340046118 -0.651082478 1.583058473 0.637802358 -0.541492221 0.378162862 0.396216073
1403715591.312143087 -2.345999797 -0.732006152 1.591937535 0.654354349 -0.522834935 0.383484642 0.389106085
1403715591.362143040 -2.355441499 -0.808103549 1.601669024 0.668628203 -0.506049551 0.390280364 0.380172877
1403715591.412142992 -2.360130993 -0.884943114 1.608899127 0.682239562 -0.488000834 0.397460569 0.372061101
1403715591.462142944 -2.357162251 -0.962492182 1.613865901 0.694559238 -0.471299501 0.404949042 0.362602424
1403715591.512142897 -2.348202745 -1.042970826 1.616769074 0.706931862 -0.455979545 0.411206385 0.351054563
1403715591.562143087 -2.340850148 -1.121565156 1.621567197 0.717795489 -0.440770218 0.418994284 0.339020708
1403715591.612143040 -2.329137304 -1.197061844 1.620600362 0.727240045 -0.427131360 0.427393699 0.325599976
1403715591.662142992 -2.310126557 -1.270455029 1.619550099 0.735328464 -0.412888251 0.436387518 0.313657898
1403715591.712142944 -2.290167535 -1.346005764 1.613224416 0.743212601 -0.396627795 0.444041610 0.305202345
1403715591.762142897 -2.267805577 -1.421452978 1.604437023 0.750502450 -0.380856205 0.450988751 0.297159503
1403715591.812143087 -2.242391896 -1.495333334 1.594545199 0.757856426 -0.365003321 0.456701163 0.289569095
1403715591.862143040 -2.215131214 -1.569557134 1.577132071 0.764703808 -0.350116223 0.462206501 0.281090497
1403715591.912142992 -2.187702736 -1.643553709 1.556950286 0.771469237 -0.334491696 0.467119895 0.273403593
1403715591.962142944 -2.159494818 -1.710563679 1.540739210 0.778106820 -0.317155844 0.471114456 0.268352596
1403715592.012142897 -2.127215625 -1.778203070 1.519757158 0.785688591 -0.298687355 0.473105701 0.263913427
1403715592.062143087 -2.092925455 -1.842377925 1.498620610 0.792764060 -0.280421164 0.475237326 0.258918133
1403715592.112143040 -2.055620236 -1.903452028 1.475103396 0.798672552 -0.261481998 0.478990335 0.253609105
1403715592.162142992 -2.013133583 -1.961828429 1.455713571 0.802392781 -0.241789824 0.486160096 0.247693092
1403715592.212142944 -1.969002482 -2.017576339 1.435934841 0.804237960 -0.221589756 0.495958862 0.241089385
1403715592.262142897 -1.920875329 -2.069714542 1.421676246 0.806833605 -0.202523946 0.503534867 0.233358572
1403715592.312143087 -1.865685221 -2.116857873 1.409670525 0.809045237 -0.181950622 0.511093666 0.226104049
1403715592.362143040 -1.806851724 -2.160878784 1.397194736 0.812279970 -0.162563067 0.516386999 0.217069039
1403715592.412142992 -1.749061557 -2.198749193 1.387396216 0.815199843 -0.142252218 0.521193720 0.208735784
1403715592.462142944 -1.686680525 -2.232889930 1.377217909 0.819061990 -0.123152598 0.524026011 0.198412790
1403715592.512142897 -1.630522081 -2.259349757 1.370864011 0.821067964 -0.104079742 0.528189184 0.189818310
1403715592.562143087 -1.570448063 -2.278368689 1.368407833 0.822463780 -0.084092167 0.532519754 0.181396113
1403715592.612143040 -1.508250198 -2.292619448 1.370883738 0.823879679 -0.063771614 0.535925898 0.173028575
1403715592.662142992 -1.444325632 -2.303150105 1.369322134 0.824877948 -0.043292128 0.539014002 0.164821325
1403715592.712142944 -1.378267829 -2.309984634 1.362185109 0.825373582 -0.023529959 0.542469342 0.154699073
1403715592.762142897 -1.313832481 -2.308852074 1.357354824 0.826628931 -0.006295389 0.544719585 0.141157897
1403715592.812143087 -1.248242461 -2.301645884 1.357030106 0.827736612 0.006968647 0.547626618 0.122100885
1403715592.862143040 -1.179467608 -2.292650109 1.350330517 0.829826992 0.014171789 0.549656435 0.095205708
1403715592.912142992 -1.110742739 -2.274298532 1.348589477 0.831415792 0.020239311 0.551201350 0.067195408
1403715592.962142944 -1.040865859 -2.252759051 1.344101517 0.832782820 0.025906034 0.551686443 0.037996326
1403715593.012142897 -0.970711204 -2.224028671 1.342721806 0.832163538 0.033160316 0.553434224 0.010714448
1403715593.062143087 -0.901003922 -2.195894424 1.339872562 0.830044866 0.042740668 0.555853085 -0.015036746
1403715593.112143040 -0.831684031 -2.165682921 1.337965809 0.827213085 0.056046630 0.557885342 -0.036622845
1403715593.162142992 -0.763151008 -2.135140577 1.336146822 0.824385425 0.071743452 0.558810798 -0.054516422
1403715593.212142944 -0.693910037 -2.102863123 1.336747526 0.820202547 0.089157277 0.560731889 -0.069989361
1403715593.262142897 -0.624397044 -2.071169373 1.334733689 0.816358851 0.106959828 0.561458769 -0.082957049
1403715593.312143087 -0.554409807 -2.037713247 1.334042778 0.812935349 0.127096293 0.560997694 -0.090907855
1403715593.362143040 -0.485138870 -2.008936169 1.329680283 0.807950995 0.148950837 0.562061068 -0.095478758
1403715593.412142992 -0.417365013 -1.980004782 1.326009292 0.803329786 0.171249976 0.561764038 -0.098771792
1403715593.462142944 -0.350422278 -1.948283545 1.324395358 0.798376755 0.193572834 0.561068228 -0.101619677
1403715593.512142897 -0.281375928 -1.915921026 1.321068189 0.793642821 0.214506549 0.559340753 -0.106093995
1403715593.562143087 -0.213676601 -1.882377225 1.317676113 0.787605521 0.232184766 0.559010791 -0.115215940
1403715593.612143040 -0.150295642 -1.845082747 1.314196367 0.778986840 0.249981082 0.561606938 -0.123639028
1403715593.662142992 -0.089881527 -1.805279609 1.310672359 0.770214515 0.264418884 0.564088591 -0.136588126
1403715593.712142944 -0.030344241 -1.761866490 1.308696468 0.759742377 0.278931723 0.568230752 -0.148668850
1403715593.762142897 0.028994190 -1.716210893 1.306993617 0.750648569 0.292646131 0.569911897 -0.161509745
1403715593.812143087 0.082535598 -1.670442807 1.304382140 0.740837873 0.307501990 0.571069499 -0.174589230
1403715593.862143040 0.130711921 -1.621846902 1.301953463 0.732324524 0.324885309 0.569274984 -0.184597728
1403715593.912142992 0.174473871 -1.571152256 1.297179518 0.724857753 0.341285166 0.565029057 -0.197098549
1403715593.962142944 0.217001927 -1.517264643 1.290656410 0.718818940 0.358790376 0.557731242 -0.208577706
1403715594.012142897 0.253762621 -1.463936737 1.287006394 0.713123279 0.376777603 0.549220264 -0.218748552
1403715594.062143087 0.285602876 -1.411339201 1.282455498 0.708548168 0.392744530 0.538918555 -0.230820318
1403715594.112143040 0.312763165 -1.359177919 1.279376060 0.703926164 0.408224594 0.528359667 -0.242232736
1403715594.162142992 0.336584216 -1.307100637 1.277703997 0.698231899 0.422667128 0.519014596 -0.253867217
1403715594.212142944 0.355743196 -1.254414891 1.273461341 0.691318128 0.436641597 0.511139124 -0.264877626
1403715594.262142897 0.373084577 -1.202411793 1.267880920 0.683407028 0.450097141 0.504287284 -0.275792916
1403715594.312143087 0.388020346 -1.152244088 1.265174511 0.675132190 0.463209958 0.498184345 -0.285386438
1403715594.362143040 0.398018171 -1.098243815 1.265733500 0.664879902 0.477576629 0.493683462 -0.293482399
1403715594.412142992 0.408089057 -1.042593203 1.269454675 0.654935260 0.492383901 0.488112857 -0.300605618
1403715594.462142944 0.415821067 -0.988423846 1.273187691 0.643898266 0.507469787 0.482750758 -0.307930421
1403715594.512142897 0.421647373 -0.933677203 1.274725827 0.630360588 0.524038635 0.478705009 -0.314436883
1403715594.562143087 0.425215574 -0.878229970 1.277880191 0.616952062 0.539951823 0.473750450 -0.321531793
1403715594.612143040 0.427261557 -0.822053995 1.279598153 0.604459204 0.555345258 0.466685092 -0.329280640
1403715594.662142992 0.424307196 -0.763577500 1.279386656 0.592704567 0.571778813 0.457235769 -0.335716752
1403715594.712142944 0.418561110 -0.703833260 1.275984955 0.583440979 0.587582136 0.444006333 -0.342348118
1403715594.762142897 0.411003265 -0.644773404 1.272976472 0.578355403 0.601051138 0.424358634 -0.352366722
1403715594.812143087 0.397572308 -0.583355764 1.269971999 0.571505921 0.613860134 0.406211158 -0.362697138
1403715594.862143040 0.381464738 -0.522820861 1.266275541 0.563834488 0.624880537 0.389090181 -0.374464706
1403715594.912142992 0.360705414 -0.459671097 1.264836775 0.554925707 0.637143864 0.372545702 -0.383816174
1403715594.962142944 0.336653964 -0.392228304 1.264814037 0.544955345 0.649209630 0.357500277 -0.392102130
1403715595.012142897 0.312206060 -0.322710593 1.262959825 0.532991569 0.660806545 0.345337367 -0.399996000
1403715595.062143087 0.285368647 -0.251908164 1.261486351 0.520098845 0.672540812 0.334050055 -0.406935632
1403715595.112143040 0.261255119 -0.181515001 1.262329949 0.507496780 0.681620169 0.322318599 -0.417075155
1403715595.162142992 0.233657472 -0.108037404 1.260356408 0.494646958 0.688822652 0.310541821 -0.429431622
1403715595.212142944 0.204116865 -0.029625054 1.259517971 0.480380716 0.696940349 0.300065346 -0.439851458
1403715595.262142897 0.173729197 0.051273631 1.258778623 0.465805853 0.704392928 0.289620303 -0.450528124
1403715595.312143087 0.143094263 0.130668363 1.257644583 0.449464955 0.710787578 0.280621450 -0.462616337
1403715595.362143040 0.113873225 0.209678086 1.258131202 0.432167712 0.717066954 0.272370151 -0.474194637
1403715595.412142992 0.083685054 0.291525376 1.259058614 0.415910814 0.723295751 0.261798883 -0.485100811
1403715595.462142944 0.051931768 0.371311788 1.259219663 0.397297813 0.728480436 0.253730324 -0.497083117
1403715595.512142897 0.017897237 0.452727122 1.258963456 -0.376899272 -0.734286097 -0.247758284 0.507332927
1403715595.562143087 -0.014644040 0.531094024 1.259393664 -0.354784321 -0.739752896 -0.243210625 0.517438238
1403715595.612143040 -0.050232506 0.607412934 1.259764565 -0.327709205 -0.745815990 -0.245682929 0.525361861
1403715595.662142992 -0.086026278 0.688071790 1.256956354 -0.300437662 -0.750551489 -0.247899293 0.533812340
1403715595.712142944 -0.122305900 0.761590921 1.255502325 -0.269338917 -0.753860925 -0.254212347 0.542702806
1403715595.762142897 -0.155197294 0.835434853 1.254151771 -0.239614576 -0.754966310 -0.258280388 0.553084050
1403715595.812143087 -0.190047941 0.905927598 1.253276022 -0.210166081 -0.756367899 -0.263707904 0.560531856
1403715595.862143040 -0.221217937 0.969464627 1.255990896 -0.185100935 -0.753820980 -0.264628992 0.572243891
1403715595.912142992 -0.253085954 1.029343416 1.259326204 -0.161685490 -0.749869317 -0.266270607 0.583655527
1403715595.962142944 -0.279201761 1.080668684 1.264054832 -0.142040674 -0.741591523 -0.264534149 0.599906779
1403715596.012142897 -0.308055381 1.124243630 1.269412854 -0.126988911 -0.732417063 -0.258834525 0.616801225
1403715596.062143087 -0.332965895 1.157241960 1.276391390 -0.116000657 -0.720941019 -0.248963346 0.636242994
1403715596.112143040 -0.356416899 1.178993550 1.285576229 -0.109298388 -0.711586746 -0.237033787 0.652313689
1403715596.162142992 -0.378336513 1.196603690 1.294664740 -0.105153093 -0.709575452 -0.227500472 0.658550712
1403715596.212142944 -0.393702240 1.201805146 1.306956934 -0.102904924 -0.713888650 -0.218643929 0.657243032
1403715596.262142897 -0.405399060 1.199064440 1.320619383 -0.103209852 -0.727416125 -0.210132762 0.645025371
1403715596.312143087 -0.412872325 1.188690754 1.333017699 -0.106799540 -0.748811923 -0.198092183 0.623405205
1403715596.362143040 -0.413826215 1.171260163 1.346627599 -0.109942485 -0.770123576 -0.185094979 0.600468297
1403715596.412142992 -0.406991983 1.150635265 1.359436398 -0.114781653 -0.789540445 -0.168798717 0.578755605
1403715596.462142944 -0.401333155 1.123449135 1.378198879 -0.117976052 -0.807395183 -0.152939759 0.557498071
1403715596.512142897 -0.393471368 1.088663553 1.395166495 -0.119635255 -0.822061346 -0.137257607 0.539502455
1403715596.562143087 -0.389955783 1.051316513 1.413162821 -0.119252432 -0.834527732 -0.122884062 0.523681038
1403715596.612143040 -0.387566600 1.012032126 1.430862043 -0.117350346 -0.845490417 -0.109386336 0.509322571
1403715596.662142992 -0.394100371 0.971908446 1.442575309 0.113336816 0.854738674 0.097325191 -0.497095940
1403715596.712142944 -0.405756416 0.933103912 1.456603275 0.107975712 0.862188386 0.086561364 -0.487318749
1403715596.762142897 -0.416514706 0.894966031 1.475371001 0.100736374 0.867680920 0.077203280 -0.480647124
1403715596.812143087 -0.433909992 0.857685267 1.493483633 0.094402731 0.873195461 0.066721698 -0.473461747
1403715596.862143040 -0.459012629 0.821537233 1.509327511 0.089089657 0.878598507 0.056615742 -0.465749240
1403715596.912142992 -0.489782033 0.785590421 1.525041002 0.084080620 0.883073512 0.048450021 -0.459090642
1403715596.962142944 -0.527093023 0.753991284 1.537552225 0.078901602 0.887421357 0.042262124 -0.452185565
1403715597.012142897 -0.573158828 0.725989798 1.547679051 0.074403139 0.890394523 0.037931718 -0.447462793
1403715597.062143087 -0.625358001 0.698398527 1.559946695 0.070034507 0.891462552 0.034763858 -0.446297166
1403715597.112143040 -0.679606993 0.673646139 1.576820967 0.067269718 0.889230595 0.032036611 -0.451350627
1403715597.162142992 -0.740028606 0.651702961 1.594090892 0.064736527 0.884281203 0.028587701 -0.461561133
1403715597.212142944 -0.806521825 0.632512276 1.612422369 0.062808554 0.876573364 0.023164699 -0.476589573
1403715597.262142897 -0.882543871 0.613743496 1.630940159 0.060116816 0.868083241 0.017611033 -0.492450309
1403715597.312143087 -0.963771522 0.596928038 1.649158855 -0.057599305 -0.858057294 -0.010530120 0.510204975
1403715597.362143040 -1.045168583 0.579586860 1.671083548 -0.052949713 -0.848818703 -0.003604144 0.526013447
1403715597.412142992 -1.132002073 0.563814798 1.690933237 -0.048262918 -0.838414551 0.005100376 0.542868048
1403715597.462142944 -1.221498772 0.544245342 1.708731513 -0.038129188 -0.827657243 0.009355092 0.559859032
1403715597.512142897 -1.311457557 0.526546114 1.718101454 -0.027270022 -0.818730826 0.014028486 0.573357988
1403715597.562143087 -1.403015449 0.513646294 1.721641380 -0.014822432 -0.812132207 0.019269032 0.582966790
1403715597.612143040 -1.492248381 0.507242441 1.722336778 -0.002160490 -0.808075593 0.025337416 0.588529679
1403715597.662142992 -1.580504858 0.499991118 1.722939452 0.010941957 -0.805419043 0.032067934 0.591736500
1403715597.712142944 -1.669693123 0.490841303 1.725638167 0.024428925 -0.805854507 0.037832986 0.590398515
1403715597.762142897 -1.753667784 0.483123370 1.726752650 0.036308895 -0.805655215 0.042633141 0.589731935
1403715597.812143087 -1.836123738 0.467755696 1.736049324 0.045658472 -0.806194791 0.048745590 0.587868293
1403715597.862143040 -1.913390801 0.456096353 1.744503410 0.054074970 -0.804672481 0.053302231 0.588843755
1403715597.912142992 -1.992302597 0.444658780 1.750906762 0.061067547 -0.801559697 0.056778103 0.592071831
1403715597.962142944 -2.066927009 0.440306968 1.757128294 0.066693861 -0.796393292 0.059305628 0.598157584
1403715598.012142897 -2.142885046 0.437880746 1.761793193 0.070592874 -0.793703883 0.061758432 0.601029690
1403715598.062143087 -2.216216247 0.432856405 1.769671370 0.074820670 -0.791221027 0.061519656 0.603809974
1403715598.112143040 -2.285332214 0.435537135 1.778105804 0.079215984 -0.789376587 0.059589447 0.605853555
1403715598.162142992 -2.349522061 0.439620844 1.786066959 0.081992119 -0.785845175 0.058355266 0.610179740
1403715598.212142944 -2.414581166 0.444107753 1.787314527 0.082857717 -0.781776593 0.058775942 0.615227882
1403715598.262142897 -2.478151211 0.447316975 1.782831259 0.082583734 -0.776144670 0.059972783 0.622240020
1403715598.312143087 -2.539352062 0.447346808 1.779140343 0.081757493 -0.769576138 0.060707942 0.630383079
1403715598.362143040 -2.591534856 0.447919801 1.777008981 0.079552453 -0.760851372 0.063122033 0.640930734
1403715598.412142992 -2.639880900 0.446351296 1.774663943 0.076493968 -0.750222720 0.066604503 0.653359306
1403715598.462142944 -2.684078366 0.447589965 1.776044430 0.073285302 -0.741687911 0.069557050 0.663091339
1403715598.512142897 -2.723581920 0.452914318 1.772359139 0.069437135 -0.733953657 0.073527723 0.671628013
1403715598.562143087 -2.758573445 0.460949641 1.765753029 0.066470163 -0.729856893 0.075830087 0.676121610
1403715598.612143040 -2.790346455 0.473369093 1.749322359 0.064816226 -0.728893768 0.075733155 0.677330954
1403715598.662142992 -2.820399047 0.480915669 1.725893211 0.064761472 -0.735131977 0.072556564 0.670911673
1403715598.712142944 -2.841524865 0.478916841 1.708159469 0.065799231 -0.743374456 0.068192843 0.662128852
1403715598.762142897 -2.855980028 0.476098778 1.689321229 0.067022611 -0.754759887 0.064012900 0.649421151
1403715598.812143087 -2.861104252 0.477365882 1.677610616 0.068024396 -0.765924948 0.060429619 0.636458889
1403715598.862143040 -2.857158807 0.480938175 1.677036803 0.069510364 -0.774530622 0.057261508 0.626092440
1403715598.912142992 -2.843472242 0.504727437 1.682650565 0.071429530 -0.782769937 0.053123327 0.615911487
1403715598.962142944 -2.825192561 0.529098167 1.693396426 0.072512985 -0.788362286 0.050255299 0.608852345
1403715599.012142897 -2.803934081 0.550269103 1.702782838 0.074068660 -0.791638040 0.047790668 0.604598296
1403715599.062143087 -2.791584971 0.568801595 1.692362246 0.074225521 -0.793567702 0.046697938 0.602129702
1403715599.112143040 -2.769761949 0.583638448 1.692536987 0.075281629 -0.793533933 0.044711738 0.602193851
1403715599.162142992 -2.752749598 0.584602824 1.680927454 0.074544937 -0.793618708 0.045913873 0.602083312
1403715599.212142944 -2.741441817 0.580438103 1.671829932 0.072984367 -0.797024614 0.048515257 0.597554447
1403715599.262142897 -2.727039239 0.577667238 1.667487766 0.070848303 -0.800535364 0.051293231 0.592868158
1403715599.312143087 -2.710262149 0.582521096 1.663670534 0.067004237 -0.803622186 0.056362006 0.588663858
1403715599.362143040 -2.691332561 0.586769073 1.659193409 0.062728365 -0.805869155 0.062630824 0.585420735
1403715599.412142992 -2.674812279 0.591890334 1.658103228 0.057345096 -0.806965893 0.070549022 0.583558414
1403715599.462142944 -2.659047009 0.611233062 1.650537844 0.051841548 -0.806839866 0.077712589 0.583337499
1403715599.512142897 -2.645115140 0.622977790 1.643586386 0.048005279 -0.806350317 0.083969029 0.583475674
1403715599.562143087 -2.624827066 0.640366531 1.637717407 0.045013450 -0.806231190 0.088361761 0.583230020
1403715599.612143040 -2.608571472 0.657716213 1.625718741 0.042157844 -0.803453631 0.092592058 0.586610339
1403715599.662142992 -2.591045955 0.674335436 1.618557554 0.038653678 -0.800858609 0.097371711 0.589618633
1403715599.712142944 -2.581642187 0.691326346 1.594954123 0.039106880 -0.797502253 0.096179765 0.594314951
1403715599.762142897 -2.573164260 0.695349881 1.593101168 0.040383582 -0.794611125 0.093482994 0.598517549
1403715599.812143087 -2.551623556 0.692637197 1.593509224 0.043788576 -0.792067058 0.087770968 0.602501945
1403715599.862143040 -2.540743785 0.702709469 1.578104075 0.049371285 -0.791434033 0.078573682 0.604169533
1403715599.912142992 -2.526333768 0.743925816 1.555585173 0.054936551 -0.792812506 0.069801066 0.602957807
1403715599.962142944 -2.513011456 0.777647171 1.538000725 0.060223063 -0.797295126 0.060722545 0.597500157
1403715600.012142897 -2.492401789 0.814882030 1.523429726 0.064629597 -0.800172511 0.053644718 0.593859590
1403715600.062143087 -2.476494072 0.826621960 1.493421449 0.071939269 -0.802826558 0.044941918 0.590147849
1403715600.112143040 -2.445791468 0.858561128 1.487224647 0.082708466 -0.803377387 0.035193836 0.588647159
1403715600.162142992 -2.417946494 0.902029411 1.469524705 0.097052281 -0.802965696 0.025297786 0.587526142
1403715600.212142944 -2.396635193 0.937687871 1.444881407 0.113390165 -0.802067524 0.016735804 0.586131616
1403715600.262142897 -2.387262592 0.959387812 1.409533961 0.129526592 -0.800149542 0.012625556 0.585511886
1403715600.312143087 -2.374160495 0.976972908 1.378477504 0.144974102 -0.799143934 0.013388061 0.583242867
1403715600.362143040 -2.357276219 0.980992992 1.360821230 0.161517379 -0.797252047 0.016003603 0.581416542
1403715600.412142992 -2.337740584 0.997422284 1.334093335 0.175496063 -0.797276001 0.025376149 0.576981942
1403715600.462142944 -2.316226856 1.004721975 1.305657370 0.189080837 -0.798283892 0.037545640 0.570597572
1403715600.512142897 -2.289636951 1.010584348 1.276899454 0.199548429 -0.801683708 0.055968100 0.560670339
1403715600.562143087 -2.262150600 1.012839487 1.251661807 0.208703482 -0.805050235 0.076574008 0.549975815
1403715600.612143040 -2.225658210 0.986347295 1.276168233 0.219686866 -0.807269762 0.095050251 0.539461456
1403715600.662142992 -2.197221133 0.999452156 1.243989782 0.232635061 -0.806862990 0.111824520 0.531364583
1403715600.712142944 -2.171830660 1.001871700 1.221688063 0.246866656 -0.803840078 0.126967178 0.526096302
1403715600.762142897 -2.144746849 0.993475665 1.213771911 0.262474328 -0.798481879 0.140672151 0.523206710
1403715600.812143087 -2.122041362 0.984559536 1.205647596 0.278349948 -0.793366814 0.153272531 0.519228211
1403715600.862143040 -2.098937042 0.968969097 1.223196395 0.294855158 -0.785963640 0.163966202 0.518108750
1403715600.912142992 -2.078021042 0.962823491 1.212957433 0.309268432 -0.779365856 0.174973877 0.516067866
1403715600.962142944 -2.058293623 0.947563700 1.213372050 0.323214440 -0.771864741 0.184176569 0.515593095
1403715601.012142897 -2.039609316 0.928136451 1.236812961 0.335701198 -0.766051190 0.190881370 0.513842955
1403715601.062143087 -2.021670226 0.912159585 1.240628702 0.344753921 -0.758711650 0.198816331 0.515726121
1403715601.112143040 -2.005909644 0.889800317 1.250597712 0.353229907 -0.753356164 0.203726557 0.515925007
1403715601.162142992 -1.991980086 0.866259518 1.256821381 0.359790621 -0.748991118 0.206756841 0.516541018
1403715601.212142944 -1.977670279 0.841580351 1.272803384 0.365094823 -0.744969139 0.207990524 0.518137717
1403715601.262142897 -1.963883650 0.815722457 1.285716042 0.369450121 -0.741597436 0.208060230 0.519856510
1403715601.312143087 -1.949919118 0.785382329 1.298992252 0.374223970 -0.738294737 0.206870010 0.521614896
1403715601.362143040 -1.935204755 0.752426541 1.314637160 0.378592378 -0.735248887 0.206261674 0.523003831
1403715601.412142992 -1.921813557 0.721819433 1.328693648 0.380041064 -0.734153597 0.208358991 0.522660326
1403715601.462142944 -1.906826606 0.688949767 1.345125847 0.380514459 -0.733497892 0.210701837 0.522297161
1403715601.512142897 -1.891641422 0.657526279 1.356262620 0.379975787 -0.733996921 0.213036873 0.521039549
1403715601.562143087 -1.871512760 0.622020033 1.374790933 0.378913399 -0.733568544 0.215912057 0.521232972
1403715601.612143040 -1.850525733 0.586426677 1.394697803 0.377453444 -0.734087904 0.217835519 0.520760534
1403715601.662142992 -1.828306747 0.549373977 1.413556055 0.375796435 -0.734801084 0.220441178 0.519855840
1403715601.712142944 -1.805325065 0.510771333 1.434206971 0.373735116 -0.734095516 0.223646452 0.520968427
1403715601.762142897 -1.781471326 0.470984235 1.451786691 0.371727144 -0.731626608 0.226808757 0.524499022
1403715601.812143087 -1.758061187 0.428693281 1.468730431 0.370951538 -0.730287692 0.227778142 0.526490229
1403715601.862143040 -1.735593908 0.388075503 1.480098882 0.367771437 -0.729156961 0.228777999 0.529844245
1403715601.912142992 -1.713124609 0.348601887 1.491566241 0.363115859 -0.727679255 0.228916241 0.535001990
1403715601.962142944 -1.689437299 0.311847033 1.502751538 0.355475819 -0.724584456 0.230419271 0.543618679
1403715602.012142897 -1.663137929 0.275049307 1.514927857 0.346503586 -0.719280267 0.231073748 0.556036047
1403715602.062143087 -1.638143732 0.238601309 1.530485231 0.336730849 -0.714704607 0.231412026 0.567677844
1403715602.112143040 -1.614378804 0.204926447 1.537784106 0.325804610 -0.712184978 0.231500690 0.577106008
1403715602.162142992 -1.590005709 0.169513221 1.541682177 0.315058158 -0.713156595 0.229734254 0.582553175
1403715602.212142944 -1.561498881 0.133647337 1.550027969 0.304050978 -0.717055736 0.226699858 0.584800178
1403715602.262142897 -1.529893540 0.101999435 1.560549219 0.292473574 -0.722353612 0.222256420 0.585889539
1403715602.312143087 -1.499646565 0.073400986 1.566699941 0.283239254 -0.729464527 0.214623736 0.584460162
1403715602.362143040 -1.466356443 0.046668243 1.572121135 0.275382073 -0.740106326 0.203813247 0.578677372
1403715602.412142992 -1.428731849 0.026326930 1.579060546 0.267363520 -0.749953640 0.192464129 0.573623435
1403715602.462142944 -1.387261741 0.003976201 1.586979271 0.259037156 -0.760497032 0.181424724 0.567123518
1403715602.512142897 -1.343246734 -0.014092867 1.596005989 0.250490601 -0.768398402 0.170794372 0.563602375
1403715602.562143087 -1.298405157 -0.033823398 1.602502606 0.241667884 -0.775542227 0.160829361 0.560593262
1403715602.612143040 -1.253462896 -0.050875163 1.608419249 0.232820210 -0.779972195 0.150061666 0.561176996
1403715602.662142992 -1.210218343 -0.069048383 1.610033722 0.224892748 -0.782281763 0.136443742 0.564660606
1403715602.712142944 -1.171370566 -0.084080217 1.604471104 0.214244609 -0.785289543 0.126804882 0.566868682
1403715602.762142897 -1.132051867 -0.103353459 1.599068873 0.204773939 -0.788962960 0.115377403 0.567708672
1403715602.812143087 -1.091588788 -0.123914812 1.591896187 0.194604224 -0.792764382 0.105658612 0.567882107
1403715602.862143040 -1.049010308 -0.143150895 1.583974572 0.182406286 -0.796021679 0.098649518 0.568634950
1403715602.912142992 -1.005983436 -0.165243780 1.572395358 0.171908741 -0.799469374 0.090113044 0.568485482
1403715602.962142944 -0.963648393 -0.185226477 1.557283377 0.161175788 -0.803521555 0.081458459 0.567221294
1403715603.012142897 -0.923695101 -0.207728127 1.540394382 0.150518190 -0.805948515 0.074217997 0.567699705
1403715603.062143087 -0.883858469 -0.232958810 1.520141700 0.139641739 -0.807140104 0.066879162 0.569694843
1403715603.112143040 -0.847675207 -0.260846526 1.495177704 0.127841668 -0.808213003 0.060167073 0.571688878
1403715603.162142992 -0.812124040 -0.291008670 1.471622732 0.117369243 -0.810674408 0.051534338 0.571292987
1403715603.212142944 -0.774547572 -0.316265084 1.450742829 0.105641142 -0.812350076 0.045718004 0.571696744
1403715603.262142897 -0.737277271 -0.344047642 1.429172466 0.095363185 -0.816404255 0.038210357 0.568269236
1403715603.312143087 -0.699704596 -0.373067737 1.406991566 0.087150126 -0.819498826 0.031004630 0.565566303
1403715603.362143040 -0.663099414 -0.404094134 1.383795386 0.079506799 -0.822518796 0.025778511 0.562562856
1403715603.412142992 -0.626738886 -0.433903857 1.361991351 0.071308853 -0.823427894 0.024299415 0.562397626
1403715603.462142944 -0.593137520 -0.466074719 1.339413722 0.063786620 -0.823470961 0.023895919 0.563254675
1403715603.512142897 -0.562231521 -0.502002197 1.320193311 0.055421946 -0.824234365 0.026286865 0.562916619
1403715603.562143087 -0.532228004 -0.535289018 1.301029035 0.047332807 -0.824823285 0.029912266 0.562611242
1403715603.612143040 -0.502686102 -0.568202961 1.283728995 0.039901912 -0.825112669 0.033566294 0.562556864
1403715603.662142992 -0.473360669 -0.599924488 1.267631930 0.030971561 -0.825514490 0.040882986 0.562045524
1403715603.712142944 -0.446471398 -0.632222844 1.249682687 0.024274518 -0.824669662 0.045132653 0.563288328
1403715603.762142897 -0.422799466 -0.664304703 1.233287463 0.017640091 -0.823557910 0.049913633 0.564756430
1403715603.812143087 -0.399932521 -0.693165981 1.221936287 0.012229760 -0.822512730 0.054816254 0.565966801
1403715603.862143040 -0.378118913 -0.720025177 1.213478181 0.007876255 -0.824251518 0.059325016 0.563052344
1403715603.912142992 -0.360582509 -0.744284053 1.204392245 0.004926984 -0.830818888 0.062420505 0.553009386
1403715603.962142944 -0.339721913 -0.766902283 1.199728763 0.004233112 -0.836023247 0.063629225 0.544975718
1403715604.012142897 -0.319753953 -0.787269647 1.195992977 0.006311702 -0.841314514 0.060751981 0.537084023
1403715604.062143087 -0.297888373 -0.803070601 1.196347253 0.012157905 -0.843530397 0.052411839 0.534379691
1403715604.112143040 -0.280735696 -0.815107551 1.198986177 0.018884269 -0.843910305 0.043173809 0.534410707
1403715604.162142992 -0.266856093 -0.825339947 1.201192561 0.024996998 -0.842436390 0.034236639 0.537125620
1403715604.212142944 -0.256584941 -0.833505927 1.202153088 0.029803333 -0.839702414 0.027583164 0.541526349
1403715604.262142897 -0.248205755 -0.841106292 1.201525583 0.033047555 -0.836812735 0.022760637 0.546016720
1403715604.312143087 -0.244456942 -0.848097877 1.198746530 0.034770580 -0.834718836 0.020076767 0.549210701
1403715604.362143040 -0.242848154 -0.855718136 1.195167724 0.035939597 -0.834127528 0.018013164 0.550104662
1403715604.412142992 -0.241635010 -0.864369627 1.190363361 0.036254304 -0.833899431 0.017017597 0.550461411
1403715604.462142944 -0.238998405 -0.873999841 1.185125896 0.037009070 -0.832679324 0.016050380 0.552284217
1403715604.512142897 -0.240364082 -0.883282800 1.182004696 0.036580063 -0.830687536 0.016377055 0.555294434
1403715604.562143087 -0.243449786 -0.893017207 1.178988856 0.036888041 -0.826973953 0.016116768 0.560797293
1403715604.612143040 -0.246920379 -0.902456896 1.176066578 0.036629724 -0.822534676 0.016635479 0.567290252
1403715604.662142992 -0.251091017 -0.913848959 1.170976741 0.037936416 -0.818762087 0.014649057 0.572690910
1403715604.712142944 -0.256898895 -0.924710598 1.165120543 0.038512979 -0.816601627 0.013865595 0.575748450
1403715604.762142897 -0.264746353 -0.935668708 1.158986868 0.039362322 -0.815115374 0.011764728 0.577840053
1403715604.812143087 -0.273612577 -0.946926307 1.152209359 0.039132130 -0.814936563 0.011954121 0.578103947
1403715604.862143040 -0.281121447 -0.958421654 1.146876953 0.039152979 -0.814628903 0.012410087 0.578526390
1403715604.912142992 -0.288098354 -0.969866451 1.141922319 0.040126075 -0.814371744 0.011561230 0.578839268
1403715604.962142944 -0.296780856 -0.980523398 1.137665586 0.040652618 -0.815854668 0.011121067 0.576719037
1403715605.012142897 -0.305446520 -0.993094624 1.131481722 0.040963991 -0.817448287 0.011131533 0.574435669
1403715605.062143087 -0.314601727 -1.005946411 1.127028440 0.041361730 -0.817955532 0.011168544 0.573683902
1403715605.112143040 -0.324005885 -1.018435086 1.125415190 0.041528323 -0.817762468 0.011907423 0.573932189
1403715605.162142992 -0.333405505 -1.033277017 1.123885833 0.042987596 -0.816846596 0.011189901 0.575142149
1403715605.212142944 -0.344687877 -1.046107248 1.124998038 0.042997588 -0.816469884 0.012502623 0.575649043
1403715605.262142897 -0.353481141 -1.060217958 1.127535751 0.042849343 -0.815859496 0.014335134 0.576482194
1403715605.312143087 -0.361361508 -1.073706126 1.131623163 0.041650923 -0.814784371 0.017860690 0.577990160
1403715605.362143040 -0.368401270 -1.087803952 1.134792326 0.039897353 -0.813736080 0.022646396 0.579421206
1403715605.412142992 -0.375395496 -1.101958193 1.136422487 0.038668190 -0.812467089 0.026795294 0.581105853
1403715605.462142944 -0.385692712 -1.115486030 1.133745146 0.038188758 -0.813288518 0.029432752 0.579859568
1403715605.512142897 -0.395905352 -1.129546487 1.128683370 0.037540040 -0.814178862 0.032023312 0.578513641
1403715605.562143087 -0.405360351 -1.142515041 1.120565510 0.037003237 -0.815669695 0.034657296 0.576292097
1403715605.612143040 -0.413389643 -1.154177360 1.110874978 0.036411689 -0.815946356 0.036928152 0.575796878
1403715605.662142992 -0.422170154 -1.165626841 1.099498986 0.037669650 -0.815259453 0.036148790 0.576737624
1403715605.712142944 -0.432806427 -1.175345628 1.088791974 0.040810092 -0.814483709 0.032573642 0.577831966
1403715605.762142897 -0.445034785 -1.184702421 1.078049415 0.044451672 -0.812991926 0.027895546 0.579905179
1403715605.812143087 -0.458009350 -1.192884600 1.068302128 0.047130204 -0.812556703 0.024654073 0.580450278
1403715605.862143040 -0.469886447 -1.201028014 1.060101916 0.049072836 -0.811536937 0.022553715 0.581799783
1403715605.912142992 -0.481725503 -1.209313364 1.053112762 0.050661091 -0.810669927 0.021274794 0.582919469
1403715605.962142944 -0.493689170 -1.217916609 1.045815037 0.052306149 -0.809203694 0.019888144 0.584857170
1403715606.012142897 -0.504684132 -1.225645611 1.038514999 0.053007891 -0.808101806 0.019808826 0.586318382
1403715606.062143087 -0.516403710 -1.234397830 1.027534365 0.054331982 -0.807474088 0.019826641 0.587060932
1403715606.112143040 -0.528742502 -1.243964700 1.014445462 0.055974429 -0.806807590 0.019490357 0.587833736
1403715606.162142992 -0.543556909 -1.253671163 0.999138103 0.055984746 -0.807396037 0.020247195 0.586998637
1403715606.212142944 -0.556234618 -1.264230954 0.983979475 0.056478091 -0.808025838 0.021385500 0.586043626
1403715606.262142897 -0.567480777 -1.274814814 0.971633280 0.054758446 -0.808244832 0.025658711 0.585733245
1403715606.312143087 -0.577732194 -1.284381516 0.961522539 0.053300461 -0.808165355 0.029577889 0.585792599
1403715606.362143040 -0.587045204 -1.295313235 0.952390172 0.052782518 -0.808494231 0.032748009 0.585216756
1403715606.412142992 -0.597248094 -1.306014962 0.945643475 0.051929917 -0.809028097 0.035553454 0.584390943
1403715606.462142944 -0.605870635 -1.314787933 0.944566510 0.051588158 -0.807373594 0.037561537 0.586579638
1403715606.512142897 -0.615516897 -1.324047978 0.943064598 0.051758541 -0.806180434 0.039423144 0.588081608
1403715606.562143087 -0.626177773 -1.333210290 0.941667550 0.051446749 -0.806166557 0.042537823 0.587910919
1403715606.612143040 -0.636352609 -1.341424836 0.939541958 0.051086127 -0.805539017 0.045831114 0.588554677
1403715606.662142992 -0.646301065 -1.348887872 0.936749443 0.050778701 -0.805383177 0.049428156 0.588503457
1403715606.712142944 -0.655594930 -1.354761771 0.933922018 0.049210582 -0.805077228 0.054497653 0.588607664
1403715606.762142897 -0.665388968 -1.359566334 0.929524298 0.047639064 -0.804866945 0.058630375 0.588627385
1403715606.812143087 -0.673396187 -1.363256621 0.925971067 0.047384445 -0.802828220 0.061279059 0.591156867
1403715606.862143040 -0.681428334 -1.367241395 0.920351076 0.049777644 -0.800206384 0.059247215 0.594711440
1403715606.912142992 -0.686754136 -1.369666793 0.915964659 0.053067973 -0.796556116 0.056368905 0.599587100
1403715606.962142944 -0.693097976 -1.371669314 0.909925256 0.057832166 -0.794188525 0.050697734 0.602785009
1403715607.012142897 -0.699907103 -1.372391415 0.901601624 0.062085444 -0.794964702 0.045038662 0.601787371
1403715607.062143087 -0.706151331 -1.370406627 0.895839223 0.066437322 -0.796291909 0.039422277 0.599959300
1403715607.112143040 -0.710215624 -1.367433583 0.892034072 0.069091981 -0.797551050 0.036094432 0.598193792
1403715607.162142992 -0.713601189 -1.365227560 0.887628009 0.071164605 -0.798787711 0.033934939 0.596424523
1403715607.212142944 -0.716742633 -1.363718581 0.881905053 0.072198953 -0.800126376 0.032893641 0.594561268
1403715607.262142897 -0.718731417 -1.364686272 0.871460326 0.073002796 -0.801105172 0.031909140 0.593197187
1403715607.312143087 -0.719053878 -1.366387750 0.862776195 0.073523641 -0.801550832 0.031690831 0.592542175
1403715607.362143040 -0.718352212 -1.367613235 0.857413539 0.073358440 -0.800477854 0.031935638 0.593998199
1403715607.412142992 -0.716570271 -1.368956465 0.853856830 0.073477252 -0.799713443 0.031776413 0.595020809
1403715607.462142944 -0.712787553 -1.371685839 0.852060620 0.073769525 -0.799318445 0.030751465 0.595568995
1403715607.512142897 -0.710107530 -1.375008911 0.848250143 0.073411882 -0.800543871 0.030148122 0.593996041
1403715607.562143087 -0.707350676 -1.377987843 0.844628668 0.073356147 -0.800703641 0.029120560 0.593838823
1403715607.612143040 -0.704886152 -1.380082028 0.843549147 0.072427495 -0.801280378 0.029056778 0.593177644
1403715607.662142992 -0.701788786 -1.383326537 0.842118676 0.072020734 -0.802057328 0.028005235 0.592226953
1403715607.712142944 -0.698182386 -1.388381882 0.838977700 0.071975481 -0.801984836 0.026720348 0.592389969
1403715607.762142897 -0.693208900 -1.394045486 0.833870586 0.071497024 -0.802329102 0.026647248 0.591984892
1403715607.812143087 -0.688085324 -1.398846804 0.828112343 0.070146921 -0.802816552 0.027189435 0.591460673
1403715607.862143040 -0.683819765 -1.403384173 0.820198361 0.067162110 -0.804354343 0.030435152 0.589556649
1403715607.912142992 -0.682365628 -1.406262559 0.810971764 0.069866035 -0.804443915 0.028812380 0.589201639
1403715607.962142944 -0.691814719 -1.399850921 0.810201895 0.067856487 -0.801830581 0.029325652 0.592961401
1403715608.012142897 -0.696437590 -1.396622652 0.804926233 0.070884268 -0.802317163 0.026651724 0.592074552
1403715608.062143087 -0.701212595 -1.393520620 0.800217388 0.070129476 -0.801865178 0.028236941 0.592702934
1403715608.112143040 -0.704445636 -1.393103465 0.792289186 0.070411149 -0.802983973 0.027800449 0.591173531
1403715608.162142992 -0.707197687 -1.393692355 0.789760000 0.069112326 -0.804286673 0.029249371 0.589483595
1403715608.212142944 -0.705492103 -1.394733658 0.786381760 0.070544773 -0.802946293 0.027903058 0.591203945
1403715608.262142897 -0.703696748 -1.394430317 0.784504930 0.069492976 -0.802050219 0.029372889 0.592472283
1403715608.312143087 -0.702962409 -1.396384207 0.782160785 0.069942545 -0.803466251 0.028563003 0.590537195
1403715608.362143040 -0.700796787 -1.396755933 0.781613131 0.069396179 -0.803418658 0.029291110 0.590630731
1403715608.412142992 -0.697620011 -1.396806074 0.781492142 0.069960051 -0.803029637 0.028781704 0.591118099
1403715608.462142944 -0.694107803 -1.398012708 0.781764690 0.069567508 -0.803176921 0.029265817 0.590940527
1403715608.512142897 -0.690770540 -1.398428375 0.782196021 0.069877102 -0.802720308 0.029050245 0.591534767
1403715608.562143087 -0.688648165 -1.398501394 0.782013827 0.069829881 -0.803057766 0.029225723 0.591073489
1403715608.612143040 -0.684113210 -1.401438678 0.781742939 0.069696288 -0.803296665 0.029406040 0.590755601
1403715608.662142992 -0.680288621 -1.403544228 0.780738777 0.069875983 -0.803357212 0.029199570 0.590662274
1403715608.712142944 -0.676784222 -1.404445134 0.780879031 0.069811845 -0.803178461 0.029394768 0.590903218
1403715608.762142897 -0.674155862 -1.404469423 0.781528889 0.069846962 -0.802934719 0.029270495 0.591236397
1403715608.812143087 -0.673154007 -1.404489315 0.781493178 0.069732092 -0.803173699 0.029296370 0.590923994
1403715608.862143040 -0.672489355 -1.404116492 0.781787519 0.069773184 -0.803260530 0.029233854 0.590804203
1403715608.912142992 -0.672107499 -1.403929195 0.781729577 0.069743473 -0.803279939 0.029285652 0.590778756
1403715608.962142944 -0.671370037 -1.404015746 0.781620469 0.069786919 -0.803064781 0.029341153 0.591063313
1403715609.012142897 -0.668111794 -1.403753916 0.785127137 0.069779033 -0.803085281 0.029136465 0.591046516
1403715609.062143087 -0.665492395 -1.403654382 0.787149439 0.069782318 -0.803238641 0.029462845 0.590821509
1403715609.112143040 -0.663164820 -1.403646433 0.788112835 0.069825171 -0.803240622 0.029477330 0.590813029
1403715609.162142992 -0.661696283 -1.403881850 0.787975852 0.069842701 -0.803282056 0.029388425 0.590759050
1403715609.212142944 -0.663332794 -1.404595043 0.786192296 0.069838188 -0.803204845 0.029272546 0.590870309
1403715609.262142897 -0.664824151 -1.404773495 0.784977726 0.069852581 -0.803186325 0.029240599 0.590895364
1403715609.312143087 -0.666118307 -1.404916060 0.784137931 0.069832870 -0.803323779 0.029264553 0.590709626
1403715609.362143040 -0.666948870 -1.404798361 0.783921985 0.069817325 -0.803371713 0.029229962 0.590647984
