{
  "active_landmarks_tail": 0,
  "duration_sec": 142.90499997138977,
  "first_timestamp": 1403715275.952143,
  "last_timestamp": 1403715418.857143,
  "mean_num_features": 43.85652853792025,
  "path_length_m": 3859.7483937388993,
  "pose_count": 19054
}
