{
  "active_landmarks_tail": 15,
  "case_id": "case_049",
  "duration_sec": 142.90499997138977,
  "evo_failed": false,
  "failure_reason": "E_ORTH_COLLAPSE",
  "last10_update_accept_ratio": 0.4426705370101596,
  "launch_exit": 124,
  "mean_num_features": 140.2235294117647,
  "path_length_m": 3859.7483937388993,
  "path_length_ratio": 66.15734436878195,
  "pose_count": 19054,
  "ros_crash": false,
  "rpe1_rot_rmse_deg": 0.201788,
  "rpe1_trans_rmse": 2.259127,
  "se3_ate_median": 580.621117,
  "se3_ate_rmse": 966.882902,
  "stage": 1,
  "status": "FAILED",
  "strong_baseline": false,
  "tail_E_orth_frob": 0.094457,
  "timed_out": true,
  "update_accept_ratio": 0.6608491794738213,
  "usable": false
}
