{
  "active_landmarks_tail": 0,
  "duration_sec": 142.90499997138977,
  "first_timestamp": 1403715275.952143,
  "last_timestamp": 1403715418.857143,
  "mean_num_features": 18.488880787458985,
  "path_length_m": 5135.456834885699,
  "pose_count": 24163
}
