{
  "active_landmarks_tail": 9,
  "case_id": "case_029",
  "duration_sec": 142.90499997138977,
  "evo_failed": false,
  "failure_reason": "E_ORTH_COLLAPSE",
  "last10_update_accept_ratio": 0.7024793388429752,
  "launch_exit": 124,
  "mean_num_features": 97.26373626373626,
  "path_length_m": 5135.456834885699,
  "path_length_ratio": 88.02025184136622,
  "pose_count": 24163,
  "ros_crash": false,
  "rpe1_rot_rmse_deg": 0.11621,
  "rpe1_trans_rmse": 2.563356,
  "se3_ate_median": 1045.651778,
  "se3_ate_rmse": 1393.143582,
  "stage": 1,
  "status": "FAILED",
  "strong_baseline": false,
  "tail_E_orth_frob": 0.094772,
  "timed_out": true,
  "update_accept_ratio": 0.8347058823529412,
  "usable": false
}
