{
  "active_landmarks_tail": 0,
  "duration_sec": 142.90499997138977,
  "first_timestamp": 1403715275.952143,
  "last_timestamp": 1403715418.857143,
  "mean_num_features": 79.36394703118326,
  "path_length_m": 257.3384226786373,
  "pose_count": 11581
}
