{
  "active_landmarks_tail": 0,
  "duration_sec": 142.90499997138977,
  "first_timestamp": 1403715275.952143,
  "last_timestamp": 1403715418.857143,
  "mean_num_features": 52.36773065150852,
  "path_length_m": 7739.538574038442,
  "pose_count": 14043
}
