{
  "active_landmarks_tail": 20,
  "case_id": "case_010",
  "duration_sec": 142.90499997138977,
  "evo_failed": false,
  "failure_reason": "ATE_DIVERGED",
  "last10_update_accept_ratio": 0.6371681415929203,
  "launch_exit": 124,
  "mean_num_features": 159.64473684210526,
  "path_length_m": 7739.538574038442,
  "path_length_ratio": 132.68854673522094,
  "pose_count": 14043,
  "ros_crash": false,
  "rpe1_rot_rmse_deg": 0.482559,
  "rpe1_trans_rmse": 4.897507,
  "se3_ate_median": 1393.741503,
  "se3_ate_rmse": 2076.37149,
  "stage": 1,
  "status": "FAILED",
  "strong_baseline": false,
  "tail_E_orth_frob": 0.0,
  "timed_out": true,
  "update_accept_ratio": 0.8998109640831758,
  "usable": false
}
