{
  "active_landmarks_tail": 13,
  "case_id": "case_033",
  "duration_sec": 142.90499997138977,
  "evo_failed": false,
  "failure_reason": "FEATURE_STARVATION",
  "last10_update_accept_ratio": 0.28895184135977336,
  "launch_exit": 124,
  "mean_num_features": 204.91463414634146,
  "path_length_m": 4587.370942672593,
  "path_length_ratio": 78.63785549590499,
  "pose_count": 17447,
  "ros_crash": false,
  "rpe1_rot_rmse_deg": 0.233451,
  "rpe1_trans_rmse": 2.594178,
  "se3_ate_median": 808.390092,
  "se3_ate_rmse": 1207.471746,
  "stage": 1,
  "status": "FAILED",
  "strong_baseline": false,
  "tail_E_orth_frob": 0.023479,
  "timed_out": true,
  "update_accept_ratio": 0.4153771760154739,
  "usable": false
}
