{
  "active_landmarks_tail": 1,
  "duration_sec": 142.90499997138977,
  "first_timestamp": 1403715275.952143,
  "last_timestamp": 1403715418.857143,
  "mean_num_features": 59.20366679952172,
  "path_length_m": 1040.9773588843218,
  "pose_count": 16290
}
