{
  "active_landmarks_tail": 29,
  "duration_sec": 142.90499997138977,
  "first_timestamp": 1403715275.952143,
  "last_timestamp": 1403715418.857143,
  "mean_num_features": 82.02094474153297,
  "path_length_m": 63.997010571019004,
  "pose_count": 9060
}
