{
  "active_landmarks_tail": 1,
  "duration_sec": 142.90499997138977,
  "first_timestamp": 1403715275.952143,
  "last_timestamp": 1403715418.857143,
  "mean_num_features": 84.3706712270201,
  "path_length_m": 72.79860609381375,
  "pose_count": 11113
}
