{
  "active_landmarks_tail": 0,
  "duration_sec": 142.90499997138977,
  "first_timestamp": 1403715275.952143,
  "last_timestamp": 1403715418.857143,
  "mean_num_features": 33.89939024390244,
  "path_length_m": 7376.0865921571085,
  "pose_count": 13338
}
