{
  "active_landmarks_tail": 27,
  "case_id": "case_006",
  "duration_sec": 142.90499997138977,
  "evo_failed": false,
  "failure_reason": "ATE_DIVERGED",
  "last10_update_accept_ratio": 0.44010767160161507,
  "launch_exit": 124,
  "mean_num_features": 238.32894736842104,
  "path_length_m": 7376.0865921571085,
  "path_length_ratio": 126.45553102547912,
  "pose_count": 13338,
  "ros_crash": false,
  "rpe1_rot_rmse_deg": 0.463478,
  "rpe1_trans_rmse": 3.92279,
  "se3_ate_median": 1695.522435,
  "se3_ate_rmse": 2064.630195,
  "stage": 1,
  "status": "FAILED",
  "strong_baseline": false,
  "tail_E_orth_frob": 0.0,
  "timed_out": true,
  "update_accept_ratio": 0.6400956556396971,
  "usable": false
}
