{
  "active_landmarks_tail": 18,
  "case_id": "case_023",
  "duration_sec": 142.90499997138977,
  "evo_failed": false,
  "failure_reason": "E_ORTH_COLLAPSE",
  "last10_update_accept_ratio": 0.44854881266490765,
  "launch_exit": 124,
  "mean_num_features": 138.18055555555554,
  "path_length_m": 151.39371743478085,
  "path_length_ratio": 2.595319169671472,
  "pose_count": 8221,
  "ros_crash": false,
  "rpe1_rot_rmse_deg": 0.377019,
  "rpe1_trans_rmse": 0.117583,
  "se3_ate_median": 2.547067,
  "se3_ate_rmse": 9.061445,
  "stage": 1,
  "status": "FAILED",
  "strong_baseline": false,
  "tail_E_orth_frob": 0.078872,
  "timed_out": true,
  "update_accept_ratio": 0.8343160377358491,
  "usable": false
}
