{
  "active_landmarks_tail": 20,
  "case_id": "case_016",
  "duration_sec": 142.90499997138977,
  "evo_failed": false,
  "failure_reason": "ATE_DIVERGED",
  "last10_update_accept_ratio": 0.7408716136631331,
  "launch_exit": 124,
  "mean_num_features": 178.34146341463415,
  "path_length_m": 11267.344794394858,
  "path_length_ratio": 193.1480126051065,
  "pose_count": 18266,
  "ros_crash": false,
  "rpe1_rot_rmse_deg": 0.336239,
  "rpe1_trans_rmse": 5.820858,
  "se3_ate_median": 2625.207766,
  "se3_ate_rmse": 3221.40247,
  "stage": 1,
  "status": "FAILED",
  "strong_baseline": false,
  "tail_E_orth_frob": 0.0,
  "timed_out": true,
  "update_accept_ratio": 0.8088293259755617,
  "usable": false
}
