{
  "active_landmarks_tail": 14,
  "case_id": "case_022",
  "duration_sec": 142.90499997138977,
  "evo_failed": false,
  "failure_reason": "E_ORTH_COLLAPSE",
  "last10_update_accept_ratio": 0.14136125654450263,
  "launch_exit": 124,
  "mean_num_features": 142.7906976744186,
  "path_length_m": 3926.9843708923736,
  "path_length_ratio": 67.31172294839534,
  "pose_count": 21210,
  "ros_crash": false,
  "rpe1_rot_rmse_deg": 0.192064,
  "rpe1_trans_rmse": 1.937296,
  "se3_ate_median": 887.537097,
  "se3_ate_rmse": 1101.643481,
  "stage": 1,
  "status": "FAILED",
  "strong_baseline": false,
  "tail_E_orth_frob": 0.076704,
  "timed_out": true,
  "update_accept_ratio": 0.7117691154422788,
  "usable": false
}
