{
  "active_landmarks_tail": 0,
  "duration_sec": 142.90499997138977,
  "first_timestamp": 1403715275.952143,
  "last_timestamp": 1403715418.857143,
  "mean_num_features": 44.72514395393474,
  "path_length_m": 2347.104660424004,
  "pose_count": 20221
}
