{
  "active_landmarks_tail": 0,
  "duration_sec": 142.90499997138977,
  "first_timestamp": 1403715275.952143,
  "last_timestamp": 1403715418.857143,
  "mean_num_features": 38.67551622418879,
  "path_length_m": 13477.931585197664,
  "pose_count": 16660
}
