{
  "active_landmarks_tail": 31,
  "case_id": "case_036",
  "duration_sec": 142.90499997138977,
  "evo_failed": false,
  "failure_reason": "ATE_DIVERGED",
  "last10_update_accept_ratio": 0.6507439310884886,
  "launch_exit": 124,
  "mean_num_features": 231.81012658227849,
  "path_length_m": 13477.931585197664,
  "path_length_ratio": 231.06720589242738,
  "pose_count": 16660,
  "ros_crash": false,
  "rpe1_rot_rmse_deg": 0.504002,
  "rpe1_trans_rmse": 7.248103,
  "se3_ate_median": 3117.30125,
  "se3_ate_rmse": 3818.894413,
  "stage": 1,
  "status": "FAILED",
  "strong_baseline": false,
  "tail_E_orth_frob": 0.0,
  "timed_out": true,
  "update_accept_ratio": 0.7785372522214627,
  "usable": false
}
