{
  "active_landmarks_tail": 9,
  "case_id": "case_039",
  "duration_sec": 142.90499997138977,
  "evo_failed": false,
  "failure_reason": "FEATURE_STARVATION",
  "last10_update_accept_ratio": 0.4117647058823529,
  "launch_exit": 124,
  "mean_num_features": 114.11363636363636,
  "path_length_m": 1830.316339815237,
  "path_length_ratio": 31.371434088170137,
  "pose_count": 20776,
  "ros_crash": false,
  "rpe1_rot_rmse_deg": 0.164364,
  "rpe1_trans_rmse": 1.098902,
  "se3_ate_median": 242.783742,
  "se3_ate_rmse": 439.438123,
  "stage": 1,
  "status": "FAILED",
  "strong_baseline": false,
  "tail_E_orth_frob": 0.036913,
  "timed_out": true,
  "update_accept_ratio": 0.6784093941820123,
  "usable": false
}
