{
  "active_landmarks_tail": 0,
  "duration_sec": 142.90499997138977,
  "first_timestamp": 1403715275.952143,
  "last_timestamp": 1403715418.857143,
  "mean_num_features": 22.199401421623644,
  "path_length_m": 10150.961301307172,
  "pose_count": 23291
}
