{
  "active_landmarks_tail": 16,
  "case_id": "case_050",
  "duration_sec": 142.90499997138977,
  "evo_failed": false,
  "failure_reason": "FEATURE_STARVATION",
  "last10_update_accept_ratio": 0.33900709219858155,
  "launch_exit": 124,
  "mean_num_features": 154.93258426966293,
  "path_length_m": 10150.961301307172,
  "path_length_ratio": 173.9916956851263,
  "pose_count": 23291,
  "ros_crash": false,
  "rpe1_rot_rmse_deg": 0.158298,
  "rpe1_trans_rmse": 4.918879,
  "se3_ate_median": 2319.938449,
  "se3_ate_rmse": 2872.848857,
  "stage": 1,
  "status": "FAILED",
  "strong_baseline": false,
  "tail_E_orth_frob": 0.0,
  "timed_out": true,
  "update_accept_ratio": 0.6490984743411928,
  "usable": false
}
