{
  "active_landmarks_tail": 0,
  "duration_sec": 142.90499997138977,
  "first_timestamp": 1403715275.952143,
  "last_timestamp": 1403715418.857143,
  "mean_num_features": 76.8589634664401,
  "path_length_m": 368.36972575247034,
  "pose_count": 11515
}
