{
  "active_landmarks_tail": 0,
  "duration_sec": 142.90499997138977,
  "first_timestamp": 1403715275.952143,
  "last_timestamp": 1403715418.857143,
  "mean_num_features": 60.88371116708648,
  "path_length_m": 3391.909162020689,
  "pose_count": 16285
}
