{
  "active_landmarks_tail": 0,
  "duration_sec": 142.90499997138977,
  "first_timestamp": 1403715275.952143,
  "last_timestamp": 1403715418.857143,
  "mean_num_features": 80.44949954504095,
  "path_length_m": 128.0095989618713,
  "pose_count": 8268
}
