{
  "active_landmarks_tail": 0,
  "duration_sec": 142.90499997138977,
  "first_timestamp": 1403715275.952143,
  "last_timestamp": 1403715418.857143,
  "mean_num_features": 56.10227711308375,
  "path_length_m": 1787.639689960264,
  "pose_count": 19108
}
