{
  "active_landmarks_tail": 0,
  "duration_sec": 142.90499997138977,
  "first_timestamp": 1403715275.952143,
  "last_timestamp": 1403715418.857143,
  "mean_num_features": 56.05716798592788,
  "path_length_m": 2853.79216763939,
  "pose_count": 12588
}
