{
  "active_landmarks_tail": 0,
  "duration_sec": 142.90499997138977,
  "first_timestamp": 1403715275.952143,
  "last_timestamp": 1403715418.857143,
  "mean_num_features": 50.020242914979754,
  "path_length_m": 4587.370942672593,
  "pose_count": 17447
}
