{
  "active_landmarks_tail": 7,
  "case_id": "case_001",
  "duration_sec": 142.90499997138977,
  "evo_failed": false,
  "failure_reason": "E_ORTH_COLLAPSE",
  "last10_update_accept_ratio": 0.5676020408163265,
  "launch_exit": 124,
  "mean_num_features": 149.109756097561,
  "path_length_m": 5792.720869905088,
  "path_length_ratio": 99.30141139594326,
  "pose_count": 17348,
  "ros_crash": false,
  "rpe1_rot_rmse_deg": 0.304558,
  "rpe1_trans_rmse": 3.320683,
  "se3_ate_median": 1049.681744,
  "se3_ate_rmse": 1547.514492,
  "stage": 1,
  "status": "FAILED",
  "strong_baseline": false,
  "tail_E_orth_frob": 0.106413,
  "timed_out": true,
  "update_accept_ratio": 0.6631810676940011,
  "usable": false
}
