{
  "active_landmarks_tail": 0,
  "duration_sec": 142.90499997138977,
  "first_timestamp": 1403715275.952143,
  "last_timestamp": 1403715418.857143,
  "mean_num_features": 37.03893442622951,
  "path_length_m": 6199.065040206209,
  "pose_count": 16837
}
