{
  "active_landmarks_tail": 16,
  "case_id": "case_044",
  "duration_sec": 142.90499997138977,
  "evo_failed": false,
  "failure_reason": "E_ORTH_COLLAPSE",
  "last10_update_accept_ratio": 0.7780149413020278,
  "launch_exit": 124,
  "mean_num_features": 136.2674418604651,
  "path_length_m": 9154.839631719713,
  "path_length_ratio": 156.91803268386903,
  "pose_count": 19980,
  "ros_crash": false,
  "rpe1_rot_rmse_deg": 0.196591,
  "rpe1_trans_rmse": 4.996313,
  "se3_ate_median": 1663.416286,
  "se3_ate_rmse": 2461.190498,
  "stage": 1,
  "status": "FAILED",
  "strong_baseline": false,
  "tail_E_orth_frob": 0.171511,
  "timed_out": true,
  "update_accept_ratio": 0.8360845641471184,
  "usable": false
}
