{
  "active_landmarks_tail": 0,
  "duration_sec": 142.90499997138977,
  "first_timestamp": 1403715275.952143,
  "last_timestamp": 1403715418.857143,
  "mean_num_features": 39.52283653846154,
  "path_length_m": 6911.703214795803,
  "pose_count": 18584
}
