{
  "active_landmarks_tail": 18,
  "case_id": "case_005",
  "duration_sec": 142.90499997138977,
  "evo_failed": false,
  "failure_reason": "E_ORTH_COLLAPSE",
  "last10_update_accept_ratio": 0.798689138576779,
  "launch_exit": 124,
  "mean_num_features": 138.4578313253012,
  "path_length_m": 6911.703214795803,
  "path_length_ratio": 118.48194599549733,
  "pose_count": 18584,
  "ros_crash": false,
  "rpe1_rot_rmse_deg": 0.286038,
  "rpe1_trans_rmse": 3.906605,
  "se3_ate_median": 1303.228845,
  "se3_ate_rmse": 1868.426156,
  "stage": 1,
  "status": "FAILED",
  "strong_baseline": false,
  "tail_E_orth_frob": 0.18163,
  "timed_out": true,
  "update_accept_ratio": 0.8821627975315898,
  "usable": false
}
