{
  "active_landmarks_tail": 16,
  "case_id": "case_019",
  "duration_sec": 142.90499997138977,
  "evo_failed": false,
  "failure_reason": "E_ORTH_COLLAPSE",
  "last10_update_accept_ratio": 0.8043844856661045,
  "launch_exit": 124,
  "mean_num_features": 113.70588235294117,
  "path_length_m": 2987.8365090950233,
  "path_length_ratio": 51.212340694154754,
  "pose_count": 17436,
  "ros_crash": false,
  "rpe1_rot_rmse_deg": 0.208092,
  "rpe1_trans_rmse": 2.071238,
  "se3_ate_median": 297.284713,
  "se3_ate_rmse": 641.988624,
  "stage": 1,
  "status": "FAILED",
  "strong_baseline": false,
  "tail_E_orth_frob": 0.172267,
  "timed_out": true,
  "update_accept_ratio": 0.8673990802248339,
  "usable": false
}
