{
  "active_landmarks_tail": 0,
  "duration_sec": 142.90499997138977,
  "first_timestamp": 1403715275.952143,
  "last_timestamp": 1403715418.857143,
  "mean_num_features": 61.06586578293289,
  "path_length_m": 1833.6222911003294,
  "pose_count": 14152
}
