{
  "active_landmarks_tail": 0,
  "duration_sec": 142.90499997138977,
  "first_timestamp": 1403715275.952143,
  "last_timestamp": 1403715418.857143,
  "mean_num_features": 24.714119922630562,
  "path_length_m": 8086.130610787249,
  "pose_count": 20255
}
