{
  "active_landmarks_tail": 0,
  "duration_sec": 142.90499997138977,
  "first_timestamp": 1403715275.952143,
  "last_timestamp": 1403715418.857143,
  "mean_num_features": 16.29362745098039,
  "path_length_m": 15692.109608568036,
  "pose_count": 6177
}
