{
  "active_landmarks_tail": 1,
  "case_id": "case_009_rviz_replay",
  "duration_sec": 142.90499997138977,
  "evo_failed": false,
  "failure_reason": "FEATURE_STARVATION",
  "last10_update_accept_ratio": 0.2457627118644068,
  "launch_exit": 124,
  "mean_num_features": 116.92647058823529,
  "path_length_m": 15692.109608568036,
  "path_length_ratio": 269.1701450200902,
  "pose_count": 6177,
  "ros_crash": false,
  "rpe1_rot_rmse_deg": 0.629306,
  "rpe1_trans_rmse": 14.910262,
  "se3_ate_median": 3240.262379,
  "se3_ate_rmse": 4162.788797,
  "stage": 1,
  "status": "FAILED",
  "strong_baseline": false,
  "tail_E_orth_frob": 0.0,
  "timed_out": true,
  "update_accept_ratio": 0.43651452282157677,
  "usable": false
}
