{
  "active_landmarks_tail": 1,
  "duration_sec": 142.90499997138977,
  "first_timestamp": 1403715275.952143,
  "last_timestamp": 1403715418.857143,
  "mean_num_features": 15.794187708432586,
  "path_length_m": 6003.107258339537,
  "pose_count": 6578
}
