{
  "active_landmarks_tail": 1,
  "case_id": "case_025",
  "duration_sec": 142.90499997138977,
  "evo_failed": false,
  "failure_reason": "FEATURE_STARVATION",
  "last10_update_accept_ratio": 0.5599520383693045,
  "launch_exit": 124,
  "mean_num_features": 156.76923076923077,
  "path_length_m": 2963.779843107259,
  "path_length_ratio": 50.80956444112663,
  "pose_count": 14180,
  "ros_crash": false,
  "rpe1_rot_rmse_deg": 0.390724,
  "rpe1_trans_rmse": 1.951785,
  "se3_ate_median": 432.002041,
  "se3_ate_rmse": 736.951673,
  "stage": 1,
  "status": "FAILED",
  "strong_baseline": false,
  "tail_E_orth_frob": 0.0,
  "timed_out": true,
  "update_accept_ratio": 0.8086153846153846,
  "usable": false
}
