{
  "active_landmarks_tail": 25,
  "duration_sec": 142.90499997138977,
  "first_timestamp": 1403715275.952143,
  "last_timestamp": 1403715418.857143,
  "mean_num_features": 74.1501014198783,
  "path_length_m": 76.0261253141644,
  "pose_count": 14882
}
