{
  "active_landmarks_tail": 0,
  "duration_sec": 142.90499997138977,
  "first_timestamp": 1403715275.952143,
  "last_timestamp": 1403715418.857143,
  "mean_num_features": 92.51593625498008,
  "path_length_m": 1825.3568917362668,
  "pose_count": 7728
}
