{
  "active_landmarks_tail": 45,
  "case_id": "case_020",
  "duration_sec": 142.90499997138977,
  "evo_failed": false,
  "failure_reason": "E_ORTH_COLLAPSE",
  "last10_update_accept_ratio": 0.7077814569536424,
  "launch_exit": 124,
  "mean_num_features": 201.45454545454547,
  "path_length_m": 1825.3568917362668,
  "path_length_ratio": 31.29768803527209,
  "pose_count": 7728,
  "ros_crash": false,
  "rpe1_rot_rmse_deg": 0.663087,
  "rpe1_trans_rmse": 1.596341,
  "se3_ate_median": 191.483216,
  "se3_ate_rmse": 396.674266,
  "stage": 1,
  "status": "FAILED",
  "strong_baseline": false,
  "tail_E_orth_frob": 0.176527,
  "timed_out": true,
  "update_accept_ratio": 0.8416581719334013,
  "usable": false
}
