{
  "active_landmarks_tail": 22,
  "case_id": "case_018",
  "duration_sec": 142.90499997138977,
  "evo_failed": false,
  "failure_reason": "E_ORTH_COLLAPSE",
  "last10_update_accept_ratio": 0.3450520833333333,
  "launch_exit": 124,
  "mean_num_features": 219.4814814814815,
  "path_length_m": 6199.065040206209,
  "path_length_ratio": 106.26534754199429,
  "pose_count": 16837,
  "ros_crash": false,
  "rpe1_rot_rmse_deg": 0.304874,
  "rpe1_trans_rmse": 3.030399,
  "se3_ate_median": 1476.410407,
  "se3_ate_rmse": 1724.272539,
  "stage": 1,
  "status": "FAILED",
  "strong_baseline": false,
  "tail_E_orth_frob": 0.093432,
  "timed_out": true,
  "update_accept_ratio": 0.3432452276064611,
  "usable": false
}
