{
  "active_landmarks_tail": 0,
  "duration_sec": 142.90499997138977,
  "first_timestamp": 1403715275.952143,
  "last_timestamp": 1403715418.857143,
  "mean_num_features": 34.703952569169964,
  "path_length_m": 4185.522989761009,
  "pose_count": 18658
}
