{
  "active_landmarks_tail": 32,
  "case_id": "case_035",
  "duration_sec": 142.90499997138977,
  "evo_failed": false,
  "failure_reason": "LOW_UPDATE_ACCEPT_RATIO",
  "last10_update_accept_ratio": 0.34934497816593885,
  "launch_exit": 124,
  "mean_num_features": 168.64772727272728,
  "path_length_m": 3083.960153171245,
  "path_length_ratio": 52.86067226074692,
  "pose_count": 21928,
  "ros_crash": false,
  "rpe1_rot_rmse_deg": 0.181473,
  "rpe1_trans_rmse": 1.583805,
  "se3_ate_median": 544.557432,
  "se3_ate_rmse": 783.343333,
  "stage": 1,
  "status": "FAILED",
  "strong_baseline": false,
  "tail_E_orth_frob": 0.0,
  "timed_out": true,
  "update_accept_ratio": 0.3745534487496565,
  "usable": false
}
