{
  "active_landmarks_tail": 0,
  "duration_sec": 142.90499997138977,
  "first_timestamp": 1403715275.952143,
  "last_timestamp": 1403715418.857143,
  "mean_num_features": 99.40409434801958,
  "path_length_m": 295.75963640063486,
  "pose_count": 9874
}
