{
  "active_landmarks_tail": 29,
  "case_id": "case_009",
  "duration_sec": 142.90499997138977,
  "evo_failed": false,
  "failure_reason": "SUCCESS",
  "last10_update_accept_ratio": 0.8973451327433628,
  "launch_exit": 124,
  "mean_num_features": 119.62162162162163,
  "path_length_m": 63.997010571019004,
  "path_length_ratio": 1.0970042658561547,
  "pose_count": 9060,
  "ros_crash": false,
  "rpe1_rot_rmse_deg": 0.292925,
  "rpe1_trans_rmse": 0.009467,
  "se3_ate_median": 0.281902,
  "se3_ate_rmse": 0.383497,
  "stage": 1,
  "status": "SUCCESS",
  "strong_baseline": true,
  "tail_E_orth_frob": 0.0,
  "timed_out": true,
  "update_accept_ratio": 0.9520682862770847,
  "usable": true
}
