{
  "active_landmarks_tail": 27,
  "duration_sec": 142.90499997138977,
  "first_timestamp": 1403715275.952143,
  "last_timestamp": 1403715418.857143,
  "mean_num_features": 97.0,
  "path_length_m": 97.81717076813625,
  "pose_count": 9295
}
