{
  "active_landmarks_tail": 20,
  "case_id": "case_009_repeat_1",
  "duration_sec": 142.90499997138977,
  "evo_failed": false,
  "failure_reason": "ATE_DIVERGED",
  "last10_update_accept_ratio": 0.7901591895803184,
  "launch_exit": 124,
  "mean_num_features": 119.53658536585365,
  "path_length_m": 3490.2485506655407,
  "path_length_ratio": 59.8255490478262,
  "pose_count": 16066,
  "ros_crash": false,
  "rpe1_rot_rmse_deg": 0.220045,
  "rpe1_trans_rmse": 2.428193,
  "se3_ate_median": 358.914937,
  "se3_ate_rmse": 764.173357,
  "stage": 1,
  "status": "FAILED",
  "strong_baseline": false,
  "tail_E_orth_frob": 0.0,
  "timed_out": true,
  "update_accept_ratio": 0.9294970349220294,
  "usable": false
}
