{
  "active_landmarks_tail": 0,
  "duration_sec": 142.90499997138977,
  "first_timestamp": 1403715275.952143,
  "last_timestamp": 1403715418.857143,
  "mean_num_features": 41.50038491147036,
  "path_length_m": 9154.839631719713,
  "pose_count": 19980
}
