{
  "active_landmarks_tail": 0,
  "duration_sec": 142.90499997138977,
  "first_timestamp": 1403715275.952143,
  "last_timestamp": 1403715418.857143,
  "mean_num_features": 50.44931506849315,
  "path_length_m": 2987.8365090950233,
  "pose_count": 17436
}
