timestamp_ns,tx,ty,tz,qx,qy,qz,qw
1403715274512142848,0.000000000000,0.000000000000,0.000000000000,0.011193200369,-0.829647446577,-0.000118756682,0.558175431697
1403715274562142976,0.000007969684,-0.000037701026,0.000049909835,0.011717316380,-0.829743540436,0.000540952484,0.558021566763
1403715274612143104,-0.000018550498,-0.000263573459,-0.000054836919,0.011824474233,-0.829694891814,0.000802602361,0.558091322399
1403715274662142976,-0.001926003546,-0.000431563119,-0.001939906392,0.011782087705,-0.829666018050,0.000356748671,0.558135605058
1403715274712142848,0.000210263944,-0.000920731565,-0.000180681426,0.011210789180,-0.829678621622,0.000047119306,0.558128749312
1403715274762142976,-0.001472385566,-0.001343725655,-0.000311447205,0.010956909279,-0.829842320921,-0.000231782208,0.557890325086
1403715274812143104,-0.001256613643,-0.001772809611,-0.000399453357,0.010778964688,-0.829690886963,-0.000470333300,0.558118826772
1403715274862142976,-0.001415269008,-0.001999186919,-0.000691527041,0.010498084709,-0.829689998197,-0.000491168500,0.558125483975
1403715274912143104,-0.001510549606,-0.002015212499,-0.000655273012,0.010473196456,-0.829754848919,-0.000663711254,0.558029356163
1403715274962142976,-0.001477698750,-0.001908311022,-0.000400109213,0.010531712215,-0.829757711761,-0.000733517980,0.558023910566
1403715275012142848,-0.001506557397,-0.001685838354,-0.000594750145,0.010617025627,-0.829686645089,-0.000473100422,0.558128234283
1403715275062142976,-0.001423524625,-0.001473865329,-0.000844219274,0.010628970803,-0.829610200190,-0.000567677686,0.558241541326
1403715275112143104,-0.001392811435,-0.001286144668,-0.000975048944,0.010625157682,-0.829653370666,-0.000466038111,0.558177546462
1403715275162142976,-0.001394029920,-0.001115733074,-0.001003948302,0.010739522931,-0.829700062951,-0.000258449421,0.558106084352
1403715275212142848,-0.001345991985,-0.000895854231,-0.001035700708,0.010886414295,-0.829684768473,-0.000207266426,0.558125996517
1403715275262142976,-0.001329209401,-0.000737498827,-0.000976213352,0.010954074663,-0.829694314883,-0.000252200593,0.558110462627
1403715275312143104,-0.001302505428,-0.000604530942,-0.001148297740,0.010962643940,-0.829572004283,-0.000208236637,0.558292098086
1403715275362142976,-0.001339765950,-0.000565045187,-0.001021674276,0.010889196047,-0.829545532503,-0.000240029407,0.558332855292
1403715275412143104,-0.001367147973,-0.000550360849,-0.001077836440,0.010857922362,-0.829552224018,-0.000194986127,0.558323539831
1403715275462142976,-0.001416945313,-0.000536794858,-0.001077848255,0.010923691379,-0.829604016244,-0.000098088969,0.558245322038
1403715275512142848,-0.001476911195,-0.000536788294,-0.001124747605,0.011000218459,-0.829667000171,-0.000043082339,0.558150214697
1403715275562142976,-0.001454792779,-0.000425775157,-0.000998279610,0.011050515361,-0.829710473353,0.000041315548,0.558084594673
1403715275612143104,-0.001413080444,-0.000181980828,-0.001097142339,0.011027141770,-0.829697807379,0.000039015998,0.558103887329
1403715275662142976,-0.001359338937,0.000004973108,-0.001168968138,0.010897386172,-0.829592854439,-0.000034377664,0.558262430812
1403715275712142848,-0.001372731381,0.000120236655,-0.001283842820,0.010857568030,-0.829556638866,-0.000158479903,0.558316998680
1403715275762142976,-0.001387083809,0.000172425511,-0.001360773958,0.010861213335,-0.829565218919,-0.000162690805,0.558304177968
1403715275812143104,-0.001436610170,0.000135100221,-0.001254147272,0.010926489869,-0.829629551447,-0.000124123557,0.558207312545
1403715275862142976,-0.001418499344,0.000097095290,-0.001058705708,0.011096817895,-0.829554579601,0.000064311557,0.558315373208
1403715275912143104,-0.001350181222,0.000238203066,-0.000884517710,0.011124071090,-0.829412895228,0.000213157082,0.558525253535
1403715275962142976,-0.001308415910,0.000317245643,-0.000944948667,0.011019661111,-0.829000977895,-0.000051358880,0.559138572342
1403715276012142848,-0.001319673621,0.000338538726,-0.001272070287,0.010796263359,-0.828916073615,-0.000178953996,0.559268765064
1403715276062142976,-0.001400456911,0.000732131643,-0.001541050282,0.010918477061,-0.829189124918,-0.000066239852,0.558861501258
1403715276112143104,-0.001418456501,0.001169862185,-0.002248263733,0.010865848254,-0.829248228787,-0.000021669709,0.558774827569
1403715276162142976,-0.001334916752,0.001433751634,-0.002901802915,0.010769087366,-0.828899856469,0.000057826341,0.559293350004
1403715276212142848,-0.001333121898,0.001643354245,-0.002910528274,0.011075989279,-0.829039299275,0.000098780794,0.559080631896
1403715276262142976,-0.001403410741,0.001719192514,-0.003015558071,0.011125574748,-0.829082179705,0.000190323883,0.559016032560
1403715276312143104,-0.001441043686,0.001804801433,-0.003212529627,0.011016131720,-0.829164578965,0.000260506493,0.558895945565
1403715276362142976,-0.001446767298,0.001904128733,-0.003575154216,0.011307507839,-0.829111653624,0.000218549209,0.558968655943
1403715276412143104,-0.001419397538,0.002021365190,-0.003727489721,0.011166762406,-0.829102525359,0.000452970236,0.558984884123
1403715276462142976,-0.001421087419,0.001947362859,-0.003361607629,0.011375736099,-0.829213418195,0.000248804552,0.558816282700
1403715276512142848,-0.001382542447,0.001916505663,-0.003207882761,0.011303975669,-0.828888475195,0.000207398750,0.559299627041
1403715276562142976,-0.001436504539,0.002229036742,-0.002828723912,0.011175442438,-0.829083367727,-0.000011328402,0.559013308175
1403715276612143104,-0.001615527855,0.002137856024,-0.002579468650,0.010878018966,-0.829353620670,-0.000271381095,0.558618086834
1403715276662142976,-0.001629211127,0.002118559904,-0.002957022258,0.010612718066,-0.829388102310,-0.000178937547,0.558572031114
1403715276712142848,-0.001519328995,0.002223627439,-0.003592425272,0.010704713406,-0.828986717374,-0.000291627296,0.559165759397
1403715276762142976,-0.001434605871,0.002338079743,-0.003418964551,0.010832561703,-0.828964455969,-0.000070662757,0.559196371013
1403715276812143104,-0.001469675524,0.002572460628,-0.003577392051,0.010897323560,-0.829007372798,0.000239595383,0.559131439627
1403715276862142976,-0.001511986095,0.002720194523,-0.002893958001,0.010920701741,-0.829247696729,0.000459051038,0.558774359662
1403715276912143104,-0.001607350006,0.002468938036,-0.002580348169,0.010948584156,-0.829090805838,0.000386339575,0.559006632269
1403715276962142976,-0.001641367967,0.002350149049,-0.003044252507,0.011416868765,-0.828766275306,-0.000017190974,0.559478431870
1403715277012142848,-0.001596178732,0.002457360001,-0.002964745770,0.011188941855,-0.828876788759,0.000046886908,0.559319295608
1403715277062142976,-0.001621286240,0.002743830705,-0.002616239989,0.011294340911,-0.829372234754,-0.000072856481,0.558582248889
1403715277112143104,-0.001512056932,0.003154544660,-0.002487641220,0.011345711340,-0.829273195936,0.000254801931,0.558728177571
1403715277162142976,-0.001515006556,0.003234510120,-0.001883124589,0.011258963874,-0.829050198974,0.000571485018,0.559060530460
1403715277212142848,-0.001230439593,0.003222857895,-0.001360785079,0.011158368659,-0.829278090565,0.000710852793,0.558724291584
1403715277262142976,-0.001022864192,0.003289808210,-0.001006723771,0.010876431265,-0.829166950942,0.000518812416,0.558894982570
1403715277312143104,-0.001256976230,0.003150163516,-0.000531689193,0.010708937770,-0.829639409786,0.000122239649,0.558196876953
1403715277362142976,-0.001304872205,0.003142558536,-0.000138537267,0.010887202809,-0.829618136633,-0.000283834741,0.558224986562
1403715277412143104,-0.001360636140,0.003204959308,0.000251854671,0.010973381223,-0.829771234753,-0.000623570209,0.557995424750
1403715277462142976,-0.001472242714,0.003542104785,-0.000345461538,0.010712270454,-0.829083105920,-0.000173038080,0.559022737281
1403715277512142848,-0.001841299031,0.003677154333,0.000271982992,0.010703710365,-0.829547659315,-0.000166119900,0.558333308978
1403715277562142976,-0.001884968806,0.003906845429,0.000335474399,0.011029732880,-0.829061676329,-0.000323196853,0.559048278218
1403715277612143104,-0.001921092277,0.003938601217,0.000029432830,0.011146466231,-0.829281641242,-0.000377842483,0.558719583534
1403715277662142976,-0.002125738187,0.004125249853,-0.000261179429,0.010814774878,-0.829443273374,0.000285442861,0.558486181943
1403715277712142848,-0.002062048782,0.004342198046,-0.000668417440,0.010561602366,-0.829230960290,0.000692820955,0.558805858103
1403715277762142976,-0.002120048226,0.004206830617,-0.001394039445,0.010468498684,-0.828494589402,0.001050712890,0.559898224564
1403715277812143104,-0.002227496228,0.003970889680,-0.001565555003,0.010871356699,-0.828625866262,0.000292550077,0.559697151841
1403715277862142976,-0.002354785541,0.003962519889,-0.001347438900,0.010520576885,-0.828895105954,0.000710432520,0.559304671958
1403715277912143104,-0.002395327313,0.003942499045,-0.000823180953,0.010857830830,-0.828866690888,0.000076938013,0.559340781927
1403715277962142976,-0.002584700676,0.003941859496,0.000004777550,0.010929417085,-0.829046015568,0.000304183476,0.559073482992
1403715278012142848,-0.002807687639,0.004092781533,0.000151222166,0.010718224751,-0.829137772612,0.000893194045,0.558940851872
1403715278062142976,-0.002890081156,0.003793851869,0.000057855098,0.011171398363,-0.828871792512,0.000519680390,0.559326810880
1403715278112143104,-0.002993671194,0.003264134290,0.001296821149,0.010912198943,-0.829131302309,0.000189057419,0.558947378295
1403715278162142976,-0.002814706792,0.003150627776,0.002378957122,0.010273664635,-0.829706502131,0.001001409124,0.558104443017
1403715278212142848,-0.002814976951,0.003140354288,0.002211938050,0.010324417253,-0.829174882004,0.000769238923,0.558893397468
1403715278262142976,-0.001904200472,0.003627940927,0.004146224008,0.011350503578,-0.829610912909,-0.000010657158,0.558226566134
1403715278312143104,-0.002314876933,0.004087989351,0.002777829018,0.010276812462,-0.829181618337,-0.000648717445,0.558884433584
1403715278362142976,-0.003554473850,0.004870043228,-0.001029268181,0.009723667123,-0.827841981198,-0.001014213222,0.560876168005
1403715278412143104,-0.004982644017,0.005532295237,-0.002888616069,0.009478668087,-0.827076235825,-0.000888746338,0.562009132591
1403715278462142976,-0.006937622775,0.005886690381,-0.004628514096,0.008670366267,-0.825602935963,-0.000912755176,0.564184175386
1403715278512142848,-0.010024221686,0.005866267286,-0.003412868144,0.007772812348,-0.825344586436,-0.000873877391,0.564575179553
1403715278562142976,-0.013841829666,0.004527309335,-0.001087315901,0.006276952301,-0.822593127570,-0.000505295716,0.568595542561
1403715278612143104,-0.018854124299,0.003426103423,0.004206452926,0.004813647870,-0.820024345158,0.000524070509,0.572308157807
1403715278662142976,-0.024990280531,0.001192484334,0.013165670980,0.005422142369,-0.819147845993,-0.002028721462,0.573553215548
1403715278712142848,-0.032221646018,-0.000964782005,0.022701748088,0.004177810088,-0.816339877264,0.000296294356,0.577556631770
1403715278762142976,-0.041058727839,-0.003768507812,0.035523911390,0.003246079212,-0.814103938948,0.001359479291,0.580708525316
1403715278812143104,-0.050122618332,-0.006398654236,0.051681608704,0.002160141418,-0.812809197545,0.002805410910,0.582519245901
1403715278862142976,-0.058854238732,-0.008029787924,0.068903713782,0.001500837816,-0.809951607163,0.004921876594,0.586474139814
1403715278912143104,-0.068281219451,-0.009461476781,0.086942331848,0.001568338563,-0.810385384806,0.005373735434,0.585870456137
1403715278962142976,-0.076867280997,-0.011548965873,0.103867242514,0.001830352012,-0.809827886777,0.004643001261,0.586646304129
1403715279012142848,-0.084595761217,-0.013030365789,0.116324702099,0.002675853993,-0.809647644261,0.003572871983,0.586899281422
1403715279062142976,-0.091666251237,-0.014484961043,0.122939899224,0.002969240818,-0.809235872770,0.003383584647,0.587466626444
1403715279112143104,-0.098093956533,-0.016129514397,0.126203107368,0.003365901595,-0.809013638424,0.002714498022,0.587773965951
1403715279162142976,-0.103569166491,-0.017427753505,0.124120131971,0.003858577562,-0.808591261899,0.002152382157,0.588354187383
1403715279212142848,-0.109061257093,-0.018370457866,0.120835125307,0.003622045027,-0.809332833238,0.002180075242,0.587335077367
1403715279262142976,-0.113568095511,-0.019958119389,0.118198970647,0.004087891551,-0.810031772290,0.001690818188,0.586369301854
1403715279312143104,-0.117156155492,-0.021579872839,0.116449691943,0.004265026574,-0.810321206404,0.001797689740,0.585967678555
1403715279362142976,-0.120807951471,-0.022616821427,0.113800376520,0.004286575640,-0.810577551551,0.002335538867,0.585610965957
1403715279412143104,-0.124941542585,-0.023143510400,0.111796501781,0.003354980482,-0.811216457425,0.003214117961,0.584727520093
1403715279462142976,-0.128067665306,-0.023458359595,0.111253637674,0.003174364557,-0.812069052287,0.003772632799,0.583540525559
1403715279512142848,-0.130872371473,-0.023489527002,0.111223176422,0.002779803434,-0.812055201469,0.004730243128,0.583554836550
1403715279562142976,-0.134075500709,-0.024256944852,0.111066963444,0.003909035110,-0.812227642667,0.003628027045,0.583316220718
1403715279612143104,-0.136349273825,-0.024820634381,0.112613396923,0.003949761072,-0.812538049530,0.003288196081,0.582885499236
1403715279662142976,-0.138281389963,-0.025210608697,0.115743550048,0.004371917433,-0.812575227824,0.003129262585,0.582831530702
1403715279712142848,-0.141126560141,-0.024898026208,0.119452121302,0.003579042691,-0.813176195497,0.003852384439,0.581993835590
1403715279762142976,-0.142526259703,-0.024673987420,0.124252217709,0.003614089861,-0.813213116390,0.003942680010,0.581941423994
1403715279812143104,-0.142957001505,-0.024059440322,0.130520828106,0.003165440263,-0.812861717906,0.004586813260,0.582430054766
1403715279862142976,-0.143849748236,-0.023717914791,0.137014145432,0.003292111627,-0.813288734101,0.004361797353,0.581834660114
1403715279912143104,-0.144774526285,-0.023344525540,0.142931828349,0.003533448937,-0.813916378942,0.004184899804,0.580956219901
1403715279962142976,-0.145136920943,-0.022805146190,0.149876572429,0.003693831517,-0.815779744197,0.003411032975,0.578340841910
1403715280012142848,-0.145000725169,-0.021927442889,0.156544912516,0.003381488642,-0.818620762211,0.003874798660,0.574311413039
1403715280062142976,-0.145928477150,-0.021225579770,0.161835342670,0.003378682307,-0.822971257424,0.003782264673,0.568060373933
1403715280112143104,-0.147573326695,-0.020755235763,0.167159914637,0.005607645185,-0.827285253872,0.000462962597,0.561753904043
1403715280162142976,-0.148725245517,-0.019946391371,0.173745567925,0.006631087205,-0.828578499040,-0.001724344632,0.559830980070
1403715280212142848,-0.151144567881,-0.019426273817,0.181238078794,0.010357300237,-0.828828099579,-0.005944457056,0.559375876411
1403715280262142976,-0.156087978018,-0.018696168626,0.189356768136,0.012584537941,-0.828677557500,-0.009670024304,0.559501229427
1403715280312143104,-0.161515820469,-0.018464687396,0.198861164928,0.014254457475,-0.827672010025,-0.012309199167,0.560896013427
1403715280362142976,-0.167892434312,-0.018973820548,0.208653989112,0.015983488970,-0.825795538592,-0.014425290780,0.563558486324
1403715280412143104,-0.175474929424,-0.019962885797,0.218109785101,0.015816652938,-0.824103270721,-0.016980580617,0.565964038220
1403715280462142976,-0.183444896165,-0.021665936527,0.227933397031,0.011796550983,-0.823265423289,-0.016344619163,0.567298631786
1403715280512142848,-0.192291056183,-0.024130429343,0.237724115897,0.005385413437,-0.822132782703,-0.015013587477,0.569072295160
1403715280562142976,-0.202077849290,-0.026850299712,0.246127424821,-0.002425584364,-0.821546144218,-0.015434814091,0.569927904191
1403715280612143104,-0.212250685719,-0.030864341882,0.254472658242,-0.010969715469,-0.820262198634,-0.017063005490,0.571627890047
1403715280662142976,-0.222460268232,-0.034392390525,0.262662045174,-0.019536413907,-0.819805137614,-0.021010719312,0.571923434166
1403715280712142848,-0.231850882260,-0.036856296054,0.270363186961,-0.029926539743,-0.818238241374,-0.025557639803,0.573530635294
1403715280762142976,-0.242299131834,-0.039700987254,0.277097224344,-0.040386996303,-0.817746272774,-0.031538721546,0.573293321902
1403715280812143104,-0.252318307255,-0.042411777586,0.283529520072,-0.051256741777,-0.817236533400,-0.037345051836,0.572802358586
1403715280862142976,-0.262045765989,-0.044699160977,0.289285710011,-0.062410926496,-0.816040525076,-0.043608930015,0.572958112702
1403715280912143104,-0.271206354363,-0.047947419725,0.294654874182,-0.071339894323,-0.815018495056,-0.050071554888,0.572842309528
1403715280962142976,-0.280861378795,-0.051373608050,0.299511759362,-0.079908021869,-0.813831083262,-0.055302407341,0.572918248705
1403715281012142848,-0.289693694275,-0.055218416701,0.302412793035,-0.087245874719,-0.812538219686,-0.059603429979,0.573251454450
1403715281062142976,-0.299070788847,-0.059073385928,0.305713743585,-0.093210681068,-0.811714474221,-0.064651863586,0.572932385025
1403715281112143104,-0.309574141383,-0.062002539043,0.308396017997,-0.098659408293,-0.811262538679,-0.067907622875,0.572283119834
1403715281162142976,-0.320153185905,-0.065082713090,0.310782937113,-0.103193692077,-0.810743697036,-0.071021671106,0.571840573819
1403715281212142848,-0.329968424458,-0.067916769908,0.313130447438,-0.107267039540,-0.810477291486,-0.073895915032,0.571103962475
1403715281262142976,-0.338913270032,-0.071051183950,0.315994373062,-0.112231935190,-0.809548076161,-0.076919974514,0.571068492065
1403715281312143104,-0.347261631952,-0.074594554637,0.316671618973,-0.117175732223,-0.808399445100,-0.080403902184,0.571222721409
1403715281362142976,-0.356370081673,-0.076535749853,0.315193869342,-0.123013100324,-0.807901658996,-0.084135303826,0.570161325582
1403715281412143104,-0.366325138459,-0.078854115051,0.313834905171,-0.129355187711,-0.808087963017,-0.088980084139,0.567753136553
1403715281462142976,-0.373745010797,-0.081296902499,0.313261043115,-0.136043279361,-0.805911975366,-0.094314239300,0.568421444325
1403715281512142848,-0.382292483106,-0.082768270208,0.311525265152,-0.144172608022,-0.804300594158,-0.100733313728,0.567598108558
1403715281562142976,-0.391019602750,-0.082239672915,0.311178286251,-0.153010267501,-0.802613275484,-0.108281728069,0.566281604347
1403715281612143104,-0.399963137790,-0.081497964329,0.311430850575,-0.162758781624,-0.800708350572,-0.115394133125,0.564853884088
1403715281662142976,-0.408165851353,-0.080133086010,0.310917864571,-0.173877262227,-0.798272628104,-0.122432217573,0.563504978683
1403715281712142848,-0.418051157834,-0.083271750945,0.310316245334,-0.184554852185,-0.795665468962,-0.130819682811,0.561909404287
1403715281762142976,-0.430174405006,-0.087341316031,0.312580518525,-0.196994845343,-0.793591373483,-0.138625543061,0.558738509191
1403715281812143104,-0.441052887107,-0.089412989151,0.312972230861,-0.209736501835,-0.790990457337,-0.146719786389,0.555713955630
1403715281862142976,-0.452870920112,-0.091100751432,0.310646258809,-0.222642481393,-0.787360081061,-0.155232343816,0.553531704300
1403715281912143104,-0.465557230432,-0.093457401099,0.307455246355,-0.234849566829,-0.784124093623,-0.164183990940,0.550489512961
1403715281962142976,-0.477736322063,-0.094137948505,0.303490327369,-0.247479476328,-0.779988327851,-0.172377773981,0.548322916035
1403715282012142848,-0.490401014216,-0.094005553719,0.299200097813,-0.260127339876,-0.776465222009,-0.179944162961,0.545028094942
1403715282062142976,-0.501242414631,-0.094198667631,0.295810222150,-0.271595106949,-0.772029889052,-0.187505168477,0.543182989503
1403715282112143104,-0.514249576754,-0.094582713696,0.291827306435,-0.281592243396,-0.768851495811,-0.196511524305,0.539403751066
1403715282162142976,-0.525417334402,-0.094322070653,0.288882292351,-0.293708494835,-0.764075415030,-0.202747192858,0.537417580655
1403715282212142848,-0.538522962053,-0.096289685258,0.284899872940,-0.302805225174,-0.759749145751,-0.211283492022,0.535209787968
1403715282262142976,-0.552472983267,-0.095774783080,0.279939247824,-0.313744638974,-0.756215276228,-0.218133950317,0.531150013870
1403715282312143104,-0.565838411421,-0.096610139012,0.275665692623,-0.323698774490,-0.752232060032,-0.225468197812,0.527759531443
1403715282362142976,-0.578661310611,-0.096578866943,0.272374946951,-0.333311377069,-0.747505297242,-0.233042526287,0.525195713475
1403715282412143104,-0.592643488030,-0.095732185418,0.266294871218,-0.342382591899,-0.745138319620,-0.241792727225,0.518728563374
1403715282462142976,-0.606475520940,-0.095814048922,0.262754008075,-0.353168880356,-0.740434075625,-0.247651379442,0.515458937125
1403715282512142848,-0.623119553524,-0.096366361497,0.259352380638,-0.362191795385,-0.735883150466,-0.254608763306,0.512315791152
1403715282562142976,-0.640358042319,-0.095694965356,0.254383203647,-0.372118728298,-0.730864516530,-0.260590490423,0.509369518944
1403715282612143104,-0.658197633807,-0.095354860068,0.249010253622,-0.380366928267,-0.725074236987,-0.268541514612,0.507418767557
1403715282662142976,-0.676468764420,-0.094884626691,0.242249600752,-0.389554756215,-0.719310563575,-0.274579441313,0.505416200223
1403715282712142848,-0.693980373559,-0.094476038339,0.234679048105,-0.399185618199,-0.713342933508,-0.279956055734,0.503405709438
1403715282762142976,-0.712904415857,-0.094170165577,0.227134257149,-0.408118007933,-0.706575917549,-0.285747588674,0.502532068536
1403715282812143104,-0.732428948706,-0.092110806024,0.219089635469,0.417911490040,0.701127639985,0.290200771111,-0.499553331876
1403715282862142976,-0.750776437598,-0.091111740360,0.212276933808,0.426398090551,0.695313688638,0.296032342900,-0.497079867551
1403715282912143104,-0.769022850084,-0.090686441581,0.205991607965,0.434243145145,0.688470375146,0.303376406725,-0.495382871407
1403715282962142976,-0.788259393598,-0.089327414507,0.198739877110,0.443186191650,0.682837025967,0.309042526841,-0.491744153094
1403715283012142848,-0.807017975712,-0.088505964812,0.193238842034,0.451913231407,0.675995977468,0.314338872983,-0.489892786902
1403715283062142976,-0.825673097130,-0.086775562301,0.186523675909,0.461153136094,0.669247668194,0.319193590983,-0.487402087770
1403715283112143104,-0.843981295343,-0.086211192891,0.179559389640,0.470127663096,0.663088410477,0.323446375659,-0.484433878208
1403715283162142976,-0.861982512829,-0.085138042193,0.173003383192,0.479105047491,0.656057122797,0.327597333947,-0.482418274827
1403715283212142848,-0.879382881489,-0.084730206589,0.165963656893,0.488015935122,0.648850993265,0.331599345510,-0.480494234786
1403715283262142976,-0.896465538606,-0.084649498710,0.157492110210,0.495730440041,0.642604907314,0.336811612845,-0.477355424569
1403715283312143104,-0.912020599667,-0.084730187285,0.151107687859,0.503975782521,0.635968726428,0.340602187951,-0.474912980662
1403715283362142976,-0.926579772137,-0.084837347809,0.144339372347,0.511039596438,0.629665335708,0.346146191652,-0.471744538796
1403715283412143104,-0.940422149452,-0.086321290551,0.137543591799,0.518594147448,0.624886750656,0.349685440248,-0.467222379565
1403715283462142976,-0.953484096868,-0.087796887864,0.132199913816,0.526295491917,0.620287956716,0.352656042889,-0.462482022737
1403715283512142848,-0.965141073189,-0.089433201890,0.125184525687,0.532678177264,0.616537179768,0.357106503712,-0.456739324382
1403715283562142976,-0.976910845873,-0.091252000765,0.118886708884,0.538713166344,0.613071346294,0.361650182467,-0.450711431276
1403715283612143104,-0.987922101903,-0.092517007847,0.114750962358,0.544732059772,0.610039996198,0.364723564597,-0.445078540847
1403715283662142976,-0.999995700851,-0.093861271424,0.110336387270,0.548796283102,0.607349472432,0.368134361658,-0.440938033920
1403715283712142848,-1.012435390387,-0.094212126866,0.105557700284,0.552307954859,0.604808677175,0.370807119394,-0.437795005932
1403715283762142976,-1.026215166911,-0.094033899529,0.099811108664,0.555526830351,0.603136739417,0.372755096186,-0.434361200608
1403715283812143104,-1.038398026455,-0.094515296139,0.096082402883,0.557160602416,0.599851605385,0.374854907205,-0.435010244909
1403715283862142976,-1.050667945019,-0.093775979548,0.090908376329,0.557891942266,0.598136250142,0.377698559820,-0.433973968034
1403715283912143104,-1.062987451727,-0.092589969851,0.088013570065,0.559040022330,0.595835667859,0.378947116924,-0.434572425397
1403715283962142976,-1.075049238377,-0.092102409780,0.084827551403,0.560003238058,0.595205837088,0.379066150233,-0.434091279120
1403715284012142848,-1.087126119710,-0.090441478748,0.079083792571,0.561758038876,0.595466800445,0.377920107569,-0.432462238376
1403715284062142976,-1.099281302960,-0.089304324078,0.074205178538,0.562551853990,0.595723496593,0.377137019362,-0.431759882118
1403715284112143104,-1.111709275658,-0.086836192188,0.068514071021,0.563915023017,0.595877364924,0.375212351332,-0.431446061745
1403715284162142976,-1.123206639569,-0.085468973649,0.063025672863,0.564820950912,0.596564569225,0.372395544671,-0.431751741705
1403715284212142848,-1.134427753439,-0.082346422676,0.055637398479,0.566875795301,0.596779225867,0.368392990160,-0.432195549580
1403715284262142976,-1.145395259322,-0.079426596085,0.049342160415,0.568129861737,0.596420670620,0.364846170216,-0.434048517954
1403715284312143104,-1.155298220044,-0.074921446190,0.041373638888,0.569046624844,0.595749933113,0.361724479540,-0.436375247752
1403715284362142976,-1.164600337040,-0.070668058206,0.031536652072,0.568026275973,0.596103600841,0.360899409512,-0.437902115869
1403715284412143104,-1.172196932672,-0.065440079042,0.027335749712,0.565393936199,0.597349847574,0.362726113263,-0.438101156435
1403715284462142976,-1.178940692414,-0.057319857428,0.023832682796,0.562896795299,0.599458097442,0.364642564980,-0.436844351066
1403715284512142848,-1.184110643521,-0.049641476898,0.023973690180,0.559385527032,0.601784165816,0.367418071680,-0.435829795360
1403715284562142976,-1.189595994360,-0.041692487461,0.025867835315,0.556628067516,0.603441842657,0.368904386392,-0.435812678436
1403715284612143104,-1.194235702242,-0.035260258009,0.023212601186,0.553500751898,0.606591240452,0.370220278703,-0.434305111519
1403715284662142976,-1.198440290444,-0.028087604758,0.022383811274,0.550071990800,0.607404914818,0.372771790943,-0.435340402753
1403715284712142848,-1.203265814643,-0.019235200465,0.019775620299,0.548060472043,0.608883374736,0.373587185345,-0.435113054160
1403715284762142976,-1.208217605363,-0.009539786451,0.017339195466,0.546588929436,0.609606963740,0.375174320386,-0.434584998937
1403715284812143104,-1.213429086842,0.000569078128,0.015400798190,0.545640548508,0.607615424214,0.378821448930,-0.435401191904
1403715284862142976,-1.217357465479,0.008890992826,0.013315442221,0.545935359023,0.604744009272,0.381628411114,-0.436576479954
1403715284912143104,-1.221321348224,0.018226585563,0.010678815668,0.548823565475,0.600165805406,0.383887847100,-0.437291459842
1403715284962142976,-1.224885910690,0.024698633890,0.007888243458,0.551731326975,0.594419988882,0.387880491547,-0.437956783175
1403715285012142848,-1.228408326376,0.030116125065,0.007131976521,0.556627297182,0.585533244384,0.391350746023,-0.440637566874
1403715285062142976,-1.231903552476,0.037629174241,0.006295226273,0.562323162785,0.576434669972,0.396497596981,-0.440800847819
1403715285112143104,-1.234780401433,0.042115555212,0.006817698656,0.568540823617,0.569393102736,0.401330040629,-0.437592304464
1403715285162142976,-1.237485793497,0.046879038670,0.007295143694,0.576085723246,0.562542848521,0.405502226858,-0.432710904720
1403715285212142848,-1.240456669062,0.048755930059,0.008229450077,0.584295360642,0.556176322103,0.407689386715,-0.427850668136
1403715285262142976,-1.243461211011,0.050923210991,0.011616181675,0.592468575848,0.549619736951,0.408531145936,-0.424265758915
1403715285312143104,-1.246630667432,0.052274565507,0.015819010474,0.601098057479,0.544968659778,0.406969586929,-0.419602240782
1403715285362142976,-1.247776053819,0.052229615000,0.022452023495,0.608777450227,0.541870249281,0.404646383227,-0.414762526731
1403715285412143104,-1.248587987727,0.052972596722,0.031443604624,0.615153060166,0.540331904133,0.402448293300,-0.409467357873
1403715285462142976,-1.249177601353,0.053957543707,0.044688487272,0.619383013512,0.538545789827,0.401628749612,-0.406235722601
1403715285512142848,-1.249010688489,0.056339417491,0.061781153607,0.623374149061,0.536423121179,0.400570662762,-0.403977783401
1403715285562142976,-1.247814294037,0.057319152188,0.081446268577,0.626492143674,0.533888790803,0.399416818771,-0.403654007601
1403715285612143104,-1.245666443752,0.058050418462,0.100735750934,0.628205645830,0.532063656836,0.399252232269,-0.403563609175
1403715285662142976,-1.242262360413,0.060472346480,0.123791067306,0.630268302065,0.530887011014,0.398377169166,-0.402761070655
1403715285712142848,-1.237669908212,0.062291251485,0.140976382256,0.630620904513,0.529896627680,0.399733739487,-0.402168840514
1403715285762142976,-1.231037485469,0.067556226836,0.157358670838,0.630548339939,0.529122721595,0.402428715841,-0.400610865003
1403715285812143104,-1.223264037798,0.070669733516,0.178300231885,0.630923026990,0.529501136314,0.402914608127,-0.399029446549
1403715285862142976,-1.215116436893,0.074202853985,0.197685558596,0.629530505401,0.530939747192,0.405953058360,-0.396227765343
1403715285912143104,-1.206496367676,0.078545648514,0.214752551715,0.627342611536,0.533397535489,0.409731406183,-0.392490116657
1403715285962142976,-1.196661076758,0.084245788552,0.232510111255,0.626581149350,0.535941904652,0.411562564635,-0.388302193541
1403715286012142848,-1.186776767450,0.089649641756,0.248188718442,0.624635132857,0.537920079558,0.414765023587,-0.385282901278
1403715286062142976,-1.176083401098,0.096064560627,0.263042313867,0.623635026577,0.539625719005,0.416798778347,-0.382311673092
1403715286112143104,-1.165390496651,0.102898879633,0.277700106861,0.623943155686,0.540081139168,0.416740371771,-0.381227968706
1403715286162142976,-1.155332682065,0.109117295136,0.291100940909,0.624531613985,0.539206527128,0.416181692148,-0.382111741976
1403715286212142848,-1.145162082419,0.116742931506,0.303570443496,0.626406983990,0.538308213014,0.413711793223,-0.382989700069
1403715286262142976,-1.134735149677,0.126073238171,0.314221086668,0.627484981869,0.537480993085,0.412655817480,-0.383525691318
1403715286312143104,-1.124960408787,0.134370947689,0.324332502848,0.626311035049,0.538017849552,0.413962000418,-0.383284154576
1403715286362142976,-1.115230730856,0.145344695267,0.334514411025,0.625817296032,0.538660804986,0.414669768822,-0.382421537029
1403715286412143104,-1.104701146408,0.156442149300,0.346343650567,0.625697098515,0.538684563793,0.415117855286,-0.382098479274
1403715286462142976,-1.094835748895,0.166495445855,0.355561632758,0.623953254835,0.538898774703,0.417267995264,-0.382305985479
1403715286512142848,-1.084406342726,0.180073999948,0.363616237446,0.623398789942,0.539456376781,0.418690006482,-0.380866702038
1403715286562142976,-1.074474153411,0.192371176790,0.373056105493,0.622231799082,0.539087628358,0.420766899734,-0.381008311262
1403715286612143104,-1.063950266374,0.207127589864,0.383624678497,0.623180984001,0.536656683812,0.422259403370,-0.381237539028
1403715286662142976,-1.054368647354,0.221268408844,0.391282646686,0.623782501733,0.532743837163,0.426221979957,-0.381332162685
1403715286712142848,-1.044863535238,0.234925291756,0.399120529514,0.624276922160,0.527388392191,0.431382675653,-0.382163309839
1403715286762142976,-1.035251710692,0.251395172283,0.406531376699,0.627378893181,0.523075753881,0.434683589098,-0.379259353822
1403715286812143104,-1.024875794309,0.263521511551,0.413459133407,0.630508103819,0.519180345927,0.437582822999,-0.376075221782
1403715286862142976,-1.015613504764,0.276769136441,0.419874297647,0.635295916213,0.516776195281,0.437278523531,-0.371657040419
1403715286912143104,-1.008023277224,0.290264000365,0.426683180377,0.639232152780,0.515623489473,0.437490139936,-0.366219946773
1403715286962142976,-1.000725834766,0.303455101963,0.433379633624,0.642138445304,0.513968253612,0.438470390170,-0.362268641047
1403715287012142848,-0.993587839589,0.318386540818,0.439826872636,0.645108427016,0.512659184565,0.439382041833,-0.357713711212
1403715287062142976,-0.986038223395,0.332130214713,0.448325401511,0.647659418593,0.509744716143,0.440141285818,-0.356333061041
1403715287112143104,-0.980445361578,0.347274597663,0.452322192311,0.648136300161,0.508853422606,0.442839027418,-0.353385238107
1403715287162142976,-0.973421341149,0.364222570715,0.458612646294,0.649045317305,0.506166065927,0.444829561376,-0.353076126515
1403715287212142848,-0.968004504101,0.380626181918,0.464008986416,0.647941311071,0.503251061396,0.449101780933,-0.353861578833
1403715287262142976,-0.963770763362,0.396499155572,0.469729577573,0.646761258781,0.500896004685,0.452686433246,-0.354792981591
1403715287312143104,-0.959427511198,0.413773272212,0.476762856637,0.646321651692,0.498105962042,0.454761898215,-0.356861862720
1403715287362142976,-0.956130460305,0.431123403769,0.482916627669,0.646337274472,0.496146938920,0.456216725303,-0.357704685716
1403715287412143104,-0.953932115561,0.447655045348,0.490760584559,0.647405089346,0.494300287989,0.455232387462,-0.359579405678
1403715287462142976,-0.951624403989,0.464009008421,0.499240143880,0.649798978757,0.491070000490,0.453168223919,-0.362284560333
1403715287512142848,-0.950631289831,0.479843807010,0.504620387503,0.652099692282,0.488326092266,0.452013160474,-0.363301144640
1403715287562142976,-0.947892585854,0.495117581775,0.510827821584,0.656147920052,0.483346088407,0.450812968811,-0.364162234429
1403715287612143104,-0.945734519129,0.508964742207,0.516753455000,0.661191984360,0.477683078731,0.449827111697,-0.363730127558
1403715287662142976,-0.943312749096,0.523425776740,0.523544115960,0.666659657485,0.471192139970,0.449910990924,-0.362109056168
1403715287712142848,-0.939954036461,0.535788932033,0.531753250981,0.671774927730,0.464189601052,0.451180462398,-0.360114774897
1403715287762142976,-0.934878046114,0.549102813830,0.538952538183,0.676861021574,0.456784027651,0.454113631303,-0.356354205001
1403715287812143104,-0.929759754483,0.559808377654,0.547140530586,0.680626788424,0.449263311649,0.459847586056,-0.351354307338
1403715287862142976,-0.922565638472,0.571068087103,0.557157093456,0.685462058546,0.441056145663,0.464906186403,-0.345649360641
1403715287912143104,-0.915951570190,0.580249726508,0.568326558217,0.689000759041,0.432379984575,0.472382092543,-0.339382765657
1403715287962142976,-0.907184981706,0.590693273957,0.579171265249,0.693913940006,0.422961665399,0.479354762718,-0.331369710335
1403715288012142848,-0.899281194680,0.599484298015,0.589112586682,0.699027411761,0.413984572071,0.485069787678,-0.323550232231
1403715288062142976,-0.890571967450,0.608060612190,0.598357143192,0.703864005888,0.403303935460,0.491376941825,-0.316970184561
1403715288112143104,-0.881351870728,0.617469535151,0.606247602013,0.709572657808,0.394306404654,0.494716906272,-0.310297091817
1403715288162142976,-0.872665096735,0.625370603226,0.613983268118,0.714261135415,0.386934909000,0.497412256158,-0.304455996914
1403715288212142848,-0.864827460725,0.632527969126,0.619707264265,0.718584565859,0.380685735121,0.499517985212,-0.298657622093
1403715288262142976,-0.857505497955,0.637219515919,0.624250259224,0.722605409464,0.375411531310,0.500430544502,-0.294069506244
1403715288312143104,-0.850979409764,0.639282786526,0.623965769591,0.724400775013,0.372038426623,0.502950698756,-0.289605802597
1403715288362142976,-0.844374433308,0.643173588504,0.619919004638,0.726853681410,0.369358972784,0.503513563987,-0.285887680613
1403715288412143104,-0.836895631943,0.646835258875,0.612075296316,0.728588870876,0.365871407730,0.504230476071,-0.284689299488
1403715288462142976,-0.827783361794,0.652161332971,0.603346258466,0.730045166811,0.363134160851,0.504451842615,-0.284070368257
1403715288512142848,-0.819997357686,0.654422291200,0.598611815729,0.729801587478,0.361209475654,0.505869233323,-0.284629015370
1403715288562142976,-0.810372931290,0.657940332354,0.597418104760,0.731090370412,0.359370118767,0.505048274493,-0.285107398115
1403715288612143104,-0.802241179324,0.660051447793,0.597661770359,0.731126699521,0.358343576741,0.505025175700,-0.286344551485
1403715288662142976,-0.792732998318,0.663839902130,0.601615196718,0.732856543104,0.358726815592,0.502487142774,-0.285907380721
1403715288712142848,-0.786005829662,0.664411972444,0.607102546251,0.731554581370,0.359196989141,0.504241645846,-0.285562217500
1403715288762142976,-0.776445296853,0.665930015687,0.615368425640,0.731665731671,0.361636433979,0.503757340837,-0.283042202277
1403715288812143104,-0.766865739289,0.666552328055,0.623999149311,0.732059406224,0.363116361405,0.502914808640,-0.281624269354
1403715288862142976,-0.758821071549,0.667045962386,0.627958688888,0.731995145340,0.365187657238,0.503522427075,-0.278004042475
1403715288912143104,-0.750727898120,0.666099397931,0.629842454360,0.731905873352,0.365946200233,0.505264976174,-0.274051956642
1403715288962142976,-0.743279419877,0.664039860297,0.628180139907,0.732078693934,0.365172121955,0.507456600471,-0.270551115084
1403715289012142848,-0.735183938995,0.661354836814,0.623628340698,0.733709359129,0.363120145672,0.508099963465,-0.267672866125
1403715289062142976,-0.727033546318,0.659328167367,0.615138909338,0.735928222625,0.360131706232,0.508694001060,-0.264471583719
1403715289112143104,-0.718606224284,0.659510135947,0.601441248717,0.738625635339,0.356760303702,0.509828009092,-0.259286825095
1403715289162142976,-0.710695647862,0.658295825572,0.586570006803,0.740548764156,0.353964835379,0.511300742440,-0.254691919783
1403715289212142848,-0.703041227678,0.656701935950,0.571795527665,0.741653950560,0.350921680627,0.513576482560,-0.251082831443
1403715289262142976,-0.694116991259,0.656698624336,0.557391280399,0.744335294626,0.347296849206,0.513904306328,-0.247491881974
1403715289312143104,-0.686137414775,0.656979620831,0.541860073258,0.746829511034,0.344063427424,0.514985446610,-0.242190068207
1403715289362142976,-0.680217032486,0.656016368285,0.525696902665,0.748540985905,0.339715290311,0.517638510931,-0.237340021805
1403715289412143104,-0.672884064603,0.657084321275,0.509639495703,0.752421399702,0.334072286761,0.517982086143,-0.232276350333
1403715289462142976,-0.666025028318,0.659526197323,0.491733988421,0.756259214773,0.327565402480,0.518882678695,-0.227010292540
1403715289512142848,-0.660516807594,0.661338781932,0.473068756369,0.760319859426,0.320832681712,0.519481501369,-0.221628227993
1403715289562142976,-0.654818282070,0.663900915136,0.455086151159,0.764406103197,0.313633201728,0.520095637192,-0.216374795999
1403715289612143104,-0.649659129453,0.666304629358,0.436965403233,0.768260874336,0.306729480169,0.520429512527,-0.211767271905
1403715289662142976,-0.645225188109,0.669414594429,0.417514153046,0.771616004958,0.301208374753,0.520477211279,-0.207329998822
1403715289712142848,-0.639601375979,0.673860287339,0.399333143878,0.774930469538,0.295198497121,0.519837348727,-0.205206592358
1403715289762142976,-0.634258637041,0.679343990120,0.381549130402,0.776437084425,0.291881603979,0.520515968043,-0.202518419411
1403715289812143104,-0.629046982544,0.685841049855,0.363724753220,0.777297805317,0.289649724469,0.521150258817,-0.200782386426
1403715289862142976,-0.623599064119,0.693287985831,0.350377606855,0.777532425784,0.287689536208,0.521883305112,-0.200788130766
1403715289912143104,-0.618217202971,0.700807995600,0.339963454944,0.777160049591,0.285956261577,0.522418593952,-0.203298023793
1403715289962142976,-0.611492581695,0.710688090560,0.331700772500,0.777464328671,0.285847226053,0.521839535048,-0.203774582963
1403715290012142848,-0.605332143049,0.720579580251,0.326527144750,0.777389390268,0.286755277370,0.520959427687,-0.205032732759
1403715290062142976,-0.599158319972,0.731191394579,0.324111251259,0.776204646019,0.288699892411,0.521043203883,-0.206573713981
1403715290112143104,-0.592884553377,0.742896756184,0.325106402720,0.773908347703,0.291399342786,0.522415153778,-0.207929554135
1403715290162142976,-0.586086899249,0.755015279326,0.330513348830,0.772808199929,0.294250825008,0.521665134118,-0.209879551052
1403715290212142848,-0.580568562966,0.768109928417,0.335956617867,0.772758969585,0.299146573583,0.519333930692,-0.208919053396
1403715290262142976,-0.574829195193,0.780688501517,0.345137087353,0.773185348926,0.302281337898,0.516314041672,-0.210309817503
1403715290312143104,-0.568720955436,0.795472200477,0.352023962252,0.773526635320,0.305326560496,0.513745863285,-0.210944124979
1403715290362142976,-0.562094227694,0.810313214803,0.358095763282,0.774378407292,0.307223449194,0.510685287496,-0.212490874440
1403715290412143104,-0.555943989024,0.825779801800,0.363773438510,0.775989842307,0.308064898454,0.506637216307,-0.215068626325
1403715290462142976,-0.550039925649,0.842221251684,0.368461888916,0.777119814319,0.309094365718,0.503652969058,-0.216515944062
1403715290512142848,-0.542824353718,0.859333167940,0.372715634569,0.776458066768,0.309287651645,0.503635071463,-0.218645223782
1403715290562142976,-0.535113312129,0.877999586374,0.377145117115,0.775106760008,0.309562704774,0.505124067401,-0.219613567285
1403715290612143104,-0.527324734332,0.897378198278,0.383215593643,0.773517299021,0.308281838547,0.507076942683,-0.222500045703
1403715290662142976,-0.518398426293,0.917466169947,0.387315775269,0.773007291717,0.306587501667,0.508121105655,-0.224224826374
1403715290712142848,-0.508100748428,0.937966218475,0.390616471414,0.771220757773,0.305635350611,0.511342883076,-0.224352470823
1403715290762142976,-0.498515066971,0.957341131568,0.393622449746,0.768750032081,0.305006691225,0.515225872521,-0.224803484780
1403715290812143104,-0.487612386598,0.977457474071,0.395699764416,0.767487755533,0.303253790537,0.517595050604,-0.226042135944
1403715290862142976,-0.476906698649,0.998450389043,0.396921258122,0.768163309277,0.301231005751,0.517300930256,-0.227122784000
1403715290912143104,-0.466711609367,1.019711318405,0.397811285945,0.769035156540,0.299868120001,0.516943449542,-0.226789568957
1403715290962142976,-0.458039517159,1.039452721339,0.400146594398,0.769304642065,0.296577613507,0.517488287464,-0.228949687052
1403715291012142848,-0.448955924067,1.059317678411,0.402505834211,0.768951636804,0.291889438436,0.519187435175,-0.232289352191
1403715291062142976,-0.438843775247,1.079018781717,0.404088871904,0.769862364494,0.286492102042,0.519171082117,-0.235999158256
1403715291112143104,-0.427765887500,1.096218099972,0.404542956276,0.771275324460,0.280934859440,0.518592376164,-0.239315536512
1403715291162142976,-0.415671801931,1.115741481914,0.402393294111,0.772643747824,0.275684221432,0.518478326578,-0.241246914738
1403715291212142848,-0.404997569124,1.134662082108,0.399824790162,0.774110252033,0.270694481274,0.518421836120,-0.242315115787
1403715291262142976,-0.393316504139,1.151474820676,0.398628054126,0.775213022531,0.266643422081,0.518923994253,-0.242206406496
1403715291312143104,-0.380376923741,1.166597707987,0.398628563799,0.776461411835,0.262209375371,0.519811937139,-0.241142010871
1403715291362142976,-0.366329486783,1.180872578116,0.397233902326,0.777695192324,0.257977858284,0.520810442841,-0.239570647407
1403715291412143104,-0.354176602669,1.192337054984,0.395252959085,0.779143405948,0.254599207970,0.521105631420,-0.237831278790
1403715291462142976,-0.339862602623,1.205954314903,0.386240369213,0.781825307300,0.252161277656,0.520570231779,-0.232745596526
1403715291512142848,-0.326679609387,1.216179857421,0.380630160403,0.784445253087,0.250186441675,0.519603302715,-0.228177117870
1403715291562142976,-0.311073263445,1.226139969298,0.373212133635,0.787757040929,0.246739258948,0.517995928144,-0.224140136940
1403715291612143104,-0.293044369657,1.234596174068,0.368123373080,0.790146184505,0.242193722230,0.517673391686,-0.221416954103
1403715291662142976,-0.277082848102,1.241665315386,0.362445140980,0.791263399220,0.238616720424,0.518497346272,-0.219373644036
1403715291712142848,-0.259422701712,1.250159181044,0.352585321483,0.793313177140,0.236389205471,0.518023045391,-0.215468027689
1403715291762142976,-0.238545812521,1.255956527046,0.349136261806,0.794645841530,0.234986726856,0.518517931977,-0.210851556689
1403715291812143104,-0.216889455824,1.262055204761,0.342721010794,0.795897030637,0.235484267729,0.518864934031,-0.204632002649
1403715291862142976,-0.194758834271,1.265623937415,0.340888070395,0.795131348340,0.237966529709,0.521967312333,-0.196693148026
1403715291912143104,-0.172642331868,1.270202590436,0.336075085317,0.794275086104,0.241132254068,0.524488237317,-0.189458207946
1403715291962142976,-0.148217175167,1.274905845790,0.330361799026,0.794959134342,0.241287702124,0.524438406544,-0.186506239230
1403715292012142848,-0.124531075427,1.279952003111,0.319457176468,0.795443841272,0.242906028474,0.524561786042,-0.181935948450
1403715292062142976,-0.100742328332,1.286246490618,0.311791243291,0.795695732862,0.243617755373,0.524391887177,-0.180365846645
1403715292112143104,-0.077482773857,1.293514790575,0.304555013892,0.795598326049,0.245313200743,0.523645858207,-0.180664751161
1403715292162142976,-0.055545422638,1.301931009130,0.296034980236,0.794867262413,0.249282741196,0.522650881386,-0.181329000087
1403715292212142848,-0.033403040973,1.310377030767,0.287920017425,0.793196169781,0.255106349933,0.521773073411,-0.183066781072
1403715292262142976,-0.010415712997,1.319471059384,0.282697706973,0.791820601117,0.261485735758,0.519350812147,-0.186869150917
1403715292312143104,0.013342445902,1.329961109321,0.276825196196,0.790096803078,0.269620008922,0.516532995463,-0.190383185059
1403715292362142976,0.035482177599,1.343035665467,0.269975603922,0.787149648312,0.280158321373,0.514284311781,-0.193438343622
1403715292412143104,0.058283336488,1.356559416564,0.261172498206,0.782952060363,0.289483851603,0.513286731091,-0.199303543675
1403715292462142976,0.083261870128,1.371526347119,0.250836859908,0.779437766448,0.300321884240,0.510528095110,-0.204070081553
1403715292512142848,0.108311184149,1.388284886651,0.241150329896,0.773641845726,0.309794522263,0.509931042179,-0.213250980629
1403715292562142976,0.134080525076,1.404216692043,0.232732670751,0.765524919694,0.320117343506,0.511887388832,-0.222413544707
1403715292612143104,0.158581796333,1.424016155822,0.225979170536,0.757238268297,0.331840072088,0.513106661589,-0.230638083186
1403715292662142976,0.182495963315,1.442894551563,0.223848473222,0.745692964053,0.342949855615,0.517866666644,-0.241125518092
1403715292712142848,0.204454418745,1.462019707101,0.219036829050,0.736732469591,0.355595395047,0.518171292443,-0.249550986694
1403715292762142976,0.227096084726,1.481178865268,0.215985434367,0.726745757382,0.368212683014,0.519551058392,-0.257539748230
1403715292812143104,0.247837200310,1.499538746526,0.211905656069,0.718236361700,0.380900668316,0.518281831454,-0.265396218499
1403715292862142976,0.266521211481,1.516716528129,0.214504564879,0.711450771892,0.392831233526,0.514307639741,-0.273877842924
1403715292912143104,0.284275606132,1.533903183514,0.217894951103,0.706885057654,0.404649817234,0.507259640013,-0.281530989932
1403715292962142976,0.298232160332,1.552804710874,0.226550329502,0.702803477270,0.414564466738,0.499537379437,-0.290974194390
1403715293012142848,0.309822854134,1.571351810890,0.236264253978,0.697880515499,0.423688715678,0.492999611123,-0.300669322889
1403715293062142976,0.324686872582,1.588354084608,0.251226089262,0.693398362250,0.431066636333,0.486383995292,-0.311144460650
1403715293112143104,0.336348974817,1.607108705317,0.264948332784,0.688493031253,0.438376728064,0.480110125870,-0.321399217867
1403715293162142976,0.346531359585,1.625787339104,0.279051485210,0.683638451886,0.446834622239,0.473817034596,-0.329354983564
1403715293212142848,0.357677015018,1.643898650507,0.298069555549,0.677642708516,0.454989129798,0.469281877039,-0.336986307204
1403715293262142976,0.368449298987,1.662193088207,0.314974319452,0.671131748134,0.462090535055,0.465398889310,-0.345627527676
1403715293312143104,0.379504962504,1.680166826497,0.328749658388,0.664451454934,0.469938276528,0.462100364659,-0.352314537411
1403715293362142976,0.390943795589,1.696021908585,0.347479174230,0.657002887574,0.476243390479,0.460062182068,-0.360391769294
1403715293412143104,0.401714286637,1.711507001012,0.365790439923,0.648965457887,0.481663128299,0.458864998862,-0.369171204358
1403715293462142976,0.412929475261,1.726657366289,0.379082202453,0.642308282628,0.487684527864,0.456290103557,-0.376036185421
1403715293512142848,0.422640824579,1.740140483113,0.394522510335,0.636678682910,0.494737337417,0.452462622386,-0.380989234805
1403715293562142976,0.433875594421,1.753443829079,0.406999302587,0.632445307716,0.501717995590,0.447083360033,-0.385238179352
1403715293612143104,0.443749260957,1.765126141832,0.421187517210,0.628459484571,0.509210880470,0.441714760016,-0.388112131024
1403715293662142976,0.453951615430,1.775336105875,0.437402510227,0.625039517528,0.516740086367,0.435782100217,-0.390383459947
1403715293712142848,0.464392754165,1.785076703619,0.453972475287,0.620835869586,0.523803452823,0.430956373072,-0.393025915627
1403715293762142976,0.475740318635,1.794437441409,0.470771330569,0.616731898599,0.530652555172,0.425822165398,-0.395885228817
1403715293812143104,0.485629568018,1.803332031855,0.486102430707,0.612303586289,0.537931829635,0.421065576507,-0.398016890552
1403715293862142976,0.497339948964,1.811550626492,0.501449463007,0.608214966445,0.543800566293,0.415921928011,-0.401701939865
1403715293912143104,0.506811372174,1.820528503760,0.516305848060,0.602693100052,0.550932005195,0.411805624782,-0.404538107228
1403715293962142976,0.517399554033,1.830336894751,0.528349834014,0.596902399710,0.557355279983,0.407695414233,-0.408469174244
1403715294012142848,0.527254499154,1.839428847490,0.537945966819,0.590505432732,0.563875468512,0.403455428816,-0.413003034956
1403715294062142976,0.537637291189,1.847422108300,0.545896883890,0.583970633547,0.570482064224,0.398998755101,-0.417526654218
1403715294112143104,0.550820414465,1.855054727181,0.549097272778,0.577490632040,0.575925088380,0.394317037161,-0.423472474531
1403715294162142976,0.563130261138,1.862408054704,0.551202208567,0.570238845562,0.581002217556,0.390296379772,-0.430038158940
1403715294212142848,0.575397413768,1.868796911072,0.552308811212,0.562787645734,0.586121766926,0.386412250465,-0.436367864118
1403715294262142976,0.586676532117,1.875310113046,0.548861087400,0.555871916652,0.591418077819,0.381350197738,-0.442496436360
1403715294312143104,0.597713056163,1.880939615525,0.545111246120,0.548424527797,0.596609367231,0.377203849636,-0.448335874164
1403715294362142976,0.607456034499,1.887406978411,0.536995394144,0.541348261983,0.602438526295,0.372174305906,-0.453316850897
1403715294412143104,0.618328895544,1.893050050718,0.528816814651,0.533353147035,0.608074836554,0.367929980284,-0.458701366148
1403715294462142976,0.631934567963,1.897644898586,0.518822387867,0.525103680914,0.614171827965,0.364028567390,-0.463187102745
1403715294512142848,0.646606176976,1.902296966793,0.504439826555,0.517321592832,0.620846724419,0.359613171402,-0.466482669906
1403715294562142976,0.657871463123,1.907243697542,0.487855395874,0.510120524257,0.629101053812,0.352703564664,-0.468624700905
1403715294612143104,0.670882103403,1.910413578312,0.471432853750,0.503604835964,0.637771302211,0.345597609742,-0.469246446348
1403715294662142976,0.683217988766,1.912591529442,0.459163154380,0.495106705223,0.647041509023,0.340487437246,-0.469334572691
1403715294712142848,0.694715427470,1.915661747622,0.443475020887,0.487048013172,0.656462072084,0.334572074399,-0.468938490437
1403715294762142976,0.707711058493,1.917308792314,0.428543781192,0.479054754689,0.664147498175,0.329127730850,-0.470201637027
1403715294812143104,0.719624116748,1.918851927017,0.412968297082,0.471449778971,0.671366391799,0.323259512848,-0.471704951452
1403715294862142976,0.728238312724,1.921053310369,0.399975007521,0.462760723810,0.678449968329,0.318353645323,-0.473507243327
1403715294912143104,0.738185094984,1.924388554339,0.386764547130,0.454195785847,0.684474087488,0.313871935304,-0.476115343069
1403715294962142976,0.747491886039,1.927064818783,0.375728412625,0.444319443421,0.688602067393,0.310840123625,-0.481441421696
1403715295012142848,0.755222191877,1.931133310714,0.359907527732,0.435810096092,0.691644715742,0.306163063315,-0.487812798102
1403715295062142976,0.764183305736,1.934485238147,0.345328428962,0.427609689305,0.696006459787,0.301355932623,-0.491843027215
1403715295112143104,0.769941591028,1.936722575121,0.334663680364,0.419291452270,0.698468611353,0.296282277995,-0.498550989122
1403715295162142976,0.776726180607,1.939140001489,0.321837424678,-0.411584834076,-0.699798452157,-0.290092595194,0.506681691924
1403715295212142848,0.785027613131,1.939917186377,0.312247614136,-0.403927094442,-0.702638509816,-0.284582316539,0.512010675683
1403715295262142976,0.793168690266,1.941395399391,0.303965367260,-0.396959492723,-0.705727477309,-0.276991073803,0.517346918364
1403715295312143104,0.801199376731,1.941919289852,0.301771538209,-0.388386036772,-0.710004555137,-0.270656315460,0.521339598561
1403715295362142976,0.809574909050,1.941317178872,0.302388049010,-0.379615346354,-0.715462317638,-0.263393709600,0.524051156468
1403715295412143104,0.816511891255,1.941128486482,0.305399540140,-0.369994740631,-0.721258800096,-0.256688120417,0.526308696513
1403715295462142976,0.824687888573,1.939909524816,0.310612816777,-0.360370134029,-0.727663544780,-0.249414394740,0.527666174578
1403715295512142848,0.832648102602,1.938678605224,0.316655048166,-0.349547397960,-0.733357672083,-0.243613422371,0.529769423256
1403715295562142976,0.841109125384,1.937527873829,0.320460579772,-0.338685963540,-0.739021472939,-0.239881763641,0.530656028053
1403715295612143104,0.851359451326,1.935719844021,0.315979752049,-0.330521263520,-0.743345462823,-0.235474935565,0.531737502893
1403715295662142976,0.858821202411,1.934266747981,0.310720969290,-0.322449094765,-0.745526690849,-0.232465974677,0.534954301912
1403715295712142848,0.867047311487,1.932413801855,0.303615532969,-0.315707404068,-0.746603739423,-0.229593033329,0.538700965604
1403715295762142976,0.874788826623,1.929300214370,0.295246039426,-0.309354835303,-0.748732346651,-0.226730018999,0.540641246519
1403715295812143104,0.878604229478,1.926964941499,0.285158481269,-0.303277563526,-0.749831189750,-0.221233568822,0.544822553100
1403715295862142976,0.884447485621,1.923209834434,0.276448038213,-0.297673272975,-0.749795320925,-0.216675673012,0.549772000014
1403715295912143104,0.893145663821,1.919031684546,0.262916320229,-0.293722218143,-0.751383626542,-0.209888558413,0.552355589617
1403715295962142976,0.901862236192,1.913976301143,0.250678269173,-0.288836776336,-0.751939810114,-0.203890244116,0.556406871773
1403715296012142848,0.913835476639,1.908314820863,0.237957742071,-0.284773191199,-0.752458357307,-0.198463172241,0.559752641224
1403715296062142976,0.926473567464,1.902265715870,0.223361339158,-0.282786694645,-0.753924289101,-0.191610583454,0.561173089112
1403715296112143104,0.939430030741,1.896304661036,0.210317435473,-0.281840042421,-0.756179167774,-0.184284540087,0.561069037640
1403715296162142976,0.951908730158,1.890686157924,0.197057511840,-0.279727481819,-0.760334621020,-0.177993671969,0.558535632464
1403715296212142848,0.958530495100,1.888105528459,0.179829377875,-0.276290226957,-0.765379514814,-0.171877210717,0.555262220242
1403715296262142976,0.970836075495,1.883619109429,0.161472002559,-0.273479190722,-0.770192411253,-0.165837921072,0.551824760069
1403715296312143104,0.984406149171,1.879022247807,0.148188211372,-0.269992319845,-0.776586431328,-0.160880357142,0.546017557032
1403715296362142976,0.996927449751,1.876376984029,0.137536712536,-0.265239296459,-0.782534283076,-0.156637517373,0.541066446545
1403715296412143104,1.012162183892,1.875285117974,0.122874952289,-0.260581975828,-0.786802615469,-0.150883054610,0.538769878516
1403715296462142976,1.027586850277,1.875745555348,0.117430172043,-0.255676163224,-0.789791844770,-0.145828207194,0.538138156499
1403715296512142848,1.041409499158,1.878804516852,0.114192845207,-0.251603432234,-0.791744519356,-0.140629367682,0.538571917114
1403715296562142976,1.056626234538,1.882448292909,0.114208538061,-0.246550694715,-0.792583562765,-0.138674082673,0.540179183017
1403715296612143104,1.070088135984,1.888607598122,0.115969848003,-0.240723970546,-0.793678682366,-0.138912891980,0.541137069147
1403715296662142976,1.082772173487,1.897594177862,0.115635836898,-0.235538947367,-0.793321376879,-0.139440197859,0.543800541082
1403715296712142848,1.094839265985,1.906537817755,0.117073710961,-0.230937595525,-0.792726389917,-0.140224861759,0.546433606074
1403715296762142976,1.104591486411,1.917830283402,0.118872527555,-0.227152528397,-0.792399150056,-0.139832892656,0.548590993331
1403715296812143104,1.115609334505,1.928484955829,0.121225688225,-0.222418673231,-0.792538307897,-0.141571646552,0.549882199391
1403715296862142976,1.125559341559,1.939624975489,0.122906175525,-0.216576457762,-0.792270775457,-0.144261698648,0.551896927517
1403715296912143104,1.133830060415,1.951316796408,0.123315794689,-0.209395427316,-0.792344964569,-0.145759284337,0.554163552727
1403715296962142976,1.143703314657,1.962224553166,0.117353728839,-0.202700863808,-0.791848845329,-0.145060578974,0.557534926611
1403715297012142848,1.152841549971,1.972049433797,0.115324804142,-0.196676731204,-0.793542483588,-0.140464465145,0.558460673795
1403715297062142976,1.160806450126,1.981856367998,0.112315611046,-0.192434793097,-0.797408327234,-0.130651737493,0.556811398548
1403715297112143104,1.168577352011,1.991400027704,0.110002872392,-0.186679802483,-0.800090984951,-0.121497878941,0.556994912506
1403715297162142976,1.177368797606,1.999700307722,0.107485076577,-0.181142550444,-0.805741635765,-0.110840506938,0.552885317977
1403715297212142848,1.184059171042,2.009471472108,0.102152859127,-0.173848799117,-0.811349965427,-0.099818918414,0.549112021516
1403715297262142976,1.189523161620,2.019967136698,0.100311201992,-0.165314303753,-0.816188033435,-0.088894152699,0.546448629487
1403715297312143104,1.194592364938,2.032572888756,0.098411699410,-0.155084033204,-0.819120074624,-0.079299209223,0.546537172944
1403715297362142976,1.198652303792,2.046820498306,0.093771243877,-0.144540469535,-0.822012780788,-0.070345009394,0.546310004066
1403715297412143104,1.200327051643,2.063275013465,0.093185769490,-0.131328000975,-0.823808230294,-0.065375064941,0.547557354753
1403715297462142976,1.200498321201,2.082219074072,0.089480302242,-0.119601874544,-0.825290520432,-0.059859343486,0.548641784308
1403715297512142848,1.199756640473,2.101236570693,0.084484750014,-0.107778030064,-0.825902498831,-0.055718772836,0.550603647840
1403715297562142976,1.197631170717,2.121479307870,0.077950660975,-0.098378026348,-0.827043131630,-0.049687221977,0.551228266989
1403715297612143104,1.194601552609,2.142088070697,0.069595508404,-0.091094384940,-0.829374329926,-0.041831502563,0.549627291249
1403715297662142976,1.188001563876,2.163759752544,0.060656382266,-0.084577745609,-0.831443729006,-0.033678485661,0.548100073024
1403715297712142848,1.181487925733,2.185799537158,0.051842110701,-0.079484735147,-0.832327961981,-0.024812406435,0.547993325753
1403715297762142976,1.173919374596,2.207518182225,0.044440160196,-0.073818437008,-0.832414397886,-0.017197802868,0.548945665915
1403715297812143104,1.162791821132,2.232357387605,0.036959183814,-0.066564952229,-0.828808018204,-0.010883085991,0.555452909377
1403715297862142976,1.151919202283,2.258670844607,0.035102935704,-0.059578475193,-0.825064621786,-0.004685238344,0.561869044986
1403715297912143104,1.140020447107,2.287330668509,0.038158536461,-0.050671059878,-0.820723395345,-0.000585267742,0.569073992979
1403715297962142976,1.126793139645,2.317081539205,0.035648751845,-0.042846168140,-0.813785892214,0.006145019039,0.579550658916
1403715298012142848,1.112812457622,2.347639375321,0.038498992553,-0.032309838647,-0.807503987044,0.011144625327,0.588871108614
1403715298062142976,1.098567244881,2.378598039305,0.039017281133,-0.019589688497,-0.802026125863,0.014944106195,0.596780538581
1403715298112143104,1.086561612266,2.409416756376,0.038823282221,-0.004744919903,-0.797985234562,0.015778279854,0.602451738350
1403715298162142976,1.075616549732,2.439669619319,0.040487287133,0.012978801109,-0.796554187271,0.013091734202,0.604286011718
1403715298212142848,1.070273005797,2.469130286624,0.036412261985,0.030265654264,-0.796658472138,0.009555057728,0.603595866301
1403715298262142976,1.064614529847,2.497901247337,0.038427510309,0.047466764040,-0.797161068700,0.006656941274,0.601861131819
1403715298312143104,1.057172798195,2.525446765951,0.034282054625,0.061443045967,-0.797633504867,0.006575837096,0.599968584496
1403715298362142976,1.057258990340,2.551888400306,0.035081485017,0.072421153569,-0.799678672204,0.006041711383,0.596014006095
1403715298412143104,1.057707450017,2.577064842338,0.036436736822,0.080447038879,-0.802549195902,0.006862130037,0.591097262102
1403715298462142976,1.056444038785,2.602415254838,0.036584551969,0.087572168031,-0.803972829500,0.007226845023,0.588138229945
1403715298512142848,1.057508011322,2.625283722829,0.035399768839,0.093780687695,-0.804259343668,0.005961221405,0.586801972200
1403715298562142976,1.057335852914,2.644862708601,0.035652015061,0.100054327104,-0.804347616434,0.002540015935,0.585668499993
1403715298612143104,1.056094985225,2.661361852255,0.036491133824,0.105506958937,-0.803831679180,-0.001421733790,0.585423685749
1403715298662142976,1.057293758965,2.674021357197,0.040035876631,0.110067544831,-0.803281770111,-0.005526615766,0.585314436778
1403715298712142848,1.058742447738,2.683054252516,0.040944112033,0.112773918936,-0.802658099527,-0.008625281656,0.585617300792
1403715298762142976,1.060082951145,2.689086910256,0.042819425546,0.113481604059,-0.802248761607,-0.009771952152,0.586023343385
1403715298812143104,1.068862380690,2.688816500682,0.047452845490,0.110903450098,-0.803543667398,-0.009096934285,0.584752293820
1403715298862142976,1.072814873485,2.688338783051,0.049348359665,0.103436124960,-0.809260227144,0.000805148009,0.578271739368
1403715298912143104,1.075278078330,2.684056865726,0.054462419330,0.095667139894,-0.814513235366,0.013711309566,0.572038449536
1403715298962142976,1.080067958349,2.676646408228,0.056160080354,0.088333360182,-0.819224202977,0.027822162805,0.565945977980
1403715299012142848,1.082480574295,2.667792140100,0.060832606772,0.086289161229,-0.822353498835,0.037934551795,0.561114848661
1403715299062142976,1.086062494662,2.657339281146,0.066322705954,0.086065299100,-0.824557612194,0.047324413206,0.557187498404
1403715299112143104,1.090545821387,2.645061738842,0.073085574614,0.088210466765,-0.825705024660,0.054545532797,0.554486168138
1403715299162142976,1.090893860404,2.633407358889,0.079541368430,0.092002070826,-0.826502989885,0.061540661919,0.551943089100
1403715299212142848,1.089328492330,2.620820200486,0.086560257141,0.097521895149,-0.826769692341,0.067550730047,0.549889311283
1403715299262142976,1.086397936218,2.608056432817,0.090037315016,0.103749540907,-0.826701199211,0.073761371721,0.548051475708
1403715299312143104,1.082680786911,2.595292756304,0.089702629697,0.110252832968,-0.825020391662,0.080888571863,0.548308950415
1403715299362142976,1.075725895201,2.582327660080,0.092968792796,0.117829862830,-0.824614711099,0.087742066769,0.546285668294
1403715299412143104,1.068418006816,2.569043428000,0.099383154222,0.125733251222,-0.823818128503,0.095174791080,0.544478282238
1403715299462142976,1.060174873614,2.557152068984,0.103475668982,0.135223847332,-0.821219535768,0.102090342337,0.544876634833
1403715299512142848,1.049500272053,2.543966981861,0.104919131449,0.144565691426,-0.817650041420,0.110015001457,0.546301995312
1403715299562142976,1.035493707563,2.530493238548,0.108738808472,0.154642905551,-0.814640539308,0.118383988085,0.546288929820
1403715299612143104,1.018380079389,2.516356856072,0.111592758821,0.165814106044,-0.810271379294,0.125609455290,0.547894368355
1403715299662142976,1.006092552024,2.499566714840,0.116459264503,0.176070021562,-0.807676871162,0.133739535310,0.546599630435
1403715299712142848,0.987931043278,2.485543226136,0.117974922703,0.187185084173,-0.803453243340,0.142950854055,0.546799490997
1403715299762142976,0.970377187616,2.471315889015,0.125010873246,0.200087988234,-0.800534296885,0.150042188508,0.544607177829
1403715299812143104,0.953257051742,2.457279657590,0.130484132912,0.212011542797,-0.796365545390,0.158977311686,0.543671995053
1403715299862142976,0.936231127538,2.444863928983,0.131722482775,0.223932061222,-0.792460464621,0.168330217866,0.541780196872
1403715299912143104,0.918843388037,2.432715807419,0.129458902271,0.236820908894,-0.787232816685,0.176653460959,0.541270638569
1403715299962142976,0.899979515104,2.421652322768,0.130400441660,0.249558237454,-0.782145369539,0.185225927800,0.540056166244
1403715300012142848,0.880755747182,2.410165939515,0.131201983674,0.261073757469,-0.777952892037,0.192320129932,0.538184688146
1403715300062142976,0.862155900321,2.398900823690,0.134457383721,0.270824914268,-0.772189885978,0.198537375574,0.539406670617
1403715300112143104,0.842034460240,2.388791455401,0.133771795809,0.279521621017,-0.765444230550,0.203907457416,0.542572153830
1403715300162142976,0.820662973668,2.379966643329,0.136524532077,0.288739276164,-0.759379923992,0.205708664945,0.545578323070
1403715300212142848,0.800211766123,2.371716268435,0.136103354602,0.297491399318,-0.753741905975,0.205202743173,0.548875068393
1403715300262142976,0.781649546344,2.363016112327,0.139499539169,0.303437065847,-0.748711062624,0.205831206367,0.552260089323
1403715300312143104,0.760957796524,2.356234171182,0.141679574766,0.305943831996,-0.745286171478,0.210258432068,0.553839585090
1403715300362142976,0.743709418389,2.348897160134,0.142530378835,0.306420700861,-0.742411860879,0.214827411166,0.555679913549
1403715300412143104,0.727154419975,2.341381669827,0.147099251670,0.305842635656,-0.741458931153,0.219445717024,0.555466032181
1403715300462142976,0.710587567329,2.335122734601,0.155180677464,0.305024179436,-0.741360407178,0.222991361612,0.554634879245
1403715300512142848,0.695549873224,2.329745853082,0.159389383603,0.305254966045,-0.740679656768,0.223863912907,0.555065762098
1403715300562142976,0.680838426269,2.326380777713,0.158904075779,0.303729883662,-0.741203296912,0.226043819461,0.554319422447
1403715300612143104,0.665671731203,2.324832198700,0.159134581277,0.303058492599,-0.742132540604,0.226776562855,0.553143049111
1403715300662142976,0.654819116617,2.324179048114,0.159576876550,0.301692104307,-0.742983915260,0.226744902212,0.552759916406
1403715300712142848,0.644308895804,2.324215708655,0.161779610655,0.299721622167,-0.744657844610,0.227029834484,0.551460876147
1403715300762142976,0.633563695679,2.325460582540,0.163529855256,0.298201430228,-0.745201571904,0.226440181802,0.551792867212
1403715300812143104,0.624251960356,2.327219965594,0.163504819767,0.297459922607,-0.744514248214,0.224487251060,0.553914797383
1403715300862142976,0.615441932590,2.329796470021,0.164900384784,0.297190418363,-0.744310869242,0.221548632341,0.555513625998
1403715300912143104,0.606485333238,2.333309972544,0.167139885233,0.298233256126,-0.743892804001,0.217251744151,0.557209207354
1403715300962142976,0.597297724110,2.338664783316,0.166753273556,0.299039602746,-0.743410346842,0.213884118620,0.558721716062
1403715301012142848,0.591775517552,2.344550596632,0.168313432367,0.299657108690,-0.742954821378,0.210282175328,0.560361630862
1403715301062142976,0.587212338245,2.351532838923,0.166921975553,0.299597140395,-0.741867233155,0.207393099207,0.562905555345
1403715301112143104,0.583495944713,2.359017328500,0.166612358217,0.299562053893,-0.740009990336,0.204520372322,0.566409045987
1403715301162142976,0.580830937080,2.366553706873,0.166244863583,0.300040599966,-0.738060445917,0.201348214416,0.569825686589
1403715301212142848,0.578295730619,2.375255387012,0.170953503763,0.301403558312,-0.736211829709,0.197748651351,0.572750825160
1403715301262142976,0.580828908152,2.383324350123,0.172630988578,0.302297195337,-0.735254066450,0.194426090920,0.574644549813
1403715301312143104,0.584440329460,2.392691887994,0.168858970400,0.303129458297,-0.733112249488,0.192677183225,0.577524427386
1403715301362142976,0.589298469391,2.401981552041,0.167795923510,0.303405530537,-0.732793541428,0.192156796529,0.577957156914
1403715301412143104,0.597581071006,2.410298705707,0.164868294526,0.303123033436,-0.733560719874,0.192416107677,0.577045178791
1403715301462142976,0.607429701188,2.419624857637,0.159917220818,0.300653690034,-0.736156658860,0.196403145957,0.573678077447
1403715301512142848,0.619563451763,2.428669887221,0.155063447870,0.298962507506,-0.740365213041,0.199422089602,0.568077107974
1403715301562142976,0.633905443481,2.438005732239,0.146989590354,0.296944631163,-0.745878635848,0.201888704474,0.561007930082
1403715301612143104,0.647078915946,2.448049414136,0.140070174228,0.295606424314,-0.751428928037,0.203466549279,0.553690140185
1403715301662142976,0.663473098764,2.458234573183,0.132857133745,0.293626532471,-0.755671878674,0.204778241174,0.548460885708
1403715301712142848,0.679529549265,2.468999856738,0.128207183947,0.293091691310,-0.758139981671,0.203866681087,0.545673350109
1403715301762142976,0.696586292904,2.480459180999,0.116143392158,0.292241064560,-0.758993013557,0.202503049922,0.545451446353
1403715301812143104,0.712264896201,2.491334368874,0.110870013041,0.293996800892,-0.757755249682,0.198372821831,0.547741806149
1403715301862142976,0.728889111046,2.501938879155,0.107930602825,0.295208240645,-0.757168145162,0.194356556963,0.549339624797
1403715301912143104,0.745698149859,2.513076397813,0.104914791247,0.296008897824,-0.757075868050,0.191157471372,0.550157871492
1403715301962142976,0.763111765911,2.523376795816,0.102451749239,0.294607435087,-0.758972794501,0.190871507077,0.548392946877
1403715302012142848,0.781266626131,2.533133454428,0.094832139944,0.294641754950,-0.758126886609,0.188724941858,0.550284250511
1403715302062142976,0.800745430721,2.542457513166,0.093025528851,0.294568401675,-0.758721912247,0.186343770798,0.550314924107
1403715302112143104,0.818672885245,2.552186833939,0.083614362134,0.294344456113,-0.759198018496,0.185063006038,0.550210317664
1403715302162142976,0.840076296762,2.560346181237,0.083681169929,0.295148096060,-0.761165476965,0.181187891503,0.548348124864
1403715302212142848,0.860525106161,2.568578315577,0.083532537636,0.295238200507,-0.763142392828,0.178323525321,0.546487706675
1403715302262142976,0.880720297906,2.575944620178,0.070611667934,0.294332600580,-0.764343176645,0.176685316853,0.545829760420
1403715302312143104,0.902750222138,2.580904695585,0.073389402599,0.294511029800,-0.766569147204,0.172967519385,0.543798890326
1403715302362142976,0.921727524753,2.586028741325,0.068857992862,0.294374583824,-0.766542579913,0.170396440602,0.544721149405
1403715302412143104,0.944697277873,2.588483739147,0.069425778186,0.292964885485,-0.767410437400,0.168510724215,0.544845787601
1403715302462142976,0.968486780346,2.589861847436,0.067802017555,0.289706375416,-0.768070238310,0.169332548149,0.545403349094
1403715302512142848,0.990448246656,2.591145036382,0.067886330627,0.284633924062,-0.770172715505,0.173751935705,0.543716637968
1403715302562142976,1.013941451680,2.591227591181,0.075958029717,0.281132387029,-0.773146922638,0.175690664961,0.540685867416
1403715302612143104,1.039052137113,2.589779696101,0.077956343991,0.276481991243,-0.775606655590,0.178979205858,0.538477918018
1403715302662142976,1.060837515416,2.589437743160,0.078392753298,0.274550113159,-0.777119618972,0.179620933206,0.537069505303
1403715302712142848,1.081965264138,2.588207439597,0.073836259379,0.271183096088,-0.778683694062,0.182526094472,0.535533059517
1403715302762142976,1.103842256514,2.585633418797,0.069430960524,0.269329512014,-0.780179506432,0.183257426128,0.534039574817
1403715302812143104,1.122974398176,2.583132775024,0.067886372857,0.267891214646,-0.783256968425,0.184331211605,0.529872459143
1403715302862142976,1.141452657400,2.579978263710,0.066030573279,0.268233093965,-0.785940272443,0.183366411275,0.526047198140
1403715302912143104,1.159864849665,2.576677875621,0.062488421065,0.269263537124,-0.787806754138,0.184216669137,0.522419261247
1403715302962142976,1.178480442936,2.573055099576,0.057846586224,0.271717046218,-0.788726694183,0.185993858150,0.519120731052
1403715303012142848,1.194454534671,2.568898005639,0.059319161688,0.277086858748,-0.789213379981,0.187200437779,0.515093301901
1403715303062142976,1.208791547748,2.563464160776,0.053451683747,0.282982669654,-0.787937358167,0.190454829924,0.512642649454
1403715303112143104,1.224620558623,2.555834565257,0.052256082375,0.290697869789,-0.786424489806,0.193609260754,0.509457284258
1403715303162142976,1.236119352328,2.548330330330,0.050456628988,0.299844545530,-0.783545745906,0.198475188150,0.506711863170
1403715303212142848,1.247045271238,2.539694235906,0.045311183126,0.310126187814,-0.778146150179,0.204343437805,0.506511674119
1403715303262142976,1.256001374530,2.529641588016,0.047226291064,0.321348114312,-0.770915080871,0.211290686648,0.507721944817
1403715303312143104,1.265178105616,2.517923328472,0.051168731730,0.333558820222,-0.762991795346,0.218100440103,0.508934408066
1403715303362142976,1.272692563921,2.505289034159,0.044430518611,0.346278527566,-0.753589279702,0.224974385919,0.511449806478
1403715303412143104,1.277762121186,2.492424603570,0.037914579021,0.358773583336,-0.744510475035,0.232323111393,0.512846605112
1403715303462142976,1.283927901345,2.477610883923,0.030650300422,0.371485585878,-0.736064091144,0.238402067692,0.513198370353
1403715303512142848,1.289858536798,2.462573055453,0.029622193320,0.383178202513,-0.729581042775,0.245814879603,0.510353810711
1403715303562142976,1.296861285458,2.447361538988,0.029137970749,0.395672137511,-0.721921452907,0.251842285655,0.508771499384
1403715303612143104,1.304651869465,2.431290897949,0.030433448193,0.405266332603,-0.716536594794,0.261800013879,0.503780965016
1403715303662142976,1.313088706323,2.415936840800,0.028942533603,0.414174252946,-0.709653375454,0.272744278777,0.500462119742
1403715303712142848,1.322430283588,2.400489985875,0.026765327359,-0.422946053037,0.703421073902,-0.283585456115,-0.495877724939
1403715303762142976,1.332333570972,2.384392730225,0.018865277616,-0.430731520864,0.696365505732,-0.295097013462,-0.492405515817
1403715303812143104,1.342409367554,2.367396101381,0.017952296271,-0.439527878102,0.689576771617,-0.303936621734,-0.488796123540
1403715303862142976,1.353404692358,2.350248503440,0.021647685591,-0.446130203500,0.683726930455,-0.314863984954,-0.484092963256
1403715303912143104,1.364133586666,2.335002614641,0.016191186007,-0.452107102005,0.677264333312,-0.323806856302,-0.481727423915
1403715303962142976,1.373289353590,2.320881583397,0.016350013927,-0.458021568131,0.672218892131,-0.329936510120,-0.479040607338
1403715304012142848,1.382465180626,2.308222717409,0.013554534372,-0.462268613093,0.668396383488,-0.335715414798,-0.476286850707
1403715304062142976,1.391201302102,2.296302558322,0.013299878308,-0.466389910101,0.665249293229,-0.339436246868,-0.474032555766
1403715304112143104,1.399361185226,2.285922798616,0.011490419111,-0.468069317818,0.663227346008,-0.344222845102,-0.471753361552
1403715304162142976,1.408702421498,2.275681075309,0.010912742022,-0.469407023279,0.661495836542,-0.347314189813,-0.470588098329
1403715304212142848,1.414527710438,2.269134681328,0.006372020160,-0.471542670796,0.660176310786,-0.348720544302,-0.469264030452
1403715304262142976,1.421998803134,2.261743195081,0.001888841676,-0.472466136603,0.660465384407,-0.349564569428,-0.467296305961
1403715304312143104,1.428718974946,2.255871140758,-0.005724474173,-0.473103275612,0.660945332214,-0.349977273343,-0.465661321750
1403715304362142976,1.435509771452,2.251073105539,-0.011826565047,-0.473322977805,0.661928371261,-0.349438443585,-0.464444791279
1403715304412143104,1.443818840816,2.245842388954,-0.014746429705,-0.473701824919,0.663564665734,-0.347259639825,-0.463356512856
1403715304462142976,1.448312357764,2.243165057777,-0.020769004870,-0.473522923133,0.664517960109,-0.345725118417,-0.463320692885
1403715304512142848,1.453177560186,2.240811976863,-0.023839264609,-0.473859525933,0.664398310268,-0.342546346207,-0.465504066251
1403715304562142976,1.458539032118,2.238354240428,-0.029336799391,-0.473962288937,0.665000486623,-0.339099378606,-0.467060716487
1403715304612143104,1.463301305877,2.237059600721,-0.040781111216,-0.473469543458,0.665178611670,-0.336555155196,-0.469142444791
1403715304662142976,1.467769844765,2.236027476030,-0.054742182023,-0.471605229877,0.665359102665,-0.336030167709,-0.471136390064
1403715304712142848,1.473010121894,2.235050025775,-0.070871401570,-0.469894669068,0.665765391172,-0.334928512476,-0.473052148742
1403715304762142976,1.475272581245,2.236514606136,-0.089091909374,-0.470372556656,0.665610958980,-0.331804621036,-0.474992002763
1403715304812143104,1.481059353635,2.235960388832,-0.097745542101,-0.469615106787,0.666980850730,-0.329842346388,-0.475186513662
1403715304862142976,1.485250684566,2.237153647631,-0.107563231169,-0.469740347967,0.667797088646,-0.327379576396,-0.475619245664
1403715304912143104,1.491039171935,2.236969036317,-0.112976552772,-0.469357550205,0.668930711137,-0.325454526387,-0.475725283139
1403715304962142976,1.498977090330,2.235949215796,-0.115702225588,-0.468769587985,0.670478071484,-0.323930383916,-0.475166639629
1403715305012142848,1.506506580275,2.236466752901,-0.112183304762,-0.468636298215,0.671275656363,-0.322779323233,-0.474955283856
1403715305062142976,1.513650664265,2.237728687300,-0.105033748814,-0.468200634804,0.672863436164,-0.322625303264,-0.473239765379
1403715305112143104,1.521105510773,2.238458312824,-0.102204307449,-0.467621683091,0.673168639650,-0.322915998613,-0.473179883273
1403715305162142976,1.527713008971,2.240120153266,-0.094833212369,-0.468076595810,0.673944476866,-0.322513851337,-0.471898249894
1403715305212142848,1.533964432019,2.241698937281,-0.089593173604,-0.468376062169,0.675161504481,-0.322837513441,-0.469634695448
1403715305262142976,1.540690945949,2.243044082916,-0.089767099218,-0.467924915491,0.675496328207,-0.324061439478,-0.468759178561
1403715305312143104,1.545388301903,2.245566043206,-0.088117005117,-0.469754015461,0.674663290279,-0.323239002516,-0.468697297796
1403715305362142976,1.552661762792,2.246247417004,-0.078745367851,-0.470080277776,0.676265645366,-0.323940211742,-0.465566373958
1403715305412143104,1.558182877080,2.247830318669,-0.073555359723,-0.471907952557,0.675716967987,-0.323407169991,-0.464884142434
1403715305462142976,1.565039224724,2.247914121387,-0.067191379120,-0.472768270985,0.674807252109,-0.324627724845,-0.464480542878
1403715305512142848,1.569791459891,2.249497845585,-0.059672141472,-0.473944064270,0.673328846237,-0.326470800873,-0.464135869058
1403715305562142976,1.575557903242,2.250511991532,-0.053253479431,-0.475232966201,0.671389686149,-0.328215934365,-0.464396186028
1403715305612143104,1.581495453673,2.250913162132,-0.045296750782,-0.476994560448,0.669713514524,-0.329461719570,-0.464128186070
1403715305662142976,1.586199995993,2.251593580906,-0.030463000376,-0.478802304646,0.667528723964,-0.331103907021,-0.464245579951
1403715305712142848,1.591323743754,2.251681738231,-0.009461890701,-0.477793212556,0.668084517185,-0.335867498118,-0.461052868596
1403715305762142976,1.599343680468,2.249428045387,0.012303704070,-0.478696414967,0.667326635080,-0.336646663615,-0.460645121853
1403715305812143104,1.604223306577,2.249123145265,0.034569270750,-0.479789541548,0.666958909363,-0.337407348588,-0.459482415509
1403715305862142976,1.605783660515,2.251062665201,0.053720344165,-0.481433697268,0.666013450812,-0.337739721719,-0.458889484349
1403715305912143104,1.610923305217,2.250093613126,0.076266687957,-0.483071221356,0.666365870362,-0.336069001445,-0.457882461098
1403715305962142976,1.614917652161,2.249881039272,0.092829436901,-0.483288105140,0.666019856453,-0.336238917657,-0.458032257045
1403715306012142848,1.616968675428,2.250921317157,0.111168977017,-0.483772314947,0.666058872115,-0.336193370578,-0.457497479498
1403715306062142976,1.618970076197,2.251293554298,0.129489004609,-0.484831364114,0.666507440621,-0.334758406398,-0.456774768694
1403715306112143104,1.619389569331,2.252111066831,0.149106365712,-0.485523217369,0.667954651823,-0.334049643186,-0.454438801591
1403715306162142976,1.620444496693,2.252541377362,0.161649031324,-0.483737485498,0.669448257232,-0.336589269417,-0.452266226604
1403715306212142848,1.621402434300,2.251651041513,0.178905776683,-0.479394979765,0.671455354002,-0.340830934191,-0.450735438208
1403715306262142976,1.620821135725,2.250695469023,0.197371682073,-0.474426692202,0.673352936694,-0.344678297675,-0.450235502247
1403715306312143104,1.618371187730,2.250150430929,0.213883449986,-0.467635466736,0.675338750495,-0.349429027479,-0.450703890692
1403715306362142976,1.615944003337,2.249663053470,0.226481678714,-0.459863774628,0.677239931166,-0.353199054922,-0.452903755804
1403715306412143104,1.611488126400,2.250480206023,0.239802440661,-0.451236866322,0.678516331501,-0.356417595633,-0.457129495747
1403715306462142976,1.604737251942,2.253645438604,0.252655425615,-0.443795397553,0.680140342914,-0.356282818418,-0.462079335559
1403715306512142848,1.595363750609,2.258613706763,0.264739372497,-0.436111719537,0.682187727080,-0.354615072224,-0.467626585703
1403715306562142976,1.584733443418,2.264597184915,0.278422980243,-0.428638862314,0.684589832304,-0.350703360920,-0.473933159696
1403715306612143104,1.571522607442,2.273377138939,0.294684388455,-0.420400485667,0.686813209846,-0.346501871115,-0.481131478648
1403715306662142976,1.559550423821,2.282080129445,0.308527223311,-0.412181087353,0.688780104136,-0.340185425940,-0.489859771111
1403715306712142848,1.544451243279,2.294134923851,0.324796265121,-0.404736412487,0.691026866583,-0.331960284654,-0.498470335608
1403715306762142976,1.530073920424,2.308684257587,0.336897526439,0.397992672891,-0.692951096671,0.321375856811,0.508072995352
1403715306812143104,1.516386294743,2.324705056266,0.352428688998,0.389382754470,-0.694352305976,0.311912935971,0.518619577418
1403715306862142976,1.502804864177,2.344869658163,0.362497487888,0.380432773608,-0.694992809681,0.302472468620,0.529873857615
1403715306912143104,1.488455168501,2.367018366364,0.374426155427,0.373572008803,-0.696081555617,0.289568843110,0.540429743138
1403715306962142976,1.476593457346,2.390270829223,0.384973596171,0.367516183936,-0.698442372396,0.274631963889,0.549260768122
1403715307012142848,1.465765985889,2.417024845454,0.394276254304,0.362557504879,-0.700827089307,0.257797660065,0.557614394555
1403715307062142976,1.458077806537,2.444088027840,0.403547624449,0.356934237792,-0.705096054072,0.241161089238,0.563275095723
1403715307112143104,1.450220838205,2.473195867443,0.405863759831,0.350769226338,-0.711143938669,0.226295329177,0.565708115853
1403715307162142976,1.445557276600,2.501863373788,0.404340690541,0.344893471650,-0.718514905933,0.210948964701,0.565937591485
1403715307212142848,1.443979945595,2.528793396112,0.402844098010,0.338568762829,-0.725881309160,0.196157584415,0.565676338488
1403715307262142976,1.446085280115,2.555665462524,0.392216397975,0.331729339750,-0.732635548986,0.182253632342,0.565671645930
1403715307312143104,1.447466286079,2.583202714183,0.379775323976,0.323716354334,-0.739409015915,0.171331347940,0.564913797258
1403715307362142976,1.453312266514,2.608265903174,0.364620379134,0.313371129577,-0.747559756960,0.163716326999,0.562272095337
1403715307412143104,1.460274364059,2.632510123067,0.353387040721,0.300693363354,-0.757379595470,0.160296279179,0.557014140289
1403715307462142976,1.470871755368,2.655603309147,0.336733351557,0.287633565611,-0.765171718033,0.157911664494,0.553934183882
1403715307512142848,1.481755989776,2.678309582305,0.319375624971,0.274759566716,-0.772281323395,0.156207289773,0.551078960454
1403715307562142976,1.492423977634,2.697780219436,0.311288351004,0.262267846790,-0.779407804560,0.153847138188,0.547786554054
1403715307612143104,1.503803394033,2.716832503146,0.300048656673,0.250431606360,-0.784827028946,0.151045018835,0.546366129492
1403715307662142976,1.514915116989,2.733679716623,0.289027136782,0.238450339895,-0.790093410458,0.147433279046,0.545121331801
1403715307712142848,1.524057730993,2.751547862396,0.276214173197,0.227977777371,-0.794524745463,0.141149328480,0.544824218388
1403715307762142976,1.534702312282,2.768212623864,0.260708276623,0.217522488242,-0.797889001663,0.133906026176,0.546009417765
1403715307812143104,1.544233333114,2.783842866628,0.252991267881,0.207762498996,-0.801608840250,0.124571767834,0.546571025488
1403715307862142976,1.551764896841,2.800439732954,0.237270098109,0.197524374268,-0.804249817153,0.116429887885,0.548279522130
1403715307912143104,1.559227933383,2.814913651173,0.224419755944,0.187858578804,-0.807126930053,0.107480949959,0.549275084588
1403715307962142976,1.565842567974,2.828494025199,0.213636261183,0.178188591304,-0.809563850719,0.098346768534,0.550620659489
1403715308012142848,1.571804871923,2.840144240342,0.198412871999,0.167824805361,-0.811263438509,0.090012748953,0.552796683302
1403715308062142976,1.576741271261,2.850401578127,0.190911644439,0.157853454977,-0.813538859316,0.081108059223,0.553767364390
1403715308112143104,1.579653138856,2.861276639168,0.179100534799,0.148440698088,-0.814688298584,0.072811016458,0.555829912098
1403715308162142976,1.584896634004,2.869030252542,0.167332359698,0.139252246214,-0.816271598344,0.065457022577,0.556798767830
1403715308212142848,1.586471592301,2.877966619353,0.152157171650,0.130946520147,-0.816889342374,0.059459485914,0.558577998772
1403715308262142976,1.591214470640,2.883955905494,0.145390221297,0.122580881290,-0.818802218804,0.053149170184,0.558311758548
1403715308312143104,1.594680994699,2.890173184192,0.131481136880,0.114672271611,-0.819614663018,0.046889019506,0.559359896792
1403715308362142976,1.596272424108,2.895429347629,0.122024795931,0.106818384998,-0.820407042983,0.042115495139,0.560132485685
1403715308412143104,1.594283185459,2.900492126909,0.107720191765,0.099484877455,-0.821079527955,0.039141081389,0.560713067156
1403715308462142976,1.592540638783,2.903399881046,0.098368726631,0.093316090906,-0.821849956873,0.037344014445,0.560767492060
1403715308512142848,1.592676472089,2.903869446921,0.086210299341,0.086912971355,-0.822101052785,0.037557613551,0.561413769055
1403715308562142976,1.591540727254,2.903067227999,0.076103537580,0.081505403295,-0.822734289206,0.038854467710,0.561208953008
1403715308612143104,1.588529521547,2.902499760849,0.068957649489,0.077473549989,-0.822937462978,0.040301847168,0.561380033662
1403715308662142976,1.584919528001,2.900892858082,0.066102466498,0.074887495964,-0.823000497461,0.040924357938,0.561593483807
1403715308712142848,1.579053276537,2.899873410307,0.065896034353,0.072764347003,-0.823914982308,0.042371048023,0.560423184765
1403715308762142976,1.574109939138,2.898257669570,0.067125134676,0.071654177378,-0.823817784012,0.042898228342,0.560668957242
1403715308812143104,1.567719745618,2.897294414121,0.072384579118,0.071142873230,-0.824905966483,0.043438530527,0.559090271883
1403715308862142976,1.558662326052,2.897357326250,0.079520537984,0.070723650750,-0.825815729792,0.044953834086,0.557678848849
1403715308912143104,1.551182493809,2.895969281269,0.083694109665,0.069930637385,-0.826314486854,0.047031383323,0.556868138568
1403715308962142976,1.539475503157,2.896055575641,0.091054882142,0.070434246850,-0.825710217353,0.048934415131,0.557536614802
1403715309012142848,1.527939784221,2.895678934318,0.099141021345,0.070778240913,-0.825036766381,0.051846571983,0.558226394670
1403715309062142976,1.517450070831,2.895270041943,0.093688439737,0.069290257473,-0.822971841341,0.057425602811,0.560908645611
1403715309112143104,1.503049443393,2.896866783470,0.099156919083,0.069570948163,-0.821734619994,0.062085530556,0.562189900630
1403715309162142976,1.489989044789,2.897483715179,0.106243556244,0.070080726918,-0.820600511363,0.066008134673,0.563335085559
1403715309212142848,1.475369311377,2.899286845134,0.108563981699,0.070051283598,-0.817200108563,0.071588795482,0.567584218062
1403715309262142976,1.460784767882,2.902200742086,0.113801852885,0.070214592475,-0.812259299411,0.077056401457,0.573905090165
1403715309312143104,1.446373494305,2.905846969370,0.121798584031,0.071635792636,-0.807925430024,0.080822699243,0.579303464535
1403715309362142976,1.431854624019,2.911301323549,0.129892776651,0.076044395158,-0.805907519957,0.080300426433,0.581620289155
1403715309412143104,1.419446148708,2.917266288415,0.135924066007,0.081285260717,-0.805655697941,0.077825398831,0.581596776179
1403715309462142976,1.403829301372,2.926137590566,0.138816954525,0.087402250193,-0.805474405013,0.074554367226,0.581389263624
1403715309512142848,1.391129889049,2.934556135982,0.136951586006,0.092464097174,-0.804763434169,0.071922678517,0.581922103097
1403715309562142976,1.379204904449,2.943353083753,0.140228364854,0.096909733025,-0.805196065000,0.069752732966,0.580863457963
1403715309612143104,1.365297372256,2.954354017316,0.142442307350,0.100417300046,-0.805167689064,0.069209413077,0.580371790734
1403715309662142976,1.355852712376,2.963585258780,0.145579223708,0.103072149732,-0.805099761318,0.068741511185,0.580056127383
1403715309712142848,1.343673436949,2.973692097102,0.150643068220,0.105009294893,-0.805745641404,0.069938402089,0.578667114374
1403715309762142976,1.332541235802,2.983215969158,0.156717908040,0.106054575570,-0.806884362307,0.071615418272,0.576681267887
1403715309812143104,1.325144351875,2.991256676236,0.158946325639,0.105602955513,-0.807868674433,0.074865344042,0.574970782665
1403715309862142976,1.310015263284,3.003538223754,0.157534826800,0.104286786604,-0.808779693399,0.080789397321,0.573125419926
1403715309912143104,1.303573790059,3.012668303886,0.159704138072,0.101623093435,-0.810444875083,0.086529347991,0.570407331009
1403715309962142976,1.295706840244,3.023123645472,0.159355712901,0.099306970942,-0.810185713480,0.091619449330,0.570388562035
1403715310012142848,1.287825674096,3.033893311796,0.163879187180,0.097890065104,-0.808531881715,0.095139427165,0.572400402518
1403715310062142976,1.280623588136,3.045736875393,0.166597237247,0.096185613116,-0.805304396382,0.097317895257,0.576855600874
1403715310112143104,1.269875099855,3.061572742957,0.168537310166,0.094245037845,-0.801976601584,0.098165188035,0.581648518618
1403715310162142976,1.263007252049,3.076665911116,0.170525583949,0.091950018334,-0.798202470207,0.095486109293,0.587622679631
1403715310212142848,1.254176062735,3.094574776274,0.175021371458,0.090038716492,-0.796170954634,0.090465897930,0.591456475019
1403715310262142976,1.246275276759,3.114709411144,0.176019259200,0.088828342025,-0.794108929700,0.082397816376,0.595576303491
1403715310312143104,1.241389222019,3.135384012108,0.177182839414,0.087657949763,-0.792385405565,0.071984201057,0.599382788950
1403715310362142976,1.237998976259,3.157135720660,0.178026460936,0.084165172804,-0.791928262212,0.063084436624,0.601486662407
1403715310412143104,1.233989416966,3.180256190379,0.181612590131,0.079448180006,-0.793052638330,0.054754844154,0.601462722513
1403715310462142976,1.232186311050,3.202993172524,0.182208669400,0.073449773509,-0.794125315296,0.046580521659,0.601498436722
1403715310512142848,1.234275038951,3.225187474087,0.183524345191,0.067934541714,-0.796878376023,0.039151955145,0.599029946060
1403715310562142976,1.233615371981,3.248067570719,0.185052530139,0.062950897107,-0.800110839360,0.032995906795,0.595626644322
1403715310612143104,1.236019578307,3.269999380869,0.187501079955,0.058533523756,-0.804109650648,0.027391973624,0.590957846308
1403715310662142976,1.239629201604,3.290442507446,0.190964133550,0.054610738375,-0.807984779268,0.022315669729,0.586242504950
1403715310712142848,1.244838384202,3.311507498795,0.191356751559,0.050622144774,-0.810956363060,0.019018595388,0.582602324662
1403715310762142976,1.250971192741,3.330930437155,0.195731840706,0.047316823674,-0.813633845485,0.016058203562,0.579226395960
1403715310812143104,1.256376865494,3.350002857350,0.202145722034,0.044482215555,-0.815645379797,0.014359759921,0.576660857186
1403715310862142976,1.256533010161,3.369548126729,0.207765270277,0.042540995483,-0.816482492281,0.013117117677,0.575651409037
1403715310912143104,1.261183805266,3.387377574167,0.208485595436,0.040226696700,-0.816288867241,0.012213380436,0.576112082350
1403715310962142976,1.264475620439,3.405060187004,0.204535521003,0.037046785041,-0.817022847127,0.013035384116,0.575266270307
1403715311012142848,1.266244776115,3.420187994298,0.206857980689,0.033230267863,-0.818750361586,0.014270258545,0.573009558752
1403715311062142976,1.268581998109,3.436061327939,0.211644725116,0.029156921087,-0.820399731909,0.016593224668,0.570805412317
1403715311112143104,1.269987605561,3.452227890712,0.212826957545,0.026045265677,-0.821461094967,0.018149813065,0.569380275279
1403715311162142976,1.273039875958,3.467447844724,0.211402456681,0.022376290940,-0.822333912136,0.020173020300,0.568207081800
1403715311212142848,1.272555018106,3.483947053130,0.211490539574,0.018886430649,-0.822538491629,0.022903641031,0.567934112158
1403715311262142976,1.268525784765,3.501821474030,0.216462937325,0.017632232564,-0.823076242956,0.023683248661,0.567162857026
1403715311312143104,1.267810633484,3.519025270975,0.216284562472,0.014956512882,-0.823500736395,0.025726455194,0.566534190833
1403715311362142976,1.266382063679,3.537039265680,0.219176970607,0.013195980627,-0.824412425432,0.026576926304,0.565211186970
1403715311412143104,1.264753943509,3.555721585875,0.223235559787,0.013004980457,-0.825424540961,0.024933392757,0.563811602920
1403715311462142976,1.261308782247,3.574847593938,0.229168921835,0.015223224591,-0.825784333059,0.020534270355,0.563406454035
1403715311512142848,1.252633738551,3.596840374792,0.229160269021,0.017728862734,-0.826069193485,0.016203944594,0.563056664271
1403715311562142976,1.247985040961,3.617161243174,0.227150771009,0.018806107989,-0.825946424342,0.012876286018,0.563287702402
1403715311612143104,1.241255928166,3.637631457565,0.228712918515,0.019752095701,-0.825196120386,0.010127922260,0.564409995310
1403715311662142976,1.228442112227,3.659964124645,0.229686318123,0.021040455038,-0.824304485997,0.008022418215,0.565698731149
1403715311712142848,1.222791368395,3.679760985080,0.226930758488,0.018902140195,-0.823916869675,0.008759452842,0.566327619798
1403715311762142976,1.213653143772,3.699194379937,0.233714554703,0.017649863875,-0.823885411025,0.008892520024,0.566411718534
1403715311812143104,1.199894209389,3.720170942640,0.234167055335,0.016211587866,-0.822742397228,0.009703948414,0.568100312979
1403715311862142976,1.189030131339,3.739801974788,0.238994294768,0.012904403905,-0.822311429278,0.011326289929,0.568778607891
1403715311912143104,1.176716953118,3.759016463702,0.246853391641,0.011575099763,-0.821346046897,0.010391145427,0.570218127043
1403715311962142976,1.160114618003,3.780415928013,0.250647363082,0.010855263943,-0.821766859973,0.008892221873,0.569651050632
1403715312012142848,1.146816038577,3.800278034597,0.259927520308,0.011298780268,-0.822542535875,0.004660359998,0.568572242802
1403715312062142976,1.131640824881,3.820955959975,0.260890163678,0.011938708447,-0.822584756560,0.000748624113,0.568516688477
1403715312112143104,1.117029703754,3.841171591660,0.261042604676,0.011520651587,-0.821723921775,-0.001829960018,0.569766375119
1403715312162142976,1.103055376266,3.860788892085,0.261762969968,0.011590437050,-0.820614138773,-0.005073474824,0.571342591505
1403715312212142848,1.089512702045,3.879599259684,0.264694682783,0.010791865197,-0.820493659951,-0.007370503954,0.571506225073
1403715312262142976,1.069807106479,3.900028990875,0.265368381951,0.009870450772,-0.820521130280,-0.007868391374,0.571476803889
1403715312312143104,1.056515460764,3.918453071910,0.266138449005,0.006816784296,-0.820406415375,-0.006754073689,0.571700295217
1403715312362142976,1.040604215129,3.937244665903,0.268594320436,0.004264736463,-0.820598252551,-0.005526355024,0.571462841604
1403715312412143104,1.021716256153,3.956066167875,0.273802574094,0.002411315751,-0.820413455885,-0.004496320709,0.571747960258
1403715312462142976,1.002142289718,3.974707333263,0.277231602122,0.000357669014,-0.819811301814,-0.003063490869,0.572625459191
1403715312512142848,0.986308427044,3.991987486439,0.278261973753,-0.001452231933,-0.818427286254,-0.002155625129,0.574604230247
1403715312562142976,0.962061957440,4.010007932156,0.281574167938,-0.000238866963,-0.816885866363,-0.003609467096,0.576787999204
1403715312612143104,0.943732514042,4.027430678680,0.283020929412,0.000846790862,-0.815149938738,-0.005612783007,0.579222200012
1403715312662142976,0.926937248586,4.044978571408,0.283069174230,0.002820128756,-0.812539230971,-0.008121036204,0.582843112490
1403715312712142848,0.905415396232,4.062770352875,0.281580089670,0.005012439926,-0.809811721005,-0.009519955026,0.586591188499
1403715312762142976,0.889510064327,4.079253311583,0.281984395020,0.007737761689,-0.807960082339,-0.011796792767,0.589068305099
1403715312812143104,0.871907555436,4.096767186605,0.279581395117,0.011543523997,-0.806016482565,-0.014064285206,0.591613364258
1403715312862142976,0.856367945162,4.113915083475,0.273513052764,0.014949052639,-0.803026992564,-0.014942478710,0.595567710147
1403715312912143104,0.841808743383,4.128669813073,0.274779687479,0.018339306740,-0.800484769983,-0.015360000408,0.598875507298
1403715312962142976,0.827088955025,4.142040732816,0.286340130170,0.022547900347,-0.798185018574,-0.016174888230,0.601772915065
1403715313012142848,0.817167219349,4.154870666960,0.289452565686,0.025331827267,-0.796136891166,-0.015649246663,0.604383529004
1403715313062142976,0.807053133677,4.167301146516,0.295180389729,0.028718058982,-0.795384148325,-0.015312084879,0.605231253107
1403715313112143104,0.800250924614,4.177896852671,0.304664747562,0.031579356967,-0.796273062052,-0.015103931365,0.603923692300
1403715313162142976,0.793861716649,4.186505349898,0.318747651751,0.034066420585,-0.796635237273,-0.014343043645,0.603329143024
1403715313212142848,0.784689605387,4.194570880238,0.326922176901,0.034852736981,-0.797624984066,-0.010859031518,0.602047965658
1403715313262142976,0.777814580539,4.199833293308,0.335414072548,0.034661158255,-0.799507925205,-0.006992678114,0.599613862494
1403715313312143104,0.773976509104,4.203793175251,0.347316060913,0.034516509361,-0.801614717973,-0.003793079814,0.596831690727
1403715313362142976,0.770564052325,4.207228527262,0.354647821593,0.034486932951,-0.803741911977,-0.001323351194,0.593976295090
1403715313412143104,0.770575116511,4.208991837364,0.368102220593,0.034833695598,-0.806164640620,-0.000686396288,0.590664638120
1403715313462142976,0.773542797412,4.210606136717,0.375646534261,0.033192216893,-0.807969944881,-0.000296739165,0.588287988023
1403715313512142848,0.779733557003,4.212949948494,0.385647384466,0.031176254589,-0.808303346247,-0.002645896119,0.587934299755
1403715313562142976,0.782070746214,4.216280716669,0.391892908996,0.028528576089,-0.809210641287,-0.005127787013,0.586803173282
1403715313612143104,0.782953527633,4.219197255965,0.403743911467,0.027013429509,-0.810288130517,-0.009583243711,0.585330318375
1403715313662142976,0.783582421950,4.222922624834,0.408318650857,0.025491603003,-0.810225401669,-0.013328388857,0.585412103323
1403715313712142848,0.786597889273,4.225208535509,0.417367444725,0.023990066487,-0.810272036237,-0.016565644248,0.585328355228
1403715313762142976,0.788657437527,4.226789809185,0.424487656965,0.021429791674,-0.810495152400,-0.017547159937,0.585090137622
1403715313812143104,0.791106260813,4.227347156367,0.433991758766,0.019131238618,-0.810597494459,-0.018429553128,0.585000896800
1403715313862142976,0.793891122565,4.228132455822,0.442433782373,0.017008275987,-0.810796823451,-0.019067165207,0.584769760540
1403715313912143104,0.800680758985,4.227055906457,0.453107854521,0.013922344716,-0.810865507328,-0.018228634307,0.584782877857
1403715313962142976,0.806014222750,4.225332055556,0.464609375438,0.010912714489,-0.810378704650,-0.016152747027,0.585582066388
1403715314012142848,0.811609499158,4.223875587196,0.473580721247,0.007563027793,-0.811313554510,-0.015081909624,0.584367737714
1403715314062142976,0.818540996199,4.221249976170,0.482741229485,0.004422689500,-0.812000273862,-0.017876248231,0.583366466996
1403715314112143104,0.823675994977,4.220329643992,0.487440099452,0.000848741154,-0.812242795789,-0.023670710742,0.582838414812
1403715314162142976,0.832865198085,4.219582223911,0.494895740518,-0.005113913845,-0.812398638014,-0.031098280836,0.582250116160
1403715314212142848,0.839949895970,4.218960746665,0.500848291472,-0.011932925136,-0.813127114037,-0.039723500464,0.580606532194
1403715314262142976,0.840800163896,4.219162152818,0.502011129897,-0.019420414686,-0.812746721820,-0.047708957989,0.580335652009
1403715314312143104,0.844755193250,4.217771155007,0.502571528885,-0.028627175819,-0.813365025136,-0.055126412922,0.578427955141
1403715314362142976,0.846405310836,4.213399907450,0.511100119859,-0.037078276665,-0.813561984579,-0.063371282283,0.576824218657
1403715314412143104,0.846046833949,4.208386218058,0.514643925429,-0.046450315953,-0.813571320821,-0.068288625902,0.575569924213
1403715314462142976,0.848281791867,4.202197249929,0.516902120617,-0.054169570023,-0.813958638821,-0.073401321141,0.573715293528
1403715314512142848,0.849719704549,4.194757975581,0.516172086779,-0.061780877434,-0.813783172010,-0.076666568119,0.572767238475
1403715314562142976,0.851444487346,4.186419011828,0.514011063459,-0.069738489083,-0.814608148875,-0.077564678827,0.570555718160
1403715314612143104,0.850707721320,4.175392658795,0.515517317436,-0.076605050907,-0.814471117913,-0.078281673883,0.569772273628
1403715314662142976,0.852044440280,4.164180746196,0.518121203901,-0.081486034642,-0.813608703959,-0.079737505389,0.570125278544
1403715314712142848,0.860616325487,4.155458321608,0.515820245773,-0.085586157405,-0.812849407639,-0.080597483939,0.570486543000
1403715314762142976,0.868558091025,4.146193157678,0.515242902361,-0.088081641654,-0.812055773427,-0.082413162837,0.570977333910
1403715314812143104,0.873677717706,4.137010343829,0.517435804291,-0.089280253333,-0.809852772942,-0.083920436428,0.573694067316
1403715314862142976,0.872712059700,4.126513816422,0.515639951925,-0.089995156049,-0.809535640412,-0.085459285545,0.573802779101
1403715314912143104,0.866825716736,4.113890006522,0.514569966138,-0.090684034803,-0.808661106264,-0.086020745225,0.574842632760
1403715314962142976,0.860382393740,4.099152804839,0.507980753854,-0.092396537308,-0.807706839509,-0.084954094088,0.576068870190
1403715315012142848,0.852961347498,4.082257794476,0.508120786400,-0.093391097722,-0.807218821402,-0.083984106906,0.576734381694
1403715315062142976,0.838117474672,4.065081699724,0.510054335157,-0.094111552782,-0.805274426444,-0.082185156339,0.579587537673
1403715315112143104,0.831207634026,4.045444171875,0.513243400606,-0.094890507464,-0.805542343699,-0.081945271874,0.579122004864
1403715315162142976,0.826187951514,4.027008731115,0.513099100614,-0.095583963737,-0.805579140583,-0.081024502371,0.579086335662
1403715315212142848,0.823608878530,4.008377000825,0.513842353318,-0.096159051645,-0.806403806419,-0.080444810762,0.577922979472
1403715315262142976,0.822500226832,3.990032233919,0.514604627142,-0.096759411538,-0.806467763619,-0.080653659433,0.577704379196
1403715315312143104,0.823096301148,3.971388787665,0.520342693692,-0.098416025545,-0.806738937739,-0.082599366473,0.576770246207
1403715315362142976,0.824507521672,3.954193833162,0.519120096883,-0.101983747573,-0.806200472699,-0.084982568785,0.576557088287
1403715315412143104,0.822784125498,3.937889968983,0.520415141265,-0.106211520963,-0.805499550182,-0.087267097337,0.576432165301
1403715315462142976,0.825644552278,3.922127616798,0.517948591853,-0.112430966763,-0.804687874952,-0.089549008723,0.576036176515
1403715315512142848,0.830117813661,3.907056984149,0.515978842417,-0.118975540651,-0.803346571177,-0.092317724425,0.576156701829
1403715315562142976,0.830703842251,3.891755927755,0.516753621801,-0.125398672324,-0.801885198719,-0.094906921422,0.576409556930
1403715315612143104,0.827259411125,3.877061253605,0.519433959547,-0.131744994738,-0.800405951324,-0.097837326273,0.576559994307
1403715315662142976,0.828928397314,3.862314900091,0.521071923950,-0.138797988112,-0.798836430551,-0.101356105085,0.576474124036
1403715315712142848,0.830362406440,3.848105723877,0.518279311991,-0.148807879868,-0.796220873594,-0.101873727652,0.577503488264
1403715315762142976,0.829403328232,3.832305934973,0.522002619804,-0.159466420659,-0.793496566008,-0.102601079254,0.578279066673
1403715315812143104,0.832152023786,3.817908175898,0.524990493022,-0.170455853811,-0.791228641301,-0.103855112153,0.578027814873
1403715315862142976,0.833447954286,3.805022844946,0.527451096246,-0.180373725471,-0.789163162297,-0.107098133351,0.577249350165
1403715315912143104,0.837051189640,3.792716313209,0.526495325386,-0.189719294166,-0.787327129588,-0.112302519276,0.575769680167
1403715315962142976,0.841735240761,3.781728055240,0.526016987267,-0.198314446558,-0.785661364079,-0.119258586056,0.573746451782
1403715316012142848,0.847336583693,3.772386200402,0.528714801984,-0.206553031005,-0.784829588796,-0.126778036417,0.570355758641
1403715316062142976,0.855559104972,3.764588274327,0.529484129428,-0.213907770234,-0.783166737188,-0.135392337717,0.567945633388
1403715316112143104,0.861574788209,3.758155458133,0.526117370974,-0.220542598359,-0.781698832330,-0.144751672655,0.565114900800
1403715316162142976,0.867390069477,3.751542386414,0.519994675362,-0.227648735392,-0.779734085887,-0.154395755063,0.562452450790
1403715316212142848,0.871645586032,3.744282617640,0.512149814984,-0.235565882512,-0.778601436598,-0.164032903754,0.558015881862
1403715316262142976,0.874165102388,3.737689136800,0.511861086422,-0.243001276782,-0.779882139834,-0.174964328614,0.549655993474
1403715316312143104,0.879681290700,3.732720177105,0.509006463958,-0.251583836495,-0.781115573362,-0.183940557158,0.541045197464
1403715316362142976,0.889566370384,3.726996800325,0.510362345033,-0.258800442963,-0.782890463235,-0.193230533880,0.531758228967
1403715316412143104,0.894199774200,3.723105266160,0.507213594171,-0.265278562840,-0.783899877642,-0.200398353394,0.524374642682
1403715316462142976,0.896298663554,3.719467025188,0.502730411030,-0.271377367234,-0.784136601723,-0.206089850361,0.518662788302
1403715316512142848,0.901827972052,3.713253860289,0.499179836973,-0.278250637744,-0.782686907679,-0.209959416883,0.515649910700
1403715316562142976,0.898443981182,3.708732211700,0.496484389000,-0.283176381095,-0.780037055226,-0.212871107488,0.515789900309
1403715316612143104,0.898386397184,3.703980296150,0.490907046552,-0.288461120028,-0.776773004278,-0.214302169548,0.517192867492
1403715316662142976,0.893992102783,3.699524838671,0.490767230040,-0.291417959796,-0.773159137827,-0.216571649371,0.519997347101
1403715316712142848,0.884235655412,3.692935830233,0.477500878321,-0.296006132294,-0.769422547269,-0.217619740423,0.522504509049
1403715316762142976,0.875358581643,3.685970426745,0.474123404969,-0.299900990122,-0.765717848967,-0.220849301323,0.524367388386
1403715316812143104,0.867001376079,3.679305242661,0.462569168057,-0.305250578771,-0.762492346733,-0.223926439233,0.524675571325
1403715316862142976,0.855636577772,3.673590376205,0.448913346007,-0.311219217033,-0.758493439740,-0.227142380041,0.525582191489
1403715316912143104,0.845757759777,3.665586055042,0.441676283092,-0.318173738590,-0.753721992340,-0.231881082574,0.526212688824
1403715316962142976,0.831973487560,3.657171657090,0.429303933999,-0.324936096575,-0.748704904094,-0.238172118376,0.526432846389
1403715317012142848,0.814015224070,3.648550540074,0.420036123835,-0.333175232045,-0.741910210794,-0.243982565777,0.528238593316
1403715317062142976,0.804691830963,3.639183285174,0.405654544214,-0.344010737010,-0.736723337134,-0.248802139039,0.526301085837
1403715317112143104,0.792221595776,3.630055222232,0.397903974301,-0.354307813355,-0.732433236010,-0.254209737878,0.522862254663
1403715317162142976,0.780476495836,3.620255923667,0.390916368825,-0.365367862350,-0.728151457736,-0.259959899194,0.518384635739
1403715317212142848,0.770445131779,3.610587069306,0.382301852163,-0.376907809160,-0.724225676853,-0.265795704220,0.512630779410
1403715317262142976,0.756557771495,3.600962900942,0.378315269549,-0.386861686312,-0.719943921418,-0.273598124900,0.507112267381
1403715317312143104,0.742794285156,3.590880214592,0.371251010655,-0.397814817823,-0.714764396954,-0.281082748059,0.501844314814
1403715317362142976,0.726732217977,3.581237856195,0.362600442595,0.409406260444,0.709217586608,0.287113944709,-0.496953228693
1403715317412143104,0.710832891615,3.569993830251,0.356711310844,0.421601429139,0.701354117055,0.292591413738,-0.494716991869
1403715317462142976,0.700243950348,3.559993283306,0.344989172711,0.434183345551,0.695371410481,0.297818964998,-0.489129111810
1403715317512142848,0.686452895318,3.549750787182,0.341547862148,0.445312337300,0.688357150763,0.303789214435,-0.485359112858
1403715317562142976,0.670269918924,3.541076478778,0.334787100936,0.455572046842,0.681788259363,0.310244723013,-0.481006331947
1403715317612143104,0.659464445890,3.532028099376,0.330977614495,0.465697602677,0.674262453727,0.316610321278,-0.477759134728
1403715317662142976,0.649114291165,3.523312249776,0.324504054827,0.476226204072,0.666614351724,0.321905181899,-0.474563970922
1403715317712142848,0.635942504667,3.514916108517,0.321972357814,0.485778068428,0.659532350753,0.327578356459,-0.470881266270
1403715317762142976,0.624473074263,3.506123966229,0.318792966728,0.496384432154,0.651359309759,0.331637356451,-0.468348384124
1403715317812143104,0.618108818045,3.497132320727,0.306859958843,0.508771534343,0.642239774577,0.332574874318,-0.466983458771
1403715317862142976,0.602447588928,3.489085320110,0.299100820426,0.520378340068,0.633464696283,0.333475123571,-0.465535394692
1403715317912143104,0.593599892661,3.480522453306,0.294195443126,0.529846839072,0.625462122969,0.337607419541,-0.462688545490
1403715317962142976,0.586705018435,3.472464338309,0.285810134231,0.539076295258,0.617897996453,0.341991979854,-0.458955661896
1403715318012142848,0.578586044629,3.465269385088,0.280843037909,0.547487066242,0.611584164607,0.345471898296,-0.454831715458
1403715318062142976,0.573077818417,3.457142467736,0.287300854488,0.553512661022,0.604632889953,0.350523515296,-0.452963649425
1403715318112143104,0.564603025205,3.450855157418,0.288019363309,0.559198381935,0.598341107253,0.353006372178,-0.452406443603
1403715318162142976,0.560161289215,3.445903951254,0.280118239670,0.563832069707,0.594011724447,0.355993717831,-0.450013267864
1403715318212142848,0.558023466304,3.440396555443,0.271617928134,0.567213957486,0.591442701941,0.359090477323,-0.446674250265
1403715318262142976,0.557924910401,3.435599322665,0.260575228047,0.570122956796,0.589173939994,0.361161731467,-0.444292793426
1403715318312143104,0.565646720965,3.431797099301,0.242563901396,0.572769493204,0.588103206299,0.363512387208,-0.440373104016
1403715318362142976,0.573388646479,3.426753251097,0.229173895809,0.575502757382,0.585793845340,0.366550148104,-0.437359275576
1403715318412143104,0.579011289274,3.421464490625,0.221438320701,0.577173254425,0.584761104486,0.370816982508,-0.432920605354
1403715318462142976,0.585828955862,3.416340439128,0.216993441496,0.578371414996,0.584534269166,0.377032473854,-0.426207353463
1403715318512142848,0.590899206040,3.411921792150,0.214200238339,0.579801736671,0.584282669545,0.382891382216,-0.419330296601
1403715318562142976,0.591378470406,3.410512547984,0.213463264129,0.582686830099,0.583863861259,0.387062912031,-0.412021057320
1403715318612143104,0.600426486719,3.408034546663,0.211260934134,0.587343313534,0.582783959508,0.389827075382,-0.404259248363
1403715318662142976,0.609193102562,3.406772948750,0.205972040542,0.594175060466,0.581963036406,0.390386100605,-0.394808452585
1403715318712142848,0.613198950199,3.407375272460,0.203943921894,0.601796269442,0.580516967210,0.389551266225,-0.386123182223
1403715318762142976,0.617671370043,3.410328134688,0.200894216711,0.609038328043,0.577240652615,0.389391912050,-0.379788734394
1403715318812143104,0.628843958632,3.414827899525,0.190870741126,0.616542462847,0.573939201305,0.390203547808,-0.371766561152
1403715318862142976,0.639140729245,3.420358957140,0.188864622474,0.622080225702,0.568625686828,0.393943161538,-0.366728518862
1403715318912143104,0.648224780231,3.428480671471,0.190202899761,0.626040594919,0.563285954746,0.398617304858,-0.363161604479
1403715318962142976,0.657684652699,3.439160575083,0.184080431988,0.629607464329,0.558217008785,0.403502745588,-0.359407493338
1403715319012142848,0.662358382457,3.452090792787,0.181430238026,0.633429997277,0.552011962377,0.407875229943,-0.357333218079
1403715319062142976,0.669272622183,3.465694195529,0.184727373659,0.636136687588,0.545319474008,0.414523270985,-0.355143976133
1403715319112143104,0.673447109231,3.481867651536,0.183909700175,0.637766757158,0.539286417751,0.423032403656,-0.351379152130
1403715319162142976,0.678449023690,3.499709934230,0.187847247275,0.640042480595,0.532774617261,0.431003048238,-0.347466836758
1403715319212142848,0.684217318191,3.519504065492,0.180838594868,0.643598235922,0.526565354699,0.436817626447,-0.343075209208
1403715319262142976,0.688885421221,3.539163035780,0.173883267035,0.648388861998,0.520153907696,0.441376667336,-0.337962177585
1403715319312143104,0.697235786882,3.557539875471,0.176422576242,0.652157030161,0.513211027686,0.447769625204,-0.332878373912
1403715319362142976,0.697050520533,3.578089663305,0.176638690971,0.655658579709,0.506696253020,0.453807894607,-0.327763830864
1403715319412143104,0.697829684026,3.600325250602,0.171395624801,0.659968844616,0.499505334054,0.458744789267,-0.323247217636
1403715319462142976,0.701494503335,3.622535983564,0.160599684791,0.665509931575,0.491026448879,0.462073858021,-0.320120769727
1403715319512142848,0.698971821369,3.645788126110,0.153934198105,0.670590397325,0.482486094565,0.465505958192,-0.317521480305
1403715319562142976,0.698526180610,3.668869883234,0.152352903394,0.675224087623,0.474259541845,0.469802843914,-0.313744492083
1403715319612143104,0.695632049546,3.693725485633,0.146587156949,0.679899672124,0.466523415206,0.472685894425,-0.310902531545
1403715319662142976,0.691674237964,3.719259447266,0.140383016241,0.683240771392,0.461750612825,0.475499487314,-0.306379923342
1403715319712142848,0.687050435767,3.744016465635,0.149436718573,0.685552239928,0.456410235185,0.477595655808,-0.305957861643
1403715319762142976,0.684046724110,3.770470103040,0.150659972764,0.687851056857,0.454608058049,0.478065193393,-0.302731081992
1403715319812143104,0.684772676257,3.796105709150,0.164743816342,0.689365151014,0.451886823777,0.478444383196,-0.302762215694
1403715319862142976,0.686352969932,3.821802876280,0.173330607979,0.691199197048,0.449832293432,0.478487116763,-0.301570318297
1403715319912143104,0.679395498514,3.849004717069,0.188898399586,0.692776642464,0.447937375286,0.478129035179,-0.301339106651
1403715319962142976,0.674267720732,3.876679575715,0.200258348907,0.694156093317,0.446275446434,0.478664451802,-0.299776394338
1403715320012142848,0.666591783174,3.904548129321,0.221945887991,0.694932650362,0.443165817825,0.480950972159,-0.298929476217
1403715320062142976,0.659911408627,3.933787011469,0.234389781484,0.696910693691,0.440089843504,0.482813429603,-0.295850649585
1403715320112143104,0.651700174911,3.962733870605,0.248168824216,0.698355990176,0.435896972099,0.486325231294,-0.292883099730
1403715320162142976,0.647196313318,3.991145409979,0.256596626964,0.701319164464,0.430583058404,0.489628791733,-0.288120297230
1403715320212142848,0.637212930691,4.020719059320,0.269522200144,0.703769224038,0.423091028374,0.494875652223,-0.284255078835
1403715320262142976,0.624455880498,4.052616370517,0.287441884780,0.706022202769,0.413325924666,0.501996489085,-0.280524248759
1403715320312143104,0.614675752315,4.082973654122,0.300730982281,0.709530491482,0.400175883627,0.508735797465,-0.278592232839
1403715320362142976,0.606443823539,4.111858234027,0.310827566831,0.714495116468,0.385851929231,0.514109320353,-0.276236536284
1403715320412143104,0.594794225320,4.140804687697,0.320234172762,0.720865034782,0.370909461128,0.518166110956,-0.272550279272
1403715320462142976,0.579246654512,4.167949113486,0.323882795881,0.727964872060,0.355826532806,0.521220256192,-0.267925489892
1403715320512142848,0.568012107835,4.193318423869,0.334515018481,0.735857925397,0.340540544827,0.523340657583,-0.262030164447
1403715320562142976,0.556686208933,4.217639692433,0.343119637392,0.743378474313,0.325286398251,0.525311626194,-0.256173570899
1403715320612143104,0.541295640891,4.240799769968,0.356780503745,0.750170555826,0.309636660562,0.527281158832,-0.251682051700
1403715320662142976,0.523233886420,4.263066237570,0.364995774208,0.756824203370,0.293931269939,0.528672267418,-0.247643226049
1403715320712142848,0.509902969153,4.284027337008,0.371785117216,0.762951940762,0.278388522775,0.529828039127,-0.244308033902
1403715320762142976,0.491843063086,4.303661068230,0.380482523959,0.767685593396,0.263443509878,0.530878030794,-0.243772154307
1403715320812143104,0.478709041061,4.319837809898,0.390039429174,0.771209245772,0.250691412347,0.531947728173,-0.243765726679
1403715320862142976,0.451536824158,4.338483030024,0.387992045511,0.775633509698,0.242355428804,0.529951931163,-0.242502485390
1403715320912143104,0.443376083942,4.352115347937,0.399920014050,0.780532417986,0.233444514344,0.527549665685,-0.240757457685
1403715320962142976,0.431868698804,4.364093920417,0.406630359367,0.784649843762,0.227741312378,0.525491983052,-0.237311384195
1403715321012142848,0.418702839551,4.373603493450,0.418188743322,0.787784524919,0.224084469193,0.524220427587,-0.233183696396
1403715321062142976,0.409217485243,4.380964447640,0.420898416729,0.789384531366,0.222532247297,0.524887650502,-0.227693686571
1403715321112143104,0.403479027496,4.386035204371,0.426420538684,0.790863683704,0.221384075446,0.525197091879,-0.222916440890
1403715321162142976,0.401073417969,4.388551573736,0.432492325711,0.792250875928,0.220625030497,0.525051519232,-0.219052613912
1403715321212142848,0.390426121990,4.389414581195,0.443890783800,0.793113044339,0.221037430747,0.524696464255,-0.216351042305
1403715321262142976,0.388739034262,4.388585305872,0.443367460781,0.794407992928,0.220793529865,0.523706451869,-0.214237508883
1403715321312143104,0.386939211612,4.386502074955,0.440830905068,0.795265780771,0.220724127159,0.522822339952,-0.213283844846
1403715321362142976,0.385117629060,4.382334360315,0.451064763682,0.794727699471,0.220467887539,0.523692122631,-0.213420605734
1403715321412143104,0.384765371364,4.378759879644,0.450299590360,0.794180077218,0.220423755253,0.524411081661,-0.213739071069
1403715321462142976,0.380487272390,4.373940067245,0.448246704148,0.793593923371,0.221488542507,0.524654505129,-0.214217554309
1403715321512142848,0.383193350930,4.365779201436,0.457649968775,0.792797984641,0.222761331854,0.525144247179,-0.214644506650
1403715321562142976,0.389158590394,4.357294087585,0.465347691950,0.792707434610,0.224374431206,0.524447492523,-0.215002012364
1403715321612143104,0.394219920561,4.347153845595,0.473077421999,0.791904103140,0.227683199806,0.524553088142,-0.214224904426
1403715321662142976,0.404808544640,4.334678271471,0.484979270645,0.790126440858,0.229294970159,0.527085258097,-0.212850075907
1403715321712142848,0.419116361404,4.320972461758,0.489911413868,0.787941381709,0.228177841251,0.530905940339,-0.212654965294
1403715321762142976,0.428622032116,4.306461413766,0.486807947883,0.786930989006,0.227252697465,0.533252722294,-0.211512089972
1403715321812143104,0.439903963870,4.287207876542,0.502920761929,0.784920440480,0.221552318896,0.537170501038,-0.215086784633
1403715321862142976,0.451014511740,4.267955881942,0.509614903058,0.782443386204,0.215355909125,0.541668520647,-0.219087638928
1403715321912143104,0.465490255300,4.248306415046,0.508724435221,0.781618152855,0.210776740319,0.544517025940,-0.219425243147
1403715321962142976,0.474803199245,4.224564381720,0.517988823693,0.781388887262,0.206514472513,0.546659025798,-0.218968237468
1403715322012142848,0.489165185386,4.199774758281,0.517435686836,0.784145031673,0.203234147796,0.545707489824,-0.214512904093
1403715322062142976,0.507187496120,4.169627861187,0.510754374578,0.788664994094,0.199603829134,0.541919868939,-0.210923431926
1403715322112143104,0.513826680635,4.140438650311,0.504484907807,0.791218207122,0.200619566637,0.540521878180,-0.203866714816
1403715322162142976,0.530646275657,4.108231839930,0.510487489274,0.793159413301,0.202665004769,0.540539711594,-0.194015105402
1403715322212142848,0.550084002050,4.073507849829,0.521887869879,0.794544696284,0.204408045827,0.541216178907,-0.184393937257
1403715322262142976,0.564317707791,4.040016402017,0.527233539034,0.796299352899,0.205212138434,0.541409025836,-0.175133051006
1403715322312143104,0.583685347829,4.005778367034,0.536113010382,0.798994043447,0.204202157546,0.540877727367,-0.165412458505
1403715322362142976,0.597715405301,3.973202071877,0.542312187879,0.801331592232,0.202228285785,0.541033769873,-0.155736506884
1403715322412143104,0.608852662990,3.940072981307,0.546771543024,0.803946934805,0.198807124487,0.540858643955,-0.147027142150
1403715322462142976,0.626242589940,3.906748068528,0.540253042949,0.807171730056,0.194041012022,0.540228195393,-0.137751155185
1403715322512142848,0.643362236940,3.872863495751,0.539027866212,0.809956272578,0.188720612114,0.539644464665,-0.130916839372
1403715322562142976,0.660719993336,3.840130713134,0.528868145078,0.812873694263,0.183976360832,0.538117520319,-0.125771976833
1403715322612143104,0.675557369248,3.811391142226,0.517917698511,0.814749812238,0.181040700982,0.537506550236,-0.120389852148
1403715322662142976,0.692141762965,3.782370156341,0.508370605004,0.815926456300,0.178365844212,0.537420681112,-0.116741830731
1403715322712142848,0.714431043569,3.755710235714,0.491939291698,0.816866019647,0.176113053430,0.537503912503,-0.113153181138
1403715322762142976,0.738225109204,3.728906297606,0.484526035034,0.816805066810,0.173551376298,0.538766150899,-0.111536708143
1403715322812143104,0.761365088136,3.705103487606,0.472652215294,0.817510726286,0.172505733137,0.538459317207,-0.109451122218
1403715322862142976,0.785026146090,3.683229227432,0.461271622777,0.818222137448,0.172637245925,0.537854466850,-0.106871360047
1403715322912143104,0.810199742326,3.662365644945,0.457864028523,0.817484488687,0.172934603064,0.539368698388,-0.104375001885
1403715322962142976,0.836552171427,3.642007214309,0.454620890474,0.817122774402,0.173388678526,0.539989152320,-0.103239784430
1403715323012142848,0.864045218325,3.623826501724,0.454728510612,0.816359616073,0.173906877436,0.541226997678,-0.101915220704
1403715323062142976,0.896137017622,3.607101942481,0.455445950319,0.816570112106,0.173750590283,0.541174628712,-0.100767086043
1403715323112143104,0.918765122864,3.594432892099,0.460467136608,0.816289186460,0.175052337984,0.541254407645,-0.100360894975
1403715323162142976,0.946623594472,3.582637249646,0.460180745265,0.816232391272,0.176489472216,0.541133419282,-0.098948330814
1403715323212142848,0.972493980138,3.570885471925,0.466962204914,0.814770617662,0.177858804419,0.543012253419,-0.098248556848
1403715323262142976,1.001277427007,3.560692850607,0.463520482601,0.813684802749,0.179083687287,0.544355577602,-0.097586268794
1403715323312143104,1.034770167194,3.551046925427,0.457713180661,0.813753775833,0.179416613071,0.544186478417,-0.097342426413
1403715323362142976,1.065187566311,3.544239032734,0.448190089191,0.813470061799,0.179359154964,0.544541032638,-0.097835657415
1403715323412143104,1.095726601890,3.538883864259,0.444228944276,0.813222917541,0.179411080311,0.544841969608,-0.098119207098
1403715323462142976,1.127275707157,3.535925884723,0.438157786928,0.813761195262,0.179610450660,0.544015350071,-0.097877995418
1403715323512142848,1.155902830992,3.535929366042,0.442222287366,0.813783417246,0.179505783466,0.543915396039,-0.098439146024
1403715323562142976,1.189302526271,3.536166468810,0.448713618112,0.814056490508,0.178991282411,0.543645001491,-0.098611680017
1403715323612143104,1.221611445258,3.539005335436,0.454033889597,0.810320424056,0.177723776159,0.549314025138,-0.100245556169
1403715323662142976,1.254869540616,3.542674893981,0.465270193480,0.804327526354,0.175296842029,0.558227096214,-0.103492785142
1403715323712142848,1.283331962521,3.548867427437,0.476033830877,0.797920109019,0.173596499100,0.567385912854,-0.106117769572
1403715323762142976,1.313220320796,3.555595375353,0.481857547819,0.790426100570,0.172015479643,0.577939415986,-0.107811343328
1403715323812143104,1.343348748186,3.563802157523,0.489240794838,0.784839043724,0.169685780847,0.585687996096,-0.110471636419
1403715323862142976,1.369234696423,3.574548847250,0.490672306202,0.780024342932,0.168462504742,0.592120925117,-0.112139283783
1403715323912143104,1.390433423705,3.584972329821,0.505353096221,0.773732643659,0.167249233335,0.600270481496,-0.114196493509
1403715323962142976,1.411678735502,3.595046601275,0.516787284786,0.766686129324,0.165495925099,0.609181516896,-0.117052797277
1403715324012142848,1.431132283874,3.605989122965,0.516328391738,0.762118881012,0.164324365472,0.614776531592,-0.119256573493
1403715324062142976,1.452190442075,3.611335770796,0.525474944478,0.759932113381,0.163092403951,0.617373828902,-0.121464423648
1403715324112143104,1.466841408726,3.618557527837,0.530283419509,0.762265842598,0.162132972444,0.614285456884,-0.123762118258
1403715324162142976,1.478403385753,3.624456065242,0.539997933947,0.766389676691,0.160890993780,0.609048975978,-0.125778759900
1403715324212142848,1.475469644797,3.635591325012,0.544620375907,0.769512546838,0.161027990813,0.604618784275,-0.127892736834
1403715324262142976,1.476556350634,3.642936924851,0.549772315431,0.773085271399,0.159585250391,0.599735412666,-0.131107382696
1403715324312143104,1.479114327148,3.647268862081,0.555507643704,0.776449226527,0.156947550353,0.595095845312,-0.135480625759
1403715324362142976,1.472902563362,3.653844760004,0.560466028060,0.780904553402,0.153571583514,0.588564251079,-0.142112524310
1403715324412143104,1.471350894243,3.658466005923,0.556317442336,0.787802536376,0.151842126422,0.578932794440,-0.145423353851
1403715324462142976,1.461988367092,3.662549795641,0.562132058143,0.794667430698,0.150951714052,0.568983086517,-0.148241363557
1403715324512142848,1.454830775599,3.663415392261,0.571128664306,0.800636445806,0.150040780514,0.560359421585,-0.149887839635
1403715324562142976,1.450941555030,3.662514470001,0.575320309221,0.805734485680,0.150194698658,0.553170795087,-0.149115936585
1403715324612143104,1.446437823524,3.659946011145,0.588154556017,0.808363149309,0.150241504845,0.549511588527,-0.148369549223
1403715324662142976,1.439991105330,3.658276375265,0.592368253609,0.809771781221,0.151547936534,0.547610524999,-0.146374855012
1403715324712142848,1.435176871450,3.654929575645,0.599043918625,0.809936899901,0.152552956784,0.547498140324,-0.144829554638
1403715324762142976,1.432662154492,3.650521402758,0.606114088547,0.809393801319,0.154410894192,0.548523177141,-0.141990402074
1403715324812143104,1.432019744461,3.645639887604,0.613508628358,0.807994298922,0.157998213771,0.550927057007,-0.136605838868
1403715324862142976,1.429536584594,3.640880772006,0.624597037561,0.805405088081,0.162216239717,0.554821202869,-0.131080008056
1403715324912143104,1.428624396094,3.636669749767,0.629715905076,0.802588314799,0.166018380202,0.558789781904,-0.126664414984
1403715324962142976,1.423929315330,3.632382298894,0.640242714182,0.798870214019,0.168099070313,0.563685158364,-0.125730370050
1403715325012142848,1.424491629318,3.626807749536,0.645558867451,0.795615744292,0.169062721032,0.568087341095,-0.125260355582
1403715325062142976,1.419724597433,3.621667905228,0.659824763077,0.792434444147,0.168971236352,0.572146383075,-0.127062541095
1403715325112143104,1.415432625590,3.617657427555,0.665017230985,0.789761468714,0.168590297865,0.575461162451,-0.129223003027
1403715325162142976,1.411281858667,3.614999669651,0.660817974293,0.788688613075,0.169282781524,0.576646496644,-0.129585606429
1403715325212142848,1.406683065279,3.610886006812,0.661830063325,0.787235610057,0.169504187738,0.578367765545,-0.130457473438
1403715325262142976,1.403027324676,3.606361013515,0.662061613930,0.787409984211,0.169679202971,0.577864096237,-0.131406130466
1403715325312143104,1.396914396906,3.601973842736,0.661118906770,0.788652230913,0.169741028115,0.575894950205,-0.132516596614
1403715325362142976,1.388560857809,3.597328184972,0.662363554935,0.790536678013,0.170149774258,0.573070125795,-0.133009195008
1403715325412143104,1.380674246417,3.592852518207,0.661050941209,0.793714404344,0.169908383020,0.568344039595,-0.134661198465
1403715325462142976,1.368845151822,3.588838601341,0.661240830309,0.796848666469,0.169801560848,0.563676753724,-0.135897571690
1403715325512142848,1.361529240793,3.582355544444,0.661243546212,0.799922495472,0.168797710324,0.559278120466,-0.137256395826
1403715325562142976,1.350218890693,3.576320124822,0.665900143708,0.801918762195,0.166786777928,0.556186843410,-0.140586858439
1403715325612143104,1.340564594675,3.570526848636,0.666722270989,0.803230450339,0.163147348404,0.554103687077,-0.145509072997
1403715325662142976,1.330551931497,3.564588226154,0.663438292783,0.804608845616,0.159686388620,0.551793540581,-0.150428559184
1403715325712142848,1.322765077547,3.556718540723,0.662517399034,0.806001785146,0.156891158767,0.549567242213,-0.154019910819
1403715325762142976,1.315150712959,3.548745581865,0.659723373108,0.807685177623,0.155240664403,0.547051842896,-0.155818070672
1403715325812143104,1.306891940559,3.540232126752,0.653683602583,0.809116001327,0.155404941542,0.545040758532,-0.155277725640
1403715325862142976,1.301907963788,3.528825784788,0.653150096573,0.809921699694,0.155456088625,0.544119078330,-0.154255221864
1403715325912143104,1.296133753527,3.515579118593,0.657299149371,0.810234637679,0.155655288767,0.543750463548,-0.153709779700
1403715325962142976,1.296971409004,3.501599123181,0.654489900720,0.810782614040,0.156341572550,0.543526933087,-0.150888496819
1403715326012142848,1.295675942861,3.487786435645,0.651894656440,0.810861871333,0.157486587795,0.543890428260,-0.147933100858
1403715326062142976,1.296470966421,3.474448626622,0.640455190681,0.810157889114,0.160191809340,0.545724655143,-0.142011899841
1403715326112143104,1.297675550793,3.459547293151,0.639829711496,0.809221176038,0.162605581114,0.547713374903,-0.136859680674
1403715326162142976,1.298341343848,3.444442535144,0.642664042837,0.807632814050,0.165223548726,0.550538470320,-0.131673115380
1403715326212142848,1.302415176360,3.427542965311,0.644238261380,0.806459899264,0.166647586138,0.552836979489,-0.127366742216
1403715326262142976,1.307952086817,3.410838119345,0.644146749746,0.804964137933,0.167634335252,0.555594776237,-0.123474332978
1403715326312143104,1.312443746309,3.395884141357,0.637781485081,0.802942122513,0.168172987191,0.558923381458,-0.120857138528
1403715326362142976,1.313671929835,3.380776456787,0.638062601338,0.798515476562,0.168061147053,0.565510144266,-0.119694449640
1403715326412143104,1.316079351274,3.366216246920,0.636883905901,0.794487943033,0.166834290132,0.571407343991,-0.120203474345
1403715326462142976,1.319208420172,3.352079048199,0.632613184636,0.791218249890,0.165652575219,0.576254459389,-0.120265137918
1403715326512142848,1.322640313440,3.337619118973,0.623115669752,0.788971682881,0.164580108119,0.579596375099,-0.120437176963
1403715326562142976,1.319699930127,3.324039407807,0.618212601908,0.786932280259,0.163783924071,0.582596322682,-0.120390769163
1403715326612143104,1.319638665381,3.308907729580,0.613671951821,0.784841573772,0.163424114402,0.585780020114,-0.119071537094
1403715326662142976,1.317340667758,3.293995696896,0.606719135088,0.784166016004,0.162659610919,0.587071790837,-0.118204156965
1403715326712142848,1.314638406036,3.278285216954,0.603070838321,0.785323233743,0.161310900246,0.585906218663,-0.118152930296
1403715326762142976,1.314541715262,3.261437216082,0.597058109270,0.788527217724,0.158782820274,0.582135475712,-0.118874432966
1403715326812143104,1.308900118826,3.245841502702,0.591173542772,0.792055338438,0.156598804774,0.577707313634,-0.119914198361
1403715326862142976,1.300095591728,3.230205173962,0.586250558430,0.795673371618,0.154340046589,0.573058397589,-0.121190381917
1403715326912143104,1.296469426467,3.211877927432,0.579405520842,0.799490252529,0.152470112462,0.568227291333,-0.121185586191
1403715326962142976,1.284868551418,3.194804619605,0.577879444865,0.801723909857,0.150207943487,0.565214469452,-0.123324570136
1403715327012142848,1.275634462873,3.178762183941,0.571544058829,0.804288822453,0.147451755337,0.561783728550,-0.125604586944
1403715327062142976,1.267992223159,3.162722878692,0.562095527870,0.806411229853,0.145084060864,0.559033504006,-0.127016081852
1403715327112143104,1.254720900534,3.145821569291,0.560531579176,0.807745908031,0.143215677463,0.557032234112,-0.129425298719
1403715327162142976,1.247426567134,3.126624689829,0.555470084060,0.809022920497,0.141726027110,0.555322051811,-0.130434144770
1403715327212142848,1.241321871521,3.106753330651,0.551632697662,0.810752011717,0.139838825816,0.552973741788,-0.131705425801
1403715327262142976,1.234869538026,3.086185555168,0.549673718174,0.812653345205,0.138035797726,0.550362664463,-0.132821672325
1403715327312143104,1.230138681866,3.065214359738,0.546497202215,0.814054725849,0.136129830119,0.548684185694,-0.133151181159
1403715327362142976,1.222942294004,3.045319892911,0.542658365116,0.815245210427,0.135143356619,0.546996878558,-0.133813059470
1403715327412143104,1.218281922459,3.023062318070,0.540373366186,0.816219332447,0.133098205179,0.545676968068,-0.135305268332
1403715327462142976,1.216759674511,2.999917388884,0.533223918687,0.817071106257,0.133484485181,0.544438048469,-0.134773554213
1403715327512142848,1.211868436450,2.976588379822,0.528916277114,0.816459557658,0.135346058329,0.544708733944,-0.135527231097
1403715327562142976,1.208887186374,2.951673851589,0.525727232627,0.814752404496,0.140170452174,0.546335867895,-0.134342410116
1403715327612143104,1.212372722469,2.925240172504,0.518101468184,0.814169050788,0.146042833845,0.546137468466,-0.132416437649
1403715327662142976,1.211645674206,2.900029757069,0.515568799716,0.812978408266,0.153153297878,0.545888144524,-0.132726443147
1403715327712142848,1.212490798010,2.873284886117,0.517261610344,0.810895535354,0.160990016643,0.546303549371,-0.134473332782
1403715327762142976,1.220679169768,2.846789220464,0.509504826585,0.809501609819,0.168834138515,0.545368420876,-0.137023585135
1403715327812143104,1.228663807757,2.820509101493,0.500251097804,0.808425606320,0.177554145034,0.543436298131,-0.139998408922
1403715327862142976,1.237968034914,2.791955758480,0.499533977091,0.806525348859,0.185793180411,0.542139864801,-0.145196841405
1403715327912143104,1.239364861711,2.769287414982,0.492095729122,0.803161331733,0.196670722289,0.542182489752,-0.149300535865
1403715327962142976,1.248359729702,2.743806540939,0.485648083257,0.799640926508,0.206718413482,0.542439563170,-0.153626841691
1403715328012142848,1.260771643649,2.717665797676,0.477168586176,0.796051855155,0.215557344377,0.543609597744,-0.155964997449
1403715328062142976,1.271169643714,2.691293475666,0.476449414652,0.792891950467,0.221681546449,0.544712044696,-0.159588330436
1403715328112143104,1.281239352826,2.666404505701,0.472914827465,0.789461644505,0.227046822569,0.546884446032,-0.161608956761
1403715328162142976,1.288154462671,2.641556158583,0.478367570305,0.785247445928,0.230906901278,0.550592792188,-0.164061052040
1403715328212142848,1.306198472373,2.614279903063,0.473658057325,0.782961755756,0.232526162988,0.553118579539,-0.164202038716
1403715328262142976,1.313050865156,2.591579423837,0.480469392872,0.779251748220,0.234164227323,0.557338259049,-0.165250998599
1403715328312143104,1.318598732842,2.569955173851,0.482131127482,0.775890035945,0.235791554668,0.561637218485,-0.164196923478
1403715328362142976,1.324454467700,2.545755430589,0.481359024442,0.773874685529,0.235949523143,0.564821171902,-0.162551030131
1403715328412143104,1.332606134538,2.521338644481,0.476009446116,0.773112472931,0.235153406878,0.566892215753,-0.160103701238
1403715328462142976,1.335259022283,2.498984240856,0.473686681347,0.772416941330,0.234495660821,0.568772845605,-0.157738086411
1403715328512142848,1.338524497056,2.476327094218,0.476315242858,0.773239850492,0.232501273603,0.568720729229,-0.156843946423
1403715328562142976,1.337884776205,2.456915810575,0.469320167110,0.775716716997,0.232774880667,0.565961786065,-0.154164479098
1403715328612143104,1.338014175198,2.436448090272,0.462703220153,0.778951404583,0.233882462215,0.561702364648,-0.151737130311
1403715328662142976,1.335401750500,2.416431408678,0.462233455096,0.781983156200,0.235633086567,0.556919453294,-0.151063279713
1403715328712142848,1.327865961333,2.401938360598,0.453532316654,0.784757327577,0.239295834867,0.550705759762,-0.153676954663
1403715328762142976,1.322715101968,2.383629967823,0.453648418121,0.785390171665,0.243543980291,0.547149465732,-0.156448298377
1403715328812143104,1.317934214163,2.367721712076,0.454466469626,0.784763449273,0.248774161417,0.544558634765,-0.160354727400
1403715328862142976,1.308035641615,2.356546071541,0.453884392312,0.782198540970,0.255694184966,0.542815328846,-0.167742198176
1403715328912143104,1.302449326265,2.345969139976,0.449056614019,0.779395562517,0.263562074324,0.540255062296,-0.176641042146
1403715328962142976,1.297963615023,2.336051232090,0.440008709052,0.776128214374,0.273921321100,0.536812954171,-0.185536942234
1403715329012142848,1.292348674239,2.326000250506,0.433406423429,0.772109957868,0.285207522216,0.533133755644,-0.195630470083
1403715329062142976,1.285396932580,2.315752007460,0.436492825118,0.767272274455,0.297201398683,0.529425108894,-0.206575989762
1403715329112143104,1.278540037864,2.308092456617,0.432338862510,0.762261702385,0.309847308435,0.524859412616,-0.217886070049
1403715329162142976,1.275601049167,2.300396363999,0.424446662876,0.757310054260,0.322983973040,0.519703011128,-0.228192057488
1403715329212142848,1.275160480489,2.290674884177,0.420549454085,0.752369945365,0.334946679564,0.514882700420,-0.238004184771
1403715329262142976,1.271687528580,2.283762540479,0.415607234023,0.747497899504,0.346991767525,0.509582528042,-0.247324181231
1403715329312143104,1.265736520043,2.277078897154,0.409942217734,0.743005222324,0.357883777431,0.504997848277,-0.254636239930
1403715329362142976,1.258730654137,2.270012637724,0.406614917465,0.738937447317,0.366730210685,0.501199225834,-0.261303917970
1403715329412143104,1.253888453264,2.262248733851,0.402611915432,0.735277818295,0.372945900531,0.498730119482,-0.267481126664
1403715329462142976,1.248952765242,2.256238700123,0.396740054849,0.733030865846,0.378547595674,0.495309683051,-0.272095177103
1403715329512142848,1.240231793833,2.255758751001,0.389323888418,0.730572066364,0.383993383625,0.493342254345,-0.274639686240
1403715329562142976,1.234824675668,2.252019385953,0.383076825612,0.729550687479,0.387592330352,0.490545004777,-0.277296913326
1403715329612143104,1.229791136640,2.247467246176,0.377016966528,0.728338170933,0.391134442654,0.489261299060,-0.277778216883
1403715329662142976,1.226294206517,2.242674243727,0.373384730441,0.727015868342,0.392735784814,0.489516711755,-0.278531720669
1403715329712142848,1.223339789007,2.238622985930,0.369927505195,0.725460171455,0.393282610576,0.490702631925,-0.279727107863
1403715329762142976,1.221532021305,2.235273021763,0.361195805842,0.724917455217,0.392798983831,0.491128976317,-0.281062217392
1403715329812143104,1.219971824045,2.232059757844,0.354033338121,0.724320640119,0.392422304673,0.492077844432,-0.281467120835
1403715329862142976,1.215982687606,2.230488376151,0.346522418422,0.724379425848,0.391947233346,0.491863062284,-0.282351804742
1403715329912143104,1.213938642925,2.228097268645,0.336518444566,0.724418424908,0.391496188178,0.492471969356,-0.281815612935
1403715329962142976,1.210553923453,2.225890375517,0.328143584611,0.724318865177,0.390992584327,0.492720204664,-0.282336289672
1403715330012142848,1.208252545165,2.223538684872,0.318320434184,0.723770462977,0.390934647069,0.492404618069,-0.284366156120
1403715330062142976,1.202475457153,2.223579395486,0.304861598791,0.722448838077,0.392737567798,0.491708408968,-0.286439731446
1403715330112143104,1.199989164968,2.222015822724,0.287122535687,0.722237918382,0.394786769989,0.490030373527,-0.287029664867
1403715330162142976,1.198389778628,2.219720005351,0.274873970145,0.721234504385,0.397223003787,0.489770558181,-0.286634741938
1403715330212142848,1.197669497193,2.217858680499,0.262934431179,0.721215800964,0.399495839578,0.488611073717,-0.285499669424
1403715330262142976,1.194719620338,2.217256468825,0.257839180791,0.721091832129,0.401497018608,0.487914462976,-0.284193931153
1403715330312143104,1.193447546663,2.216066677510,0.250745822235,0.721084229233,0.402891993425,0.487687194538,-0.282624797690
1403715330362142976,1.191572039079,2.215341464256,0.241936482725,0.721533482478,0.403707387868,0.486898979121,-0.281672083769
1403715330412143104,1.190964911269,2.214819996421,0.230675733923,0.721945961380,0.404155811989,0.486234771920,-0.281118934008
1403715330462142976,1.190659540000,2.213831031825,0.228250447435,0.721514049496,0.403002054719,0.486791432185,-0.282915043473
1403715330512142848,1.192372390740,2.214014781966,0.223016381734,0.722490449639,0.401829399495,0.485436335606,-0.284415625370
1403715330562142976,1.193785245988,2.215098338793,0.221380796611,0.722219897107,0.402498572264,0.485846542618,-0.283454505300
1403715330612143104,1.191003454542,2.219075656885,0.225047292653,0.720716774732,0.401529556925,0.487466990918,-0.285862341525
1403715330662142976,1.191224575495,2.221072202700,0.229514011564,0.719122559940,0.398779064790,0.489904385081,-0.289537035194
1403715330712142848,1.191918912352,2.222959935943,0.233135232186,0.719011300789,0.395618660898,0.489823942604,-0.294246715765
1403715330762142976,1.193830669741,2.223853934357,0.249202472492,0.718205597454,0.392388262640,0.489541399123,-0.300934194920
1403715330812143104,1.194094580184,2.224808572460,0.261125458582,0.717647571465,0.391277302737,0.486719930404,-0.308200819078
1403715330862142976,1.186456953419,2.229606558234,0.272181927538,0.714915268920,0.395753927037,0.483378065773,-0.314039222120
1403715330912143104,1.191594913235,2.229030289413,0.278472705363,0.713382858769,0.399864118611,0.478900699983,-0.319135869213
1403715330962142976,1.192815687650,2.228785728164,0.284425356001,0.710554886369,0.405196045683,0.473940527662,-0.326049527312
1403715331012142848,1.193234591070,2.227511710154,0.292860813822,0.706423009525,0.412221536098,0.469226201964,-0.332966527117
1403715331062142976,1.195336112348,2.224933300876,0.302357021046,0.701934604105,0.419202312008,0.463586302896,-0.341533267683
1403715331112143104,1.198528948605,2.222111754292,0.306979829607,0.697141702949,0.428333803878,0.458122060085,-0.347343887996
1403715331162142976,1.201024652481,2.219000296693,0.312709818240,0.691603274173,0.440384190269,0.453050935377,-0.349987894173
1403715331212142848,1.206703266713,2.213795242209,0.324873512853,0.685504851781,0.450669632289,0.450251590463,-0.352496079414
1403715331262142976,1.214891486911,2.207968261486,0.336649435933,0.679490217907,0.460314290045,0.448925993422,-0.353368434610
1403715331312143104,1.231200999102,2.197918828888,0.351849949330,0.674211139407,0.468757445412,0.448372531136,-0.353083375696
1403715331362142976,1.246720344783,2.189012492626,0.368142754191,0.669799516332,0.475372712227,0.447471424866,-0.353777778161
1403715331412143104,1.258663669087,2.182688147131,0.387220135074,0.666019541011,0.480277722975,0.446252497054,-0.355822973792
1403715331462142976,1.265365736379,2.179851506310,0.408767227891,0.661924762439,0.484444755179,0.446403800488,-0.357620657905
1403715331512142848,1.273378167040,2.177520838550,0.422474798997,0.659311934462,0.489010574650,0.445633335044,-0.357193731262
1403715331562142976,1.283988339196,2.174335630619,0.439807705747,0.657208187586,0.491291680398,0.445110732779,-0.358589345222
1403715331612143104,1.298042884227,2.168442074641,0.455447426695,0.656650089418,0.493022547395,0.443448235375,-0.359295269062
1403715331662142976,1.312338330219,2.161393632872,0.474661002338,0.654811068320,0.494226702934,0.444220968640,-0.360041889137
1403715331712142848,1.325612602618,2.154494771695,0.496403081680,0.652317951295,0.495923655593,0.447142817859,-0.358614442930
1403715331762142976,1.339867409605,2.147751818297,0.512348635879,0.651131876106,0.497565348076,0.449373109068,-0.355696237201
1403715331812143104,1.349512355351,2.143596914255,0.527683510576,0.649978751829,0.498253950873,0.451194331325,-0.354533916559
1403715331862142976,1.360552066308,2.138064190563,0.543648910231,0.649542597847,0.497251184766,0.452662935401,-0.354868905012
1403715331912143104,1.376405925325,2.136407326094,0.540785930876,0.652734514476,0.496045557170,0.449457092940,-0.354774266864
1403715331962142976,1.389523459770,2.130094691201,0.553091598391,0.655222320924,0.493911020086,0.447919696525,-0.355110630459
1403715332012142848,1.399736639073,2.125753714462,0.560239153787,0.658078792151,0.491756126045,0.446744246398,-0.354299017962
1403715332062142976,1.409570913282,2.121128030144,0.565645616022,0.661113384758,0.490273389056,0.445736773881,-0.351965658676
1403715332112143104,1.422507775574,2.115374840948,0.567473411499,0.664357651396,0.487766810645,0.444136777365,-0.351361597869
1403715332162142976,1.437720859504,2.111844717817,0.569940507802,0.668237737931,0.484493153487,0.441331959148,-0.352066487560
1403715332212142848,1.451343389553,2.111461539923,0.565155953453,0.672280917017,0.481040723548,0.436827284303,-0.354711311620
1403715332262142976,1.456497214010,2.112692517572,0.572843960177,0.672363137479,0.478532767525,0.435264044618,-0.359832479393
1403715332312143104,1.467475204082,2.113169607303,0.567375353908,0.673248224724,0.476424170877,0.433111826034,-0.363553274583
1403715332362142976,1.480791282643,2.112155115042,0.566186616527,0.673936544516,0.476798905885,0.430723385185,-0.364622685481
1403715332412143104,1.494608285726,2.112283343715,0.564702773609,0.674011080827,0.478813305079,0.428336978121,-0.364656434161
1403715332462142976,1.507404697392,2.112598701680,0.569513124276,0.672712246410,0.481702285077,0.427372208851,-0.364381856276
1403715332512142848,1.527745835422,2.110914312989,0.570865813394,0.673268332549,0.483258266070,0.424355713664,-0.364819721154
1403715332562142976,1.543940125373,2.114550696328,0.572743145222,0.672588618559,0.486942774004,0.422871569529,-0.362892436839
1403715332612143104,1.561521493292,2.115770610206,0.586032755258,0.669766243475,0.487734399121,0.424688971234,-0.364921378832
1403715332662142976,1.586328625395,2.116100346707,0.587776840218,0.668399428723,0.487747146486,0.425969407869,-0.365916641241
1403715332712142848,1.608745983969,2.120034514323,0.591943847816,0.666406238983,0.488996451210,0.427191752951,-0.366459276809
1403715332762142976,1.630789485755,2.123697447953,0.597577064261,0.664534617757,0.490791796899,0.427686283412,-0.366880902857
1403715332812143104,1.650189437608,2.135797336025,0.593418738582,0.662247882141,0.495187013187,0.426656763797,-0.366308026770
1403715332862142976,1.676757483751,2.139152116225,0.602249710020,0.658503096425,0.497289203680,0.428249037646,-0.368347501223
1403715332912143104,1.705751423001,2.145893768287,0.599708061579,0.653126469927,0.498206528666,0.432055098639,-0.372215610655
1403715332962142976,1.730390263535,2.154422231084,0.607675496477,0.643779655418,0.498400211133,0.439194290359,-0.379807003790
1403715333012142848,1.759186156446,2.159634951483,0.617128623393,0.634012862637,0.498534778324,0.446922209223,-0.386977135908
1403715333062142976,1.788322292098,2.168609736388,0.610686661731,0.627814550022,0.500285620579,0.449985101455,-0.391250044207
1403715333112143104,1.815531660749,2.173684438053,0.618395199251,0.621536779612,0.500731789365,0.453085142840,-0.397081301558
1403715333162142976,1.840729148147,2.180103811220,0.618371094571,0.617463735826,0.502690849785,0.454086959448,-0.399806800520
1403715333212142848,1.867088445430,2.182358461873,0.620489521334,0.614799606705,0.504125519767,0.454725515720,-0.401377140938
1403715333262142976,1.892118004872,2.183815916815,0.622715846703,0.613615136203,0.506655395599,0.453762176982,-0.401094329895
1403715333312143104,1.919449337406,2.180996483928,0.622564199517,0.614150111775,0.508972867334,0.451742837328,-0.399618154551
1403715333362142976,1.942007376030,2.180066510680,0.623902335467,0.614353253693,0.511529240596,0.449895297877,-0.398123268148
1403715333412143104,1.965808720369,2.176614651314,0.622240427480,0.615655474712,0.513822519380,0.447324180843,-0.396050290075
1403715333462142976,1.992905684715,2.169511903791,0.622026547859,0.616494974604,0.514479611874,0.445836439356,-0.395568634495
1403715333512142848,2.017565640670,2.165172862585,0.617367095641,0.616892399583,0.514831969698,0.445016441948,-0.395413930850
1403715333562142976,2.043130439879,2.159025771682,0.609929331719,0.617782031576,0.514193083622,0.443910400828,-0.396098965227
1403715333612143104,2.066016090024,2.151414111718,0.610448329061,0.616497555050,0.514038358815,0.445403963593,-0.396624053103
1403715333662142976,2.085472280173,2.144447646866,0.603905732209,0.618233032102,0.516059475504,0.442847334638,-0.394153236654
1403715333712142848,2.106154092649,2.135183657347,0.598924421305,0.620547519328,0.518305401672,0.439369992583,-0.391451525060
1403715333762142976,2.127599978685,2.125361150874,0.592570569127,0.624282492535,0.520858687550,0.433827939910,-0.388292306995
1403715333812143104,2.150405619615,2.114340597966,0.589597823424,0.627004580727,0.523766495338,0.428770418088,-0.385603219232
1403715333862142976,2.172388991042,2.105229457260,0.581115398674,0.628545722425,0.527718454148,0.423350729494,-0.383689546131
1403715333912143104,2.194060371790,2.094235385261,0.581713294767,0.627925417142,0.531050145078,0.419565038791,-0.384266303681
1403715333962142976,2.215420677337,2.084114679678,0.581854356990,0.625300995755,0.535155138892,0.417481724563,-0.385119009763
1403715334012142848,2.236347938532,2.075341602687,0.580870924011,0.622356665692,0.538840375729,0.414680638055,-0.387766938476
1403715334062142976,2.258447672493,2.065968878415,0.581647235807,0.619578256717,0.542346859111,0.411007756456,-0.391222816754
1403715334112143104,2.280912161172,2.057822281040,0.576832574908,0.617673229360,0.545860087588,0.407110294589,-0.393418040448
1403715334162142976,2.302889453450,2.048903509545,0.583046062471,0.614636566895,0.549090362718,0.404888314035,-0.395963530345
1403715334212142848,2.324410663200,2.043854996018,0.583311215081,0.612891564864,0.552299601256,0.401584968208,-0.397565835404
1403715334262142976,2.346384070523,2.039304468130,0.583194539101,0.611463485412,0.555141780150,0.398814477634,-0.398593806236
1403715334312143104,2.371035815571,2.033336765766,0.582981705963,0.609855145970,0.556821742884,0.397625818329,-0.399899932712
1403715334362142976,2.394941153191,2.029094921768,0.582341684595,0.608391598755,0.558456643091,0.396528274010,-0.400937860850
1403715334412143104,2.418834938885,2.025717580223,0.583270228887,0.606649308095,0.559614839393,0.396329690428,-0.402157462947
1403715334462142976,2.446358498099,2.020040212061,0.584257376264,0.606041530026,0.560356265636,0.395994922028,-0.402371148536
1403715334512142848,2.469989068615,2.018861311060,0.588800328622,0.604472130651,0.560845131292,0.396312034922,-0.403736241806
1403715334562142976,2.494806297247,2.017842297332,0.589055801185,0.603113817324,0.561536019124,0.397011651076,-0.404119748947
1403715334612143104,2.519624165197,2.015990659461,0.591182874385,0.601739321211,0.562953012042,0.397750103313,-0.403470631962
1403715334662142976,2.543058471346,2.018081165131,0.587271587494,0.600679669758,0.565136487879,0.398426448999,-0.401324119816
1403715334712142848,2.567338389214,2.018347479262,0.589840141322,0.598812571216,0.564446038188,0.400124115891,-0.403391703448
1403715334762142976,2.596387512993,2.015705712856,0.585409984302,0.599187982481,0.564676728862,0.400808182011,-0.401829260713
1403715334812143104,2.620136940862,2.017372547909,0.590089489559,0.597880794974,0.565084712796,0.402373358300,-0.401638522674
1403715334862142976,2.646529230968,2.018673996927,0.584627586132,0.597806954576,0.565218925680,0.403021428816,-0.400909140615
1403715334912143104,2.669843821463,2.021915698078,0.583671307822,0.597338025109,0.565331172174,0.403752679063,-0.400714017319
1403715334962142976,2.693582317923,2.025964009283,0.581378909486,0.597643844702,0.566043532859,0.403662795015,-0.399340583611
1403715335012142848,2.717915362848,2.027511332111,0.582721306226,0.597154925128,0.565529427300,0.404470372073,-0.399982725088
1403715335062142976,2.740542920946,2.032479629199,0.581145152367,0.596924316932,0.566865554129,0.403786880106,-0.399125242063
1403715335112143104,2.764587472911,2.035388303302,0.578933461603,0.596732504143,0.567428212115,0.403518532442,-0.398883863514
1403715335162142976,2.787231459572,2.039710337825,0.581577053339,0.595419815366,0.568340121049,0.404401481804,-0.398652971631
1403715335212142848,2.809870660978,2.045007795586,0.580982163157,0.595355831202,0.568896806951,0.403930779803,-0.398431653387
1403715335262142976,2.830723541197,2.051467946696,0.581923566363,0.593923623792,0.570088328778,0.404043434600,-0.398751714040
1403715335312143104,2.852468612673,2.057975795411,0.581562737048,0.592436430505,0.571996740406,0.403367024976,-0.398915840669
1403715335362142976,2.874705963309,2.064090121310,0.579203462899,0.590765156516,0.574314989861,0.401611870455,-0.399833375017
1403715335412143104,2.894801018791,2.070452694283,0.581516463010,0.587549788064,0.576599853910,0.400398518000,-0.402490846853
1403715335462142976,2.914033315606,2.078108310396,0.581646692508,0.584925303476,0.579642166064,0.398391031268,-0.403933082180
1403715335512142848,2.934837481783,2.084716857167,0.576836753678,0.583651032127,0.581245528369,0.395162026596,-0.406635071268
1403715335562142976,2.953579693981,2.092219639411,0.578373662312,0.582237894152,0.581903469276,0.392555872449,-0.410228319432
1403715335612143104,2.972933411885,2.101145623289,0.573566995531,0.581366480610,0.582915300308,0.389071001837,-0.413335848215
1403715335662142976,2.991302729071,2.110385803959,0.572417008771,0.579325922333,0.585175794998,0.385895656013,-0.415975128261
1403715335712142848,3.009030268357,2.121228994610,0.570654507340,0.575998216631,0.589336536749,0.383018479554,-0.417379138447
1403715335762142976,3.028371920319,2.131654394170,0.568783655043,0.571599619082,0.592962305577,0.380822503226,-0.420290138674
1403715335812143104,3.047384599781,2.143415310794,0.563873523331,0.567993642015,0.596953668206,0.378319268213,-0.421786761225
1403715335862142976,3.065116467079,2.154577765237,0.559795125876,0.564659432835,0.600058243413,0.376133696345,-0.423808060208
1403715335912143104,3.085349941012,2.163394280611,0.555254492704,0.561431982094,0.602150569311,0.374573884960,-0.426501144273
1403715335962142976,3.103498234811,2.174114702317,0.555711633232,0.557500089308,0.603526044349,0.374086817140,-0.430126745805
1403715336012142848,3.121867445648,2.184645058618,0.557699903125,0.553149409401,0.605511417675,0.375001353772,-0.432152332649
1403715336062142976,3.139871304319,2.196729224818,0.555642685161,0.549416159842,0.605577039010,0.375802337345,-0.436108858399
1403715336112143104,3.156686426632,2.208759085782,0.559113085928,0.545722862756,0.605196480289,0.377314169866,-0.439952036623
1403715336162142976,3.174075106960,2.221240362070,0.560420800609,0.542380488960,0.605532382467,0.379069303719,-0.442109038539
1403715336212142848,3.193294876188,2.231786403679,0.556124931239,0.540462664368,0.604431178864,0.379510875927,-0.445572164183
1403715336262142976,3.211071571240,2.243013515979,0.549639282583,0.540174708701,0.605190104125,0.377873415181,-0.446282314291
1403715336312143104,3.227662465028,2.255078731810,0.547847392990,0.540040255985,0.607396403072,0.375887626938,-0.445123155279
1403715336362142976,3.245830781911,2.263350947141,0.552665435349,0.540553842988,0.609965037849,0.373629357499,-0.442882940118
1403715336412143104,3.261924759649,2.275317008734,0.553390194142,0.540520369951,0.612381602773,0.371700232070,-0.441209065786
1403715336462142976,3.280439077140,2.282828733048,0.552827305132,0.540501163454,0.615083096336,0.371222077066,-0.437864643932
1403715336512142848,3.295895066092,2.294366943910,0.549943128130,0.540546180483,0.615965566721,0.370019430502,-0.437586412530
1403715336562142976,3.313700126220,2.302701382301,0.543083842379,0.541178864762,0.615661561063,0.369355119134,-0.437793415361
1403715336612143104,3.330836140001,2.309457073258,0.547736670959,0.540885319210,0.615367138415,0.370073039968,-0.437963813015
1403715336662142976,3.344571412771,2.322512258679,0.547723978128,0.540881132215,0.615886687342,0.369950310777,-0.437341921984
1403715336712142848,3.360122536192,2.333542345379,0.544048346756,0.541592252911,0.616164929564,0.369804992609,-0.436191332564
1403715336762142976,3.374683095791,2.344670885255,0.543891431499,0.541662138798,0.615619225915,0.370263881026,-0.436485686460
1403715336812143104,3.389334719657,2.356033839162,0.543430682100,0.541497302050,0.616009399310,0.371104166649,-0.435424837751
1403715336862142976,3.403688799218,2.365781344336,0.553069293163,0.540398849600,0.615644517504,0.372989455355,-0.435694592132
1403715336912143104,3.418044877873,2.377634571869,0.551805097727,0.540630983148,0.615430439517,0.372896175106,-0.435788890139
1403715336962142976,3.429366240126,2.391896881764,0.556222252101,0.539438171226,0.615727008340,0.374311259763,-0.435634929085
1403715337012142848,3.444460554463,2.402421768692,0.551575988063,0.539675560356,0.615868480830,0.373992668437,-0.435414501171
1403715337062142976,3.457587140493,2.415767772240,0.556729182631,0.538271052690,0.617609659893,0.373536485764,-0.435078240832
1403715337112143104,3.471008481077,2.428013172194,0.558040970874,0.537410801512,0.619752391660,0.370557660755,-0.435641622788
1403715337162142976,3.481656829846,2.439889797740,0.566740281765,0.534430544757,0.623907733849,0.368646985550,-0.434997163806
1403715337212142848,3.494400357094,2.450384283263,0.565770995265,0.532517207158,0.627516325628,0.363902352754,-0.436146492375
1403715337262142976,3.500940864230,2.464781795680,0.574162938908,0.529228405729,0.631228773298,0.359013471738,-0.438835797811
1403715337312143104,3.511284440125,2.476141756035,0.575431698680,0.526537658493,0.635179087847,0.352507783044,-0.441637728738
1403715337362142976,3.519891748390,2.489748057422,0.577179927929,0.524128484465,0.638605178289,0.345863780471,-0.444804455231
1403715337412143104,3.529688960987,2.502200863176,0.582168873189,0.522141679702,0.641582776895,0.339814786606,-0.447510354644
1403715337462142976,3.539657949586,2.514600928807,0.586154021079,0.519856452727,0.642504109975,0.335258131908,-0.452260679489
1403715337512142848,3.546352681820,2.531737882183,0.593464154427,0.518282125741,0.643013855849,0.330021003959,-0.457168411276
1403715337562142976,3.553992501591,2.549562267323,0.599816272894,0.515903866792,0.642936122472,0.327130749609,-0.462019280237
1403715337612143104,3.564048552239,2.566292065762,0.604724971367,0.513003903682,0.644975635393,0.326450675261,-0.462885926745
1403715337662142976,3.572606714510,2.586200894166,0.612538789208,0.508945759658,0.646793881872,0.327686734138,-0.463953976563
1403715337712142848,3.583765365076,2.604383924579,0.613025072020,0.506228392128,0.647773529843,0.328588020157,-0.464921694534
1403715337762142976,3.597325168772,2.619907559323,0.615053987975,0.504776146728,0.648741941538,0.329195658797,-0.464720510859
1403715337812143104,3.606477101198,2.641378007083,0.617654032419,0.503116372025,0.649278079434,0.330196028614,-0.465061796383
1403715337862142976,3.616974888530,2.661310070721,0.625064750946,0.501659961927,0.649165903596,0.332262097889,-0.465320116172
1403715337912143104,3.632980042638,2.676359638019,0.628157524360,0.501406170439,0.649650905826,0.334258057177,-0.463483661003
1403715337962142976,3.646177393582,2.694800031961,0.633168578719,0.500983993281,0.649672830361,0.336407545465,-0.462352912093
1403715338012142848,3.657836513415,2.715676045442,0.634863884353,0.501837935268,0.648577322432,0.337447585110,-0.462206956737
1403715338062142976,3.671950800757,2.732306380616,0.638707580108,0.503246914999,0.646461068948,0.338405784735,-0.462938606876
1403715338112143104,3.684153309119,2.750583285915,0.643545064427,0.504731440924,0.644654798897,0.338949151098,-0.463443454773
1403715338162142976,3.694662743332,2.771513378448,0.647246789913,0.505368705901,0.644078936679,0.338878678777,-0.463601159935
1403715338212142848,3.706982458828,2.792765626552,0.636427076919,0.506292881190,0.642947302334,0.337039249961,-0.465500621765
1403715338262142976,3.716232456377,2.813220259281,0.643131292438,0.505361105490,0.642456376381,0.336032191866,-0.467912730683
1403715338312143104,3.722055623196,2.837353151089,0.647057611975,0.504459547170,0.643073450814,0.333718014337,-0.469690737650
1403715338362142976,3.731037084119,2.857946189584,0.647149904797,0.503964930510,0.644198829597,0.329809849696,-0.471436824830
1403715338412143104,3.743971444194,2.873324905964,0.649814370303,0.501623814021,0.645993995024,0.326624306951,-0.473689634368
1403715338462142976,3.756046701079,2.892348888481,0.653879236325,0.498177605713,0.649056515187,0.322643287813,-0.475863448995
1403715338512142848,3.766565171783,2.911867829346,0.662140196764,0.493546051966,0.652251283708,0.318745771150,-0.478938086670
1403715338562142976,3.781670833060,2.927635844553,0.668106614426,0.486993182659,0.656401727585,0.316207278003,-0.481650671551
1403715338612143104,3.793946573747,2.948239599351,0.674780665822,0.479276769257,0.661795988855,0.313223487837,-0.483953400912
1403715338662142976,3.806957282144,2.968738533113,0.678041522899,0.471581223262,0.667150068034,0.309668095749,-0.486443837522
1403715338712142848,3.818475931522,2.989692268061,0.681460821011,0.463218694454,0.672477431727,0.305929524081,-0.489499408806
1403715338762142976,3.828938618511,3.011558304947,0.680276963401,0.456247780422,0.677560193525,0.301081144969,-0.492036879872
1403715338812143104,3.843552984666,3.029649272136,0.681571794853,0.450229243923,0.683082104210,0.297653350094,-0.492031452249
1403715338862142976,3.864066414897,3.044962573462,0.687315462371,0.444742976083,0.686476292860,0.294522576549,-0.494176523592
1403715338912143104,3.883109985360,3.061718779787,0.694237340012,0.440478177130,0.690078597967,0.291462642814,-0.494792918243
1403715338962142976,3.900720543890,3.079368933909,0.703579797812,0.435402029287,0.693216696482,0.290446282781,-0.495496358645
1403715339012142848,3.910375154678,3.103661085158,0.705021131422,0.432536113558,0.697043834938,0.287590254148,-0.494301778636
1403715339062142976,3.928202105623,3.119794380318,0.709459944228,0.430325353470,0.700280190038,0.285964294220,-0.492597369088
1403715339112143104,3.943585439650,3.138251142542,0.702407309183,0.427279236282,0.702708394082,0.285386653057,-0.492125822718
1403715339162142976,3.953915645322,3.162677990889,0.701538536806,0.423668431283,0.704565023534,0.286389673694,-0.492010307563
1403715339212142848,3.968712000468,3.183058324841,0.696872033972,0.421476150894,0.707011066752,0.287337215259,-0.489827041358
1403715339262142976,3.982798029414,3.202889925495,0.694707954343,0.419614548836,0.707455075174,0.287765917366,-0.490532082354
1403715339312143104,3.996753272933,3.223074612430,0.697669798358,0.418622275969,0.706468731870,0.287607138795,-0.492888886735
1403715339362142976,4.010073945593,3.243555395852,0.697275995911,0.418604418437,0.704977830445,0.287142288378,-0.495303851864
1403715339412143104,4.022921916464,3.263544356317,0.697015071828,0.418633492058,0.702936291217,0.286695942045,-0.498429540289
1403715339462142976,4.034023273907,3.284273379124,0.698232036600,0.419423951074,0.702196887379,0.286505567256,-0.498916466507
1403715339512142848,4.045690115967,3.305548241907,0.691669588060,-0.420206544740,-0.700532780851,-0.286610497024,0.500534420101
1403715339562142976,4.058308936136,3.323851945869,0.689689955862,-0.421862712427,-0.699081520960,-0.286314193755,0.501339267733
1403715339612143104,4.066704810325,3.347802467044,0.683120190143,0.424217945713,0.700880910559,0.285201200401,-0.497458901859
1403715339662142976,4.077334855749,3.368849490072,0.675738274999,0.424611483348,0.701644073526,0.287475068960,-0.494731004710
1403715339712142848,4.090718846529,3.385932146710,0.674983042505,0.423949680284,0.702820947799,0.291895025578,-0.491026147944
1403715339762142976,4.102916650081,3.404970690539,0.672497207626,0.421958820295,0.702755059478,0.298117171676,-0.489093275670
1403715339812143104,4.116466182173,3.422591321565,0.669530022043,0.419890887769,0.703668366869,0.304873968589,-0.485380608505
1403715339862142976,4.124788190461,3.446429957015,0.662931659147,0.417154934536,0.704888745695,0.310224898962,-0.482570335650
1403715339912143104,4.130592389703,3.468595133784,0.656638215891,0.413998033507,0.706489375454,0.313887789634,-0.480575536353
1403715339962142976,4.133801795232,3.488736368947,0.650627289195,0.410135427915,0.709212286718,0.315722636900,-0.478671160282
1403715340012142848,4.133266432814,3.508745757543,0.644646327325,0.404581155100,0.712294037817,0.317164262502,-0.477868311587
1403715340062142976,4.135339233382,3.523154668239,0.634454839484,0.399830902798,0.715284476553,0.315275112645,-0.478649109595
1403715340112143104,4.128457840952,3.540974865331,0.628099580496,0.394660305393,0.718495236892,0.310815267746,-0.481042313363
1403715340162142976,4.121002834623,3.555421422697,0.627853548093,0.388342342935,0.721024769737,0.306207073318,-0.485335692444
1403715340212142848,4.116593545366,3.563189236280,0.627615492343,0.383238508317,0.723996837704,0.298377824990,-0.489823946222
1403715340262142976,4.096767559093,3.584819716606,0.642743825100,0.374956498711,0.727615118370,0.289388289398,-0.496224023556
1403715340312143104,4.086989273128,3.596702459017,0.650779023907,-0.367499962906,-0.731308354784,-0.278726759140,0.502437320694
1403715340362142976,4.082955233002,3.599948104033,0.648407567037,-0.360642016370,-0.734230616543,-0.266308869996,0.509825777614
1403715340412143104,4.073202951220,3.606378387181,0.655044585891,-0.351056491632,-0.738782798504,-0.255390501812,0.515494915495
1403715340462142976,4.064428470558,3.608520857860,0.658248758606,-0.342620833077,-0.743337792582,-0.245233150366,0.519538827059
1403715340512142848,4.049336109426,3.616194832281,0.664225178267,-0.334791375636,-0.748005722353,-0.236027815172,0.522200195894
1403715340562142976,4.036643414351,3.622411922037,0.673994066242,-0.329369679603,-0.751530785644,-0.225972822045,0.525027024147
1403715340612143104,4.024665533463,3.627179235224,0.685226284164,-0.324187498149,-0.754507608675,-0.218644260709,0.527081987697
1403715340662142976,4.008595849142,3.636953045648,0.691384850139,-0.319730346881,-0.756798355090,-0.212131320030,0.529177718805
1403715340712142848,3.993587348268,3.646172024981,0.695569662655,-0.316575764683,-0.759096969310,-0.207026923506,0.529803198691
1403715340762142976,3.981721660279,3.652922417895,0.697819439784,-0.315131392675,-0.761546814078,-0.202873012370,0.528754381703
1403715340812143104,3.967411214598,3.662453885267,0.702926221634,-0.313621148213,-0.762760723516,-0.199838182045,0.529058177380
1403715340862142976,3.952518771998,3.673972698952,0.706441910573,-0.314960980881,-0.762581315733,-0.194916525658,0.530355414268
1403715340912143104,3.935473626383,3.686684000112,0.720281467937,-0.317009048308,-0.762820881555,-0.190674499956,0.530332726712
1403715340962142976,3.921548365321,3.698341428860,0.723854204471,-0.319338138770,-0.762430571677,-0.188032478830,0.530439971538
1403715341012142848,3.907705252720,3.711282935890,0.727566528407,-0.321845719533,-0.761596935286,-0.185870682770,0.530883725751
1403715341062142976,3.893434190823,3.725625793097,0.730354017976,-0.323087481869,-0.759989696849,-0.187069490505,0.532010474959
1403715341112143104,3.877065473680,3.742895874392,0.741362963124,-0.322726550455,-0.759730376191,-0.191284002954,0.531100517170
1403715341162142976,3.864067783234,3.759750112318,0.743053436638,-0.321734171141,-0.759501460984,-0.197199005030,0.529865271837
1403715341212142848,3.851830427445,3.778052491463,0.738267446269,-0.322489925357,-0.754986928536,-0.200664602800,0.534535969758
1403715341262142976,3.840781425412,3.792902741388,0.748199241327,-0.323543124567,-0.751429616177,-0.204880558949,0.537305625359
1403715341312143104,3.829108833117,3.810640875420,0.753045092292,-0.324097275236,-0.748121465159,-0.209674195295,0.539733231681
1403715341362142976,3.819178028923,3.826121114992,0.765604594698,-0.324025795305,-0.745606444662,-0.215727821113,0.540869504459
1403715341412143104,3.809465192607,3.843619369704,0.770239274921,-0.325749054578,-0.743229139623,-0.219533754615,0.541574491683
1403715341462142976,3.794886427872,3.866208384925,0.776759557015,-0.326263331747,-0.743548926389,-0.223433460188,0.539226039145
1403715341512142848,3.781783054464,3.886617245532,0.780610506406,-0.327919725168,-0.743666882052,-0.225962586011,0.537000123006
1403715341562142976,3.769642863769,3.905819247155,0.781893516977,-0.327092672544,-0.744102125354,-0.231440646569,0.534563034381
1403715341612143104,3.761785887158,3.920834397968,0.783558084358,-0.325345567808,-0.742099112538,-0.237536591347,0.535738309671
1403715341662142976,3.754129635984,3.936558969663,0.785254003194,-0.323530697551,-0.740674463777,-0.243574150277,0.536097808024
1403715341712142848,3.746924029267,3.948854542206,0.794055334570,-0.321354406496,-0.740421910551,-0.250226943104,0.534689832283
1403715341762142976,3.730881345727,3.967666805955,0.802825727043,-0.320082689875,-0.742298965849,-0.253257981826,0.531412938855
1403715341812143104,3.718561052582,3.980689302952,0.806282532854,-0.319055385742,-0.743452851283,-0.255968575974,0.529113982864
1403715341862142976,3.707570777408,3.989681587327,0.811222990080,-0.317127081734,-0.744405480708,-0.259843767772,0.527040900380
1403715341912143104,3.701481257065,3.994814911232,0.800980384411,-0.320718309672,-0.744299114953,-0.255368392860,0.527205441217
1403715341962142976,3.685453681774,4.004550742454,0.799800847636,-0.323774046931,-0.744883672020,-0.249208152846,0.527459930466
1403715342012142848,3.673354899519,4.010274682515,0.797251117210,-0.327631398681,-0.745463915863,-0.242278729480,0.527486714512
1403715342062142976,3.662886213247,4.012033224064,0.801103598410,-0.330560175085,-0.746595516017,-0.236688611577,0.526596246911
1403715342112143104,3.647202205709,4.017510916338,0.804334200616,-0.332480523312,-0.748753807880,-0.231370762505,0.524682768024
1403715342162142976,3.631243847212,4.023671876817,0.805496512184,-0.335697595123,-0.750183293607,-0.224014265026,0.523784077351
1403715342212142848,3.614207451369,4.027487663140,0.819038786188,-0.335779965581,-0.751520448528,-0.220924673207,0.523126293477
1403715342262142976,3.600341944885,4.031961376167,0.819066033433,-0.336492705527,-0.752022974451,-0.217356410484,0.523440823634
1403715342312143104,3.590499680832,4.035718509907,0.814335920924,-0.335790156021,-0.751452854453,-0.214594464697,0.525844838688
1403715342362142976,3.574546665513,4.042141362070,0.825249729154,-0.332990348888,-0.754301545294,-0.212187515335,0.524521748501
1403715342412143104,3.557693975113,4.049983255738,0.832150729859,-0.327978186561,-0.757197651295,-0.210043569184,0.524369836144
1403715342462142976,3.542393123155,4.056539098725,0.833061017422,-0.322848731494,-0.760787504220,-0.205705659746,0.524076570307
1403715342512142848,3.527137723724,4.064875851936,0.832997801925,-0.315311733900,-0.765010179403,-0.202773881232,0.523660853000
1403715342562142976,3.510483059795,4.075045341386,0.830981370951,-0.305489493705,-0.769033925660,-0.201584857400,0.524048218857
1403715342612143104,3.491343608658,4.086304091543,0.833264588277,-0.293824328534,-0.773644937592,-0.202335637796,0.523642114595
1403715342662142976,3.471231254287,4.096882643552,0.839450959968,-0.280337088004,-0.777267799285,-0.204633293731,0.524777191177
1403715342712142848,3.457594541214,4.104284094454,0.831005246346,-0.268723645130,-0.779564953311,-0.204466985238,0.527502927067
1403715342762142976,3.439921876620,4.113365492744,0.822521845673,-0.260003834874,-0.781826976042,-0.201201205160,0.529776047425
1403715342812143104,3.420182494624,4.123805725404,0.807556418102,-0.256029593821,-0.783285133864,-0.192951707280,0.532618892656
1403715342862142976,3.396807012041,4.132623502654,0.812153531669,-0.250986875048,-0.783745930680,-0.187514013849,0.536270826455
1403715342912143104,3.378289963053,4.136492965245,0.813632488045,-0.248904368570,-0.783811671721,-0.181564947120,0.539184614541
1403715342962142976,3.357513757961,4.141054270589,0.817085073238,-0.246445496661,-0.782918668858,-0.177395507371,0.542986011877
1403715343012142848,3.335018971478,4.146211495830,0.821074797243,-0.244082987945,-0.781370471091,-0.174427901342,0.547228096077
1403715343062142976,3.309512804780,4.156028470734,0.818081511262,-0.242662715229,-0.780003907909,-0.170394574048,0.551066601619
1403715343112143104,3.285488007008,4.161601507781,0.829606948847,-0.239511553927,-0.780275248593,-0.170842733597,0.551921654174
1403715343162142976,3.261435476170,4.170892579488,0.821726963913,-0.238395253197,-0.780340312862,-0.168374538971,0.553070261360
1403715343212142848,3.238934974690,4.177585381498,0.822239211855,-0.237102487739,-0.780074183059,-0.167107597176,0.554384099880
1403715343262142976,3.214582430461,4.185394818345,0.822291347501,-0.236554972044,-0.782113704705,-0.165368846338,0.552261752048
1403715343312143104,3.192168552636,4.192259346283,0.820651854214,-0.236079961510,-0.782966529828,-0.164252214598,0.551589407932
1403715343362142976,3.165247458043,4.202560180380,0.818474053742,-0.236380479960,-0.785235992215,-0.162575790920,0.548723807968
1403715343412143104,3.141302117699,4.209522282674,0.818207358594,-0.235897905820,-0.788143502519,-0.163383610824,0.544506926661
1403715343462142976,3.117823177063,4.214768858382,0.819120383356,-0.234973228673,-0.788843889519,-0.165342600570,0.543299847425
1403715343512142848,3.090590197314,4.225333078874,0.805217022128,-0.235997218862,-0.788639135748,-0.164415817684,0.543434508612
1403715343562142976,3.065848253545,4.232198476848,0.804278009106,-0.236209151153,-0.789408564931,-0.165994820808,0.541742627076
1403715343612143104,3.043621190546,4.238584758831,0.797423431773,-0.237481592538,-0.789407667982,-0.166619736331,0.540995277616
1403715343662142976,3.019246814459,4.245855222494,0.788788082075,-0.237621551880,-0.788588558530,-0.168518758204,0.541539944576
1403715343712142848,2.993416072630,4.253053021751,0.789520309499,-0.236944241027,-0.787927317835,-0.171581759693,0.541837307865
1403715343762142976,2.962969566114,4.262713190752,0.790962522761,-0.235498522929,-0.787570777723,-0.175630679141,0.541688637799
1403715343812143104,2.939952477587,4.268260455083,0.787109619062,-0.234899862958,-0.784253475608,-0.179034416038,0.545632860313
1403715343862142976,2.912997309659,4.276321338261,0.780323411694,-0.235514407471,-0.783131753837,-0.179917861538,0.546687463827
1403715343912143104,2.881186819155,4.284934422648,0.782832270700,-0.234693127257,-0.782068053509,-0.180577393340,0.548343414946
1403715343962142976,2.850670749624,4.290442294306,0.790045858082,-0.233997636630,-0.781717973624,-0.179189671206,0.549593647613
1403715344012142848,2.816408635926,4.298644567955,0.787176828867,-0.232263775408,-0.782640731187,-0.176454531483,0.549900739078
1403715344062142976,2.788301034505,4.300421675082,0.791916429883,-0.228812097566,-0.782632095726,-0.173957161315,0.552151186520
1403715344112143104,2.756639727323,4.304758313900,0.793954920655,-0.224365321615,-0.783241900297,-0.169577115772,0.554469052231
1403715344162142976,2.726621903803,4.306143553907,0.800173420119,-0.218297075922,-0.784510417214,-0.165333239017,0.556376412155
1403715344212142848,2.700079618052,4.305784544394,0.798874023222,-0.210266048746,-0.785624130475,-0.163031694905,0.558572807086
1403715344262142976,2.669902491193,4.309065361257,0.784701874595,-0.201601110429,-0.785492883022,-0.161782099777,0.562302832277
1403715344312143104,2.638948718472,4.308958755584,0.786050395578,-0.191567460897,-0.785623333797,-0.163387037008,0.565157112189
1403715344362142976,2.609694189816,4.307118672727,0.780787061714,-0.183248619617,-0.785003862212,-0.164191589494,0.568533201897
1403715344412143104,2.582465506438,4.302546683229,0.777695301514,-0.175823267783,-0.784502317236,-0.165042030034,0.571317268320
1403715344462142976,2.554424494834,4.297019547690,0.780424119474,-0.169374716600,-0.783977317466,-0.165166997162,0.573943929426
1403715344512142848,2.524745143114,4.290781318843,0.787308804154,-0.161914793565,-0.783567317656,-0.167245271214,0.576051106746
1403715344562142976,2.495243249611,4.283761836967,0.788404822216,-0.157508268843,-0.784569450727,-0.166212400165,0.576207740545
1403715344612143104,2.468729769269,4.272618374642,0.781741946876,-0.155530925238,-0.786092683175,-0.163278984015,0.575507079133
1403715344662142976,2.442121808631,4.258572298873,0.777066358858,-0.152911339451,-0.789592009675,-0.162373835300,0.571661891449
1403715344712142848,2.410823123987,4.246586615776,0.769409622275,-0.151247856623,-0.792891441462,-0.159681613317,0.568286046187
1403715344762142976,2.385124562541,4.227391930368,0.769219877314,-0.150347999705,-0.796669260421,-0.158263066982,0.563618993749
1403715344812143104,2.361294580397,4.207609198042,0.762327895316,-0.149359004841,-0.797785028769,-0.156792667981,0.562713954699
1403715344862142976,2.337522215879,4.186156488022,0.755162034441,-0.148830644110,-0.799053686598,-0.155693261856,0.561357509543
1403715344912143104,2.312221672867,4.161473193749,0.757226059680,-0.147825451014,-0.799709018137,-0.155226056374,0.560819038340
1403715344962142976,2.286415525716,4.137525861204,0.742448715068,-0.149634881694,-0.799381033837,-0.151551528427,0.561810910497
1403715345012142848,2.259631544836,4.110724315425,0.737666369795,-0.152855741002,-0.796716066989,-0.145969441034,0.566190386115
1403715345062142976,2.230624512680,4.083592747454,0.740487393841,-0.155088162037,-0.794741522130,-0.141704741559,0.569432472922
1403715345112143104,2.206814192379,4.054100833370,0.739581609790,-0.157485090733,-0.792065642734,-0.138080680160,0.573379620814
1403715345162142976,2.181772956754,4.022935699753,0.744059397138,-0.159402122815,-0.790972168517,-0.135624547544,0.574943452852
1403715345212142848,2.153034285830,3.994993975357,0.739820281112,-0.161661168353,-0.791357709550,-0.132100287551,0.574602607208
1403715345262142976,2.128043134924,3.964591696492,0.740537401716,-0.161438635820,-0.792036525211,-0.131868837051,0.573782466978
1403715345312143104,2.108610529908,3.930907138322,0.738271504736,-0.163539430628,-0.792462076624,-0.130002363041,0.573025389792
1403715345362142976,2.087941321273,3.898335107591,0.731496996096,-0.164833817501,-0.793372651868,-0.128881021024,0.571646158297
1403715345412143104,2.061939743668,3.867052324829,0.723355332311,-0.165370520398,-0.793285685465,-0.127432115421,0.571936594544
1403715345462142976,2.040729120024,3.831329505603,0.725885273605,-0.165836545541,-0.793823568239,-0.126914104247,0.571170020935
1403715345512142848,2.019158709489,3.797906287113,0.724715767938,-0.165175943654,-0.794498083458,-0.127312370540,0.570334343457
1403715345562142976,1.996998436088,3.764488173257,0.721436049099,-0.165210749452,-0.793699204511,-0.126120809008,0.571699678643
1403715345612143104,1.977642262801,3.729675110158,0.717047675774,-0.165933231623,-0.793711382700,-0.124593498233,0.571808415305
1403715345662142976,1.958024970990,3.694510909139,0.711710885272,-0.166329298129,-0.793383400949,-0.123330875965,0.572421906216
1403715345712142848,1.935455998317,3.660577934713,0.705908007964,-0.166399070166,-0.793379134923,-0.122184220368,0.572653397799
1403715345762142976,1.915925764503,3.624431403989,0.699168777252,-0.167292571918,-0.793612037171,-0.121102986006,0.572299918415
1403715345812143104,1.897832729153,3.587602381870,0.692574312186,-0.167742285233,-0.793348238112,-0.120136345232,0.572737599066
1403715345862142976,1.879515180214,3.551931173039,0.688284862013,-0.168671644553,-0.794507239176,-0.118603555721,0.571175384441
1403715345912143104,1.860966101429,3.515169332078,0.682763030906,-0.169624830305,-0.798623083958,-0.117838048153,0.565281152278
1403715345962142976,1.843164451367,3.477112379117,0.685223349222,-0.170373526846,-0.803970900061,-0.117345498475,0.557524606805
1403715346012142848,1.827912240583,3.441500460678,0.672005157315,-0.173005973004,-0.807807651377,-0.114530803390,0.551723143213
1403715346062142976,1.813055383036,3.405403347074,0.671313027753,-0.174662702270,-0.810576892747,-0.112557851414,0.547529699163
1403715346112143104,1.795735184586,3.369319827761,0.672685826546,-0.175386816171,-0.812831127943,-0.112592801268,0.543937389102
1403715346162142976,1.776008971793,3.335215177380,0.671591379602,-0.175521262490,-0.813240284125,-0.112360237262,0.543330197737
1403715346212142848,1.757967506240,3.302986551609,0.670639936478,-0.175949057649,-0.811684071114,-0.112607776403,0.545463460285
1403715346262142976,1.739856365239,3.271584378006,0.672176563966,-0.175795755054,-0.809547854470,-0.113642634182,0.548464652939
1403715346312143104,1.720186497463,3.241600506564,0.670488441255,-0.176937717165,-0.807368126496,-0.113654420174,0.551300666912
1403715346362142976,1.702759001140,3.209054876417,0.670495074427,-0.177645835874,-0.805049117937,-0.114756045930,0.554228224316
1403715346412143104,1.677821066519,3.180035950265,0.671288895671,-0.178066266201,-0.802413249421,-0.115311067261,0.557789153499
1403715346462142976,1.655775756046,3.149881967755,0.671957570917,-0.179147357538,-0.799965488273,-0.116363887778,0.560732456240
1403715346512142848,1.633287343381,3.120742673721,0.671516031001,-0.180687770313,-0.797100013148,-0.116330375917,0.564314400258
1403715346562142976,1.612642102910,3.090615638544,0.677377261742,-0.182837603131,-0.795507890572,-0.116520586757,0.565827323289
1403715346612143104,1.593204580846,3.061487747132,0.678267577453,-0.186405138585,-0.793704591918,-0.115703930165,0.567361212652
1403715346662142976,1.574479805427,3.032374330505,0.680792984838,-0.189399861796,-0.792699870353,-0.116257562825,0.567660802751
1403715346712142848,1.556062387654,3.005008984802,0.679311422204,-0.191693805719,-0.790106534009,-0.116771329094,0.570394255289
1403715346762142976,1.531394682296,2.976847856671,0.692793499636,-0.193038053902,-0.790391841635,-0.118353095450,0.569218403797
1403715346812143104,1.509745586792,2.950178364797,0.696351131889,-0.195346673975,-0.790417762251,-0.119462717968,0.568162034195
1403715346862142976,1.494741360977,2.923390533942,0.691764996088,-0.197884066364,-0.791078271195,-0.121074027867,0.566019562293
1403715346912143104,1.476681878019,2.899159977002,0.690132766474,-0.201233741020,-0.791886163686,-0.119494076504,0.564041178389
1403715346962142976,1.464774965834,2.872578175481,0.692789184629,-0.204973911938,-0.792494560695,-0.118465578084,0.562053354676
1403715347012142848,1.450786399004,2.848193183470,0.695021396638,-0.208372273184,-0.793878387577,-0.117421922568,0.559061887099
1403715347062142976,1.434707893605,2.827197521493,0.693529656971,-0.211004188528,-0.795932699434,-0.116146271645,0.555408330851
1403715347112143104,1.422533412536,2.805581631269,0.694752064437,-0.209600533338,-0.797225533509,-0.118304639908,0.553627200671
1403715347162142976,1.410306309742,2.785817597335,0.692520232126,-0.206398452401,-0.798633015383,-0.119751360380,0.552489454445
1403715347212142848,1.398174894604,2.764687414881,0.695914366809,-0.199799142382,-0.799561559401,-0.122339338157,0.553005155284
1403715347262142976,1.386583167891,2.745483576780,0.696425343802,-0.192219781496,-0.799637141405,-0.122494005172,0.555542272365
1403715347312143104,1.373910712944,2.728201748210,0.693191754210,-0.183248499851,-0.799940605887,-0.120936317608,0.558470609289
1403715347362142976,1.361171418278,2.708016418086,0.697273355062,-0.173696048231,-0.800845843623,-0.119227507162,0.560589349806
1403715347412143104,1.346824461485,2.687327414540,0.705593926911,-0.161274916124,-0.801677981057,-0.118809531537,0.563193671248
1403715347462142976,1.332474148008,2.667250346769,0.707893702887,-0.150180356586,-0.803067527122,-0.115739702570,0.564918338015
1403715347512142848,1.320349963157,2.645528331305,0.710276884313,-0.139228553104,-0.803533419046,-0.114137832552,0.567381714242
1403715347562142976,1.307830713658,2.624882186343,0.712702083905,-0.130124191718,-0.804078053424,-0.112012559106,0.569191852835
1403715347612143104,1.296106449432,2.603124261505,0.718750276485,-0.122387575769,-0.804872543884,-0.109930466148,0.570190110412
1403715347662142976,1.280816069518,2.580069148220,0.729433422235,-0.116393336126,-0.805296180778,-0.106795901784,0.571441412475
1403715347712142848,1.267501568898,2.555974165116,0.734069271326,-0.114425167198,-0.804972857730,-0.100323388373,0.573463858648
1403715347762142976,1.251439746925,2.533789021932,0.736375677230,-0.114192719097,-0.805931010720,-0.091862589332,0.573582159369
1403715347812143104,1.238883978333,2.507293171013,0.739621118211,-0.112154358104,-0.805649188993,-0.085226023336,0.575401867549
1403715347862142976,1.223713982889,2.481250150490,0.741576890978,-0.109734468437,-0.805411284796,-0.076450059387,0.577430859220
1403715347912143104,1.211365105577,2.455650427171,0.740833407935,-0.107520632636,-0.805629257246,-0.066418819360,0.578782648203
1403715347962142976,1.199832381497,2.427120428349,0.747009767520,-0.105399546740,-0.805795266460,-0.054855160255,0.580151562518
1403715348012142848,1.187276698326,2.400479576840,0.750966129028,-0.101827807302,-0.805803413578,-0.042330010556,0.581824824610
1403715348062142976,1.178172527572,2.374368091999,0.754506275191,-0.096299533209,-0.806661420648,-0.031471469151,0.582265660134
1403715348112143104,1.170925522260,2.346828236277,0.761307417579,-0.087558539617,-0.806968440333,-0.022819475740,0.583622060904
1403715348162142976,1.159307942062,2.326327410226,0.763236762787,-0.076720694987,-0.809031559194,-0.012897020972,0.582593801922
1403715348212142848,1.150701266885,2.306874754308,0.758948936211,-0.065545783317,-0.809853750016,-0.003239723169,0.582949533037
1403715348262142976,1.142305743755,2.286091669869,0.761680260110,-0.052290950840,-0.812583077317,0.003871962849,0.580482046942
1403715348312143104,1.134055492096,2.269284020429,0.761840756853,-0.039536947046,-0.814481248015,0.011217407097,0.578732491077
1403715348362142976,1.127176487145,2.251699084965,0.765754819911,-0.028334693297,-0.816713473901,0.017399524347,0.576084632026
1403715348412143104,1.119992633424,2.238247933025,0.764694590333,-0.018111910373,-0.818107430338,0.021973733005,0.574359944796
1403715348462142976,1.110186849593,2.227092104111,0.765152659614,-0.010492907231,-0.820863508694,0.026678255295,0.570404479021
1403715348512142848,1.100962322715,2.218150895837,0.756822061294,-0.003787390972,-0.821852899674,0.030364875732,0.568877351710
1403715348562142976,1.090565678201,2.209319778566,0.747583673969,0.001315356684,-0.822143366861,0.033550407235,0.568289472309
1403715348612143104,1.081913337660,2.201422477442,0.731485061814,0.003982939802,-0.820728977218,0.037273999227,0.570086599674
1403715348662142976,1.073539314289,2.194672655013,0.712868186741,0.004052359676,-0.818622170805,0.042641385176,0.572732950090
1403715348712142848,1.064587110532,2.189608099607,0.696947738875,0.004347711051,-0.817196561360,0.046690966438,0.574448284150
1403715348762142976,1.053299134603,2.186555369689,0.681945582847,0.004732553836,-0.816919170824,0.050996202141,0.574473723195
1403715348812143104,1.039371412172,2.185101681971,0.666763907263,0.007633657838,-0.816251372669,0.054491995711,0.575070470715
1403715348862142976,1.026408121560,2.183630172148,0.653712870029,0.011155411316,-0.815736797151,0.057673643979,0.575432694033
1403715348912143104,1.015807213355,2.183942390996,0.638668775813,0.014110886032,-0.815493647605,0.060722964213,0.575398744549
1403715348962142976,1.006796216188,2.186627356668,0.622345356380,0.017365710346,-0.815621638160,0.063058806239,0.574876823699
1403715349012142848,1.000223860174,2.192122141963,0.598818934320,0.020949203834,-0.813305915356,0.064390638908,0.577882742888
1403715349062142976,0.989084278162,2.197937804172,0.588490586155,0.025722471432,-0.812974058506,0.063606568437,0.578243667593
1403715349112143104,0.978757379760,2.205128786094,0.578069861450,0.031887075779,-0.812201304911,0.061804098309,0.579217151103
1403715349162142976,0.967826217869,2.215418346356,0.561888185569,0.036684297743,-0.810574659165,0.062956619967,0.581084716905
1403715349212142848,0.958948856681,2.225222589557,0.548721947105,0.041331336697,-0.808753278933,0.062688211754,0.583335274546
1403715349262142976,0.950183766341,2.236770590106,0.536020909365,0.044881540318,-0.807233283774,0.063752126446,0.585060457799
1403715349312143104,0.942447429697,2.249096920916,0.524914103233,0.047464002100,-0.804764283479,0.065485442504,0.588058902969
1403715349362142976,0.933639456863,2.261525027260,0.520250242626,0.051358384788,-0.804096101386,0.064456730083,0.588758954067
1403715349412143104,0.926533776292,2.275266273036,0.511595215452,0.054636979558,-0.802710911650,0.062544422416,0.590557523031
1403715349462142976,0.919325604799,2.291527352096,0.497895962889,0.057577746924,-0.801486611557,0.060562333194,0.592145436824
1403715349512142848,0.913667690020,2.307428899316,0.486938436902,0.060223748560,-0.800944897603,0.057375100293,0.592932094746
1403715349562142976,0.907430096999,2.325057155660,0.473234136077,0.062705969583,-0.802520500408,0.056257194324,0.590647048490
1403715349612143104,0.903169749853,2.342621431957,0.459392191335,0.066831352890,-0.803190733681,0.056016374856,0.589304998576
1403715349662142976,0.901255222376,2.359887692238,0.443984454233,0.070652386753,-0.803515438010,0.057878353097,0.588235732821
1403715349712142848,0.900318001516,2.377507563095,0.423400260497,0.074735281762,-0.803615749923,0.062097346143,0.587162910731
1403715349762142976,0.897705418667,2.394947551144,0.410375039891,0.080075395442,-0.804107646734,0.067025884263,0.585240424396
1403715349812143104,0.897760696543,2.411252566722,0.400579387104,0.084969894430,-0.805467378671,0.073911500083,0.581841481070
1403715349862142976,0.898007278056,2.428298179878,0.391604938519,0.091423346626,-0.805046594163,0.080938981871,0.580508944059
1403715349912143104,0.899068301753,2.444679383221,0.380075080393,0.098950475021,-0.804428983806,0.087096758353,0.579238265475
1403715349962142976,0.901018348723,2.460582087759,0.373071563463,0.107131654175,-0.804459924082,0.093151592880,0.576792701032
1403715350012142848,0.902022956169,2.477470923781,0.365612505104,0.116245754984,-0.804103748031,0.097619943923,0.574782074702
1403715350062142976,0.905437249915,2.494751499655,0.359924490480,0.124116860202,-0.803777656497,0.100697960833,0.573058814272
1403715350112143104,0.908415695545,2.513560141305,0.353193343868,0.131624002888,-0.805884621189,0.102466621047,0.568089509466
1403715350162142976,0.910915391062,2.533714902097,0.338094484269,0.137253641523,-0.806506724485,0.105262079991,0.565356733192
1403715350212142848,0.913177308018,2.552779640534,0.329553773847,0.143406156304,-0.807837271662,0.104684103238,0.562027450734
1403715350262142976,0.915587714086,2.571028164742,0.324625969882,0.149390607287,-0.811801880747,0.101641250660,0.555273994559
1403715350312143104,0.915115203098,2.590624553447,0.310879723760,0.154919410049,-0.813351846601,0.098744845855,0.552003809260
1403715350362142976,0.913728369039,2.608491259268,0.302213499552,0.158785940619,-0.816218563958,0.095730467010,0.547183660755
1403715350412143104,0.912206906714,2.625558598936,0.287367402308,0.162587394522,-0.817161825063,0.091610258540,0.545361761891
1403715350462142976,0.908349548886,2.640569076910,0.281188792829,0.165980663443,-0.818671067703,0.087096524688,0.542809632980
1403715350512142848,0.904942951944,2.653546408842,0.269332194946,0.168082562248,-0.818733968212,0.082989827055,0.542711369117
1403715350562142976,0.898254195836,2.665794338462,0.259419343730,0.168966897018,-0.819419140141,0.080752158614,0.541739374018
1403715350612143104,0.892504337594,2.675327257547,0.247850770788,0.167476533315,-0.819706863851,0.080640953159,0.541783448269
1403715350662142976,0.885883873245,2.682797379804,0.237440847316,0.165411561565,-0.819797870378,0.081656029857,0.542127992094
1403715350712142848,0.878031496700,2.687147016185,0.230331568938,0.162597262111,-0.820030046910,0.083758114005,0.542307505810
1403715350762142976,0.866513777686,2.691220979154,0.221712511120,0.160248740843,-0.820129606592,0.086545322297,0.542418359422
1403715350812143104,0.858048071691,2.691971982135,0.216833432710,0.158809379981,-0.819132921858,0.087540164106,0.544185222903
1403715350862142976,0.845953252670,2.692342564340,0.211999865214,0.159380838128,-0.817424118058,0.086815444386,0.546697940614
1403715350912143104,0.834174472701,2.690939944532,0.209561327949,0.161032646598,-0.816565534538,0.084647206704,0.547835801068
1403715350962142976,0.821233619916,2.688698945734,0.201599781517,0.162358881616,-0.814555068864,0.083434485411,0.550616309233
1403715351012142848,0.807023262313,2.684444103546,0.196410086587,0.164006016245,-0.813308815877,0.082315198760,0.552136762683
1403715351062142976,0.794904107154,2.677657888627,0.189465645520,0.164627791765,-0.812674011486,0.081987626336,0.552934598629
1403715351112143104,0.777718102031,2.670318275601,0.187727894709,0.166067163978,-0.812015326432,0.081734825172,0.553509010805
1403715351162142976,0.763210626547,2.660363415007,0.179982520860,0.165205774469,-0.811712054153,0.084000213708,0.553872329442
1403715351212142848,0.748797997934,2.647387073009,0.178765661327,0.164706153096,-0.812420308598,0.085574585463,0.552740550017
1403715351262142976,0.733718458490,2.633478359977,0.178089604259,0.164498829540,-0.812759894259,0.086808657494,0.552110266476
1403715351312143104,0.719671168766,2.618045983909,0.170267269182,0.162364435071,-0.809737114334,0.090424206804,0.556585176517
1403715351362142976,0.703512590059,2.601607016646,0.168445297656,0.161698670846,-0.808072743936,0.091911962176,0.558949167245
1403715351412143104,0.686595961132,2.583298287095,0.171008989826,0.161226777141,-0.805407910010,0.092878013505,0.562759006532
1403715351462142976,0.668457255216,2.563934922208,0.176784631947,0.160842384671,-0.805120285970,0.093022838605,0.563256428202
1403715351512142848,0.650965168032,2.544032512144,0.179853405020,0.160799539645,-0.804037858949,0.092812913320,0.564847229388
1403715351562142976,0.635624840420,2.523353616246,0.179088272316,0.160468379106,-0.799908422625,0.092926269896,0.570754871274
1403715351612143104,0.618105144461,2.501320691520,0.191370001763,0.160704865318,-0.796793626541,0.092592179362,0.575083082074
1403715351662142976,0.604369750001,2.476975953815,0.201656972863,0.161566648927,-0.795425286619,0.091965073992,0.576833820547
1403715351712142848,0.589632979670,2.453502722682,0.197813291328,0.163472069785,-0.793922208980,0.093173868579,0.578172153171
1403715351762142976,0.578004583330,2.428808067415,0.194342552811,0.165991389236,-0.793831371263,0.095406423418,0.577214195138
1403715351812143104,0.565999953846,2.401028557425,0.193207511535,0.168672290988,-0.793668776705,0.100546019361,0.575786444029
1403715351862142976,0.556177189819,2.371907174377,0.198751383605,0.172142542019,-0.794718109934,0.106533544246,0.572224322203
1403715351912143104,0.547589339823,2.342680118949,0.204286347010,0.176202998600,-0.795160249067,0.113576229622,0.569010651617
1403715351962142976,0.541202639793,2.313127291434,0.207867604676,0.179601492488,-0.795524474187,0.122606302449,0.565554426616
1403715352012142848,0.535311182004,2.283851367743,0.214847430189,0.184760149982,-0.795325269795,0.130805520431,0.562326700442
1403715352062142976,0.528223484710,2.254848725452,0.222248542653,0.190072703645,-0.795474078709,0.139509555691,0.558238695633
1403715352112143104,0.522535503751,2.225309488106,0.230099115149,0.196255552996,-0.794577359243,0.144867821186,0.556007097510
1403715352162142976,0.517357659083,2.196826459329,0.230362191917,0.199766359934,-0.793014273042,0.152378513202,0.554979777023
1403715352212142848,0.510269573620,2.168989103036,0.233028948094,0.202888870960,-0.791271273324,0.159015833820,0.554472580610
1403715352262142976,0.500326874265,2.141650672139,0.241404647392,0.206747105194,-0.791312186100,0.162601748847,0.551943230682
1403715352312143104,0.493489686824,2.114648068761,0.246031173999,0.209180509636,-0.791806317987,0.165853620639,0.549344013989
1403715352362142976,0.486409070694,2.086720513635,0.255500035583,0.211982136934,-0.792160898277,0.167022530011,0.547401278159
1403715352412143104,0.476096494821,2.060901164236,0.259585465798,0.210782263971,-0.792593998727,0.173403235468,0.545249400098
1403715352462142976,0.466238090936,2.036078939797,0.265699249811,0.208149458431,-0.792837820626,0.181256846765,0.543348827772
1403715352512142848,0.456310754444,2.011977861196,0.268350655704,0.205306065722,-0.791881567828,0.188264054245,0.543442405220
1403715352562142976,0.445529884838,1.987577521015,0.275511385031,0.205842835922,-0.791443904135,0.189547622287,0.543430742959
1403715352612143104,0.433553698002,1.965178907095,0.282338108045,0.209476652200,-0.790189478479,0.186185792347,0.545027495647
1403715352662142976,0.420922303934,1.945870059488,0.282432173816,0.212133860305,-0.788809346287,0.184118638125,0.546698607660
1403715352712142848,0.408554722623,1.927285712244,0.283082133205,0.214844917503,-0.785714618049,0.181707673882,0.550887031668
1403715352762142976,0.396416606285,1.909252628075,0.282491872458,0.217567785937,-0.782591822902,0.178134135255,0.555412033635
1403715352812143104,0.383437154285,1.892053153222,0.286373622137,0.219509681426,-0.780208049901,0.175932187647,0.558693801630
1403715352862142976,0.372554082651,1.875921507607,0.288405055924,0.220720120846,-0.778643920420,0.174114834654,0.560963722357
1403715352912143104,0.359501395739,1.860684925302,0.291612710321,0.223337280415,-0.777357780425,0.171497940964,0.562515596792
1403715352962142976,0.347918755169,1.846554478231,0.290832501413,0.222763323920,-0.776290284893,0.173135157351,0.563714566413
1403715353012142848,0.339201448855,1.831828622935,0.293184472869,0.220812355581,-0.776678181953,0.175620150454,0.563178895251
1403715353062142976,0.328881797279,1.817865571441,0.294648631064,0.221547047224,-0.776078525470,0.175972287130,0.563606939571
1403715353112143104,0.320554809192,1.804254792892,0.295426684373,0.222926305620,-0.775669921924,0.175158375204,0.563879045612
1403715353162142976,0.312383379983,1.791310449197,0.302571460760,0.224295339657,-0.776970752054,0.174321198492,0.561800828424
1403715353212142848,0.304295535998,1.780251271717,0.307697750550,0.225563602445,-0.776763775774,0.174553229335,0.561507139783
1403715353262142976,0.298099641497,1.769849311576,0.317874957195,0.226570409337,-0.777116285326,0.175100803478,0.560442537032
1403715353312143104,0.292290052977,1.759753401467,0.332638333869,0.228096976240,-0.777753842403,0.175309273177,0.558871531567
1403715353362142976,0.286812522176,1.750357829156,0.347037732679,0.230065190899,-0.778018857043,0.175653968118,0.557586181237
1403715353412143104,0.281579446619,1.741083706741,0.359859831071,0.233440360936,-0.777689745463,0.174425701509,0.557027766221
1403715353462142976,0.276561412332,1.732451156350,0.366789272306,0.235730763846,-0.776953565619,0.174470226392,0.557076569200
1403715353512142848,0.272337781969,1.723747810747,0.370186081478,0.237745894023,-0.776635595968,0.174321686090,0.556709970011
1403715353562142976,0.267472744212,1.715936902282,0.368010389266,0.239690773814,-0.776176597174,0.174225471744,0.556546231632
1403715353612143104,0.262568222475,1.707801643488,0.364540233026,0.241354079033,-0.776116387496,0.175080641038,0.555642268666
1403715353662142976,0.257817745858,1.699531025258,0.361274514187,0.244205529049,-0.775515156764,0.174278177651,0.555488089887
1403715353712142848,0.256408832516,1.691126406623,0.355263146136,0.245519889890,-0.775269885709,0.173800451115,0.555400748265
1403715353762142976,0.253466579511,1.682740173554,0.349986582091,0.247503125729,-0.774675316902,0.173875823788,0.555326529204
1403715353812143104,0.251135440544,1.674400004469,0.342027613641,0.249645971719,-0.773275703665,0.173530449621,0.556424979652
1403715353862142976,0.248885702490,1.666377347712,0.333738092941,0.250276755737,-0.773084160819,0.174579197565,0.556079607257
1403715353912143104,0.248134263500,1.658022413626,0.326790920579,0.250841446512,-0.772666893152,0.175470589624,0.556124548205
1403715353962142976,0.247233435669,1.650016110172,0.318720862955,0.251711613948,-0.773072442443,0.176321877778,0.554897159441
1403715354012142848,0.248142875395,1.642332252128,0.306564663551,0.252098965534,-0.772669574382,0.177673477976,0.554851309473
1403715354062142976,0.247374222393,1.634102973053,0.296830468888,0.251193003981,-0.774747692114,0.180885518021,0.551315261611
1403715354112143104,0.247808336702,1.625433969856,0.287390507388,0.248315558212,-0.776472099446,0.187073496533,0.548118572233
1403715354162142976,0.249213128841,1.616907990207,0.280346025335,0.245135883265,-0.778658557670,0.192743262348,0.544471564109
1403715354212142848,0.250152140576,1.609158934732,0.272100577875,0.243205478726,-0.780067922849,0.197120861858,0.541745786028
1403715354262142976,0.250203154130,1.602175404734,0.265103620316,0.242715320069,-0.781966317911,0.198625729837,0.538670372774
1403715354312143104,0.249629617026,1.596063182348,0.256267430855,0.243864597496,-0.782008426607,0.197803129384,0.538392794166
1403715354362142976,0.247757153328,1.591148300674,0.246031039635,0.246097300119,-0.782376395241,0.195206487402,0.537789663642
1403715354412143104,0.244609146378,1.585807597461,0.241505840879,0.250060800678,-0.782973053384,0.190050097948,0.536939246013
1403715354462142976,0.240967378408,1.581629135742,0.232500846601,0.253260623614,-0.782742384762,0.186429022636,0.537045282209
1403715354512142848,0.237883406373,1.578084947879,0.221368575084,0.255454196011,-0.781909833057,0.183881307336,0.538096489043
1403715354562142976,0.234560222427,1.573735484440,0.214842339207,0.256454334040,-0.782008574401,0.182463147961,0.537960001999
1403715354612143104,0.230404326573,1.569371059359,0.210568345739,0.256355431117,-0.781681392903,0.182478461858,0.538477208324
1403715354662142976,0.226048023055,1.564925564098,0.206935947390,0.256239628249,-0.781169338235,0.182236005183,0.539356798726
1403715354712142848,0.219300997030,1.560718936346,0.206155528651,0.255918816979,-0.780786971819,0.183045495015,0.539788486824
1403715354762142976,0.213445285646,1.556133354303,0.209226343408,0.254620396318,-0.781267227777,0.183782636214,0.539457055943
1403715354812143104,0.207651504320,1.551038430016,0.218888459946,0.253797339480,-0.782562391565,0.184179466322,0.537829841090
1403715354862142976,0.199545178102,1.547718651087,0.223946192979,0.252671580505,-0.782579111828,0.186102813739,0.537673459317
1403715354912143104,0.192326248494,1.543405246825,0.235127529234,0.250660474158,-0.782364095207,0.190008740292,0.537561557256
1403715354962142976,0.185592682446,1.539211453763,0.248913151390,0.249520970879,-0.781646670643,0.192709348068,0.538173647192
1403715355012142848,0.178096728550,1.535269536643,0.262221548632,0.248275686368,-0.780498183583,0.196073877656,0.539200151597
1403715355062142976,0.169919893676,1.529953456092,0.279958164360,0.249869180682,-0.780253160949,0.195439912641,0.539048827029
1403715355112143104,0.160583688307,1.525675554537,0.294476897060,0.253163612539,-0.779490503027,0.194452675346,0.538972075369
1403715355162142976,0.153348657307,1.521658848760,0.305621563090,0.256299716452,-0.778427612993,0.195537497090,0.538633450417
1403715355212142848,0.144907461039,1.517474335934,0.318343574356,0.261070488661,-0.777644404110,0.198095729930,0.536534679671
1403715355262142976,0.136478789558,1.512974409066,0.332262745790,0.268074842540,-0.775744984206,0.200152308290,0.535065091145
1403715355312143104,0.127972508448,1.509008769215,0.343055017881,0.276233776781,-0.773376365438,0.202692630393,0.533385034972
1403715355362142976,0.118367802171,1.504817471471,0.352096356883,0.285427958658,-0.770047136905,0.206456119988,0.531915555215
1403715355412143104,0.108033247864,1.501219437043,0.359866606686,0.293886447782,-0.766376160280,0.212617454749,0.530181247028
1403715355462142976,0.099837497363,1.496984497640,0.368884804662,0.302152880176,-0.762533970954,0.219935693401,0.528085098171
1403715355512142848,0.089857573818,1.492534868642,0.378711127327,0.311551788108,-0.757289806100,0.227045960209,0.527160094143
1403715355562142976,0.079867039679,1.487986923319,0.389802817921,0.320870115806,-0.752949236165,0.234121260369,0.524687575596
1403715355612143104,0.071489830079,1.484262569954,0.397863986145,0.329621981543,-0.748295709737,0.241566325658,0.522540515540
1403715355662142976,0.062197626341,1.480073454765,0.408976966559,0.339875267600,-0.743813028955,0.245724425427,0.520429137520
1403715355712142848,0.051966044370,1.476539798783,0.417781526906,0.348175774655,-0.739981477085,0.249916642027,0.518404008040
1403715355762142976,0.042700248736,1.473386405246,0.424129241254,0.354902387709,-0.736721614529,0.253097639321,0.516940173380
1403715355812143104,0.031497671971,1.470247144541,0.430914403562,0.361152052964,-0.734494383061,0.255212791254,0.514736463709
1403715355862142976,0.022676795140,1.466736953651,0.437912030205,0.365718983032,-0.733379058631,0.256248909540,0.512582947600
1403715355912143104,0.013185826755,1.462688499013,0.445697559263,0.369481055842,-0.732331357926,0.256692852537,0.511158792382
1403715355962142976,0.002360596372,1.459660209564,0.449562183656,0.373161501771,-0.730900797228,0.256373896224,0.510692611599
1403715356012142848,-0.006372209931,1.456785748182,0.453018204025,0.375587441854,-0.729387377430,0.255250808410,0.511639670054
1403715356062142976,-0.013624575441,1.453137453331,0.460546027261,0.378459540099,-0.728757568321,0.251233448824,0.512408564834
1403715356112143104,-0.021767651883,1.449711142352,0.465639883834,0.380586724350,-0.728299824304,0.246734086334,0.513668571948
1403715356162142976,-0.030172486035,1.446313876371,0.468772444409,0.381693382346,-0.727823206255,0.242555127580,0.515509992526
1403715356212142848,-0.039517778367,1.441573010846,0.474334841195,0.381763271594,-0.727686234114,0.238955398609,0.517329553204
1403715356262142976,-0.046425145544,1.434638346395,0.482057243864,0.380813935630,-0.728655200216,0.235157410620,0.518404608253
1403715356312143104,-0.053061260208,1.429592792241,0.484608294873,0.378902413158,-0.729939069138,0.232684935942,0.519114281478
1403715356362142976,-0.058658429160,1.421029780408,0.490577260198,0.377006874875,-0.733479855905,0.229694530332,0.516830281635
1403715356412143104,-0.061968940526,1.411722755506,0.491928429940,0.374781006660,-0.735716866098,0.227577467860,0.516205759469
1403715356462142976,-0.067299200988,1.399908685616,0.495937167203,0.370875404140,-0.740057352180,0.227686126881,0.512762691422
1403715356512142848,-0.072318777882,1.388711543420,0.494161777671,0.364943583382,-0.743325461155,0.232279261827,0.510225228965
1403715356562142976,-0.074539131676,1.374939462787,0.495071809133,0.360685595240,-0.745494513345,0.235116054915,0.508787060252
1403715356612143104,-0.077506261556,1.359946182781,0.496443227894,0.357954131638,-0.746958215438,0.238690106440,0.506901664153
1403715356662142976,-0.079898098355,1.345104741174,0.495535511189,0.356672761609,-0.745976676399,0.243510803984,0.506957422017
1403715356712142848,-0.083960430735,1.327904683709,0.496408493453,0.357667377687,-0.745429400817,0.247560302193,0.505096972981
1403715356762142976,-0.088254863433,1.311139067881,0.494616712947,0.359593944907,-0.743534587475,0.252916070568,0.503867019424
1403715356812143104,-0.090821140239,1.292656882688,0.496391029098,0.363494387318,-0.740494117402,0.257346990137,0.503301916496
1403715356862142976,-0.096722617757,1.273443281356,0.500199563229,-0.369967784791,0.738683008389,-0.261204971650,-0.499242640526
1403715356912143104,-0.104478185791,1.255113533314,0.501850512961,-0.375986395079,0.735784337376,-0.268412930777,-0.495186972950
1403715356962142976,-0.109358616517,1.236582969416,0.508077730963,-0.382608118992,0.732101632445,-0.275806777894,-0.491496539480
1403715357012142848,-0.116472055102,1.215623001021,0.516518838624,-0.392353118095,0.726379372052,-0.281497589618,-0.489071718276
1403715357062142976,-0.125299197451,1.195746741762,0.519776983145,-0.401216636978,0.720943308253,-0.289555327067,-0.485204770241
1403715357112143104,-0.134557413105,1.177412342812,0.518130482769,-0.410019121594,0.712980801353,-0.297904667379,-0.484557020363
1403715357162142976,-0.146027325619,1.156889072595,0.517348251008,-0.419565006248,0.705514448629,-0.304825882731,-0.483006987035
1403715357212142848,-0.159288092676,1.134564638988,0.522620383952,-0.428818159270,0.699564368356,-0.310123961562,-0.480153943305
1403715357262142976,-0.170859400287,1.113178996087,0.529027838716,-0.437355267703,0.692505220556,-0.313136108965,-0.480731387135
1403715357312143104,-0.184612307680,1.094814377164,0.536436361028,-0.443988829595,0.687525000841,-0.315097345423,-0.480517382954
1403715357362142976,-0.197666683042,1.076661567351,0.545649328077,-0.450162400202,0.682678810688,-0.315694143090,-0.481290622078
1403715357412143104,-0.209926140710,1.058847945697,0.553766138432,-0.454048656750,0.679270748563,-0.317075077559,-0.481554215683
1403715357462142976,-0.222703949580,1.041056353864,0.563168347946,-0.458050203992,0.676139231164,-0.316802284507,-0.482350560521
1403715357512142848,-0.237026768187,1.023116931134,0.570700982738,-0.461700216080,0.674489352247,-0.316650302546,-0.481279139454
1403715357562142976,-0.249107313693,1.004661168254,0.576639570805,-0.464434538296,0.673495074763,-0.315678158817,-0.480678940617
1403715357612143104,-0.262024716314,0.985343455137,0.583399217945,-0.467137732526,0.673113208005,-0.314388328133,-0.479438136983
1403715357662142976,-0.273509712040,0.964386015387,0.591997609250,-0.469826430775,0.672246354143,-0.312368791966,-0.479347162391
1403715357712142848,-0.284454633141,0.945223232651,0.598479147545,-0.470937988699,0.669507344642,-0.312509902983,-0.481990546388
1403715357762142976,-0.293934194892,0.925154716131,0.605327316860,-0.472680537146,0.667890217754,-0.310809605082,-0.483625016123
1403715357812143104,-0.303665495729,0.905581444703,0.610140797443,-0.474962477668,0.664849222446,-0.309086329818,-0.486674220542
1403715357862142976,-0.311745901284,0.884665109265,0.613580583336,-0.477911206517,0.662099292459,-0.305642911875,-0.489701762333
1403715357912143104,-0.320108134631,0.862515171618,0.616226425394,-0.479302222661,0.661878029792,-0.303416999842,-0.490025486314
1403715357962142976,-0.326907264713,0.837774545309,0.619072809744,-0.481419792492,0.662663747363,-0.300608934205,-0.488616424207
1403715358012142848,-0.331709460166,0.814402458824,0.619616747636,-0.482410966566,0.663436283056,-0.299178192555,-0.487467298146
1403715358062142976,-0.333399198628,0.791119122354,0.619913310602,-0.482967336136,0.664134054833,-0.297734501450,-0.486849746927
1403715358112143104,-0.333947374913,0.767009996600,0.618273544143,-0.481881927064,0.665097525731,-0.299320144316,-0.485636222745
1403715358162142976,-0.333435719667,0.739483583537,0.618751222230,-0.480137415524,0.667130474649,-0.301258244397,-0.483371970839
1403715358212142848,-0.332220121557,0.710065610163,0.619787963614,-0.477240598371,0.672186287603,-0.303103303660,-0.478053755696
1403715358262142976,-0.328986745817,0.684339417367,0.618436047427,-0.474806568327,0.673172921445,-0.306583225131,-0.476868605147
1403715358312143104,-0.326973139650,0.655112952026,0.617719497974,-0.474506965634,0.674492030133,-0.307713909997,-0.474569057615
1403715358362142976,-0.323277780936,0.623832277804,0.616112490448,-0.476142897957,0.674205377538,-0.306669118386,-0.474013819896
1403715358412143104,-0.319814141368,0.591243037295,0.614252305701,-0.479501560309,0.672041516125,-0.305139422593,-0.474687673155
1403715358462142976,-0.316674717747,0.558253001367,0.613184389079,-0.483300869728,0.668770554728,-0.305866406685,-0.474986268971
1403715358512142848,-0.312122924170,0.522963324146,0.612795784262,-0.487180764024,0.664095317311,-0.307408825237,-0.476583808849
1403715358562142976,-0.306519680805,0.488534269146,0.609994319910,-0.490422997051,0.659064607000,-0.310153141354,-0.478460193403
1403715358612143104,-0.301662705097,0.453768750910,0.608534201012,-0.493261567594,0.654656882882,-0.314128213308,-0.478999850975
1403715358662142976,-0.296051597290,0.418346668189,0.607063490695,-0.494404560219,0.650440382443,-0.321445728260,-0.478710855846
1403715358712142848,-0.287598138215,0.380909759422,0.604661162443,-0.493722384168,0.647122684217,-0.331683201069,-0.476924200552
1403715358762142976,-0.279177347539,0.343622301975,0.600765595332,-0.493090356019,0.644374018388,-0.341421172154,-0.474421340616
1403715358812143104,-0.270113329340,0.306844455984,0.598887228512,-0.493587171926,0.641221580436,-0.349226406920,-0.472490746156
1403715358862142976,-0.260408207432,0.271061610732,0.594412964435,-0.493429770445,0.638611428145,-0.356605718562,-0.470674905822
1403715358912143104,-0.251652722372,0.234450263887,0.591717333575,-0.493677846302,0.635672421309,-0.362239340956,-0.470090860070
1403715358962142976,-0.242662188865,0.198140724499,0.588510718441,-0.495596399761,0.633523473079,-0.365569031367,-0.468392464614
1403715359012142848,-0.233486002077,0.162732168069,0.584006604970,-0.497050603779,0.633768483008,-0.368150850623,-0.464481601803
1403715359062142976,-0.224058826051,0.130820869992,0.577990956793,-0.499536117117,0.633174072662,-0.369335309801,-0.461677041165
1403715359112143104,-0.214537486770,0.099791953570,0.572093163217,-0.501286495064,0.632297867037,-0.369683941973,-0.460700597193
1403715359162142976,-0.205432927692,0.070135473712,0.565736489303,-0.502205998507,0.630717468632,-0.370488441543,-0.461218955062
1403715359212142848,-0.197699818334,0.042034404808,0.559831134726,-0.502081726202,0.629081643357,-0.372625171008,-0.461866547973
1403715359262142976,-0.188646415582,0.014876649839,0.555402425303,-0.502948193639,0.627538440021,-0.372375566041,-0.463222472067
1403715359312143104,-0.179839612398,-0.010099448058,0.551345518956,-0.504321355733,0.626369327342,-0.370494113908,-0.464817757273
1403715359362142976,-0.171048115959,-0.033887402863,0.547686556451,-0.505526786833,0.626146290269,-0.368032105262,-0.465763738900
1403715359412143104,-0.162612635559,-0.054825569907,0.543056044856,-0.506715182453,0.624026946164,-0.366153634010,-0.468787383187
1403715359462142976,-0.153202408067,-0.076177677594,0.539445117278,-0.507574132681,0.622895077168,-0.362800391843,-0.471959848240
1403715359512142848,-0.142469130810,-0.097041210312,0.537166076033,-0.508512534636,0.621810258772,-0.359809231072,-0.474662323594
1403715359562142976,-0.132961094831,-0.117044717924,0.534103110030,-0.508688088045,0.620686730354,-0.358558979051,-0.476885594651
1403715359612143104,-0.121025096815,-0.137190138855,0.532909761974,-0.507935641680,0.621267730688,-0.358193123408,-0.477205906355
1403715359662142976,-0.108674886912,-0.156382043198,0.530734336127,-0.507088463292,0.622374456300,-0.359000032864,-0.476057037491
1403715359712142848,-0.095762749349,-0.173136933132,0.527886620110,-0.505634838273,0.623918201736,-0.360429862754,-0.474499527821
1403715359762142976,-0.080844121986,-0.190260086618,0.526726632389,-0.505097959504,0.626381503277,-0.359970777240,-0.472168723223
1403715359812143104,-0.065447074531,-0.204876659841,0.526980082058,-0.503449373899,0.627120886478,-0.362124918853,-0.471299973276
1403715359862142976,-0.049067849626,-0.220369110847,0.529263170050,-0.503706788464,0.628937446340,-0.361261295997,-0.469262651252
1403715359912143104,-0.031872944390,-0.234556311230,0.530940616353,-0.503815447030,0.631125170153,-0.361573210059,-0.465956895754
1403715359962142976,-0.015282515223,-0.246228699194,0.532421898161,-0.502129401515,0.634089839765,-0.364202774853,-0.461684392231
1403715360012142848,0.003376640131,-0.257651012449,0.533781764711,-0.502720400470,0.635009480511,-0.363873633957,-0.460033843454
1403715360062142976,0.022011202076,-0.269873816882,0.535866076563,-0.503614478801,0.635851160268,-0.363374638354,-0.458284443254
1403715360112143104,0.041154003882,-0.280689424123,0.538370513931,-0.504379029473,0.636087730655,-0.362884344370,-0.457503165179
1403715360162142976,0.058804499502,-0.291819685602,0.540554865293,-0.504976368736,0.635991886422,-0.362166663533,-0.457546167342
1403715360212142848,0.076749125752,-0.302771293886,0.543149625508,-0.506020436183,0.635549075670,-0.361480938275,-0.457550239694
1403715360262142976,0.093430665177,-0.314039001095,0.545206019981,-0.505488043860,0.636593915532,-0.360772693245,-0.457245107170
1403715360312143104,0.110018013785,-0.324563165523,0.547346908827,-0.503427327606,0.638710654077,-0.360894312024,-0.456470066639
1403715360362142976,0.125915045302,-0.333612327957,0.549555008202,-0.498379384551,0.642525339717,-0.363304706356,-0.454740439389
1403715360412143104,0.141231857433,-0.342471771340,0.552252833737,-0.491891783233,0.647704995688,-0.365375352782,-0.452793069435
1403715360462142976,0.155029696590,-0.350963954514,0.553373978841,-0.484501050180,0.653819664413,-0.366748929560,-0.450858959618
1403715360512142848,0.168036883916,-0.358129980823,0.553868908230,-0.475905998413,0.659500018385,-0.367841531160,-0.450850101894
1403715360562142976,0.180019712666,-0.364620834773,0.551753322191,-0.467275128389,0.664966452630,-0.367344519160,-0.452251672754
1403715360612143104,0.188999093625,-0.370751000825,0.552911888785,-0.459080904991,0.670548526601,-0.364100577998,-0.455016664801
1403715360662142976,0.196039310246,-0.375598461088,0.554197647976,-0.451368432308,0.674965172607,-0.358893077592,-0.460308932066
1403715360712142848,0.200611867463,-0.379418671227,0.557623961086,-0.443632891914,0.679753082073,-0.352591762626,-0.465622866227
1403715360762142976,0.205118560706,-0.382625479792,0.559468485272,-0.438243526076,0.683667088782,-0.342722661999,-0.472316737499
1403715360812143104,0.206880811480,-0.384892370476,0.560764530556,-0.431488131102,0.688383805987,-0.332506302695,-0.478941840980
1403715360862142976,0.209620090542,-0.387805555563,0.561604975044,-0.424869000072,0.693435748381,-0.320860158086,-0.485470858650
1403715360912143104,0.210480626992,-0.389459014956,0.563046945885,-0.416820575004,0.697723322043,-0.310780214036,-0.492806688970
1403715360962142976,0.211055563252,-0.390068144860,0.568600336171,-0.408323017081,0.702669762644,-0.301611840155,-0.498555730352
1403715361012142848,0.212322755975,-0.391605209619,0.575642975652,0.398863415884,-0.708281070352,0.292401291693,0.503733446841
1403715361062142976,0.214079994917,-0.393566475510,0.582213187637,0.389289615448,-0.714295896239,0.282678317493,0.508259713866
1403715361112143104,0.215648475557,-0.393510400004,0.587508704612,0.378952448478,-0.720229527645,0.274779319399,0.512016401038
1403715361162142976,0.216529946781,-0.393562919694,0.591996129927,0.368255530341,-0.726262249747,0.266326058597,0.515753273841
1403715361212142848,0.216326173392,-0.394037270262,0.596792038989,0.358529040702,-0.732091910780,0.256620541450,0.519272817361
1403715361262142976,0.215652250268,-0.393197576729,0.600753556588,0.348224987945,-0.737280512873,0.248356599708,0.522949139487
1403715361312143104,0.216168110275,-0.393214869859,0.604694177231,0.338231823737,-0.742031922683,0.239942933453,0.526702238288
1403715361362142976,0.217522314763,-0.393850882535,0.609549110359,0.328429402027,-0.746304157179,0.230926386178,0.530883449571
1403715361412143104,0.218405658132,-0.394470383434,0.614516381848,0.317742514407,-0.750700380699,0.223251890047,0.534459752037
1403715361462142976,0.220249215662,-0.397882993150,0.617449602685,0.307567299878,-0.755236494420,0.215634734106,0.537142304226
1403715361512142848,0.222279704767,-0.401092910416,0.619124692312,0.298653760481,-0.758341001479,0.209245136560,0.540315953542
1403715361562142976,0.225211743324,-0.406260727599,0.619549487106,0.291541511903,-0.761547535369,0.202488608018,0.542261248693
1403715361612143104,0.227778706698,-0.412611382794,0.620335265542,0.286286472867,-0.764613101680,0.195367584272,0.543358415053
1403715361662142976,0.231207901464,-0.417300817187,0.621411510449,0.280619528811,-0.766787630515,0.191376846873,0.544668993260
1403715361712142848,0.233831750739,-0.422802603148,0.620249926607,0.274862032974,-0.769728891828,0.187768436932,0.544712134991
1403715361762142976,0.236845391214,-0.431926922301,0.617107547865,0.269170839128,-0.773986596601,0.183272368907,0.543049764240
1403715361812143104,0.240714865434,-0.441455021503,0.612842436832,0.262062105023,-0.778060292511,0.179592065113,0.541933874635
1403715361862142976,0.244914671057,-0.451510033455,0.608287577739,0.254943231186,-0.781815643179,0.174870483118,0.541468893924
1403715361912143104,0.246948716863,-0.461236415888,0.604639445513,0.247606336299,-0.785658529919,0.169276768979,0.541088857836
1403715361962142976,0.250429741706,-0.470682828997,0.600117725893,0.238076460452,-0.787499931087,0.164916299850,0.544027638600
1403715362012142848,0.250867136128,-0.481882893558,0.596818313117,0.227801776484,-0.790291815440,0.159800185303,0.545902095486
1403715362062142976,0.252261645610,-0.493462171542,0.593138248162,0.218393365521,-0.792397464690,0.152977133864,0.548642499597
1403715362112143104,0.250702574732,-0.505897267739,0.590308291429,0.208173009970,-0.795373007699,0.145890166544,0.550237981105
1403715362162142976,0.251095370300,-0.517819191562,0.587085605615,0.198136357259,-0.797950879519,0.137366124812,0.552401054996
1403715362212142848,0.248921164191,-0.530198483358,0.584315617097,0.187053692642,-0.800966898535,0.128262808919,0.554086270691
1403715362262142976,0.248323211556,-0.542195990229,0.579460111952,0.175787536875,-0.802403793068,0.119252114767,0.557696896058
1403715362312143104,0.246376205446,-0.555955364667,0.574540352228,0.164252064570,-0.805311532120,0.109981715662,0.558926307969
1403715362362142976,0.246330036793,-0.569693042844,0.568953038746,0.152609632501,-0.807382922467,0.100566552266,0.561007562465
1403715362412143104,0.244388477368,-0.586806219485,0.565277682803,0.139777237041,-0.809904037116,0.091099481778,0.562333227800
1403715362462142976,0.243813967828,-0.603875215433,0.558908670917,0.127396942446,-0.811065633520,0.082054939269,0.564986322064
1403715362512142848,0.240088653788,-0.622698793871,0.554790908121,0.114056194519,-0.813673963751,0.073172633692,0.565306669768
1403715362562142976,0.238746804367,-0.641028120784,0.550999586564,0.101202419798,-0.815244250682,0.064300526960,0.566568905068
1403715362612143104,0.233464453939,-0.663281971724,0.547985937793,0.088123395460,-0.817539689218,0.055473058021,0.566379610826
1403715362662142976,0.230360598708,-0.683983309849,0.544590909180,0.074955616440,-0.818306470059,0.048089144373,0.567841184503
1403715362712142848,0.224954166905,-0.707569487614,0.540781947584,0.061463680319,-0.819788750223,0.040646185113,0.567905369446
1403715362762142976,0.221692322442,-0.730166570928,0.537646498086,0.046059670598,-0.820380903153,0.036939336041,0.568761079839
1403715362812143104,0.215409177317,-0.754819674493,0.535865803817,0.029649932106,-0.821629754795,0.034249488983,0.568218619957
1403715362862142976,0.211246400161,-0.779516558340,0.533391715922,0.010984876318,-0.821175746251,0.036237315648,0.569417758079
1403715362912143104,0.205703132461,-0.804459709558,0.532022902692,-0.008506728927,-0.818957963368,0.039849197728,0.572405041242
1403715362962142976,0.200481414247,-0.828626115325,0.529750315201,-0.025658669649,-0.815524006269,0.040898309540,0.576705779534
1403715363012142848,0.194978066690,-0.852285613403,0.527581549011,-0.038342245026,-0.814023504893,0.040430597728,0.578153070126
1403715363062142976,0.188923540021,-0.873825880616,0.525347121425,-0.051907553013,-0.812041339219,0.039415673350,0.579949027100
1403715363112143104,0.183533455544,-0.893127836844,0.525461993739,-0.064558985922,-0.810224617816,0.036599979438,0.581402311250
1403715363162142976,0.180243439129,-0.909098051439,0.526188824568,-0.074626017272,-0.810215872554,0.032487123724,0.580453085271
1403715363212142848,0.176094349957,-0.921522671294,0.528782406439,-0.084045026671,-0.810409002625,0.027618076804,0.579146720435
1403715363262142976,0.172034945821,-0.932990317606,0.533266536266,-0.093137930451,-0.810304317351,0.021302466426,0.578168179786
1403715363312143104,0.168858606078,-0.940921891210,0.537335739889,-0.102180756171,-0.809874386927,0.015836207639,0.577418206325
1403715363362142976,0.165987148668,-0.945757015170,0.543157487032,-0.110307736609,-0.809630643529,0.009599771648,0.576401135224
1403715363412143104,0.162439395935,-0.946997596529,0.548581926094,-0.118563433499,-0.808318331198,0.002700077692,0.576677463810
1403715363462142976,0.161035897339,-0.946134239967,0.553148640898,-0.125592884669,-0.807380668602,-0.004964554490,0.576487845915
1403715363512142848,0.159472879879,-0.943064771212,0.558437878245,-0.133025057786,-0.806468833487,-0.012774240198,0.575976712552
1403715363562142976,0.158318744298,-0.938173468319,0.563787195647,-0.138512823235,-0.805770895420,-0.023449848079,0.575323879670
1403715363612143104,0.157320445899,-0.931315405422,0.569398463609,-0.142294234620,-0.805539467937,-0.036803319197,0.574024417674
1403715363662142976,0.156215466929,-0.922577345896,0.576730653829,-0.148398544519,-0.805044126743,-0.048089085286,0.572336671775
1403715363712142848,0.160089364668,-0.913734465772,0.583255556494,-0.153695289613,-0.803434613133,-0.059248594330,0.572153986650
1403715363762142976,0.161474293201,-0.903695317074,0.590792543252,-0.161858285183,-0.801775936793,-0.069083822460,0.571125790148
1403715363812143104,0.164361018735,-0.893984021442,0.596298130930,-0.170879345108,-0.799872082746,-0.078804257902,0.569907702699
1403715363862142976,0.171521591072,-0.880942513204,0.601020612628,-0.181494496378,-0.796796443216,-0.086600115080,0.569803120324
1403715363912143104,0.174634714880,-0.870078194824,0.606173102003,-0.192094959592,-0.793683859882,-0.096955381579,0.569003612507
1403715363962142976,0.176391315353,-0.856326095816,0.611866295262,-0.202540983889,-0.790428131374,-0.108090024223,0.567905859841
1403715364012142848,0.179017644057,-0.843683819166,0.615513848249,-0.215542736412,-0.786222458178,-0.117728797895,0.567041008379
1403715364062142976,0.183363298761,-0.830029548703,0.619813368994,-0.227406056215,-0.782130326434,-0.127604435535,0.565929099889
1403715364112143104,0.185449167306,-0.816715847393,0.625366810495,-0.238718461131,-0.779061220470,-0.135903458162,0.563566643028
1403715364162142976,0.190797587540,-0.805172747202,0.629663148267,-0.247852876958,-0.775996581550,-0.143407975804,0.561989687878
1403715364212142848,0.196734692499,-0.794147910035,0.631893721030,-0.256110755870,-0.773618141996,-0.149675848242,0.559928023549
1403715364262142976,0.203141456518,-0.783677743043,0.634505609212,-0.263764197203,-0.771605863827,-0.153942597949,0.557991501475
1403715364312143104,0.209847020647,-0.772902047171,0.637854292995,-0.270679871450,-0.770417415198,-0.155708818670,0.555827470840
1403715364362142976,0.217959794981,-0.760973943086,0.639916551034,-0.276819294716,-0.769617858035,-0.155500522959,0.553966621761
1403715364412143104,0.224968873368,-0.750092169843,0.641838588195,-0.281377565851,-0.769071767124,-0.155193820381,0.552512588603
1403715364462142976,0.234752480626,-0.737711738103,0.647191179522,-0.284950450230,-0.767861593968,-0.154708563755,0.552500745450
1403715364512142848,0.243679233173,-0.725936451035,0.656603389762,-0.288106644704,-0.767999993523,-0.152731139666,0.551220255618
1403715364562142976,0.253039143451,-0.714811761757,0.666371004920,-0.289163086707,-0.767825224026,-0.151893580082,0.551141973510
1403715364612143104,0.261913173204,-0.701391447034,0.675545806871,-0.289927670432,-0.767991478280,-0.151270462835,0.550679836458
1403715364662142976,0.272437429616,-0.688518823918,0.678128203918,-0.290631160723,-0.765854579630,-0.152565009941,0.552923330144
1403715364712142848,0.283642260930,-0.674434236112,0.682119959017,-0.289475028766,-0.764353240819,-0.157657026711,0.554177402010
1403715364762142976,0.295647714848,-0.658700546442,0.689153803007,-0.288412532004,-0.764459853301,-0.164680612929,0.552539265391
1403715364812143104,0.308229068200,-0.640854576094,0.698940054091,-0.288201116183,-0.766156777514,-0.171777744222,0.548120712517
1403715364862142976,0.321982549223,-0.625554278241,0.707481285199,-0.288788056387,-0.767554888881,-0.178641690805,0.543643354921
1403715364912143104,0.336464295252,-0.612378583069,0.713444444242,-0.291645887680,-0.767346926647,-0.184438935439,0.540466140900
1403715364962142976,0.351456656043,-0.597079933531,0.718851503711,-0.294279229474,-0.767435616763,-0.190794077546,0.536693515143
1403715365012142848,0.363850864392,-0.581342465902,0.726334292113,-0.300474725227,-0.766203279661,-0.194080159255,0.533835522910
1403715365062142976,0.377364700789,-0.567296908170,0.733547949441,-0.304074145498,-0.765558412621,-0.199753428064,0.530620202104
1403715365112143104,0.389539479395,-0.553567401959,0.740509771689,-0.309298526196,-0.762838108768,-0.204851682969,0.529573629904
1403715365162142976,0.399907849307,-0.539554533008,0.747985023523,-0.314964905619,-0.758651226360,-0.210116130830,0.530185473713
1403715365212142848,0.411073687606,-0.525764456400,0.755761656604,-0.320094237979,-0.755052098722,-0.214843967810,0.530356556030
1403715365262142976,0.418159543058,-0.512299465744,0.764068754483,-0.324708934473,-0.752773194177,-0.219799008965,0.528757999145
1403715365312143104,0.426967149177,-0.500781646780,0.769679989019,-0.328777714268,-0.749982118111,-0.224047198779,0.528426806505
1403715365362142976,0.437011493846,-0.491538549305,0.772867536368,-0.332978449971,-0.746585830348,-0.227791828865,0.529004567542
1403715365412143104,0.444956183190,-0.481359023437,0.778276331374,-0.339172917985,-0.743036571014,-0.230466576980,0.528907877363
1403715365462142976,0.452194434874,-0.471443155311,0.783553979312,-0.345316488293,-0.740335005817,-0.233913941977,0.527204770297
1403715365512142848,0.460321533446,-0.464996218814,0.786899858512,-0.351910260949,-0.736032206413,-0.238052936411,0.527016658965
1403715365562142976,0.467577003577,-0.457716467697,0.792839361739,-0.359061442941,-0.732732990277,-0.243117192201,0.524472378690
1403715365612143104,0.476953750196,-0.449297586898,0.796130985911,-0.369110608127,-0.727434591873,-0.245910150891,0.523568974638
1403715365662142976,0.486591209122,-0.441629297830,0.801278054222,-0.380464909445,-0.721444716350,-0.248425480872,0.522540672469
1403715365712142848,0.497300486429,-0.433978752029,0.805747793952,-0.392177696492,-0.715181660840,-0.251035393256,0.521241861045
1403715365762142976,0.508319591525,-0.427621081518,0.809339924644,-0.403482646422,-0.709152455175,-0.254362598716,0.519234260936
1403715365812143104,0.519395898057,-0.422283341739,0.814259735565,-0.414315203007,-0.703812170703,-0.258236040180,0.516047951726
1403715365862142976,0.535902910663,-0.418407041863,0.818939386854,-0.422804413743,-0.698162083840,-0.263163433219,0.514345350736
1403715365912143104,0.549899845599,-0.412738615032,0.825835012029,-0.431763963061,-0.694005378603,-0.266976752887,0.510548556055
1403715365962142976,0.567290309976,-0.408704504615,0.828819597121,-0.439261181249,-0.689421262107,-0.269670637057,0.508945660667
1403715366012142848,0.583286507047,-0.405316294192,0.830180134247,-0.446098068118,-0.684040392557,-0.271004865160,0.509550407743
1403715366062142976,0.598136622249,-0.399963570052,0.833360823251,-0.453007083507,-0.680572299278,-0.270795815190,0.508208180005
1403715366112143104,0.609667757294,-0.395851730822,0.837405872951,-0.459110930884,-0.677042721699,-0.270430891572,0.507639083426
1403715366162142976,0.623570642593,-0.392044460044,0.840544776587,-0.462565035887,-0.674747050882,-0.272120309369,0.506656236643
1403715366212142848,0.642382185821,-0.387507089263,0.842910010706,-0.466033610188,-0.672782884189,-0.272622261544,0.505819105440
1403715366262142976,0.663213681869,-0.382637425317,0.846005738973,-0.468055451770,-0.671653090304,-0.273361349789,0.505054247379
1403715366312143104,0.685980377385,-0.377747363874,0.848774187964,-0.468719580271,-0.671448001804,-0.274830308916,0.503912529360
1403715366362142976,0.708751172015,-0.375547063652,0.852180588988,-0.468315319941,-0.671087043406,-0.277704970579,0.503192697280
1403715366412143104,0.732509433075,-0.372307084296,0.855922870730,0.467384201886,0.673447347817,0.280396081057,-0.499398353294
1403715366462142976,0.759411690996,-0.367183839077,0.855319830530,0.464720394996,0.675946715258,0.283737476330,-0.496612562399
1403715366512142848,0.786283612514,-0.362076087071,0.853652918028,0.462040875074,0.678373437466,0.287090739352,-0.493869027658
1403715366562142976,0.812863792838,-0.356232640120,0.851912028020,0.460747904605,0.680396481491,0.288156306618,-0.491668525872
1403715366612143104,0.838854938394,-0.350163867834,0.849166778347,0.458915217456,0.683314133549,0.288933432398,-0.488872263197
1403715366662142976,0.863880912046,-0.342973569678,0.847815044127,0.457580138502,0.686252711119,0.288942828580,-0.485993492901
1403715366712142848,0.886903470508,-0.337496079559,0.848221071239,0.456412579668,0.689330393604,0.289016253320,-0.482680816785
1403715366762142976,0.910774862136,-0.331441212659,0.849353860201,0.455410969304,0.692469068399,0.287930099380,-0.479774630655
1403715366812143104,0.937042883735,-0.326755964252,0.850364014185,0.454524798622,0.695256528034,0.286824305636,-0.477239337607
1403715366862142976,0.964677235215,-0.322060803516,0.848706959480,0.454102643695,0.696700839233,0.284994200186,-0.476630921638
1403715366912143104,0.990522921076,-0.314379074380,0.848038430637,0.453684857358,0.698074396224,0.282884549024,-0.476275675911
1403715366962142976,1.014274842650,-0.306472806803,0.850123379756,0.453977872048,0.699440236141,0.279867436554,-0.475774805674
1403715367012142848,1.037517843156,-0.300060627906,0.851880628573,0.453208277663,0.700096100418,0.278296562848,-0.476464825925
1403715367062142976,1.060715377834,-0.290779820343,0.853162659443,0.453421686388,0.700264052439,0.275754835275,-0.477491677412
1403715367112143104,1.081997433356,-0.279969829677,0.856851328528,0.452706362022,0.701316100237,0.274053623933,-0.477605787803
1403715367162142976,1.104225361549,-0.271003130998,0.858003636277,0.452416167206,0.701542362506,0.272400577195,-0.478493313229
1403715367212142848,1.124386207356,-0.257940288863,0.861643289122,0.450832866757,0.702610488282,0.271827467847,-0.478746337566
1403715367262142976,1.145408379010,-0.245411184425,0.864027421042,0.451350047548,0.702369316024,0.269044361042,-0.480182892529
1403715367312143104,1.166335735418,-0.231971346706,0.868123303265,0.451275555890,0.703665276246,0.267347754054,-0.479302336802
1403715367362142976,1.188163155143,-0.216032209119,0.869819445782,0.451712385491,0.704643317175,0.264509245927,-0.479028783242
1403715367412143104,1.208040436610,-0.200616040864,0.872186970487,0.451091496632,0.705396344344,0.263574079087,-0.479021047436
1403715367462142976,1.228874065346,-0.182323852832,0.873437427078,0.450672025231,0.706033425630,0.262093667004,-0.479289513012
1403715367512142848,1.250316671032,-0.164132828214,0.874710560951,0.450482585181,0.706871848125,0.260709991442,-0.478986357988
1403715367562142976,1.271938079924,-0.145753656968,0.874393551797,0.450075193350,0.706967132216,0.259787800258,-0.479729187287
1403715367612143104,1.290421489540,-0.123346356717,0.878243134853,0.448991734965,0.707608377587,0.259288120968,-0.480069241076
1403715367662142976,1.307525665953,-0.098839633828,0.881559310340,0.448168693615,0.708442533536,0.258255329937,-0.480164745999
1403715367712142848,1.326462615699,-0.074687285492,0.884303077962,0.446864643900,0.708589160053,0.259022725533,-0.480750059745
1403715367762142976,1.345253267385,-0.050032238669,0.887257639560,0.445436268677,0.708662352228,0.259525406366,-0.481695717785
1403715367812143104,1.363013068082,-0.022938954683,0.891463915237,0.444004006176,0.709270033679,0.260504424269,-0.481595168956
1403715367862142976,1.381625725730,0.003715042276,0.895084437196,0.441250883686,0.709297976969,0.263034005459,-0.482708141102
1403715367912143104,1.400347917895,0.032061423225,0.897969033051,0.438427627098,0.708741379838,0.266507327258,-0.484190785558
1403715367962142976,1.420753549688,0.061269101703,0.897130576293,0.437163715349,0.705777383742,0.268504516797,-0.488540167274
1403715368012142848,1.437022231800,0.091238996315,0.902999289717,0.436162370734,0.704229876425,0.270596801696,-0.490509977898
1403715368062142976,1.453847697166,0.120982292489,0.906665902451,0.436028251423,0.701877193384,0.271646568677,-0.493412516150
1403715368112143104,1.472110856192,0.148940621124,0.907602738973,0.435320631959,0.699660029990,0.273147660437,-0.496348814266
1403715368162142976,1.488935459674,0.179986993766,0.909296231861,0.435486594372,0.698281551515,0.273315861631,-0.498048934059
1403715368212142848,1.507131061102,0.209234742121,0.909010222347,0.436256098943,0.696820407487,0.272824148527,-0.499688822994
1403715368262142976,1.523577373615,0.240186690952,0.913108072814,-0.438431752986,-0.695987053439,-0.270767472450,0.500064591110
1403715368312143104,1.543883796407,0.269508657857,0.913074705021,-0.441070780681,-0.694271758298,-0.268057758133,0.501585815552
1403715368362142976,1.564252303695,0.299224704978,0.912985058889,-0.443603585874,-0.691654064135,-0.265016715404,0.504575717531
1403715368412143104,1.584265402539,0.329698316140,0.913089731840,-0.445828863969,-0.689876984460,-0.262743575901,0.506233329294
1403715368462142976,1.605502558806,0.359030441655,0.911004872731,-0.446959009354,-0.687270807076,-0.262167943844,0.509072147067
1403715368512142848,1.627297452056,0.388741653795,0.911094677803,-0.447208913658,-0.685822656956,-0.262918326639,0.510416912207
1403715368562142976,1.651644469697,0.420582769203,0.909895402470,-0.446119944792,-0.685843482568,-0.265590561245,0.509958200303
1403715368612143104,1.677511720252,0.450208470394,0.909414314867,-0.443606891441,-0.687117401004,-0.270706001180,0.507740941848
1403715368662142976,1.703881891569,0.480354478601,0.910778516926,-0.440517043297,-0.689483349125,-0.275841531888,0.504449100633
1403715368712142848,1.733712863421,0.510792846347,0.903947004714,-0.440359737730,-0.690307463964,-0.277799306792,0.502380783597
1403715368762142976,1.762656975651,0.541513207875,0.900313651222,-0.438873538767,-0.691645045467,-0.281008929779,0.500051126822
1403715368812143104,1.792308379504,0.570125807253,0.895856867280,0.437585438651,0.692081583340,0.283953785502,-0.498911127939
1403715368862142976,1.821596887826,0.600328065962,0.890850765233,0.438622489590,0.692909814187,0.284037529865,-0.496798734556
1403715368912143104,1.852234462398,0.628702235837,0.882776827377,0.438020794986,0.693433391692,0.283766009476,-0.496754231297
1403715368962142976,1.881314810987,0.655189573582,0.878567336224,0.436970065528,0.695387868673,0.282414416088,-0.495716624213
1403715369012142848,1.908694973301,0.682280739286,0.875672201670,0.435465838291,0.698682035159,0.279141836318,-0.494259802780
1403715369062142976,1.934579032952,0.710503271805,0.874241659274,0.432969916017,0.703363565201,0.274418554254,-0.492454265951
1403715369112143104,1.962623154042,0.735101496825,0.869830396395,0.428991269998,0.707337263386,0.269763532933,-0.492816520006
1403715369162142976,1.988468154047,0.759126402840,0.868762245634,0.422485801442,0.711926308396,0.265994252834,-0.493876235967
1403715369212142848,2.015656837306,0.784351843498,0.864607890195,0.415524839938,0.716499402206,0.260927624361,-0.495867410583
1403715369262142976,2.040468718874,0.809238177705,0.864282748328,0.406365392157,0.721455410390,0.257398471108,-0.498111720348
1403715369312143104,2.065811118295,0.836565349598,0.860231471629,-0.397675599453,-0.726817894261,-0.251435080900,0.500370129279
1403715369362142976,2.090261155299,0.863658720478,0.856065603113,-0.388818103497,-0.732126689707,-0.245162053007,0.502699274296
1403715369412143104,2.111708077686,0.891919388709,0.854953674823,-0.378777595288,-0.738427282883,-0.238767838582,0.504224751933
1403715369462142976,2.134666797846,0.921137208490,0.849447710996,-0.369763769397,-0.743648355944,-0.230444375825,0.507106761140
1403715369512142848,2.157844238125,0.948516043447,0.848212653496,-0.359603641252,-0.749180822891,-0.222725243952,0.509712449835
1403715369562142976,2.182142300268,0.972852345326,0.846984475380,-0.348712612279,-0.753475245516,-0.215931182605,0.513856295876
1403715369612143104,2.204302817737,0.997459052683,0.846440765432,-0.337400685960,-0.757867019735,-0.209489803199,0.517602530778
1403715369662142976,2.222614820909,1.026468849223,0.846123967246,-0.326996895645,-0.762843442149,-0.202708437864,0.519665471460
1403715369712142848,2.242776229752,1.053473977495,0.845387831068,-0.318178043129,-0.766533575003,-0.197199170598,0.521825160739
1403715369762142976,2.262705331727,1.081102404314,0.843314696581,-0.309199425514,-0.769657713773,-0.193213520021,0.524109964199
1403715369812143104,2.279982021985,1.110843821368,0.841717879523,-0.302420852916,-0.772908489182,-0.188985907276,0.524822276511
1403715369862142976,2.297551128639,1.139869065643,0.839372140942,-0.295634684098,-0.775655356671,-0.187303665968,0.525239219729
1403715369912143104,2.314000559907,1.168986107855,0.839583830395,-0.290198907704,-0.779127314154,-0.186108372703,0.523554100276
1403715369962142976,2.330803944293,1.198089367853,0.836584205160,-0.286467477289,-0.782371325607,-0.184698658306,0.521265670214
1403715370012142848,2.345559787784,1.227850668799,0.833145839309,-0.282256328471,-0.785196968761,-0.185322671928,0.519088231956
1403715370062142976,2.359566721114,1.256683418569,0.826168019218,-0.278492621193,-0.786934015962,-0.187129070923,0.517841119725
1403715370112143104,2.371030111179,1.287652094318,0.822333597185,-0.275357866203,-0.787799310156,-0.188795294503,0.517596975660
1403715370162142976,2.383198763746,1.314315947981,0.818051780514,-0.272469194215,-0.786127283504,-0.191791830600,0.520557706742
1403715370212142848,2.390117536954,1.346451933723,0.814238301331,-0.273826598788,-0.783449412183,-0.189082647324,0.524855946739
1403715370262142976,2.397050898311,1.375046038021,0.809492958773,-0.276089240262,-0.779658779052,-0.186461499764,0.530225450883
1403715370312143104,2.400833269714,1.402121880485,0.811242853019,-0.278279019228,-0.777143365918,-0.184353617836,0.533500440355
1403715370362142976,2.406461439065,1.429215110151,0.804790308007,-0.282005120099,-0.773710061385,-0.180504083451,0.537832807670
1403715370412143104,2.410041614967,1.452632858725,0.806229625290,-0.285699102289,-0.770993706946,-0.177628723880,0.540733541823
1403715370462142976,2.411769183448,1.478712478669,0.806526065143,-0.288978661164,-0.769314727068,-0.174962166708,0.542249411553
1403715370512142848,2.413692076317,1.504797828993,0.808299315821,-0.291520871156,-0.767802837553,-0.173734470313,0.543424988522
1403715370562142976,2.417830992577,1.528290087063,0.807916753847,-0.294234633054,-0.766701564674,-0.172880860766,0.543789388844
1403715370612143104,2.423118569086,1.553247057650,0.802302307812,-0.295492405783,-0.764884912466,-0.173492782350,0.545468205561
1403715370662142976,2.426915149115,1.579960790401,0.801162496208,-0.297236741775,-0.764711461024,-0.172985818346,0.544924405187
1403715370712142848,2.432764106652,1.605743701943,0.798085573913,-0.297761296015,-0.764020867923,-0.173651149163,0.545394904971
1403715370762142976,2.438302024548,1.630448260030,0.799115689878,-0.297211375811,-0.764484109686,-0.176375634468,0.544170083423
1403715370812143104,2.444708533416,1.656163953912,0.796629958350,-0.296020775782,-0.765037199147,-0.179292761018,0.543087368729
1403715370862142976,2.450027478709,1.684926577952,0.791153625309,-0.295427006277,-0.766043059622,-0.180934760568,0.541445774927
1403715370912143104,2.455531219208,1.711590617899,0.787963311693,-0.295703916298,-0.766926287592,-0.182016091958,0.539678983800
1403715370962142976,2.460208801803,1.737392907399,0.787151173346,-0.296616536769,-0.768849849929,-0.182428721462,0.536291245467
1403715371012142848,2.464959709308,1.764031001563,0.783871375875,-0.297982357472,-0.771637170324,-0.181649862590,0.531776192990
1403715371062142976,2.468858040493,1.789953549120,0.783218726963,-0.299520647725,-0.775699688926,-0.180694717432,0.525287343536
1403715371112143104,2.472804751102,1.814676510218,0.780200306559,-0.300326745247,-0.779069022734,-0.180703833482,0.519809030770
1403715371162142976,2.474191314803,1.842193180722,0.776018212329,-0.301831257169,-0.782306538374,-0.179579282460,0.514437220197
1403715371212142848,2.474594651360,1.869033318784,0.773211539616,-0.302305786429,-0.784936239321,-0.179562531544,0.510140773667
1403715371262142976,2.473836268173,1.897597157187,0.770920647079,-0.302455709133,-0.786340113503,-0.179811163480,0.507796923382
1403715371312143104,2.472284054352,1.927147745239,0.765111267817,-0.302680123313,-0.786890427116,-0.179787028629,0.506818333332
1403715371362142976,2.468410870462,1.958166481074,0.761958214516,-0.302507187448,-0.787098760440,-0.179712359678,0.506624526287
1403715371412143104,2.461493122886,1.989371710142,0.761259038717,-0.301085450750,-0.786077321085,-0.180995657309,0.508596665992
1403715371462142976,2.451928695519,2.023830188508,0.752694876313,-0.301747738717,-0.782989285922,-0.179743304995,0.513389155143
1403715371512142848,2.442588356744,2.056606411853,0.750352264598,-0.302226589591,-0.778084246420,-0.178565682603,0.520920618726
1403715371562142976,2.430911428287,2.090221861490,0.751295423594,-0.303473494897,-0.773945905249,-0.176165679866,0.527140613955
1403715371612143104,2.420108067206,2.123605877682,0.750034887134,-0.304865456103,-0.770167824708,-0.173874106815,0.532603389436
1403715371662142976,2.411396704699,2.157323075456,0.744579353504,-0.306213542492,-0.765872732883,-0.170986539374,0.538920983794
1403715371712142848,2.401690070431,2.192034101889,0.740316662716,-0.307931969033,-0.762674912643,-0.167238594134,0.543632350679
1403715371762142976,2.390869219026,2.227238030096,0.743177308967,-0.308153756081,-0.761358265019,-0.165159691827,0.545982720511
1403715371812143104,2.382004263608,2.264438881172,0.739165443728,-0.307839637727,-0.760467266034,-0.164282320061,0.547663778290
1403715371862142976,2.373666682563,2.300707878953,0.737041673250,-0.306103251690,-0.762929116321,-0.165964770093,0.544697767448
1403715371912143104,2.368848354042,2.337409287096,0.730940032588,-0.302416510812,-0.764802485901,-0.169718452815,0.542970586977
1403715371962142976,2.362227779675,2.376698037325,0.726850966176,-0.298718547030,-0.767291843402,-0.173448184793,0.540320445571
1403715372012142848,2.355731429850,2.417692918217,0.715788954514,-0.297024466613,-0.768406664063,-0.174659633703,0.539278849216
1403715372062142976,2.347087340484,2.458347394765,0.708023434858,-0.295197136501,-0.768333274022,-0.176429873455,0.539810272581
1403715372112143104,2.338070993381,2.499785793549,0.699644877751,-0.294776776835,-0.768189319189,-0.176255143244,0.540301717750
1403715372162142976,2.326999298329,2.541065085508,0.696763050199,-0.293000141434,-0.767879496120,-0.176245940896,0.541709668434
1403715372212142848,2.316823609225,2.579596168625,0.692195864034,-0.292273752771,-0.767555821626,-0.173889282967,0.543320008280
1403715372262142976,2.306154156205,2.617619685393,0.690396475598,-0.288541596145,-0.767732393923,-0.173269296926,0.545260001612
1403715372312143104,2.293437402468,2.656896049329,0.693386465440,-0.284463204675,-0.769690847485,-0.171165277904,0.545306457071
1403715372362142976,2.284725254630,2.695032046806,0.691673935190,-0.279395365961,-0.770804680402,-0.168010975179,0.547330509262
1403715372412143104,2.279650935439,2.731785299215,0.695923846067,-0.272586247618,-0.772514305316,-0.165741537998,0.549042920247
1403715372462142976,2.272646288058,2.771102281772,0.696660653845,-0.267287796538,-0.774123525043,-0.162000180334,0.550496088423
1403715372512142848,2.266312706841,2.807081544796,0.702116453646,-0.261431982171,-0.775121179416,-0.160260709476,0.552410156421
1403715372562142976,2.256747501441,2.844594112044,0.708573340295,-0.256253611467,-0.776467332937,-0.158332329443,0.553501075830
1403715372612143104,2.248487211864,2.882679073308,0.711151847364,-0.251970960805,-0.776604473244,-0.156094557960,0.555905222160
1403715372662142976,2.239586258345,2.919236054103,0.718480889732,-0.248151197439,-0.777605177118,-0.154941152276,0.556546863310
1403715372712142848,2.232318524183,2.957467815865,0.718981272310,-0.246282956500,-0.777812067115,-0.152140312805,0.557858780345
1403715372762142976,2.222964462897,2.995318247805,0.725761486015,-0.243345797826,-0.778851401479,-0.151454928019,0.557884147358
1403715372812143104,2.217192608652,3.032112042504,0.728543369763,-0.242123103850,-0.778781938517,-0.150071263349,0.558886133965
1403715372862142976,2.207854564721,3.069609581096,0.737573628760,-0.240508160086,-0.779171711261,-0.148983537410,0.559331006546
1403715372912143104,2.198973787848,3.107044944199,0.742514600467,-0.240698953947,-0.779411339230,-0.146601300677,0.559544490178
1403715372962142976,2.191505808199,3.143955532579,0.745007943666,-0.241421742181,-0.778831782875,-0.144045971677,0.560702554327
1403715373012142848,2.184539567254,3.179849211048,0.749286663914,-0.242393618302,-0.778742035788,-0.141797946343,0.560980853431
1403715373062142976,2.179028666969,3.214898685062,0.753244663945,-0.243222416746,-0.778017345820,-0.140044342531,0.562067120299
1403715373112143104,2.168485174838,3.252143282682,0.759390806270,-0.244022770540,-0.777922109874,-0.138758209242,0.562171004050
1403715373162142976,2.165297862208,3.287725621092,0.762241914244,-0.245102782219,-0.777698652916,-0.137515393788,0.562315701251
1403715373212142848,2.157071402669,3.324707387784,0.768035820982,-0.245221716056,-0.777187626925,-0.137562642108,0.562958454973
1403715373262142976,2.151228751722,3.360433509150,0.767403704909,-0.245861574770,-0.777298679215,-0.138440470737,0.562310488436
1403715373312143104,2.143535652657,3.395213350919,0.776589864589,-0.243556433673,-0.776983531183,-0.142792939320,0.562660672491
1403715373362142976,2.136802237978,3.434185487643,0.772597838436,-0.244083256623,-0.777037537585,-0.143408864820,0.562200966302
1403715373412143104,2.130599447491,3.471365155060,0.775129884567,-0.244154992777,-0.776804080514,-0.144557707618,0.562198211637
1403715373462142976,2.121728046747,3.508252634524,0.782479505480,-0.242993956970,-0.777212178376,-0.146592716192,0.561609955591
1403715373512142848,2.114495138398,3.545769394718,0.779837718456,-0.242174225675,-0.777748105573,-0.146507164877,0.561244313410
1403715373562142976,2.109165868517,3.578888281561,0.784109235282,-0.238468615942,-0.778319170081,-0.148728843045,0.561455002598
1403715373612143104,2.102325538551,3.614532605389,0.787933780317,-0.231749988482,-0.780215702591,-0.151145237227,0.560990657259
1403715373662142976,2.094700679629,3.650162238843,0.784372566732,-0.224616238786,-0.781917606495,-0.151412216438,0.561450570077
1403715373712142848,2.090635246688,3.680653811646,0.782185164936,-0.216113885542,-0.784050908475,-0.151880655735,0.561686058052
1403715373762142976,2.081524616058,3.713611209038,0.774122056331,-0.207716262593,-0.786262453235,-0.148702616762,0.562612513774
1403715373812143104,2.071324126041,3.742215627314,0.773894747077,-0.198883078390,-0.788117748596,-0.143740540796,0.564494988825
1403715373862142976,2.059930193601,3.766268692035,0.773265983935,-0.190578968298,-0.790221991969,-0.136573401015,0.566194813104
1403715373912143104,2.048256430314,3.790913066294,0.779691920049,-0.181215568499,-0.792197962044,-0.128707160915,0.568346525806
1403715373962142976,2.039470862806,3.814068367879,0.779555154039,-0.171883777416,-0.793227831079,-0.119625969433,0.571782478308
1403715374012142848,2.026552444335,3.836989269954,0.783556645800,-0.160851938571,-0.795425372238,-0.111207981821,0.573635699584
1403715374062142976,2.015737180273,3.858083203691,0.783239033831,-0.150176161713,-0.797677267897,-0.101829202688,0.575142512959
1403715374112143104,2.007108320296,3.879014488269,0.783134008666,-0.139270900905,-0.800058104360,-0.092109522436,0.576217390996
1403715374162142976,1.997084942974,3.900330429462,0.784809495998,-0.126829758288,-0.802679426939,-0.084022389137,0.576680317078
1403715374212142848,1.987010277871,3.920361500178,0.783824615237,-0.115238279320,-0.804551064828,-0.074563424927,0.577804481400
1403715374262142976,1.978032455223,3.939153410523,0.781467124973,-0.103369496322,-0.805557272916,-0.065359081560,0.579758930711
1403715374312143104,1.968935849581,3.955887546776,0.781785923156,-0.092081519396,-0.806966227175,-0.056040208419,0.580677188311
1403715374362142976,1.957055223063,3.972226062397,0.786588790780,-0.080632503153,-0.809390577449,-0.048744209232,0.579663087179
1403715374412143104,1.944188221269,3.988840311178,0.782825103156,-0.071338870512,-0.811966676582,-0.041628405012,0.577830388237
1403715374462142976,1.935416853000,4.002563935821,0.782990521663,-0.062911477852,-0.813628614739,-0.036532138510,0.576815417693
1403715374512142848,1.921903403445,4.017385844649,0.786152707079,-0.056079306310,-0.817219663127,-0.032493768693,0.572670314054
1403715374562142976,1.911960357363,4.031826573764,0.781502178879,-0.050997639960,-0.819049008761,-0.029050696738,0.570713605047
1403715374612143104,1.901192553665,4.044153901014,0.786613543623,-0.046794722987,-0.822197667098,-0.027475168103,0.566609535091
1403715374662142976,1.887649896163,4.060039315670,0.780042237951,-0.044194295149,-0.823134982589,-0.024815993566,0.565579199739
1403715374712142848,1.874764441584,4.071206879309,0.786764090986,-0.042224732962,-0.825081011179,-0.024493186049,0.562901839360
1403715374762142976,1.860596459986,4.085016417590,0.780972478834,-0.040813855254,-0.825116149819,-0.024126108312,0.562970247370
1403715374812143104,1.843765783621,4.097115235762,0.783183380881,-0.039801961982,-0.825612833194,-0.024803526270,0.562284659734
1403715374862142976,1.826780217805,4.108594711699,0.784478602170,-0.039576942402,-0.825300776673,-0.025655405385,0.562720262499
1403715374912143104,1.807226673767,4.119986453147,0.786491849088,-0.039254610044,-0.825206417465,-0.027617054698,0.562788363823
1403715374962142976,1.789763857931,4.130295893329,0.782938845827,-0.039582171474,-0.822226175070,-0.029139402229,0.567034623253
1403715375012142848,1.766337766355,4.140284627838,0.788278463759,-0.040171341252,-0.820588872130,-0.030634240514,0.569281748862
1403715375062142976,1.741490814928,4.149622620228,0.794523940976,-0.039522806151,-0.818179772253,-0.033753133418,0.572608534737
1403715375112143104,1.720536393663,4.157291444443,0.792488971764,-0.041402428643,-0.817095919603,-0.035168597932,0.573936640049
1403715375162142976,1.696319268474,4.165953420323,0.788236700511,-0.043302620470,-0.815697137503,-0.035777751024,0.575745616970
1403715375212142848,1.673551685079,4.170760001602,0.795325382834,-0.044537684075,-0.813949997227,-0.037913388549,0.577983020235
1403715375262142976,1.649246670562,4.176008839802,0.796453718665,-0.047589937865,-0.813712744789,-0.037733542544,0.578085587563
1403715375312143104,1.627281491771,4.179322570369,0.794561003356,-0.050628410300,-0.813533200408,-0.038651215076,0.578019532089
1403715375362142976,1.600605493296,4.184860552421,0.784678262392,-0.054628719218,-0.812013891295,-0.036572270398,0.579923798803
1403715375412143104,1.574487027522,4.187683017553,0.784298199796,-0.056163539045,-0.812575052744,-0.038930719009,0.578836626050
1403715375462142976,1.546565603714,4.188836865200,0.789873851138,-0.059497219079,-0.813011297027,-0.038725229436,0.577904030470
1403715375512142848,1.519528779673,4.188522817296,0.791526990240,-0.062175788043,-0.813815390759,-0.039231465190,0.576454311532
1403715375562142976,1.496912937854,4.186555722017,0.788635198045,-0.065850664060,-0.813380451156,-0.038718825839,0.576694706275
1403715375612143104,1.469915681446,4.186555591105,0.787433257607,-0.068172905449,-0.812830236631,-0.038747771138,0.577198468131
1403715375662142976,1.446472061158,4.185289885177,0.785625868543,-0.070518689286,-0.811844211845,-0.039294306303,0.578266415804
1403715375712142848,1.418625829860,4.185101924620,0.784043892445,-0.071497311118,-0.811096840839,-0.040716083954,0.579096062662
1403715375762142976,1.392787753468,4.183686346239,0.778614857939,-0.073214614564,-0.810525944113,-0.041170545754,0.579648428184
1403715375812143104,1.363541680687,4.182262908398,0.779036691853,-0.073724717740,-0.810229552541,-0.042283343255,0.579917974430
1403715375862142976,1.336172173327,4.181622281650,0.775124245210,-0.073645421446,-0.809619101434,-0.043896850820,0.580660252628
1403715375912143104,1.309589875326,4.178638993874,0.776860445661,-0.072581118497,-0.809591550138,-0.046693575748,0.580614513396
1403715375962142976,1.287237995779,4.176908677456,0.773737901127,-0.072267011772,-0.808123022242,-0.047739758397,0.582610998352
1403715376012142848,1.265407093108,4.173737571061,0.771357459425,-0.071260814148,-0.806963561089,-0.049421592071,0.584199635124
1403715376062142976,1.239818300006,4.171546333191,0.765348721206,-0.071755139079,-0.806107900274,-0.047896640150,0.585446124758
1403715376112143104,1.214804127536,4.167120130971,0.758982070993,-0.072806444733,-0.805384401349,-0.045700430405,0.586486707718
1403715376162142976,1.184713126150,4.161752423500,0.755863606391,-0.073645986002,-0.805105577491,-0.042714024709,0.586989599508
1403715376212142848,1.153112283520,4.155703300532,0.750824170154,-0.075139171291,-0.804805321555,-0.039263781052,0.587452853285
1403715376262142976,1.130053005488,4.146594631492,0.753026766792,-0.076169340617,-0.804501539917,-0.037556912800,0.587847754203
1403715376312143104,1.105451409983,4.140555570916,0.749404592347,-0.075344133122,-0.800692807866,-0.037228973983,0.593151154876
1403715376362142976,1.083779382192,4.135581614788,0.744607725505,-0.074700283077,-0.794871296818,-0.036558093274,0.601051574343
1403715376412143104,1.064538398323,4.129135865714,0.744334304152,-0.072339604096,-0.791441871694,-0.039144267990,0.605685125864
1403715376462142976,1.041732785699,4.124161896701,0.737156089121,-0.069246729317,-0.791330414386,-0.041876693330,0.606009412717
1403715376512142848,1.019725885707,4.116299865436,0.733966956686,-0.066782533520,-0.794905506287,-0.044574544571,0.601397072880
1403715376562142976,1.000042325598,4.109223693622,0.725114988669,-0.064805726576,-0.798335102681,-0.045482174041,0.596986309286
1403715376612143104,0.979548874663,4.101685958198,0.709783391696,-0.063142406658,-0.801067063873,-0.045524466170,0.593491464673
1403715376662142976,0.965220788066,4.092481653306,0.700767326512,-0.061576214950,-0.802892504989,-0.045088808606,0.591218229187
1403715376712142848,0.949297767454,4.081598788047,0.696767209675,-0.060123795967,-0.803462194894,-0.044703334207,0.590622758151
1403715376762142976,0.934250756358,4.069026445761,0.695694945993,-0.058109871926,-0.804279824016,-0.045711813064,0.589633477351
1403715376812143104,0.919332419115,4.057603060434,0.685654986142,-0.056834254468,-0.802785889327,-0.045086105414,0.591837753540
1403715376862142976,0.900873211090,4.044198385529,0.684498780860,-0.055277122960,-0.801086793183,-0.044294256454,0.594341996084
1403715376912143104,0.887576961123,4.030830629165,0.675323635194,-0.054521578504,-0.797087647366,-0.042669736033,0.599881632925
1403715376962142976,0.879561428315,4.015958402626,0.673357677693,-0.051988659698,-0.792390236551,-0.043451346729,0.606239946514
1403715377012142848,0.867528385751,4.000504883583,0.670751410123,-0.051452717058,-0.790012506870,-0.040750267610,0.609567283067
1403715377062142976,0.853595845834,3.982674854066,0.668391606272,-0.049562156351,-0.790784609434,-0.039852695284,0.608781616689
1403715377112143104,0.850808019151,3.965670390283,0.670553366018,-0.047253732402,-0.793698544856,-0.039578069419,0.605180370707
1403715377162142976,0.844682458893,3.947700009313,0.664927449616,-0.045048141515,-0.797072300243,-0.039877176909,0.600879541916
1403715377212142848,0.840443318696,3.929160139953,0.659565929419,-0.042778215436,-0.799582031310,-0.040004992814,0.597694068935
1403715377262142976,0.836999730709,3.908730049807,0.652777276077,-0.041471333541,-0.801330119849,-0.039055233342,0.595503867549
1403715377312143104,0.833573311622,3.888489573688,0.642521780763,-0.041136329825,-0.801844070419,-0.036263634217,0.595011628404
1403715377362142976,0.831631188771,3.865672007576,0.643049925137,-0.040004528314,-0.802189793052,-0.035583460597,0.594663762954
1403715377412143104,0.831863675127,3.841991676640,0.640324032009,-0.040160412752,-0.801311983683,-0.033176008626,0.595974494845
1403715377462142976,0.829287193595,3.819442687102,0.635807306577,-0.039015878094,-0.799997115265,-0.031921443986,0.597882428441
1403715377512142848,0.830599609448,3.796722406706,0.628631025044,-0.038780035500,-0.799541187587,-0.030273904750,0.598592924190
1403715377562142976,0.831887925240,3.772314034098,0.626518983504,-0.038343435413,-0.798941418252,-0.028795788893,0.599494114821
1403715377612143104,0.834211218372,3.747351159582,0.622503945055,-0.037940734263,-0.799284940309,-0.028185790003,0.599090682718
1403715377662142976,0.837795993981,3.721080766163,0.616353585705,-0.038030389172,-0.800637130062,-0.027457915186,0.597310587851
1403715377712142848,0.840560089279,3.694983870585,0.611925381641,-0.038280083203,-0.802285218876,-0.026656864003,0.595115513497
1403715377762142976,0.843123152783,3.667908668934,0.612013278122,-0.037090049221,-0.802174480260,-0.026891613393,0.595329549575
1403715377812143104,0.850967202679,3.639766328833,0.608612149505,-0.037676376065,-0.803036457694,-0.026646661187,0.594140466344
1403715377862142976,0.855674621402,3.611574618630,0.605759869372,-0.037653810914,-0.803181828903,-0.026101635949,0.593969565588
1403715377912143104,0.863211279295,3.583092001727,0.601509493301,-0.037919467063,-0.804166770748,-0.025713127374,0.592635430871
1403715377962142976,0.868114438014,3.553932906216,0.594133092501,-0.037953673589,-0.803386390079,-0.025056919049,0.593718769877
1403715378012142848,0.874844110383,3.525065670477,0.589668083990,-0.039264836793,-0.803724866160,-0.022615340099,0.593273257867
1403715378062142976,0.883767783070,3.494496604816,0.584634952099,-0.041064748973,-0.802605952645,-0.019350739774,0.594779723966
1403715378112143104,0.890129623403,3.464129564607,0.583512316818,-0.042470584788,-0.802928269531,-0.016538138236,0.594330659987
1403715378162142976,0.897201077160,3.433516586084,0.582699110544,-0.043556480145,-0.802576777718,-0.013459471395,0.594804330461
1403715378212142848,0.903265355388,3.404175970725,0.579006842617,-0.045184109692,-0.801753524724,-0.009880780948,0.595862443850
1403715378262142976,0.913263285515,3.374332240299,0.574920937106,-0.046956001393,-0.802507350468,-0.006821123272,0.594752518830
1403715378312143104,0.925208825692,3.345509429700,0.569452644702,-0.049536810191,-0.804187286175,-0.003002412919,0.592300513851
1403715378362142976,0.935626820990,3.317988139671,0.567501451986,-0.050639418153,-0.805797246362,-0.000260191488,0.590022354988
1403715378412143104,0.948128778163,3.292161758287,0.565300836685,-0.051538667752,-0.808764872905,0.001136019905,0.585868462660
1403715378462142976,0.958686829824,3.268015042902,0.558102619665,-0.051290469000,-0.810506478533,0.000996215250,0.583478828751
1403715378512142848,0.969895366754,3.243351525855,0.554843606338,-0.049870336259,-0.812963908238,-0.001280687859,0.580173244215
1403715378562142976,0.977835665802,3.220598690465,0.556058311836,-0.046452770322,-0.814385205471,-0.005250506104,0.578438682511
1403715378612143104,0.990229424955,3.198548669888,0.553258137590,-0.046119362216,-0.815174446076,-0.006474948558,0.577340196015
1403715378662142976,1.001822589332,3.176918594999,0.552176455407,-0.044838332048,-0.816734442019,-0.008295503179,0.575209144422
1403715378712142848,1.013984248082,3.155214767218,0.550990949059,-0.044251417629,-0.818261243271,-0.009635964194,0.573059768256
1403715378762142976,1.019919038270,3.135110590968,0.548458150766,-0.043901210203,-0.820135406853,-0.009582826698,0.570402285761
1403715378812143104,1.027903627389,3.114777982352,0.544967478740,-0.043937648120,-0.821854554717,-0.009264563494,0.567924943836
1403715378862142976,1.033759057172,3.093974799463,0.550105351525,-0.043786389864,-0.824010064027,-0.009318941425,0.564803792282
1403715378912143104,1.041774102362,3.073890434909,0.548112019418,-0.044313248045,-0.824697416818,-0.008717787902,0.563768132227
1403715378962142976,1.046376000622,3.055246203766,0.545443219125,-0.045011448823,-0.825405513306,-0.007627107061,0.562691332186
1403715379012142848,1.048770386925,3.036909617449,0.547254520148,-0.044902071156,-0.825235848016,-0.007289956426,0.562953333492
1403715379062142976,1.050276795953,3.018189938631,0.554928309452,-0.044153999480,-0.825791510814,-0.008930430969,0.562173507380
1403715379112143104,1.053188352450,3.000384456754,0.554103076324,-0.043329629723,-0.824497354415,-0.009919525137,0.564117238499
1403715379162142976,1.052022181468,2.983699277549,0.558728397899,-0.040460701199,-0.822872007398,-0.013835256357,0.566615545834
1403715379212142848,1.053971479770,2.966027830178,0.563455293519,-0.038375488924,-0.821805806492,-0.017608290409,0.568201096773
1403715379262142976,1.051989925336,2.949718750737,0.567208789759,-0.035986856215,-0.821104529920,-0.020748651466,0.569264253741
1403715379312143104,1.050980711760,2.932507297109,0.570070093707,-0.034435725273,-0.820425214121,-0.023547690644,0.570229914267
1403715379362142976,1.048933393898,2.913806754297,0.576321598307,-0.032455543773,-0.819874487923,-0.026595382336,0.571003631661
1403715379412143104,1.043368006318,2.896332173956,0.579237980156,-0.030962218384,-0.819809052552,-0.028221425647,0.571102450985
1403715379462142976,1.040827474391,2.875807660920,0.585039506825,-0.029760881199,-0.820248933794,-0.030380070706,0.570423551288
1403715379512142848,1.036933528971,2.855798198109,0.585759162308,-0.029407964988,-0.820756078106,-0.031493478552,0.569651465948
1403715379562142976,1.032511658485,2.835035196766,0.589175646833,-0.029262625157,-0.821134911708,-0.031571238887,0.569108436433
1403715379612143104,1.027008343381,2.812820038945,0.594383206532,-0.028886853423,-0.822092437014,-0.032580313697,0.567686619415
1403715379662142976,1.016294994997,2.791477153550,0.600266780793,-0.028067005763,-0.823721935280,-0.032724562470,0.565352562157
1403715379712142848,1.009907915113,2.767660665993,0.601603713188,-0.027349114102,-0.822683109022,-0.033528626732,0.566851267334
1403715379762142976,1.000959559992,2.743028534621,0.603631002235,-0.027327268389,-0.822226369702,-0.033650216230,0.567507427544
1403715379812143104,0.991159032457,2.716941447416,0.608930826630,-0.026536613249,-0.820565271411,-0.034229536447,0.569909451006
1403715379862142976,0.979211260570,2.689912446266,0.615710762626,-0.025361454867,-0.818683445226,-0.035528213208,0.572583582708
1403715379912143104,0.969221620006,2.661406840255,0.622542945113,-0.024644163414,-0.816075429430,-0.036528239111,0.576263174633
1403715379962142976,0.957237088873,2.633985088601,0.624666725804,-0.024845195196,-0.814357278548,-0.036708999108,0.578668634485
1403715380012142848,0.943322353781,2.604155131345,0.633375060536,-0.023640421582,-0.813431928325,-0.038089972889,0.579929980613
1403715380062142976,0.932447569296,2.571130473129,0.641549245580,-0.024891704579,-0.812155925763,-0.037695901735,0.581689070109
1403715380112143104,0.919223788861,2.538171057202,0.643980305975,-0.027688952573,-0.810190812148,-0.033792175877,0.584535934453
1403715380162142976,0.905345124679,2.503418655317,0.650471693278,-0.031184588535,-0.808871297335,-0.028913040439,0.586445889983
1403715380212142848,0.895619626889,2.466668248662,0.655406909325,-0.034023093380,-0.807954583132,-0.026410325150,0.587668542155
1403715380262142976,0.882674881657,2.431712248521,0.661430295961,-0.036186666175,-0.807563035692,-0.022892578323,0.588224785633
1403715380312143104,0.870428866089,2.396306363698,0.667721827751,-0.038078156630,-0.808527578384,-0.020733695452,0.586858861101
1403715380362142976,0.863386067148,2.361295226553,0.668773040595,-0.040647048528,-0.808837239211,-0.019670383193,0.586296182775
1403715380412143104,0.854053631283,2.326718351179,0.672295912799,-0.041550061576,-0.810128174141,-0.020007500206,0.584436167413
1403715380462142976,0.842903772950,2.294222828884,0.671576159608,-0.040919327766,-0.809919814785,-0.020643054511,0.584747267232
1403715380512142848,0.832798427750,2.259543505909,0.676142323241,-0.039356588730,-0.809450573836,-0.022403048029,0.585439092374
1403715380562142976,0.822667681254,2.225133043781,0.678517436925,-0.038649144287,-0.809974238235,-0.023363162230,0.584723985905
1403715380612143104,0.813384944835,2.189513543183,0.681448243222,-0.037615225197,-0.810210974400,-0.024290024956,0.584425586780
1403715380662142976,0.802971760733,2.153734401135,0.685767393392,-0.036318115954,-0.809945135086,-0.024918174711,0.584849516690
1403715380712142848,0.795364162127,2.118527566345,0.689292136391,-0.036090745992,-0.809468233490,-0.024888172849,0.585524735495
1403715380762142976,0.786977211954,2.082985199578,0.693706423597,-0.035423162090,-0.809024318041,-0.025422601898,0.586155733332
1403715380812143104,0.776886059457,2.048699574301,0.697967036134,-0.035235561194,-0.808914267741,-0.024684395007,0.586350444116
1403715380862142976,0.768332236014,2.014130925499,0.701655710395,-0.034681134980,-0.808187716338,-0.024531451128,0.587390876625
1403715380912143104,0.759966857490,1.978790195054,0.709652203955,-0.033571911842,-0.808312159137,-0.025539196771,0.587241117051
1403715380962142976,0.752882165822,1.944271413616,0.713801784737,-0.033379897119,-0.808134365197,-0.025488228926,0.587498919524
1403715381012142848,0.745104128077,1.908494294945,0.721366974092,-0.032241178000,-0.808681304267,-0.026830937889,0.586749653040
1403715381062142976,0.738723958786,1.873337404079,0.723164563128,-0.032639509095,-0.807923903006,-0.026820071463,0.587770629722
1403715381112143104,0.732975119004,1.837251098527,0.727180047206,-0.034485931070,-0.808212684573,-0.025668050285,0.587319443104
1403715381162142976,0.726251291044,1.802028209480,0.730538688363,-0.036966682814,-0.807523117713,-0.023511929969,0.588206654050
1403715381212142848,0.720618825023,1.766404632294,0.732589459018,-0.038720135514,-0.806566435633,-0.021851694682,0.589469116626
1403715381262142976,0.715221748295,1.730314318847,0.736896975088,-0.040731434181,-0.806159485694,-0.020834763934,0.589926899291
1403715381312143104,0.712151701794,1.694881908307,0.737219315703,-0.043085913445,-0.805447578948,-0.019903001172,0.590763634776
1403715381362142976,0.707718612511,1.658724017558,0.736882915592,-0.045923872614,-0.805447508577,-0.018644435697,0.590590970019
1403715381412143104,0.704074836076,1.622140081977,0.738023767202,-0.047898137085,-0.804460919297,-0.018461842853,0.591783370961
1403715381462142976,0.703288483438,1.588549850977,0.736892953450,-0.050602567903,-0.803707256988,-0.018137553004,0.592591810909
1403715381512142848,0.702656315424,1.554487090669,0.737782852974,-0.051630185654,-0.801271778312,-0.019032579623,0.595764737227
1403715381562142976,0.701894445074,1.518711887973,0.741572357940,-0.050173548384,-0.801232449063,-0.023763623882,0.595772160973
1403715381612143104,0.699407043569,1.487888177106,0.738237296088,-0.050248800020,-0.801805353200,-0.025179576561,0.594936318105
1403715381662142976,0.700290821477,1.454966501371,0.738927933782,-0.048892672093,-0.803485118509,-0.028718806118,0.592618259189
1403715381712142848,0.702084531812,1.424944271535,0.732290355457,-0.047978102622,-0.805724192604,-0.030609628569,0.589550403070
1403715381762142976,0.704616314965,1.393880388390,0.727864523498,-0.047381168785,-0.808677709633,-0.032401436478,0.585444731552
1403715381812143104,0.707557188163,1.361918315830,0.724050388167,-0.045988462823,-0.811046911645,-0.033903967703,0.582184240058
1403715381862142976,0.709793764418,1.329615014207,0.722602145511,-0.045077653599,-0.814307631490,-0.035655185968,0.577580984934
1403715381912143104,0.713336771358,1.295437827577,0.719730777601,-0.046373052039,-0.816872023228,-0.038406469343,0.573667657120
1403715381962142976,0.715754800539,1.262832339604,0.716966884701,-0.048493825556,-0.818570033932,-0.041964892519,0.570815553596
1403715382012142848,0.717224129637,1.231319602807,0.713009285929,-0.054349633564,-0.819736503263,-0.043883489786,0.568464969787
1403715382062142976,0.716983230307,1.198423291623,0.710727522595,-0.059783276211,-0.820161584604,-0.047945893302,0.566976301393
1403715382112143104,0.715652749020,1.166803092412,0.708512891390,-0.068289332774,-0.820244327310,-0.050400534453,0.565681532906
1403715382162142976,0.712301714449,1.134393050365,0.711327465130,-0.076524625869,-0.819875903934,-0.053723786752,0.564855059747
1403715382212142848,0.709051327171,1.102645408601,0.712828780513,-0.086271410967,-0.818684403342,-0.056661509252,0.564891639824
1403715382262142976,0.703569644714,1.069608276293,0.716560155776,-0.095567387390,-0.817791770132,-0.061828244397,0.564146047905
1403715382312143104,0.698152338653,1.039745312808,0.718293921438,-0.105854037654,-0.816200577137,-0.065999035383,0.564141531818
1403715382362142976,0.690359705120,1.008947835760,0.721371803573,-0.115491034940,-0.814958360939,-0.071822469782,0.563334912479
1403715382412143104,0.682630336800,0.977666510894,0.723457615022,-0.125339407225,-0.812639936270,-0.077813190274,0.563783180305
1403715382462142976,0.674211249829,0.946944643213,0.724427988335,-0.135483301725,-0.811574237960,-0.082314012226,0.562330805331
1403715382512142848,0.663376568754,0.915668859942,0.727053914539,-0.144230435069,-0.810383865018,-0.086629133297,0.561222742040
1403715382562142976,0.653475677801,0.883321054758,0.730639749802,-0.152042061246,-0.809449385889,-0.090659526463,0.559871193719
1403715382612143104,0.644256959951,0.851326546454,0.730878075824,-0.160498065097,-0.807589566499,-0.093411208087,0.559744414341
1403715382662142976,0.630218215961,0.819759145719,0.730725538281,-0.168446017285,-0.807357973015,-0.097662201848,0.557010894866
1403715382712142848,0.618198735717,0.787610719976,0.729794177296,-0.177356959004,-0.805926053567,-0.101070813722,0.555708912911
1403715382762142976,0.606047265548,0.757451132261,0.729326698038,-0.185036988589,-0.805344109678,-0.105939859798,0.553135538514
1403715382812143104,0.593372003538,0.725847573146,0.728159398800,-0.191609278063,-0.803107183382,-0.112138462713,0.552928297107
1403715382862142976,0.578212332450,0.697289761002,0.727394406261,-0.199143822668,-0.801986213440,-0.116588494535,0.550969122808
1403715382912143104,0.564240726259,0.668794910023,0.726186630302,-0.206536703038,-0.800161677447,-0.121922017710,0.549744396825
1403715382962142976,0.548987355550,0.640465468580,0.725735601654,-0.214280658252,-0.798451349685,-0.126004251685,0.548344937282
1403715383012142848,0.531866960527,0.614325120556,0.725283503746,-0.222377214914,-0.796887831426,-0.129397715177,0.546602588467
1403715383062142976,0.513703168932,0.587492162155,0.724015941423,-0.229966859810,-0.795925124099,-0.130919577122,0.544498397191
1403715383112143104,0.496291963327,0.560688800617,0.722280779278,-0.236827092392,-0.794548385203,-0.131354025130,0.543462889223
1403715383162142976,0.477971212278,0.533454984445,0.720566025087,-0.241384263395,-0.793470932625,-0.132348593025,0.542790352152
1403715383212142848,0.459123093636,0.511233776346,0.715360085700,-0.246692852087,-0.792835556810,-0.130278885779,0.541831919056
1403715383262142976,0.435341682689,0.485970696289,0.711845190687,-0.248511799958,-0.792739091358,-0.132433450448,0.540618164250
1403715383312143104,0.411629798196,0.463882999393,0.709305643959,-0.251351422777,-0.792502363898,-0.131099434429,0.539977225239
1403715383362142976,0.390210754140,0.440752663520,0.707285126268,-0.253569011743,-0.791181139126,-0.130057278174,0.541128696125
1403715383412143104,0.369369068385,0.418699689944,0.705575647588,-0.253814230481,-0.789489647522,-0.130655055792,0.543335705855
1403715383462142976,0.344331847960,0.399848058451,0.705130633903,-0.254646991077,-0.788454864980,-0.130992488760,0.544366424124
1403715383512142848,0.320862537283,0.383932812749,0.704271080650,-0.257474499619,-0.785758431351,-0.131174055873,0.546885670567
1403715383562142976,0.296646838319,0.368211541176,0.706133672855,-0.259035538023,-0.783738722620,-0.133731522471,0.548425094799
1403715383612143104,0.272334572356,0.350308396383,0.704637633634,-0.261237320195,-0.780335140475,-0.137374309213,0.551326065270
1403715383662142976,0.243770731123,0.333273170800,0.703249010096,-0.265798740517,-0.778624543823,-0.141362539253,0.550555611897
1403715383712142848,0.216134051000,0.315558782897,0.700815213543,-0.270945414370,-0.776397081272,-0.146835285355,0.549759541617
1403715383762142976,0.189624620926,0.301843811688,0.698058987131,-0.278672943986,-0.773262149181,-0.152647153750,0.548731159482
1403715383812143104,0.166616932238,0.288081038344,0.691768375379,-0.286876357150,-0.768932590902,-0.158916951842,0.548807824993
1403715383862142976,0.141580830674,0.277277717270,0.686438694809,-0.296698238555,-0.765805774508,-0.165688118519,0.545947908092
1403715383912143104,0.119659488805,0.266907896819,0.682159139261,-0.307113815188,-0.761533805311,-0.172711016808,0.543983706155
1403715383962142976,0.100323633705,0.256723273739,0.677108135311,-0.317747257429,-0.756822819218,-0.181558791672,0.541564683001
1403715384012142848,0.080088134241,0.247745171675,0.673115656041,-0.329505593501,-0.751551925143,-0.189448156348,0.539170811267
1403715384062142976,0.060265194960,0.239319395413,0.669708740762,-0.340502926876,-0.746871672237,-0.197461648210,0.535956490290
1403715384112143104,0.040196300279,0.233741652729,0.666940237928,-0.352388942742,-0.742043390912,-0.204850379137,0.532193537356
1403715384162142976,0.020071979909,0.225236616968,0.664928657209,-0.363745016783,-0.736425673473,-0.213363369265,0.529001760745
1403715384212142848,-0.000525141297,0.219588708433,0.663150612740,-0.375556641337,-0.731877157292,-0.219639263928,0.524472715708
1403715384262142976,-0.018535015592,0.212307290824,0.662044578402,-0.386790724943,-0.725689735335,-0.226509925003,0.521977582855
1403715384312143104,-0.037164586241,0.206633376280,0.660655481659,-0.398737592415,-0.719674323554,-0.232922660167,0.518482627281
1403715384362142976,-0.055301538606,0.201488113302,0.658172550172,-0.410168613158,-0.713058970082,-0.239247470872,0.515819020245
1403715384412143104,-0.074079219216,0.196729939087,0.656094620383,-0.420646094506,-0.707340349986,-0.246328369879,0.511907048838
1403715384462142976,-0.089840064203,0.192366925477,0.653531355214,-0.431848587533,-0.701284831109,-0.252051597534,0.508110593556
1403715384512142848,-0.104183412965,0.187835967405,0.651924854104,-0.442628977619,-0.695383480973,-0.257271542072,0.504314144360
1403715384562142976,-0.116899636778,0.185889462449,0.650949320237,0.453083205127,0.691193272875,0.262676825632,-0.497964209598
1403715384612143104,-0.127508872538,0.183103553846,0.650121588901,0.463615738754,0.685291147738,0.267240526203,-0.493982783877
1403715384662142976,-0.138870227398,0.182258114940,0.649783713123,0.473250267129,0.681162568515,0.272310094220,-0.487748862122
1403715384712142848,-0.148676448185,0.182655438280,0.649239396436,0.482106044209,0.677017503387,0.278916193508,-0.481068414307
1403715384762142976,-0.157017426363,0.184470118784,0.649700775387,0.491393233430,0.671300140596,0.283204937733,-0.477162209964
1403715384812143104,-0.167196723028,0.186200474597,0.649449051706,0.499421201093,0.666555533593,0.288426560167,-0.472326480229
1403715384862142976,-0.177395200394,0.189590394887,0.649817452597,0.507867472717,0.661618586410,0.292800925453,-0.467545820564
1403715384912143104,-0.184667509853,0.192891424853,0.652441780783,0.515311679708,0.655782554639,0.297257191180,-0.464802405415
1403715384962142976,-0.191462323825,0.197325178053,0.654805181097,0.520337425180,0.650281169372,0.302424091896,-0.463597922082
1403715385012142848,-0.199525360135,0.205087551392,0.656763130965,0.523516154030,0.647189224580,0.307209699885,-0.461193174661
1403715385062142976,-0.205932841410,0.213405932444,0.657793690608,0.525905006048,0.644614701710,0.312405715525,-0.458583122084
1403715385112143104,-0.211835085993,0.223800577920,0.660556138406,0.528232639796,0.642641613489,0.318218203292,-0.454663842811
1403715385162142976,-0.216328547719,0.234038820734,0.661726809209,0.530963133614,0.640314162810,0.323497327608,-0.451027053156
1403715385212142848,-0.218626225204,0.243090981246,0.663677436004,0.533696243941,0.636973409825,0.329034459317,-0.448519251496
1403715385262142976,-0.223093554006,0.253694603624,0.664321924846,0.535597647724,0.635042508384,0.333916665827,-0.445371566876
1403715385312143104,-0.226854070057,0.266890313380,0.663194478621,0.538499926168,0.633914962887,0.335939005779,-0.441944152287
1403715385362142976,-0.230437372433,0.278976190112,0.667544435805,0.540554039534,0.631814499454,0.338037009510,-0.440843224770
1403715385412143104,-0.233953558982,0.291187479869,0.673048315689,0.542288864032,0.630508724047,0.339206078050,-0.439682582622
1403715385462142976,-0.237870102034,0.303347613444,0.678163414282,0.543786901917,0.627640044097,0.339726272497,-0.441531244789
1403715385512142848,-0.242914251276,0.319235427502,0.680706218015,0.545198350942,0.625323111423,0.339026403979,-0.443611160653
1403715385562142976,-0.248081641960,0.335170024885,0.683909457033,0.547418148508,0.622258596539,0.337004445990,-0.446716479550
1403715385612143104,-0.251627187241,0.350154183875,0.688461907560,0.549946678808,0.618512256768,0.333672089516,-0.451291674390
1403715385662142976,-0.255729992254,0.365115452566,0.693526021940,0.552254676520,0.617110341060,0.329357568057,-0.453556161442
1403715385712142848,-0.259221144602,0.381165915344,0.697352730699,0.553244796930,0.615834951594,0.326663413216,-0.456024693992
1403715385762142976,-0.262640862951,0.398179472449,0.699855675624,0.552929695287,0.615231417863,0.325717019688,-0.457894614109
1403715385812143104,-0.262830380699,0.414863115747,0.703009189962,0.552630280059,0.613492387929,0.324625838985,-0.461351198307
1403715385862142976,-0.262358091510,0.432795208775,0.707583848378,0.551329046385,0.612921608945,0.325002359043,-0.463397076509
1403715385912143104,-0.259348559134,0.450338416300,0.713432347811,0.548793977520,0.611983864552,0.327807318561,-0.465664344419
1403715385962142976,-0.256398780604,0.468955004524,0.719165652971,0.544611076657,0.612177874236,0.333812609320,-0.466053824508
1403715386012142848,-0.250253623358,0.488099485126,0.727303375959,0.541170183436,0.612639934388,0.338880792464,-0.465797114474
1403715386062142976,-0.243503026226,0.504100447469,0.735746521464,0.537550111949,0.613665516491,0.343448797905,-0.465292847818
1403715386112143104,-0.237408206652,0.520691716889,0.742536188146,0.535057748585,0.615003956800,0.346951048918,-0.463797702079
1403715386162142976,-0.230359219926,0.536473755970,0.747436787926,0.533641690301,0.616434587758,0.348987197774,-0.461998789152
1403715386212142848,-0.219395716411,0.550937681537,0.751535453994,0.533860971398,0.616665101090,0.349434136558,-0.461099122233
1403715386262142976,-0.210746662475,0.564749127413,0.754174605227,0.534288073177,0.617930071807,0.349693805205,-0.458707885063
1403715386312143104,-0.201454474364,0.575716288371,0.757189946762,0.534971504682,0.617774768665,0.349250096917,-0.458458497775
1403715386362142976,-0.192701029709,0.586600703604,0.759234935114,0.534706247075,0.616991415868,0.350139859332,-0.459143660514
1403715386412143104,-0.184237679370,0.598714357244,0.759197169379,0.534692509088,0.615850050113,0.351123344948,-0.459940249525
1403715386462142976,-0.176039492477,0.610590313905,0.759242905159,0.534722831408,0.614847334162,0.351813952245,-0.460718126680
1403715386512142848,-0.166026957746,0.621576597410,0.760078723196,0.535148285092,0.613048762399,0.352022772114,-0.462458101667
1403715386562142976,-0.155399880222,0.629714207059,0.762004179436,0.536030585524,0.610603316968,0.351142437996,-0.465331912648
1403715386612143104,-0.145743885386,0.636148411906,0.763362110068,0.536144726480,0.609125828481,0.351631115237,-0.466765590144
1403715386662142976,-0.133892529659,0.643130799600,0.763104395549,0.537505861025,0.606102602321,0.349235049793,-0.470916091060
1403715386712142848,-0.121642497044,0.651434988395,0.760860495205,0.539659538571,0.605094594567,0.346423764485,-0.471824850401
1403715386762142976,-0.108713439847,0.656996102960,0.758711562901,0.541812181098,0.604778338334,0.342946232580,-0.472303507773
1403715386812143104,-0.092708624499,0.661884432810,0.756280017935,0.546363700908,0.605354949714,0.335786714169,-0.471465135270
1403715386862142976,-0.075144465323,0.663221272230,0.756248215344,0.549903904508,0.604870855188,0.330219785116,-0.471902360524
1403715386912143104,-0.053610197565,0.665205101378,0.753265505494,0.553238775472,0.604773011193,0.324122009086,-0.472357264655
1403715386962142976,-0.032248893401,0.668957125367,0.748280450588,0.556025983406,0.605578751096,0.319762450106,-0.471021716592
1403715387012142848,-0.009482146863,0.672829412529,0.743887234832,0.558069709929,0.606656204944,0.315916179065,-0.469812106770
1403715387062142976,0.014589367905,0.674631088579,0.741644845027,0.557759669724,0.608272564651,0.315494315625,-0.468371620330
1403715387112143104,0.041478394311,0.676173304517,0.737852709942,0.555364711254,0.609948557381,0.318497694204,-0.467003226572
1403715387162142976,0.069988388622,0.682486067097,0.730706394152,0.553548968798,0.613065266980,0.320809418400,-0.463482291605
1403715387212142848,0.100782087526,0.686235418847,0.726016933073,0.550328506917,0.615850366598,0.325173291318,-0.460574848476
1403715387262142976,0.133437629688,0.690710274366,0.720776364299,0.548089770701,0.617887360402,0.327083681891,-0.459161276840
1403715387312143104,0.166006304080,0.694606450249,0.715671533244,0.545031791630,0.619900899869,0.330532007721,-0.457615354119
1403715387362142976,0.197993097953,0.700355116142,0.709330771744,0.543174761976,0.621502925182,0.332337516610,-0.456340954765
1403715387412143104,0.231716663500,0.705261914643,0.704004022544,0.541162279291,0.622973460399,0.333602126446,-0.455803769556
1403715387462142976,0.266684509872,0.711248176236,0.696761878550,0.540033991685,0.624326685378,0.333670403380,-0.455240090126
1403715387512142848,0.302252753829,0.716984377940,0.690714219312,0.539978285111,0.627002130691,0.332806869241,-0.452251442787
1403715387562142976,0.337449940231,0.721795539735,0.686657222031,0.539783925986,0.629257999877,0.331502440714,-0.450304135711
1403715387612143104,0.375217393941,0.725643407466,0.683554579811,0.541102362533,0.630130228966,0.328302844799,-0.449845940186
1403715387662142976,0.409897716644,0.731071338144,0.684946305101,0.541194040422,0.632502079123,0.326415054290,-0.447775996285
1403715387712142848,0.446658435533,0.737674997433,0.688358219020,0.541147493620,0.634604547085,0.324434110082,-0.446294708890
1403715387762142976,0.483250086118,0.746240867214,0.693890620921,0.541285390637,0.636662052069,0.321763847756,-0.445128727016
1403715387812143104,0.521360965841,0.754329207942,0.703559203464,0.540783603487,0.637996135747,0.320248342565,-0.444921368397
1403715387862142976,0.558589722609,0.764872241879,0.714105570726,0.540178708543,0.639459047747,0.318198318791,-0.445026874480
1403715387912143104,0.596124309945,0.776647142068,0.723690120222,0.539771793595,0.640561997438,0.316459814574,-0.445174037918
1403715387962142976,0.634180313581,0.787897321051,0.732266047445,0.538684910234,0.641376388260,0.315805943811,-0.445781899500
1403715388012142848,0.672076688740,0.800105403058,0.738294655814,0.537885492831,0.641607337816,0.315544655814,-0.446599138882
1403715388062142976,0.709488853792,0.813662669350,0.739945964933,0.536229453055,0.642358127724,0.316242357814,-0.447017651271
1403715388112143104,0.746700318636,0.829395932311,0.736460836680,0.534687122971,0.642173304598,0.316588065261,-0.448882082874
1403715388162142976,0.782220734053,0.847563997511,0.729108447534,0.533305168576,0.642502713456,0.316969857107,-0.449784359509
1403715388212142848,0.819922950319,0.866058363144,0.717521713943,0.531414511045,0.642182166339,0.318351997675,-0.451500485341
1403715388262142976,0.853943506122,0.883884127187,0.705594611192,0.529339197510,0.641493522678,0.320690046085,-0.453259273136
1403715388312143104,0.889149687499,0.901527078602,0.691793967330,0.527194863166,0.640921177253,0.322934433927,-0.454971397106
1403715388362142976,0.928276288468,0.919005492373,0.679461868780,0.524500719151,0.640658408681,0.325587526365,-0.456561673459
1403715388412143104,0.967586984870,0.937604962609,0.666319924965,0.523740219030,0.640625711149,0.326253803373,-0.457004745019
1403715388462142976,1.005760535821,0.956917838349,0.652905910790,0.522358513088,0.641137784851,0.327732630615,-0.456809859210
1403715388512142848,1.043993462932,0.975336711082,0.640191688969,0.521682841535,0.641425086036,0.328092608627,-0.456920246888
1403715388562142976,1.081919458447,0.994538279730,0.625163706086,0.522243740004,0.640750874838,0.327331739496,-0.457770384298
1403715388612143104,1.117325315572,1.014067454417,0.613192430860,0.521160041743,0.640423543902,0.328066126517,-0.458936283092
1403715388662142976,1.154665725727,1.034496806376,0.597664108048,0.521302327506,0.640301448690,0.327811407289,-0.459127018801
1403715388712142848,1.189795875250,1.055314171731,0.586540283750,0.520211977546,0.640539939401,0.328622442173,-0.459451167101
1403715388762142976,1.227807155699,1.074992079048,0.571651152258,0.519865785752,0.639919741016,0.328945074659,-0.460475219443
1403715388812143104,1.261935766924,1.097035042070,0.558273838011,0.519329375904,0.640200390840,0.329183401001,-0.460520083598
1403715388862142976,1.296291698159,1.118810851611,0.546236079999,0.518503362927,0.640704418968,0.329376662914,-0.460611684694
1403715388912143104,1.329585689293,1.140118959549,0.539299345589,0.516499298872,0.642018823287,0.331463625229,-0.459534732051
1403715388962142976,1.363505050021,1.160442156266,0.533164943303,0.515293147439,0.642242731360,0.332277044556,-0.459988273632
1403715389012142848,1.398853112793,1.182129448586,0.529678632755,0.514036692097,0.642576832097,0.332630813207,-0.460671288594
1403715389062142976,1.435181554128,1.203126131382,0.526011540039,0.513460069603,0.642536585163,0.332465395879,-0.461489170180
1403715389112143104,1.469961987246,1.224695454085,0.528355205357,0.512327199732,0.643551459202,0.332705563670,-0.461160891313
1403715389162142976,1.504409309338,1.245242535883,0.532786411901,0.511125692038,0.644616628238,0.333403572743,-0.460501886228
1403715389212142848,1.537892761611,1.265812177970,0.537740807927,0.509713789885,0.645646815805,0.334257419518,-0.460004368608
1403715389262142976,1.570526770250,1.286725958005,0.542544237622,0.507564336542,0.646919839946,0.335578577931,-0.459630485269
1403715389312143104,1.603242636028,1.305827140357,0.548436827209,0.506245058568,0.647970549703,0.336205992153,-0.459146641318
1403715389362142976,1.633522982046,1.326579784742,0.555410290187,0.504351081364,0.649545560615,0.337048757035,-0.458387049111
1403715389412143104,1.665604551489,1.346234036413,0.558583049681,0.503241909350,0.650135100745,0.337658007627,-0.458321940712
1403715389462142976,1.697731872480,1.365531126284,0.560273668230,0.503085378488,0.650848170989,0.337105714773,-0.457888083860
1403715389512142848,1.729582661125,1.384000326031,0.563610491429,0.502855043675,0.650628387410,0.336464238459,-0.458924092619
1403715389562142976,1.760246628783,1.402185325560,0.566046478001,0.503780515421,0.650082233631,0.334910261711,-0.459818875647
1403715389612143104,1.788821851547,1.421898444240,0.566320702734,0.504001060560,0.649292154587,0.332094519015,-0.462726549256
1403715389662142976,1.817094536744,1.439917957043,0.567605035773,0.503809407333,0.649728105154,0.328997243276,-0.464532328662
1403715389712142848,1.841945177700,1.460113767103,0.571798051877,0.501386635577,0.651083068291,0.325797171923,-0.467502387819
1403715389762142976,1.867418772828,1.479091797539,0.574312242978,0.499064479498,0.653356262880,0.321820239644,-0.469565727470
1403715389812143104,1.893173532795,1.496664725885,0.576030067889,0.495313112082,0.655803885886,0.317758534808,-0.472880215079
1403715389862142976,1.916685111931,1.516284830195,0.576282770151,0.491110183955,0.660268290101,0.312518630163,-0.474540491533
1403715389912143104,1.940101817934,1.534327875860,0.576750712629,0.486449973019,0.665885973468,0.307302273355,-0.474897469859
1403715389962142976,1.965522150290,1.551991100953,0.574071774172,0.481560735186,0.671180437202,0.301736842123,-0.475994702859
1403715390012142848,1.991211033483,1.570562479048,0.571538086004,0.475795381729,0.677926544256,0.296397649002,-0.475586783861
1403715390062142976,2.016191438809,1.589326808274,0.566878627374,0.469894324465,0.684733510609,0.290846174406,-0.475129294107
1403715390112143104,2.041425349233,1.607614381780,0.560618875923,0.463360641520,0.690701283393,0.285472921149,-0.476165794971
1403715390162142976,2.065086595974,1.628604978250,0.553010472479,0.455860162700,0.697145256688,0.280749072342,-0.476822777895
1403715390212142848,2.087418351688,1.650676145892,0.548175396368,0.447811474263,0.703963022542,0.276219892561,-0.477078104052
1403715390262142976,2.108308195568,1.673577539646,0.538332899849,0.440194375721,0.710252399331,0.271236400481,-0.477704151000
1403715390312143104,2.128970064251,1.698457532381,0.527974275584,0.431380166698,0.714608158590,0.267083247604,-0.481573328067
1403715390362142976,2.147440731098,1.723771809206,0.522666928166,0.422909635363,0.720151016260,0.262563538564,-0.483311847892
1403715390412143104,2.164036440474,1.749920275141,0.519126941654,0.412944833329,0.725295952493,0.259610976647,-0.485823513973
1403715390462142976,2.179135315964,1.775921720137,0.519381875888,0.401508174832,0.730264721171,0.258366122712,-0.488622112875
1403715390512142848,2.193277832446,1.802599610749,0.515703944300,0.391737555461,0.735396220875,0.255392066626,-0.490417147202
1403715390562142976,2.206071831617,1.828391838108,0.512216510992,0.380623154484,0.739436311913,0.253638080957,-0.493991577644
1403715390612143104,2.217404208726,1.854824363524,0.505316381654,0.370315403728,0.743436347856,0.251161911332,-0.497078054982
1403715390662142976,2.226930055762,1.880453373159,0.500358693375,-0.361327626570,-0.746970945501,-0.247059924122,0.500437954943
1403715390712142848,2.233304701314,1.907684168574,0.495242508259,-0.354090187673,-0.750172476623,-0.239951044484,0.504266685953
1403715390762142976,2.237382178101,1.933166600692,0.491937074892,-0.349577588036,-0.752281332217,-0.230396664632,0.508709823050
1403715390812143104,2.240627745668,1.957618815481,0.490264476776,-0.344324732257,-0.754602739291,-0.222989885159,0.512143237510
1403715390862142976,2.244628978046,1.983424032441,0.485578730547,-0.341329549791,-0.756986326706,-0.215272955324,0.513929367060
1403715390912143104,2.248425609695,2.008412344935,0.481819054293,-0.337511715492,-0.758387122919,-0.210944161388,0.516175720538
1403715390962142976,2.250921887440,2.034962817393,0.474905381051,-0.335976482777,-0.759900979585,-0.205499346467,0.517146326341
1403715391012142848,2.249591357912,2.064236413798,0.471273699156,-0.333661931774,-0.761669029124,-0.200667734176,0.517940600667
1403715391062142976,2.246733931126,2.092421074829,0.467990425024,-0.331543443820,-0.763285479323,-0.195506782031,0.518894324593
1403715391112143104,2.243422509012,2.121953410713,0.461969981283,-0.329300502094,-0.764845103707,-0.189381241406,0.520295965829
1403715391162142976,2.240939603115,2.150261365647,0.458310123485,-0.326660403737,-0.765326345182,-0.182874925080,0.523569792652
1403715391212142848,2.236185562008,2.180246131472,0.458639476598,-0.323178754928,-0.766585518886,-0.177674690652,0.525674651185
1403715391262142976,2.232339020871,2.210266794140,0.458328197709,-0.320303569173,-0.766043490623,-0.173376259407,0.529644849614
1403715391312143104,2.227129446521,2.242796728884,0.457242508229,-0.318008486808,-0.765807222331,-0.169812681563,0.532516247381
1403715391362142976,2.222625202604,2.276069645003,0.452658282181,-0.315664251999,-0.765444690470,-0.167941354140,0.535019819643
1403715391412143104,2.214475619322,2.311471739184,0.450161371900,-0.313188000551,-0.765972470897,-0.167289442302,0.535923215241
1403715391462142976,2.206300594481,2.348709045694,0.445333255249,-0.312191562054,-0.766725749482,-0.165785745590,0.535894710016
1403715391512142848,2.199322536471,2.385651980656,0.446479553706,-0.310853340324,-0.767577931899,-0.165910615099,0.535413846541
1403715391562142976,2.194222394639,2.424913020972,0.440086020155,-0.310389905824,-0.767022738013,-0.163911703121,0.537091406852
1403715391612143104,2.187823379853,2.465107291291,0.440070378227,-0.310079248472,-0.767333425334,-0.159938569264,0.538024096202
1403715391662142976,2.182381707824,2.505015839209,0.438486671127,-0.309028099000,-0.766872558684,-0.156623864689,0.540256492581
1403715391712142848,2.174813399699,2.547847421773,0.441340293510,-0.305892777023,-0.767622639955,-0.154416216553,0.541609382912
1403715391762142976,2.164668561817,2.592354086665,0.444865759614,-0.301412237556,-0.768201898267,-0.152312122666,0.543891095569
1403715391812143104,2.156018462608,2.635919310694,0.454677479824,-0.294464042047,-0.769917811935,-0.152534297644,0.545207097210
1403715391862142976,2.147950058814,2.680218034938,0.461643250922,-0.286165428914,-0.771793872065,-0.153417582133,0.546723524123
1403715391912143104,2.142549158940,2.725079134396,0.470229518871,-0.279480984146,-0.774752021902,-0.152728982545,0.546190023665
1403715391962142976,2.136767173542,2.771198670511,0.482037746257,-0.273210793587,-0.777380057123,-0.152213159772,0.545772171375
1403715392012142848,2.129172573236,2.817294991124,0.494520839054,-0.269241053639,-0.781431283575,-0.150456092026,0.542436510993
1403715392062142976,2.122370249723,2.863583330130,0.507149560053,-0.265635381325,-0.784058195829,-0.148905651270,0.540849051734
1403715392112143104,2.113672145585,2.911717800614,0.517972429666,-0.263499048553,-0.785991152961,-0.146437973484,0.539761131242
1403715392162142976,2.102421808124,2.959396206603,0.536428255490,-0.260519293452,-0.787904064868,-0.145635000000,0.538634689821
1403715392212142848,2.093406456399,3.008876182771,0.540735839929,-0.258442903509,-0.788275793332,-0.142496422792,0.539928984927
1403715392262142976,2.085414876764,3.055848804372,0.549992951432,-0.253961322524,-0.787517126200,-0.140801525992,0.543594842582
1403715392312143104,2.068798433327,3.107310226337,0.565858999120,-0.247731210728,-0.787940996404,-0.137875009696,0.546597397650
1403715392362142976,2.057781558649,3.155526864232,0.571886132281,-0.240486205279,-0.786221363951,-0.135540310613,0.552857283697
1403715392412143104,2.042948407686,3.204826594299,0.586090343386,-0.232202416896,-0.783774363439,-0.132541461189,0.560546649146
1403715392462142976,2.029299767718,3.252903239977,0.598155951686,-0.222953998657,-0.779835066252,-0.129752286792,0.570362277853
1403715392512142848,2.017333695762,3.299013010368,0.615087144729,-0.212976618361,-0.778201540559,-0.127531061473,0.576870133273
1403715392562142976,2.005899771653,3.347633411062,0.622976797401,-0.203331471887,-0.778314490809,-0.123026412575,0.581160363193
1403715392612143104,1.995075099346,3.394855596746,0.629775564951,-0.193564191987,-0.780344833819,-0.118042320653,0.582804302016
1403715392662142976,1.985772153006,3.440365164344,0.636325949467,-0.184051643613,-0.781435231197,-0.112450553285,0.585524418784
1403715392712142848,1.970912392021,3.487067044912,0.646109876434,-0.173859562337,-0.782785497509,-0.106673075044,0.587912044897
1403715392762142976,1.957086565524,3.531754805588,0.654156348783,-0.163867408552,-0.784994134217,-0.100371626624,0.588945853393
1403715392812143104,1.946718918820,3.572234371888,0.663345247274,-0.153807858058,-0.789374640783,-0.094487925138,0.586773253728
1403715392862142976,1.935963490946,3.612812557774,0.670235907857,-0.144004054262,-0.794469359335,-0.087147820518,0.583512233644
1403715392912143104,1.926117676040,3.651254361602,0.676329074937,-0.133408203193,-0.798488469635,-0.080492653002,0.581497504718
1403715392962142976,1.918699648764,3.688558858317,0.676786291810,-0.122667161028,-0.802496696540,-0.074098622696,0.579190136106
1403715393012142848,1.908223057419,3.725396677348,0.683128652146,-0.111117517447,-0.805498787172,-0.067808005509,0.578123408598
1403715393062142976,1.894339658821,3.761560817535,0.686096947552,-0.100253835422,-0.807698312029,-0.059843924215,0.577919812744
1403715393112143104,1.884846321411,3.799216219213,0.687810181208,-0.088195713822,-0.810273588787,-0.053394171857,0.576911856170
1403715393162142976,1.878725459940,3.833832699856,0.687672540449,-0.074866605982,-0.811075834513,-0.048317829836,0.578114494972
1403715393212142848,1.873556727242,3.868262905075,0.689646387549,-0.060313873006,-0.811426228660,-0.043509199034,0.579703943203
1403715393262142976,1.868364017846,3.902525513945,0.689590976078,-0.046076814464,-0.809632103299,-0.037270053406,0.583938119663
1403715393312143104,1.860782485947,3.936435579931,0.681646502009,-0.031705827219,-0.807597484275,-0.030051608056,0.588113887582
1403715393362142976,1.848632865780,3.967965147743,0.681287360228,-0.017749072024,-0.806938225878,-0.022358379251,0.589945567775
1403715393412143104,1.836440456128,3.996283350911,0.683432788804,-0.002743100191,-0.805968958349,-0.015826505439,0.591739837517
1403715393462142976,1.823791698897,4.022575588781,0.689516269802,0.012550099240,-0.805217050828,-0.009476020142,0.592771626436
1403715393512142848,1.814549847452,4.046608701968,0.687282905882,0.026723967402,-0.803089243455,-0.002223161459,0.595255032878
1403715393562142976,1.807641962495,4.067700624531,0.684633417011,0.041497811070,-0.800655887334,0.004329286442,0.597669924818
1403715393612143104,1.788470566694,4.088460506704,0.676923843185,0.055272082370,-0.798863525856,0.013594595167,0.598813202050
1403715393662142976,1.778610445313,4.103792978946,0.675825131222,0.066573060814,-0.798047556403,0.025171470380,0.598376572378
1403715393712142848,1.770400604614,4.116129501129,0.678599230140,0.077413423076,-0.798486713129,0.037740573672,0.595820258118
1403715393762142976,1.766521413985,4.126927042971,0.675093056697,0.087726130011,-0.797866546051,0.050755388258,0.594253305728
1403715393812143104,1.764568897465,4.137519981108,0.663429310091,0.098072244043,-0.797116256895,0.063545142184,0.592409928045
1403715393862142976,1.758570216682,4.147776259737,0.659083150133,0.108407340272,-0.796978381785,0.076394978187,0.589268287668
1403715393912143104,1.751129107869,4.155073011315,0.665888177686,0.121327534053,-0.796316676781,0.084897230287,0.586474074492
1403715393962142976,1.744991575807,4.162557392527,0.666456964692,0.131661319508,-0.796027255563,0.096209540270,0.582880459192
1403715394012142848,1.737418849964,4.170488578914,0.665272944449,0.143062979113,-0.793825823614,0.106941457431,0.581323550575
1403715394062142976,1.734480403108,4.176129294778,0.659581029332,0.154505741173,-0.790896728841,0.116814048313,0.580486708177
1403715394112143104,1.726633042559,4.180422624959,0.659313476622,0.167183782482,-0.788532571765,0.126090423507,0.578244905935
1403715394162142976,1.720143663277,4.183731125178,0.662813045646,0.181153120507,-0.785307611296,0.133477732548,0.576766154940
1403715394212142848,1.719127675126,4.185014896735,0.670010054898,0.194192559761,-0.782913535098,0.141841353536,0.573774064176
1403715394262142976,1.717836048078,4.188771754415,0.664228454773,0.207543714778,-0.778976141270,0.150519384802,0.572246181803
1403715394312143104,1.712980353422,4.194250573513,0.657327550438,0.220418346196,-0.774073066005,0.160901195107,0.571259526450
1403715394362142976,1.711667775008,4.195591014474,0.654729164325,0.235105502521,-0.767711046235,0.168044427125,0.571932008796
1403715394412143104,1.706125759315,4.195457006883,0.657858397780,0.249517717063,-0.761919634321,0.176142919013,0.571133129655
1403715394462142976,1.700465029240,4.197043276364,0.655576280873,0.263584616222,-0.754915166645,0.184366387849,0.571520145132
1403715394512142848,1.698872576301,4.199091247289,0.647659216073,0.277690728233,-0.747445675616,0.191936494491,0.572165363806
1403715394562142976,1.697842594935,4.198572483061,0.643762120782,0.291014072025,-0.741551469465,0.200679850048,0.570210334704
1403715394612143104,1.694450455930,4.196715702020,0.646898585571,0.304263257414,-0.736211257478,0.209900574982,0.566884999953
1403715394662142976,1.697857019417,4.195421042855,0.643075808742,0.316607423278,-0.730986633675,0.220387584549,0.562892168617
1403715394712142848,1.702053379309,4.194878738814,0.635613291701,0.329280114240,-0.725895514688,0.230608215058,0.558095116687
1403715394762142976,1.705799512695,4.191105440366,0.640758276216,0.342948344115,-0.722194133230,0.239522560803,0.550863876165
1403715394812143104,1.707741735832,4.189893866821,0.635423614510,0.356804614606,-0.717404853800,0.248961641082,0.544094517532
1403715394862142976,1.717132707916,4.188835158621,0.630895998687,0.370873518116,-0.711839193496,0.258098036518,0.537701775810
1403715394912143104,1.720561980422,4.190284279249,0.625216251837,0.385889008335,-0.705548915651,0.267274830812,0.530899769905
1403715394962142976,1.732643281483,4.186247523865,0.622360606405,0.400803805676,-0.698531718621,0.275900990670,0.524679321857
1403715395012142848,1.738601907448,4.184224966855,0.625314828539,0.416590605590,-0.691242172680,0.284459451420,0.517416028493
1403715395062142976,1.747956615569,4.181882209889,0.626295820019,0.431554283833,-0.683338774329,0.293504057122,0.510553021788
1403715395112143104,1.756936813703,4.178005309731,0.624608248217,0.446085081288,-0.674756454589,0.302680386740,0.504079766234
1403715395162142976,1.767181948669,4.172579567698,0.622335857334,-0.460187086115,0.666271679704,-0.310613223609,-0.497824587498
1403715395212142848,1.777186954618,4.167513899635,0.618737722534,-0.472704839944,0.658921798131,-0.319216750573,-0.490380326272
1403715395262142976,1.787661202290,4.162465330106,0.614245218108,-0.485221161435,0.650454445656,-0.326266650644,-0.484788109692
1403715395312143104,1.801541119808,4.153269177082,0.620022890770,-0.496581772804,0.643235610152,-0.332598972645,-0.478573313242
1403715395362142976,1.811136427035,4.148692610532,0.610072174142,-0.507309080674,0.635115118161,-0.339059900137,-0.473608137038
1403715395412143104,1.823035897915,4.141961010320,0.607106370335,-0.517422554999,0.628123410933,-0.344778282984,-0.467827762962
1403715395462142976,1.832345959424,4.135849803475,0.599070875179,-0.526419890165,0.621661290121,-0.351230891674,-0.461580112590
1403715395512142848,1.842132945044,4.129200048362,0.590651422050,-0.535100398709,0.614958073891,-0.357058423825,-0.456073911371
1403715395562142976,1.857711178970,4.119139571498,0.588953950522,-0.543671178683,0.608817510649,-0.361411721258,-0.450715493336
1403715395612143104,1.866164522742,4.112705767747,0.581129113628,-0.550275638396,0.603038650710,-0.367983260852,-0.445117318548
1403715395662142976,1.879767322008,4.101185960300,0.580225022932,-0.557593608669,0.597325076890,-0.371866800693,-0.440462487201
1403715395712142848,1.888491899648,4.091444117243,0.571835374228,-0.564977301742,0.591447356832,-0.375435470676,-0.435934490458
1403715395762142976,1.902045853928,4.078397745327,0.566804778162,-0.571561765001,0.585416783697,-0.379056850043,-0.432342737409
1403715395812143104,1.908432833953,4.070041260820,0.558513545654,0.578686868679,-0.578604532179,0.381711726920,0.429691122659
1403715395862142976,1.927473908819,4.056122936658,0.545954081097,0.581883687259,-0.575106764101,0.386020538642,0.426206203772
1403715395912143104,1.940371561537,4.044029619148,0.535206176260,0.584652478303,-0.572424061712,0.390065554502,0.422328114596
1403715395962142976,1.953313144029,4.031407673041,0.533018292747,0.585647479769,-0.572007750480,0.394672593688,0.417202237077
1403715396012142848,1.968913317615,4.016976816573,0.528526441309,0.585667263122,-0.572306475461,0.399089998702,0.412536456557
1403715396062142976,1.985897280150,4.000705176484,0.523597376352,0.584652218433,-0.573395275105,0.403137208700,0.408509526118
1403715396112143104,1.992134107605,3.990752468069,0.515124585123,0.583202338668,-0.573954813687,0.407775405109,0.405179124592
1403715396162142976,1.999285320714,3.979289545931,0.502457633355,0.580050141376,-0.574426881204,0.413043521780,0.403696223360
1403715396212142848,2.008388987789,3.965472038298,0.501004583901,0.579206213312,-0.574734419897,0.413895606708,0.403597492305
1403715396262142976,2.013570884786,3.953475148898,0.487194693558,0.578920063011,-0.572856260551,0.413499315377,0.407069504598
1403715396312143104,2.017077053532,3.939198484096,0.488987324726,0.580049452808,-0.571548210024,0.410483237706,0.410339843883
1403715396362142976,2.017194025887,3.925547341216,0.496523595261,0.581030826470,-0.569708963445,0.407847684552,0.414119719245
1403715396412143104,2.019570910470,3.912990003210,0.487155887774,0.582016380992,-0.567272068605,0.405476053424,0.418387980870
1403715396462142976,2.022457729682,3.899272687065,0.480162572207,0.584536520482,-0.564898686396,0.401114075969,0.422272457534
1403715396512142848,2.026258478237,3.884987535834,0.474879778627,0.586403998683,-0.562166869346,0.399484462796,0.424865773302
1403715396562142976,2.029208300049,3.871385697130,0.471127399143,0.588222223044,-0.559368748902,0.399497312896,0.426031825169
1403715396612143104,2.022545134362,3.865516509149,0.450730091445,0.590380261229,-0.554559157293,0.402094479455,0.426890287785
1403715396662142976,2.031013992478,3.848689370768,0.441517744150,0.592897717426,-0.550407902891,0.403892757045,0.427076196845
1403715396712142848,2.042092725929,3.830399551874,0.443617247835,0.595510612294,-0.547994884072,0.405652697076,0.424870106068
1403715396762142976,2.050324757587,3.815785444424,0.435333965010,0.598437891442,-0.546000849523,0.407410901059,0.421629600604
1403715396812143104,2.056871923233,3.802669503073,0.423150767770,0.600973329338,-0.544284828488,0.409960615031,0.417752770220
1403715396862142976,2.065963824334,3.787424145404,0.419719731604,0.604538289463,-0.543690022121,0.410061617968,0.413260312501
1403715396912143104,2.072910425283,3.774105347206,0.414850888359,0.607527976536,-0.543255274157,0.410520192379,0.408970214656
1403715396962142976,2.080641506154,3.761277792825,0.397447034303,0.611868221856,-0.542818028667,0.408226142857,0.405360682756
1403715397012142848,2.086513803799,3.747058184475,0.394361177444,0.615494695939,-0.544469678201,0.406483026252,0.399362740075
1403715397062142976,2.095103946225,3.731528311094,0.389616502401,0.618998276698,-0.545704172954,0.404000459866,0.394755262782
1403715397112143104,2.100112280595,3.718277383573,0.376848034418,0.621115268658,-0.546278462166,0.403770594135,0.390851598596
1403715397162142976,2.107891500913,3.701629463205,0.369642271278,0.622242669987,-0.547939585262,0.404191428399,0.386271355086
1403715397212142848,2.114838318786,3.684049869132,0.359323880905,0.621909697390,-0.550034142786,0.406443508121,0.381437340553
1403715397262142976,2.120909971674,3.666180770458,0.345881614289,0.620626369393,-0.552391705968,0.409965344480,0.376317325029
1403715397312143104,2.124194165327,3.647323658179,0.336439680559,0.618696090405,-0.554261786576,0.414068992698,0.372230961830
1403715397362142976,2.128916118594,3.625614190451,0.328925758350,0.617182685298,-0.555868157079,0.417006171038,0.369055521881
1403715397412143104,2.134572459123,3.601496985960,0.323836459803,0.616270232023,-0.557281777275,0.418381925089,0.366884977342
1403715397462142976,2.136653147039,3.577057397360,0.312749978537,0.615585411257,-0.557945528395,0.420096180151,0.365062444266
1403715397512142848,2.137060025292,3.550796719004,0.307498870491,0.615917220194,-0.558288820881,0.420009483341,0.364076371454
1403715397562142976,2.138257853810,3.521653109756,0.302121099929,0.614950452167,-0.558361591359,0.421635544107,0.363719318460
1403715397612143104,2.134939605256,3.494140735479,0.294424923883,0.613657390406,-0.557555990817,0.424213381752,0.364141361351
1403715397662142976,2.132906775962,3.464474135090,0.289118903449,0.612744722488,-0.555652582885,0.425758933777,0.366774375475
1403715397712142848,2.130454616781,3.432701010886,0.282371898663,0.610837373733,-0.552666313049,0.428658857841,0.371064998169
1403715397762142976,2.121875474427,3.402536273564,0.281369402797,0.610178645199,-0.549723662837,0.430033604111,0.374909342103
1403715397812143104,2.115957058289,3.369516415021,0.285421778300,0.608526711521,-0.548044532545,0.431830698282,0.377974443230
1403715397862142976,2.109596196715,3.336021762082,0.288734783714,0.608206196314,-0.546437206085,0.431643204129,0.381019352396
1403715397912143104,2.101663464886,3.303464668700,0.286870877901,0.607450393215,-0.543857369642,0.431806078493,0.385702854338
1403715397962142976,2.092000459985,3.271053211845,0.290969326484,0.606249439746,-0.540393695268,0.432742333103,0.391369830292
1403715398012142848,2.079855438004,3.239680181706,0.291685283473,0.604591561685,-0.536276959152,0.434428631047,0.397678049619
1403715398062142976,2.069501941657,3.207117900925,0.298425344694,0.603681119850,-0.533189584475,0.434554068396,0.403039370514
1403715398112143104,2.059274723864,3.175635841987,0.295563468058,0.601797917686,-0.530265577553,0.435910289584,0.408215510443
1403715398162142976,2.048427667869,3.144529423849,0.297499780033,0.600682807161,-0.528191440136,0.436227804010,0.412188392312
1403715398212142848,2.038066619856,3.115978029620,0.295073721423,0.600009468394,-0.527350063467,0.435607586906,0.414893454551
1403715398262142976,2.024326991116,3.090986620285,0.288118223398,0.599669364279,-0.527494184203,0.434908162899,0.415934404708
1403715398312143104,2.012027538359,3.066510345577,0.276051200756,0.599144799479,-0.528156351998,0.433827078116,0.416977749281
1403715398362142976,2.000326983552,3.043504499655,0.271190651898,0.599410501904,-0.529185739126,0.431515007479,0.417689240984
1403715398412143104,1.990977698057,3.019956481740,0.266292668271,0.598285615337,-0.531488022599,0.430888487088,0.417025078394
1403715398462142976,1.975429316085,3.002146019767,0.259678051696,0.599133746664,-0.531928615010,0.428568978422,0.417635406636
1403715398512142848,1.964138795501,2.982251930746,0.252812927445,0.599284841069,-0.532636595020,0.426216302657,0.418921950081
1403715398562142976,1.954548601697,2.961324177210,0.247727073889,0.599429962730,-0.532882342752,0.423797849148,0.420850937533
1403715398612143104,1.944477611209,2.942272056883,0.246707932081,0.597922777995,-0.532580542342,0.423941972105,0.423225143111
1403715398662142976,1.934051058835,2.925679178871,0.243598716656,0.597285276984,-0.530420535473,0.422933158509,0.427822272540
1403715398712142848,1.925975838919,2.909541971373,0.238198812917,0.596592756863,-0.526938619493,0.421639422697,0.434318973766
1403715398762142976,1.918331110363,2.894772508693,0.239895442967,0.596283047458,-0.524123355683,0.419544385882,0.440140595284
1403715398812143104,1.907926856930,2.884036020244,0.242018135774,0.595489980922,-0.522186261553,0.419262607645,0.443770274687
1403715398862142976,1.900795623906,2.874017181178,0.243552905485,0.595474767060,-0.520768040493,0.418166356632,0.446483312092
1403715398912143104,1.895581940980,2.866320857370,0.239931063014,0.595624553655,-0.519230279417,0.417363318463,0.448819750480
1403715398962142976,1.892576326400,2.860542156809,0.236821793823,0.595419089386,-0.518728684315,0.417643948510,0.449410939272
1403715399012142848,1.893832112605,2.855537724709,0.231950365886,0.596111147408,-0.517472967282,0.416600041408,0.450907566544
1403715399062142976,1.895484805740,2.853504444408,0.228494397505,0.596335530538,-0.517732927324,0.417034093513,0.449910119724
1403715399112143104,1.898147226855,2.853834418387,0.223159641866,0.596812688627,-0.518758726627,0.417849956938,0.447331433871
1403715399162142976,1.902924257224,2.854073441304,0.228052939222,0.595892175361,-0.521429948777,0.420747802592,0.442712785535
1403715399212142848,1.909977209349,2.856167571411,0.227350320090,0.596105464253,-0.522284847684,0.421948260643,0.440268643792
1403715399262142976,1.915408745016,2.862951463897,0.215696257246,0.596112443781,-0.521232838940,0.423864258355,0.439665068511
1403715399312143104,1.924959472408,2.868152566830,0.214902669853,0.597987049617,-0.521683868831,0.422194941436,0.438188156979
1403715399362142976,1.932646741974,2.876881396921,0.216049228439,0.600236012693,-0.522611482556,0.420150281933,0.435967553791
1403715399412143104,1.942319052154,2.886397676046,0.208462475235,0.602477278464,-0.523290559686,0.417691892624,0.434420996172
1403715399462142976,1.953668356644,2.897634520137,0.193902499313,0.604270812505,-0.522659205075,0.415521369592,0.434771355907
1403715399512142848,1.963236794385,2.913891757136,0.196468050562,0.606183025047,-0.522400708318,0.413001304107,0.434821299961
1403715399562142976,1.976282738723,2.928725175365,0.196620172060,0.608868078077,-0.524906036268,0.408936101680,0.431884916768
1403715399612143104,1.993387224237,2.940602395757,0.199525784667,0.610853027310,-0.531418815756,0.405308738232,0.424473141670
1403715399662142976,2.010549158145,2.953345356002,0.197569984170,0.612322344758,-0.537155646333,0.402244995423,0.418000145192
1403715399712142848,2.027681108843,2.966867384338,0.192032288808,0.613744569264,-0.541872323404,0.399191480914,0.412720426430
1403715399762142976,2.045709675085,2.979784685445,0.189585973464,0.614682036617,-0.545528933153,0.396332466527,0.409249010909
1403715399812143104,2.064117014881,2.991947879153,0.194955353659,0.614743021878,-0.549034249695,0.394701975867,0.406032954280
1403715399862142976,2.082830436048,3.004342517966,0.191596192340,0.615266796769,-0.550401749746,0.392905793104,0.405129263835
1403715399912143104,2.104099869054,3.013556940412,0.192774269118,0.615491476359,-0.552057252120,0.390842473337,0.404530831886
1403715399962142976,2.123445608512,3.023527584067,0.194088013010,0.615333017957,-0.553643370593,0.388429009488,0.404928635440
1403715400012142848,2.143643608705,3.031438004547,0.200683501293,0.613945576341,-0.555559646447,0.385920265535,0.406804445872
1403715400062142976,2.167304492580,3.036321916363,0.203235476536,0.611511269117,-0.557289374703,0.383002843689,0.410842235308
1403715400112143104,2.188741654788,3.042326358327,0.201462763858,0.608081170999,-0.558731807014,0.380750419344,0.416035065201
1403715400162142976,2.211071987726,3.046906675328,0.205495966240,0.604048060135,-0.562066801529,0.377654878497,0.420218567430
1403715400212142848,2.234361102264,3.050086930516,0.206016169424,0.599670132084,-0.565202092516,0.373526178390,0.425934879246
1403715400262142976,2.263516085177,3.048713867000,0.211337505676,0.596042181212,-0.568782931921,0.365974089769,0.432761666728
1403715400312143104,2.288581603059,3.050134359953,0.217262304770,0.590938638058,-0.573294368259,0.360441019979,0.438414603417
1403715400362142976,2.313241151119,3.052256463884,0.214908605439,0.585204068222,-0.577151962130,0.355053811559,0.445385902386
1403715400412143104,2.341836959559,3.050680028813,0.221586323102,-0.579316965816,0.583458686289,-0.348385115936,-0.450106238022
1403715400462142976,2.369781249788,3.049876106672,0.221915577279,-0.570261234169,0.590751405870,-0.345841694752,-0.454101776520
1403715400512142848,2.401291433502,3.046146095993,0.223442338794,-0.560604819638,0.599463355166,-0.342740650322,-0.457050072344
1403715400562142976,2.438009682176,3.038665550214,0.226005222897,-0.550879308370,0.609301177087,-0.337623989977,-0.459667384749
1403715400612143104,2.471708736601,3.032819671318,0.227039007725,-0.540053398946,0.619463990619,-0.333518874637,-0.461921909931
1403715400662142976,2.505232097113,3.026942927123,0.229896330849,-0.529369882679,0.630102333227,-0.328192879224,-0.463711128830
1403715400712142848,2.537850622052,3.019889977347,0.229404314754,-0.517723385056,0.640194136544,-0.323433584233,-0.466373970854
1403715400762142976,2.575583952008,3.007771355992,0.232082241368,-0.505007447799,0.651337834639,-0.318361665726,-0.468372023750
1403715400812143104,2.613098682887,2.995515615225,0.236353105404,-0.491416546351,0.661841746838,-0.314725364575,-0.470556293134
1403715400862142976,2.646150087447,2.985706199227,0.229165185270,-0.477723974619,0.670771344014,-0.311998521532,-0.473816980157
1403715400912143104,2.678388489408,2.975104731641,0.226959977925,-0.466114408877,0.680036058251,-0.308396236382,-0.474531430677
1403715400962142976,2.713207254118,2.961469266297,0.220758651040,-0.455975219710,0.687998755258,-0.304844117676,-0.475199301022
1403715401012142848,2.744503692615,2.949234303024,0.222587447319,-0.447101906215,0.695553221780,-0.302052224656,-0.474415487427
1403715401062142976,2.779545655786,2.930783273086,0.219756021355,-0.440377126341,0.701597362427,-0.297437209054,-0.474721217454
1403715401112143104,2.809265078169,2.914255912505,0.218376755234,-0.434858455467,0.705739672331,-0.294485876841,-0.475507841101
1403715401162142976,2.834334314565,2.899750318071,0.224599834968,-0.432399321321,0.708926054285,-0.289407453878,-0.476128136237
1403715401212142848,2.865836177271,2.875465184117,0.223100653583,-0.430057520802,0.710948427624,-0.283954324787,-0.478511027558
1403715401262142976,2.892874969316,2.851764100663,0.218829496783,-0.429010541958,0.711664699526,-0.279223330345,-0.481162802105
1403715401312143104,2.913873547848,2.830514647283,0.214578673852,-0.428202773190,0.711746276588,-0.276127660370,-0.483542281475
1403715401362142976,2.939942701951,2.801389694417,0.213348891531,-0.426280535268,0.711503260754,-0.274529264691,-0.486499432698
1403715401412143104,2.964186731885,2.773938863655,0.214192398074,-0.424259717876,0.710809377985,-0.274852391905,-0.489090873582
1403715401462142976,2.983567346449,2.748485448394,0.217968111900,-0.423226175655,0.709554382792,-0.275578700111,-0.491394507649
1403715401512142848,3.004990705355,2.719119627074,0.222286543637,-0.421950766084,0.707983470156,-0.276780455927,-0.494074423750
1403715401562142976,3.026734147955,2.686218114892,0.225167939277,-0.419129769220,0.707384118865,-0.279764091745,-0.495651084839
1403715401612143104,3.047157078519,2.651463429702,0.227218994912,-0.415180533597,0.705442339772,-0.285036212504,-0.498728971828
1403715401662142976,3.065406512201,2.616101236366,0.231886690039,0.412177228354,-0.704118646059,0.287795945968,0.501498113838
1403715401712142848,3.085231828102,2.576178891562,0.252566861860,0.405097472160,-0.705033788654,0.293297337770,0.502792269792
1403715401762142976,3.100487730017,2.543353518987,0.262688057759,0.397636565699,-0.706118366753,0.298437938011,0.504199177814
1403715401812143104,3.114853325472,2.505677327992,0.277767577603,0.392336891120,-0.707491585945,0.298751339056,0.506236167313
1403715401862142976,3.124917929381,2.475112710088,0.283020244114,0.387364468697,-0.708393241078,0.299222276814,0.508521202552
1403715401912143104,3.138309434456,2.441799999818,0.287336273308,0.385388473258,-0.708550373902,0.296233810787,0.511544349661
1403715401962142976,3.149326472569,2.409146379402,0.288326087427,0.386501388153,-0.707479052286,0.290848631016,0.515264147179
1403715402012142848,3.157242164323,2.379372948983,0.294125852430,0.388268978196,-0.706242052937,0.286371973252,0.518131697708
1403715402062142976,3.167312678579,2.345530235916,0.306615241170,0.390100744435,-0.705978538663,0.281958065645,0.519533792314
1403715402112143104,3.174619284090,2.315473428219,0.310291756824,0.389880464450,-0.703089378160,0.282305946357,0.523413701015
1403715402162142976,3.182412855082,2.283984194664,0.308915993195,0.388405403253,-0.697134542843,0.284163952486,0.531408995037
1403715402212142848,3.188381958388,2.255056247719,0.313707470823,0.386454278030,-0.693353603979,0.285411436915,0.537079307477
1403715402262142976,3.195935418578,2.226269321773,0.315840606341,0.383788993280,-0.691716749388,0.285317553392,0.541135695532
1403715402312143104,3.202770938197,2.198863003221,0.321850551181,0.383689949575,-0.692694993204,0.280599698529,0.542420020069
1403715402362142976,3.210221311900,2.172009024175,0.323868358319,0.383992399552,-0.695394124550,0.272367517291,0.542948233400
1403715402412143104,3.219119587282,2.144042194412,0.330352768618,0.381188511519,-0.698490392222,0.264844499201,0.544668598234
1403715402462142976,3.225606920652,2.123751399589,0.320329811943,0.378251838198,-0.699404905885,0.256731070580,0.549406481508
1403715402512142848,3.231535140572,2.104226165346,0.319143019486,0.374592899980,-0.699247244222,0.249273403846,0.555514375033
1403715402562142976,3.240261529763,2.082550441597,0.323013556920,0.370668084371,-0.700296981381,0.244000064176,0.559154073382
1403715402612143104,3.252351914173,2.059424509660,0.320522084019,0.366417937449,-0.699601696103,0.240038936830,0.564514544304
1403715402662142976,3.265901834748,2.035527773306,0.332317852153,0.363418718098,-0.700647302246,0.235744158824,0.566961096348
1403715402712142848,3.282391967600,2.013942027345,0.327698331217,0.359515095003,-0.700964432391,0.234137926365,0.569716765090
1403715402762142976,3.297743498158,1.990065986155,0.335380213731,0.354657142556,-0.706575531062,0.235547266143,0.565231647691
1403715402812143104,3.317019352422,1.967038313459,0.339408842277,0.349229520867,-0.712049415451,0.238025836188,0.560685360089
1403715402862142976,3.340205249899,1.943531419073,0.332618347881,0.344177090930,-0.716406680161,0.240542097355,0.557174208036
1403715402912143104,3.360497543374,1.924828361566,0.327297451645,0.339529569501,-0.720769285079,0.244051899973,0.552856201231
1403715402962142976,3.381591903599,1.902010054283,0.321091136433,0.335822517523,-0.725880846451,0.245783713082,0.547640940640
1403715403012142848,3.402294738874,1.876699994782,0.320956977822,0.332063286366,-0.732284863125,0.247666453647,0.540512886825
1403715403062142976,3.420944031715,1.855881353542,0.332349519552,0.331244115682,-0.739273027765,0.246265116014,0.532077267772
1403715403112143104,3.439379454024,1.836093764985,0.333581299290,0.329678914609,-0.744731368870,0.246095552153,0.525475004823
1403715403162142976,3.458617187163,1.815584132287,0.326652620426,0.328771741219,-0.748533098767,0.245744683589,0.520784881418
1403715403212142848,3.472838690903,1.799981263106,0.315415619671,0.327949382530,-0.750460791377,0.246512249122,0.518159738050
1403715403262142976,3.487442381459,1.776472236771,0.320716033705,0.329861383357,-0.752357257125,0.242914964078,0.515889858058
1403715403312143104,3.499013369023,1.756621836677,0.324825857852,0.331207421338,-0.752394925897,0.241253097026,0.515752326907
1403715403362142976,3.509794399823,1.736948141963,0.326168103509,0.332206811169,-0.751387672659,0.238752735113,0.517737705277
1403715403412143104,3.519364235939,1.713191596893,0.328520265217,0.331574435235,-0.750782840414,0.236075651895,0.520242065794
1403715403462142976,3.527247315369,1.688020860085,0.336239245456,0.329847110276,-0.751041908889,0.232629618182,0.522513536360
1403715403512142848,3.532288801782,1.665955374485,0.336460261511,0.325763816522,-0.750963659455,0.230239537482,0.526233097974
1403715403562142976,3.534931866964,1.642436099614,0.344487682187,0.319473766417,-0.752912492452,0.228207819535,0.528186030092
1403715403612143104,3.537088715245,1.621016460202,0.337970026662,0.313496445705,-0.755013448487,0.223675346088,0.530701432716
1403715403662142976,3.538171270355,1.595855387140,0.345519451170,0.306708829904,-0.758933150831,0.217848700195,0.531499868347
1403715403712142848,3.537390971569,1.573421611019,0.346023548439,0.298816934523,-0.763624618934,0.212896984264,0.531282180288
1403715403762142976,3.534066654372,1.552643918191,0.347203495600,0.289588567129,-0.768878893710,0.208913920485,0.530394836347
1403715403812143104,3.529245908780,1.531619471372,0.343584509353,0.279472648407,-0.773185869718,0.204943603904,0.531108999057
1403715403862142976,3.524255805102,1.505771063823,0.350462118068,0.268493208478,-0.777773882205,0.200532449525,0.531757390027
1403715403912143104,3.516809671639,1.483251399870,0.353093225564,0.258711228265,-0.781481534545,0.195066160676,0.533201935944
1403715403962142976,3.508165133114,1.458413930552,0.357698020899,0.248886439684,-0.784870592912,0.189150537389,0.535028753180
1403715404012142848,3.498406996970,1.432277032992,0.359635224398,0.239225284047,-0.787242818319,0.182466236684,0.538262093174
1403715404062142976,3.486065086685,1.405956667899,0.364641407996,0.229224551121,-0.788086864430,0.176089614962,0.543477365471
1403715404112143104,3.471531738482,1.380899181845,0.370437921996,0.220449145955,-0.788472946284,0.168676923280,0.548872191478
1403715404162142976,3.455926515325,1.355139050874,0.375881060801,0.213340896723,-0.787689961452,0.158622616098,0.555759887069
1403715404212142848,3.438880038975,1.331576493593,0.379385009560,0.206041388888,-0.787243078088,0.149771181100,0.561572680407
1403715404262142976,3.421501394881,1.309667370273,0.381055212749,0.201342699102,-0.785894377576,0.140195706916,0.567605768623
1403715404312143104,3.404602406914,1.283385043399,0.389233366433,0.197260770558,-0.785993673052,0.130817481882,0.571129513119
1403715404362142976,3.388913713718,1.254176408213,0.389885002883,0.191838495235,-0.786377766939,0.125370841494,0.573663796585
1403715404412143104,3.371760952256,1.229331618829,0.394744538488,0.188893180188,-0.786409027627,0.119872090030,0.575769823608
1403715404462142976,3.354652121536,1.200877381465,0.396658722457,0.185217564921,-0.785798554134,0.116911748905,0.578400146036
1403715404512142848,3.337986155459,1.169084664028,0.395782371619,0.183311630917,-0.784785143037,0.113185935905,0.581117947712
1403715404562142976,3.320086063319,1.136824548552,0.401858892621,0.181596728218,-0.784614670510,0.110895270507,0.582326958074
1403715404612143104,3.302143905657,1.104528109675,0.403364380290,0.179858770040,-0.784103316359,0.110027688324,0.583718014042
1403715404662142976,3.286622970556,1.068390950697,0.406124159500,0.175886211931,-0.784353162243,0.112923008192,0.584039854422
1403715404712142848,3.272240687453,1.031365525586,0.405752741688,0.172628815509,-0.784009925501,0.115578920429,0.584952341584
1403715404762142976,3.257903232398,1.000739617139,0.406619688383,0.169221215037,-0.783648904717,0.120194481787,0.585501375801
1403715404812143104,3.245415488128,0.964035685919,0.409312488957,0.165542624369,-0.784727620596,0.122186001179,0.584695460993
1403715404862142976,3.232971418208,0.929881739527,0.405290832518,0.161211386521,-0.785360850718,0.122840772536,0.584918257210
1403715404912143104,3.222277836444,0.897411207433,0.391356584418,0.155583727511,-0.784479897337,0.123192969710,0.587544455018
1403715404962142976,3.209072392722,0.863894734140,0.392440046906,0.148513561937,-0.785083807940,0.122860629724,0.588636052323
1403715405012142848,3.196104301455,0.830803313452,0.390103211481,0.139724005885,-0.785173112091,0.122151309139,0.590812528561
1403715405062142976,3.183637357377,0.798798072415,0.385842745822,0.130050573522,-0.785508191955,0.120028615858,0.593006627343
1403715405112143104,3.171066220063,0.768245648938,0.391168127481,0.117106343680,-0.787706667221,0.119672263405,0.592859899181
1403715405162142976,3.160178506705,0.739367415349,0.387965028690,0.104737682550,-0.789896034746,0.115711657093,0.593047286950
1403715405212142848,3.151037900102,0.709975800541,0.384417133281,0.090567537946,-0.792555133053,0.110526860581,0.592821807318
1403715405262142976,3.141254238887,0.684224163125,0.379937217345,0.076463681056,-0.795069253684,0.104104063518,0.592604869441
1403715405312143104,3.131105399578,0.660685443817,0.372689490770,0.062577699244,-0.797198164483,0.095877986268,0.592761781706
1403715405362142976,3.120889952393,0.635915843402,0.368701118156,0.048981850747,-0.799421279743,0.086192299648,0.592534626223
1403715405412143104,3.110610086253,0.613033451561,0.369882169860,0.035970437155,-0.802295762569,0.075774022350,0.591004174733
1403715405462142976,3.101049585701,0.592586406623,0.363694442593,0.022704493573,-0.804300526969,0.066248371112,0.590081622840
1403715405512142848,3.090256858522,0.574384818160,0.364747008828,0.008951051337,-0.806475514600,0.057108311524,0.588435012372
1403715405562142976,3.080751958721,0.554952051654,0.361271479063,-0.004289946904,-0.807759001428,0.046653101245,0.587648262238
1403715405612143104,3.071115342124,0.536180308205,0.355839079548,-0.015968596328,-0.808709926050,0.034099278950,0.587001276502
1403715405662142976,3.059633051127,0.521286936295,0.359135870260,-0.025989338639,-0.811150347371,0.020808020288,0.583889282766
1403715405712142848,3.048726436376,0.503929097519,0.359651042018,-0.037480039736,-0.813235084405,0.009440603389,0.580650341532
1403715405762142976,3.038563459476,0.485689466630,0.356868059802,-0.048053317027,-0.814309957704,-0.002870847381,0.578430574695
1403715405812143104,3.027338481292,0.472021876818,0.342467754455,-0.059432451469,-0.814600566005,-0.012421092161,0.576835694151
1403715405862142976,3.013296697416,0.456231068698,0.342528494674,-0.070756691162,-0.815876033420,-0.022654867089,0.573433994235
1403715405912143104,2.998804499412,0.443610844816,0.333942964003,-0.083794517639,-0.814718750231,-0.030215350244,0.572973707464
1403715405962142976,2.985123455200,0.428027692754,0.329962262937,-0.097058234237,-0.812048133748,-0.038835541664,0.574150963029
1403715406012142848,2.970874785439,0.413970869530,0.326962319812,-0.110015508558,-0.808258145957,-0.048012140006,0.576463521641
1403715406062142976,2.955682615732,0.400521831617,0.323727330604,-0.123858559414,-0.804343889543,-0.056051175791,0.578401443901
1403715406112143104,2.940527767140,0.386125488617,0.314844828352,-0.136991760066,-0.800284695226,-0.065064004893,0.580124417283
1403715406162142976,2.923630061892,0.375122726815,0.309480673807,-0.150388441755,-0.797179688830,-0.072573618005,0.580190425872
1403715406212142848,2.906714984026,0.362282929833,0.304072753077,-0.164387378159,-0.794225674849,-0.079624114033,0.579519083186
1403715406262142976,2.890274706326,0.349238040825,0.299013573480,-0.177189536172,-0.791822876070,-0.087631487955,0.577876391214
1403715406312143104,2.873555474601,0.336300399025,0.289742976115,-0.190051649391,-0.789244540399,-0.094898222127,0.576166428605
1403715406362142976,2.858824258207,0.322126463273,0.283051853833,-0.203656572738,-0.787330517166,-0.100602143764,0.573161291252
1403715406412143104,2.844127776149,0.311135419557,0.276008552530,-0.217206769997,-0.785646223997,-0.105199628855,0.569661538000
1403715406462142976,2.831532266142,0.298679485360,0.265794485251,-0.231220733505,-0.782986360900,-0.108947942843,0.567097590184
1403715406512142848,2.817975312103,0.286562889777,0.254803532939,-0.243920303546,-0.780367062042,-0.114130058276,0.564361997122
1403715406562142976,2.802150223097,0.276142359341,0.247531926908,-0.256127879889,-0.777924752094,-0.119719977005,0.561158370095
1403715406612143104,2.785587310550,0.267597805417,0.240629003143,-0.268323929081,-0.775017460419,-0.125000807726,0.558323385858
1403715406662142976,2.769940844859,0.258586664633,0.235224404665,-0.279819918052,-0.772186965139,-0.131364222185,0.555132007239
1403715406712142848,2.755630288404,0.250921085843,0.227685543413,-0.290850365175,-0.768822604273,-0.137627793243,0.552608775504
1403715406762142976,2.740122927971,0.244522123584,0.223463523113,-0.300250287004,-0.765595861230,-0.146698905352,0.549720086580
1403715406812143104,2.724853394248,0.240349119590,0.214107171768,-0.309911633096,-0.761140637232,-0.155411558711,0.548148663634
1403715406862142976,2.709910863599,0.235445235720,0.201929145522,-0.319313277595,-0.756454363144,-0.164595443891,0.546556645813
1403715406912143104,2.694447940700,0.234273972644,0.193323499752,-0.328369455543,-0.752795366784,-0.172843287137,0.543689097285
1403715406962142976,2.678566776379,0.234281925926,0.185642489179,-0.337144173434,-0.748699267424,-0.181679664242,0.541087527928
1403715407012142848,2.663146029135,0.233592397883,0.177614985546,-0.346677154832,-0.745036058688,-0.188928137988,0.537626617875
1403715407062142976,2.648484628471,0.232990011469,0.169344681923,-0.356742700437,-0.741163086829,-0.195001454716,0.534215646594
1403715407112143104,2.633459519575,0.234464033847,0.164756346587,-0.367317792083,-0.738249160775,-0.199841821189,0.529272200987
1403715407162142976,2.618642584600,0.234595920907,0.164690391832,-0.376791382845,-0.736402345081,-0.205197694966,0.523100129951
1403715407212142848,2.604172183027,0.240490483355,0.159522199127,-0.384994147480,-0.736284106569,-0.207890919968,0.516184643529
1403715407262142976,2.590257891408,0.243578393932,0.148800230310,-0.392574498195,-0.735847456081,-0.209743567930,0.510315020804
1403715407312143104,2.574632805481,0.247304988348,0.141486783557,-0.398131198300,-0.736582623442,-0.212524445256,0.503756834149
1403715407362142976,2.558568578600,0.252456763445,0.132319638472,-0.402216170656,-0.736045671215,-0.215363592750,0.500077438870
1403715407412143104,2.541448691321,0.259853405295,0.123368090107,0.405166127293,0.734756076168,0.218046724253,-0.498427069763
1403715407462142976,2.523641414832,0.268483036857,0.116760837908,0.407047491858,0.732453014236,0.220569564684,-0.499173305019
1403715407512142848,2.504478730000,0.281304771915,0.114303130403,0.407301079130,0.731604159147,0.223745522143,-0.498797681009
1403715407562142976,2.484331023289,0.294210077832,0.114276123862,0.408353053979,0.729957351127,0.225379951445,-0.499613777160
1403715407612143104,2.463853585592,0.308159642479,0.118551843337,0.408073565154,0.729067596939,0.228115445676,-0.499899737907
1403715407662142976,2.444139098884,0.324263619980,0.119289219175,-0.405725105316,-0.728725964475,-0.232144946281,0.500454125303
1403715407712142848,2.423429704291,0.339602286791,0.124320461250,-0.400905747493,-0.728390206191,-0.239089260682,0.501556192843
1403715407762142976,2.399411718163,0.357050887635,0.123994287306,-0.396601839539,-0.728083304775,-0.244470434558,0.502827891837
1403715407812143104,2.375743709332,0.375028288921,0.129535175369,-0.393523863545,-0.728307010552,-0.247779817422,0.503302125249
1403715407862142976,2.351810873035,0.393511532799,0.134768585576,-0.391277030434,-0.728124887376,-0.249730505958,0.504352166876
1403715407912143104,2.327762485093,0.409998158119,0.135472666221,-0.390984677703,-0.726467508320,-0.248653103669,0.507491453320
1403715407962142976,2.302537456786,0.428456831663,0.140818739003,-0.389982032444,-0.726778520934,-0.247902152857,0.508184531926
1403715408012142848,2.276177491383,0.445543852242,0.142697807449,-0.391014824124,-0.724521143268,-0.245608943965,0.511715513657
1403715408062142976,2.249770540322,0.461660880885,0.148253475887,-0.391303271001,-0.724647555282,-0.244618323331,0.511790530021
1403715408112143104,2.222323195996,0.481761149055,0.159562620267,-0.391966464798,-0.724210914189,-0.242219523723,0.513040490186
1403715408162142976,2.193448065808,0.501823002189,0.176123967096,-0.391957786463,-0.723203334796,-0.241054709059,0.515013259453
1403715408212142848,2.165239803340,0.523924514592,0.197794443031,-0.391364989072,-0.722424916118,-0.240110616703,0.516993788789
1403715408262142976,2.137178774453,0.545523360367,0.215040118207,-0.390809734186,-0.721829756610,-0.239622595972,0.518469445230
1403715408312143104,2.108929361966,0.569696797538,0.230982242175,-0.390932753153,-0.721162176346,-0.238227680478,0.519946410868
1403715408362142976,2.081544221779,0.591681181103,0.247722235281,-0.390549040679,-0.721023421805,-0.237503464101,0.520757886713
1403715408412143104,2.054464140571,0.615259752318,0.258117852338,-0.389162231718,-0.719556072918,-0.236643416202,0.524205788693
1403715408462142976,2.027358541034,0.636110810794,0.265841955146,-0.385972267698,-0.718545622006,-0.236225135161,0.528124306563
1403715408512142848,2.000977935617,0.657198486207,0.270473329992,-0.381399795654,-0.717412650446,-0.234979025219,0.533514894414
1403715408562142976,1.974402584964,0.676542638415,0.271367999517,-0.375859240856,-0.717519062577,-0.233159015037,0.538082799956
1403715408612143104,1.947301601571,0.695418082096,0.272338419329,-0.368487399070,-0.717401940983,-0.231493995519,0.544023916605
1403715408662142976,1.920956768259,0.713811099675,0.273900610996,-0.358875856819,-0.719208001035,-0.230373713452,0.548521579147
1403715408712142848,1.895490189991,0.729267364912,0.270923641859,-0.349704894894,-0.720395898688,-0.227251684731,0.554159640743
1403715408762142976,1.869152463968,0.744323845854,0.268661118105,-0.340550341137,-0.722831883383,-0.221397573764,0.559037250860
1403715408812143104,1.843804528980,0.756762543583,0.267556305001,-0.329734489230,-0.725552551422,-0.216083773487,0.564053600798
1403715408862142976,1.818314968919,0.769579661361,0.269077197496,-0.319585455598,-0.729718446955,-0.208727219327,0.567282180803
1403715408912143104,1.793927220762,0.780559367648,0.270743988911,-0.308694419013,-0.734218534807,-0.200965039546,0.570301632205
1403715408962142976,1.770752608644,0.791681263516,0.267455273990,-0.297083116735,-0.738407322346,-0.192478325493,0.573975907397
1403715409012142848,1.751602638493,0.799266426977,0.265636064530,-0.285161097509,-0.741912115599,-0.183724208906,0.578355406525
1403715409062142976,1.731640070196,0.807334956769,0.264335229354,-0.272771655691,-0.746026088221,-0.174933438545,0.581755095916
1403715409112143104,1.712547946909,0.814689545292,0.265381047543,-0.262005222020,-0.749027166746,-0.164721294963,0.585814358049
1403715409162142976,1.696310040402,0.819958348877,0.273059333105,-0.253123340600,-0.752409613920,-0.153946393016,0.588310169385
1403715409212142848,1.685165324389,0.823680473077,0.287057383091,-0.244719681555,-0.757057403949,-0.144752338941,0.588237303268
1403715409262142976,1.673767402301,0.829993496007,0.296204918919,-0.238218769946,-0.761509780603,-0.135766927169,0.587300615680
1403715409312143104,1.667003768301,0.834863814245,0.304785972012,-0.232546806557,-0.763957398383,-0.128710687610,0.587983533027
1403715409362142976,1.658650181009,0.838222085226,0.315015312491,-0.226741765431,-0.765854016853,-0.124096337888,0.588774910812
1403715409412143104,1.649989487283,0.843026775267,0.324532010229,-0.221581412981,-0.767318620192,-0.121411686686,0.589392072278
1403715409462142976,1.642544682918,0.847181928553,0.335817145079,-0.216945640595,-0.768846347934,-0.120954494952,0.589219731888
1403715409512142848,1.637160650406,0.851614659989,0.344751685880,-0.212189328105,-0.769043219588,-0.122907964851,0.590289630283
1403715409562142976,1.633364750057,0.855591361795,0.356313091900,-0.209642165098,-0.770980922432,-0.126534538339,0.587901003967
1403715409612143104,1.629145450090,0.861649267567,0.364073030752,-0.211464320225,-0.773117890694,-0.125744784424,0.584602272961
1403715409662142976,1.625292938573,0.865666388981,0.375071802254,-0.213214999362,-0.775179381090,-0.125810426806,0.581212549492
1403715409712142848,1.620652108782,0.869474375660,0.388105582240,-0.216383899081,-0.778976676024,-0.124793763126,0.575152034782
1403715409762142976,1.617128326796,0.873021051252,0.397193903746,-0.219137835352,-0.781670589687,-0.124598909240,0.570477703465
1403715409812143104,1.614226841302,0.874905241877,0.406472565830,-0.222363482923,-0.784276360960,-0.124792884143,0.565589787009
1403715409862142976,1.609824451156,0.878280892633,0.415928840139,-0.225652350277,-0.786560802062,-0.125132575506,0.561021354336
1403715409912143104,1.606459741573,0.880945494274,0.424556544651,-0.229572398791,-0.788748687192,-0.124907739178,0.556390221750
1403715409962142976,1.601324523504,0.883769703248,0.434955680818,-0.232030463488,-0.790610826381,-0.126357885866,0.552385798063
1403715410012142848,1.592280781589,0.888478108667,0.443058438364,-0.235572927198,-0.791873728853,-0.126161096018,0.549112712816
1403715410062142976,1.584318380264,0.892634129907,0.454667388669,-0.238062874788,-0.792113748640,-0.127366194326,0.547411846242
1403715410112143104,1.575891747163,0.899398409072,0.466017064741,-0.239101265845,-0.790264378075,-0.129633224911,0.549097463495
1403715410162142976,1.568789313687,0.906260866304,0.475867456292,-0.239405226458,-0.786697934908,-0.132966890401,0.553273262333
1403715410212142848,1.558819740317,0.913508996314,0.484529833439,-0.240044364386,-0.783559945225,-0.134979976634,0.556949657754
1403715410262142976,1.546777758900,0.921118403910,0.490720490877,-0.240145873703,-0.780752171413,-0.137117199568,0.560316767338
1403715410312143104,1.534048105108,0.927659498536,0.495810511201,-0.240191183119,-0.778983459780,-0.139160965699,0.562251892452
1403715410362142976,1.522483653721,0.934268206183,0.497716248264,-0.240056709784,-0.777688497931,-0.140659188076,0.563727211587
1403715410412143104,1.510394371023,0.942496006752,0.493147112648,-0.239538666789,-0.776917890112,-0.141806859521,0.564721731236
1403715410462142976,1.498471510353,0.948828171842,0.488888558987,-0.238073594426,-0.777007265150,-0.144320335832,0.564581539024
1403715410512142848,1.486922357103,0.955256944039,0.486663375098,-0.235556980290,-0.778011965312,-0.147908866493,0.563323404521
1403715410562142976,1.475359852754,0.961943504148,0.481346111556,-0.233595029364,-0.777830235550,-0.150119895437,0.563806264522
1403715410612143104,1.462516037863,0.967027939923,0.479344203846,-0.231713841289,-0.778498866145,-0.151132375686,0.563389045141
1403715410662142976,1.448769700075,0.972292973641,0.475911464545,-0.229922334765,-0.778139398469,-0.151564862178,0.564502337532
1403715410712142848,1.435258299517,0.976703577714,0.472518981554,-0.229785269986,-0.777578658370,-0.149841504962,0.565789433567
1403715410762142976,1.422924105814,0.979379964032,0.470502271667,-0.228877546529,-0.774810925952,-0.148929967057,0.570178009601
1403715410812143104,1.409779860018,0.982645475780,0.468398590165,-0.227904355487,-0.770017609736,-0.147110564201,0.577486768114
1403715410862142976,1.398738285852,0.985044859373,0.470452065429,-0.225339366970,-0.766671873311,-0.147682235729,0.582774712576
1403715410912143104,1.386705043724,0.987266069258,0.471121702791,-0.224915540367,-0.764986930172,-0.144679177210,0.585897543987
1403715410962142976,1.374678828828,0.989031671542,0.469371365588,-0.223289833924,-0.765929573100,-0.142829648081,0.585741607491
1403715411012142848,1.364699806257,0.987807478549,0.466756861400,-0.222513369465,-0.767881359474,-0.139462331772,0.584291259732
1403715411062142976,1.355676750353,0.987288853834,0.462028973745,-0.221580273437,-0.769730340400,-0.135641078956,0.583111381462
1403715411112143104,1.345968042591,0.985135486457,0.461633913323,-0.221086003886,-0.773061402687,-0.132211404109,0.579669898463
1403715411162142976,1.338459049399,0.982106278579,0.457754759856,-0.221505025591,-0.774401248022,-0.127414105606,0.578795193822
1403715411212142848,1.328675804227,0.978676039243,0.457751613824,-0.221884237302,-0.775269777935,-0.122944752375,0.578453753139
1403715411262142976,1.319197205929,0.974646431660,0.457479729781,-0.222654998581,-0.775957547638,-0.118970341114,0.578066340316
1403715411312143104,1.309905336284,0.971760361286,0.457223145661,-0.222756477521,-0.775265353897,-0.115847638620,0.579588222272
1403715411362142976,1.301556833399,0.967951885489,0.459681647483,-0.222049802415,-0.773738455990,-0.114527704819,0.582156415234
1403715411412143104,1.296206471048,0.965456070488,0.456671177728,-0.221909219940,-0.770235324346,-0.112124469326,0.587300559011
1403715411462142976,1.289039315678,0.963790137077,0.457764802880,-0.221023980914,-0.767764630764,-0.110802338954,0.591108038594
1403715411512142848,1.283295187930,0.962654323124,0.457303564309,-0.219224438560,-0.766826765214,-0.110938445637,0.592967131441
1403715411562142976,1.279285136151,0.961040876943,0.455539315684,-0.217512724870,-0.768257251253,-0.110983133695,0.591736220332
1403715411612143104,1.276262500839,0.959847422019,0.453006195407,-0.215682696678,-0.770408083749,-0.111522832241,0.589504043020
1403715411662142976,1.274512000192,0.958232454097,0.449277343409,-0.213843580479,-0.772828796458,-0.112020345622,0.586905457991
1403715411712142848,1.273070558215,0.956720432980,0.445860859233,-0.212214490773,-0.774624361893,-0.112328602429,0.585067853281
1403715411762142976,1.273564082135,0.954026464519,0.441561548730,-0.210678108449,-0.775732906180,-0.112778448832,0.584066960518
1403715411812143104,1.278301707301,0.953137876788,0.434005000392,-0.209357824336,-0.775762926142,-0.113511110609,0.584359830568
1403715411862142976,1.281643696961,0.951866421099,0.427962565553,-0.208584973621,-0.776040041037,-0.113149757956,0.584338340143
1403715411912143104,1.283624467119,0.950859703340,0.424853662790,-0.207475531127,-0.776119203491,-0.112937796116,0.584669086035
1403715411962142976,1.286473935179,0.948904642888,0.420682921898,-0.207744437707,-0.775780916690,-0.111481189033,0.585301770366
1403715412012142848,1.287961941042,0.946678928535,0.419326850404,-0.207504550921,-0.776305385531,-0.110956974742,0.584790868173
1403715412062142976,1.290368630333,0.945793203901,0.417461228874,-0.207621621154,-0.776940594333,-0.109908071007,0.584103407998
1403715412112143104,1.294039625584,0.943798127947,0.416506293361,-0.207372903971,-0.777381216153,-0.110047255621,0.583579064910
1403715412162142976,1.296984476769,0.941848715432,0.413691996743,-0.207486519057,-0.779238776471,-0.109543812718,0.581150950054
1403715412212142848,1.301755303241,0.937777088398,0.410677686592,-0.207551507385,-0.779839481649,-0.109531186476,0.580323766387
1403715412262142976,1.306481096038,0.933246990131,0.408317609833,-0.207620807375,-0.780408222713,-0.109932585276,0.579457878505
1403715412312143104,1.311465395800,0.929569722743,0.403137673198,-0.207846509226,-0.780432002236,-0.109775926552,0.579374632202
1403715412362142976,1.316492986841,0.925623321402,0.401973972006,-0.208135453791,-0.781085293122,-0.110152201728,0.578318156552
1403715412412143104,1.322428151390,0.922681027594,0.397347361647,-0.208956427321,-0.781091616800,-0.109493089016,0.578138704036
1403715412462142976,1.327000271447,0.919460110788,0.396539620536,-0.209542990102,-0.782311118840,-0.109049307564,0.576358653235
1403715412512142848,1.331833209479,0.916660360803,0.394296853304,-0.209868720974,-0.783268618231,-0.108734208234,0.574997620526
1403715412562142976,1.337108299858,0.912919821159,0.392455762918,-0.210402405347,-0.784303670650,-0.108794900330,0.573377929198
1403715412612143104,1.342261214055,0.910827651613,0.389496371621,-0.209935858833,-0.784824274956,-0.109468312057,0.572708024451
1403715412662142976,1.347124397069,0.908236992695,0.388793912902,-0.210026945435,-0.785640271281,-0.109571172252,0.571534954787
1403715412712142848,1.352564795919,0.905722713239,0.384669514962,-0.209933114376,-0.786566075808,-0.109842138465,0.570242580393
1403715412762142976,1.355213143268,0.904395035905,0.382948735732,-0.209563520449,-0.787342239555,-0.109885972643,0.569298165925
1403715412812143104,1.358710003125,0.902999972874,0.381109121045,-0.209536185017,-0.788157637526,-0.109691753427,0.568216371471
1403715412862142976,1.362522630682,0.900703371888,0.380252883091,-0.209342179026,-0.788794631828,-0.109805498507,0.567381382650
1403715412912143104,1.365429633029,0.898494589523,0.379564043723,-0.209290001957,-0.788966597786,-0.110149086311,0.567094861063
1403715412962142976,1.367419058774,0.896524691611,0.380266054825,-0.209483017539,-0.788561788187,-0.110607309835,0.567497307998
1403715413012142848,1.369693920350,0.894531819104,0.379180616170,-0.209340649766,-0.787221137771,-0.111542055431,0.569225563790
1403715413062142976,1.371809374124,0.892627253431,0.375308519318,-0.208810549528,-0.786083800345,-0.112814280767,0.570739302393
1403715413112143104,1.373114303174,0.890705197270,0.369864384852,-0.208244785586,-0.785203223626,-0.114018764446,0.571917588677
1403715413162142976,1.373748968216,0.889909757871,0.360928077984,-0.208140841091,-0.784194459347,-0.114412071222,0.573259381221
1403715413212142848,1.373375887335,0.888717648481,0.352062750704,-0.207539107862,-0.784006930792,-0.115369778605,0.573542034521
1403715413262142976,1.373873715513,0.886231161737,0.340812076684,-0.207955925724,-0.783571747706,-0.115036365642,0.574052509562
1403715413312143104,1.375639261101,0.883991655160,0.327117588970,-0.209700174892,-0.782647516954,-0.112658454940,0.575149348766
1403715413362142976,1.376189131714,0.881497872234,0.313168575825,-0.211821491711,-0.781282461763,-0.109184494238,0.576895239025
1403715413412143104,1.375868653624,0.879679571442,0.300728793968,-0.213516001476,-0.780393562926,-0.106077046878,0.578052302291
1403715413462142976,1.381099575751,0.877326617781,0.284254892721,-0.215605690578,-0.779514303104,-0.103345696641,0.578957083412
1403715413512142848,1.385237148014,0.874956276751,0.270920356196,-0.216405158831,-0.778653683395,-0.102666724042,0.579936886515
1403715413562142976,1.387309334303,0.874991931894,0.259033231583,-0.216322508326,-0.779060706235,-0.102772213412,0.579402157868
1403715413612143104,1.389048754265,0.875816967516,0.249740648300,-0.214881063838,-0.779329004201,-0.104658987042,0.579239957226
1403715413662142976,1.392127545169,0.876299442844,0.238109309297,-0.213604236836,-0.778804687509,-0.106785526060,0.580028740791
1403715413712142848,1.394789787679,0.877098900498,0.229446824874,-0.210959010203,-0.778275047772,-0.110181382672,0.581071690020
1403715413762142976,1.397609815606,0.877948352744,0.222297998904,-0.209856984511,-0.779460128199,-0.112268505117,0.579480575480
1403715413812143104,1.402260564257,0.877120404337,0.211812491139,-0.209576206699,-0.780361245112,-0.113244523490,0.578178016370
1403715413862142976,1.406969415329,0.876270678858,0.201024117154,-0.208709400396,-0.780874648942,-0.114538100096,0.577543238600
1403715413912143104,1.411425440596,0.875909643508,0.187610762528,-0.208151825705,-0.780385470283,-0.115319765380,0.578249675261
1403715413962142976,1.414654976497,0.875471854632,0.174501757416,-0.206536107957,-0.780331867267,-0.117092374617,0.578545062069
1403715414012142848,1.417860970688,0.875268888143,0.164378873593,-0.206451668491,-0.781143466139,-0.117341503178,0.577428407267
1403715414062142976,1.423722839372,0.872891994714,0.154422515209,-0.206663922432,-0.781372397216,-0.116887676560,0.577134707934
1403715414112143104,1.430108965641,0.869946897906,0.149194574225,-0.207129034512,-0.782864225249,-0.117343009303,0.574849359445
1403715414162142976,1.437662485631,0.866664313020,0.145724497523,-0.208038182549,-0.785127490151,-0.115957829044,0.571706848564
1403715414212142848,1.448022382578,0.863336571523,0.147386520957,-0.209330462628,-0.789430978492,-0.114195204172,0.565631455063
1403715414262142976,1.456006208583,0.858343219506,0.147761619622,-0.210584761223,-0.791795750152,-0.113710094293,0.561946227710
1403715414312143104,1.459299802614,0.856052544224,0.150980602868,-0.211357328351,-0.794867305790,-0.112458014427,0.557554697702
1403715414362142976,1.459636109631,0.854109196873,0.156079950846,-0.210970258224,-0.797348190912,-0.112968818817,0.554044635900
1403715414412143104,1.458175124246,0.851277453220,0.157370584541,-0.210768110659,-0.797312253464,-0.113726822583,0.554018216154
1403715414462142976,1.455468263369,0.850528139849,0.158898802289,-0.209771661836,-0.797019231153,-0.114478120020,0.554662920250
1403715414512142848,1.452549681021,0.848219411090,0.159027426536,-0.209108309346,-0.796262896195,-0.115646041801,0.555756338805
1403715414562142976,1.448952729587,0.845302026405,0.159534930997,-0.208385850432,-0.794266557273,-0.116989149720,0.558596018770
1403715414612143104,1.444476226486,0.842650178159,0.157927564722,-0.207492810466,-0.791910073642,-0.118275570066,0.561992934471
1403715414662142976,1.439901221877,0.840129525027,0.155073328565,-0.207936239993,-0.789457243347,-0.117611047962,0.565409075291
1403715414712142848,1.435582155176,0.835509925310,0.151560186913,-0.209274315497,-0.786540782670,-0.116952662972,0.569104500680
1403715414762142976,1.428647135410,0.832113176032,0.146531960761,-0.211153998415,-0.784149410589,-0.114481990595,0.572204128486
1403715414812143104,1.425260787016,0.828422548782,0.141153181872,-0.214121079763,-0.782713136924,-0.111237848212,0.573705891213
1403715414862142976,1.420124993671,0.824775622261,0.134443197239,-0.218376502303,-0.781023509915,-0.106006367514,0.575392587934
1403715414912143104,1.414702785377,0.820385898480,0.128689444647,-0.222647665564,-0.779133022743,-0.101524451348,0.577124367592
1403715414962142976,1.409717706869,0.816474407721,0.120246849424,-0.226321438414,-0.777529563821,-0.097448900051,0.578558636421
1403715415012142848,1.405767325451,0.811914855515,0.111241826955,-0.230079024698,-0.775510228022,-0.094346641300,0.580298405911
1403715415062142976,1.401470233604,0.809627289682,0.101295282389,-0.232658362972,-0.773909867332,-0.092214308708,0.581747474988
1403715415112143104,1.397485571454,0.807813449817,0.091111322089,-0.235334713189,-0.772696374286,-0.090882269353,0.582493175110
1403715415162142976,1.394362423842,0.807975763573,0.079281969254,-0.237724190414,-0.771636546234,-0.090549624970,0.582979429505
1403715415212142848,1.389848164771,0.810754925006,0.067032083458,-0.238979128120,-0.770418877028,-0.091429731353,0.583938639299
1403715415262142976,1.387544690723,0.813888463459,0.059918000344,-0.239339824320,-0.770473724326,-0.093323484806,0.583418731103
1403715415312143104,1.386756581435,0.819829742326,0.052615023181,-0.236140437556,-0.772238295113,-0.100922085085,0.581119989377
1403715415362142976,1.386958657616,0.826130164162,0.043379538322,-0.233843800805,-0.773830299944,-0.107398513547,0.578765326364
1403715415412143104,1.389978391183,0.833445960963,0.034093924369,-0.229759227838,-0.774408123251,-0.116373358704,0.577892721230
1403715415462142976,1.395787348122,0.837870841306,0.025263313819,-0.227085062194,-0.776385660345,-0.123587799834,0.574790167515
1403715415512142848,1.405986498957,0.843916298552,0.014274902369,-0.224453666970,-0.776060327754,-0.128938953984,0.575087528309
1403715415562142976,1.414400681696,0.848433837846,0.006358122510,-0.223687206992,-0.776352728276,-0.130924727982,0.574542592267
1403715415612143104,1.421632769707,0.851791654410,-0.005847275788,-0.221781529199,-0.775029793869,-0.134314572189,0.576282367958
1403715415662142976,1.428284565007,0.853748029877,-0.017101423959,-0.220990782091,-0.774385288044,-0.136850625257,0.576855619941
1403715415712142848,1.436401695817,0.856085350855,-0.031925987710,-0.221473706131,-0.774431136683,-0.137655347006,0.576417225167
1403715415762142976,1.442594596673,0.860836982806,-0.047350347257,-0.220755265832,-0.773667336781,-0.136449631551,0.578002995368
1403715415812143104,1.445789541538,0.860591628679,-0.048909833729,-0.220283219386,-0.772558633056,-0.137447238304,0.579427923413
1403715415862142976,1.454349395168,0.862586153199,-0.050128480068,-0.219564374705,-0.771552394607,-0.137844019425,0.580945276292
1403715415912143104,1.460383210917,0.865176591494,-0.054011424598,-0.219672920423,-0.769657682481,-0.137357388456,0.583527041077
1403715415962142976,1.465475627805,0.865948258325,-0.055975474360,-0.218442035896,-0.770850179061,-0.136989265948,0.582500660437
1403715416012142848,1.468769879361,0.865190205377,-0.062686404965,-0.217800161010,-0.772271608155,-0.136096676509,0.581065700025
1403715416062142976,1.470918796179,0.865469213018,-0.062534922811,-0.216849064867,-0.772163863230,-0.138199990208,0.581068166478
1403715416112143104,1.471418574871,0.865335866453,-0.063203523423,-0.217326451606,-0.771853555448,-0.138152261879,0.581313387866
1403715416162142976,1.471394864302,0.864881395410,-0.067061459713,-0.217502687358,-0.771089027713,-0.138072452970,0.582280250449
1403715416212142848,1.471438329713,0.864755997046,-0.070300534862,-0.218433685504,-0.771689583874,-0.136957004557,0.581398907876
1403715416262142976,1.471331541262,0.863802423306,-0.074700134629,-0.218777694922,-0.771946759361,-0.136685426047,0.580991923544
1403715416312143104,1.471698874956,0.863668022275,-0.075866903461,-0.219138326568,-0.772255976744,-0.136370821565,0.580518819022
1403715416362142976,1.472257005187,0.865049480036,-0.079878627156,-0.219337134348,-0.772309411068,-0.135867132965,0.580490755527
1403715416412143104,1.473513700630,0.866039372081,-0.083281270886,-0.219559916231,-0.772092774306,-0.135826237313,0.580704248570
1403715416462142976,1.475700109094,0.867118967566,-0.084404837012,-0.219477771228,-0.772489997644,-0.135789880730,0.580215321900
1403715416512142848,1.477906604564,0.868206067669,-0.086271356367,-0.219565985851,-0.772304027787,-0.135543908037,0.580486964122
1403715416562142976,1.480593031469,0.867797644546,-0.086999426813,-0.219751492039,-0.772046230046,-0.135932386592,0.580668827037
1403715416612143104,1.483105741387,0.868629669213,-0.090308327421,-0.219722408396,-0.771744828036,-0.136140790454,0.581031555789
1403715416662142976,1.485777176260,0.869946370128,-0.092252359419,-0.219831776776,-0.771648488668,-0.135704213092,0.581220239156
1403715416712142848,1.488499185278,0.871615672751,-0.092833347946,-0.219471017366,-0.771950764657,-0.135583782912,0.580983241834
1403715416762142976,1.491293261318,0.873154933518,-0.094421234478,-0.219257821434,-0.771954838602,-0.135348520972,0.581113166921
1403715416812143104,1.493774187351,0.874757294429,-0.097451389347,-0.218772723047,-0.771285489154,-0.135625391107,0.582119354737
1403715416862142976,1.496197905225,0.877188695650,-0.098906497056,-0.218552380373,-0.771717874222,-0.135015347517,0.581770775799
1403715416912143104,1.498196302959,0.878182716681,-0.101336907698,-0.218627795796,-0.771618996703,-0.134931349352,0.581893067320
1403715416962142976,1.500520007657,0.879294011850,-0.103328520926,-0.218231680868,-0.771245661259,-0.135150887441,0.582485451388
1403715417012142848,1.502718433590,0.880342824948,-0.105950404865,-0.218191368802,-0.770832155835,-0.134861463204,0.583114654124
1403715417062142976,1.504856097548,0.881314233529,-0.108335568464,-0.218044041709,-0.770665927419,-0.134947867872,0.583369434533
1403715417112143104,1.507118646770,0.882605570298,-0.110761660903,-0.218066864950,-0.770624247477,-0.134705120243,0.583472057764
1403715417162142976,1.509632154732,0.884169338383,-0.111681669705,-0.217997282254,-0.770691365759,-0.134426838128,0.583473588833
1403715417212142848,1.512208028705,0.885484529835,-0.111914069271,-0.217785379038,-0.770664767829,-0.134326198362,0.583611014922
1403715417262142976,1.514913170755,0.885883215035,-0.112995494176,-0.217773116356,-0.770536489481,-0.134349567645,0.583779566142
1403715417312143104,1.517573662409,0.887395055251,-0.113097206867,-0.217488081722,-0.770613592950,-0.134292833285,0.583797104821
1403715417362142976,1.520511648680,0.888409286692,-0.113522664747,-0.217412385995,-0.770738652928,-0.134235694437,0.583673334698
1403715417412143104,1.523241693856,0.889991363605,-0.113966577282,-0.217204117989,-0.770849466926,-0.134129883263,0.583628858851
1403715417462142976,1.526181286061,0.890962192978,-0.115102111183,-0.217119193098,-0.770706028286,-0.134027598997,0.583873339569
1403715417512142848,1.529160002245,0.892056191526,-0.115631396922,-0.216922041172,-0.770693740664,-0.134062198417,0.583954889619
1403715417562142976,1.531817764138,0.893713133312,-0.115553652346,-0.216754611466,-0.770913390359,-0.133839759180,0.583778127234
1403715417612143104,1.534891788673,0.894956456103,-0.116102166441,-0.216645857721,-0.770983205998,-0.133796049619,0.583736315050
1403715417662142976,1.537454074975,0.896178752371,-0.117046160509,-0.216460391475,-0.770975085231,-0.133763645523,0.583823264363
1403715417712142848,1.540022453416,0.897007040325,-0.117380013994,-0.216425936397,-0.770991165424,-0.133651649545,0.583840452065
1403715417762142976,1.542091744674,0.898271653047,-0.118347947084,-0.216165882570,-0.770912961658,-0.133568297744,0.584059095125
1403715417812143104,1.544446183136,0.899410723875,-0.119420178666,-0.216123269173,-0.770915136791,-0.133409087723,0.584108380099
1403715417862142976,1.546886455461,0.900647298110,-0.120467240962,-0.216031230246,-0.770887053351,-0.133323712112,0.584198978365
1403715417912143104,1.549471583437,0.901669860198,-0.120789373340,-0.215913494688,-0.770951482430,-0.133350538364,0.584151357500
1403715417962142976,1.551975218678,0.902292660009,-0.120897674706,-0.215776224304,-0.770946101948,-0.133484831214,0.584178507609
1403715418012142848,1.526287360222,0.897578138451,-0.110914441235,-0.215616603564,-0.771008313956,-0.133439644228,0.584165662657
1403715418062142976,1.527756780626,0.895330847427,-0.109157023317,-0.216172392819,-0.771204711018,-0.133915309527,0.583591878080
1403715418112143104,1.528194541954,0.894261277932,-0.108632496917,-0.216534594871,-0.771291841550,-0.134117493927,0.583295947359
1403715418162142976,1.528373425565,0.893751753078,-0.108486818855,-0.216778078408,-0.771378815277,-0.134152742294,0.583082352502
1403715418212142848,1.528703539716,0.893281524424,-0.108062182043,-0.216920468238,-0.771483474486,-0.134313435002,0.582853892697
1403715418262142976,1.529109397540,0.892782558619,-0.107769245290,-0.217013216875,-0.771492736415,-0.134539807057,0.582754889878
1403715418312143104,1.528443215364,0.891466031014,-0.107987500224,-0.217112384557,-0.771602554142,-0.134666324640,0.582543296177
1403715418362142976,1.528647481551,0.891033529186,-0.108268315926,-0.217226900769,-0.771523690153,-0.134683416917,0.582601103949
1403715418412143104,1.528923839100,0.890905357628,-0.108971030933,-0.217278227422,-0.771346802506,-0.134628421465,0.582828851624
1403715418462142976,1.529038225803,0.890912842076,-0.109564384678,-0.217318144654,-0.771294098450,-0.134539749160,0.582904189037
1403715418512142848,1.529168762260,0.890869374928,-0.109919715992,-0.217385841403,-0.771305197565,-0.134431178145,0.582889308967
1403715418562142976,1.529436827668,0.891051501130,-0.110260492587,-0.217392631667,-0.771313943170,-0.134367352730,0.582889920387
1403715418612143104,1.529588962742,0.891076017052,-0.110614113793,-0.217443402010,-0.771251918841,-0.134333783823,0.582960786957
1403715418662142976,1.529794348730,0.890796663800,-0.110709635302,-0.217503756546,-0.771249700511,-0.134433455032,0.582918228843
1403715418712142848,1.529936545171,0.890836091815,-0.110636797774,-0.217383345165,-0.771251659268,-0.134591848085,0.582924003409
1403715418762142976,1.530150135042,0.890748470720,-0.110530494551,-0.217401292265,-0.771270704761,-0.134607846261,0.582888416273
1403715418812143104,1.530281660914,0.890782343398,-0.110701566036,-0.217467811077,-0.771288007744,-0.134506974496,0.582863992770
