1403715274.512142897 0.000000000 0.000000000 0.000000000 0.011193200 -0.829647447 -0.000118757 0.558175432
1403715274.562143087 0.000007970 -0.000037701 0.000049910 0.011717316 -0.829743540 0.000540952 0.558021567
1403715274.612143040 -0.000018550 -0.000263573 -0.000054837 0.011824474 -0.829694892 0.000802602 0.558091322
1403715274.662142992 -0.001926004 -0.000431563 -0.001939906 0.011782088 -0.829666018 0.000356749 0.558135605
1403715274.712142944 0.000210264 -0.000920732 -0.000180681 0.011210789 -0.829678622 0.000047119 0.558128749
1403715274.762142897 -0.001472386 -0.001343726 -0.000311447 0.010956909 -0.829842321 -0.000231782 0.557890325
1403715274.812143087 -0.001256614 -0.001772810 -0.000399453 0.010778965 -0.829690887 -0.000470333 0.558118827
1403715274.862143040 -0.001415269 -0.001999187 -0.000691527 0.010498085 -0.829689998 -0.000491169 0.558125484
1403715274.912142992 -0.001510550 -0.002015212 -0.000655273 0.010473196 -0.829754849 -0.000663711 0.558029356
1403715274.962142944 -0.001477699 -0.001908311 -0.000400109 0.010531712 -0.829757712 -0.000733518 0.558023911
1403715275.012142897 -0.001506557 -0.001685838 -0.000594750 0.010617026 -0.829686645 -0.000473100 0.558128234
1403715275.062143087 -0.001423525 -0.001473865 -0.000844219 0.010628971 -0.829610200 -0.000567678 0.558241541
1403715275.112143040 -0.001392811 -0.001286145 -0.000975049 0.010625158 -0.829653371 -0.000466038 0.558177546
1403715275.162142992 -0.001394030 -0.001115733 -0.001003948 0.010739523 -0.829700063 -0.000258449 0.558106084
1403715275.212142944 -0.001345992 -0.000895854 -0.001035701 0.010886414 -0.829684768 -0.000207266 0.558125997
1403715275.262142897 -0.001329209 -0.000737499 -0.000976213 0.010954075 -0.829694315 -0.000252201 0.558110463
1403715275.312143087 -0.001302505 -0.000604531 -0.001148298 0.010962644 -0.829572004 -0.000208237 0.558292098
1403715275.362143040 -0.001339766 -0.000565045 -0.001021674 0.010889196 -0.829545533 -0.000240029 0.558332855
1403715275.412142992 -0.001367148 -0.000550361 -0.001077836 0.010857922 -0.829552224 -0.000194986 0.558323540
1403715275.462142944 -0.001416945 -0.000536795 -0.001077848 0.010923691 -0.829604016 -0.000098089 0.558245322
1403715275.512142897 -0.001476911 -0.000536788 -0.001124748 0.011000218 -0.829667000 -0.000043082 0.558150215
1403715275.562143087 -0.001454793 -0.000425775 -0.000998280 0.011050515 -0.829710473 0.000041316 0.558084595
1403715275.612143040 -0.001413080 -0.000181981 -0.001097142 0.011027142 -0.829697807 0.000039016 0.558103887
1403715275.662142992 -0.001359339 0.000004973 -0.001168968 0.010897386 -0.829592854 -0.000034378 0.558262431
1403715275.712142944 -0.001372731 0.000120237 -0.001283843 0.010857568 -0.829556639 -0.000158480 0.558316999
1403715275.762142897 -0.001387084 0.000172426 -0.001360774 0.010861213 -0.829565219 -0.000162691 0.558304178
1403715275.812143087 -0.001436610 0.000135100 -0.001254147 0.010926490 -0.829629551 -0.000124124 0.558207313
1403715275.862143040 -0.001418499 0.000097095 -0.001058706 0.011096818 -0.829554580 0.000064312 0.558315373
1403715275.912142992 -0.001350181 0.000238203 -0.000884518 0.011124071 -0.829412895 0.000213157 0.558525254
1403715275.962142944 -0.001308416 0.000317246 -0.000944949 0.011019661 -0.829000978 -0.000051359 0.559138572
1403715276.012142897 -0.001319674 0.000338539 -0.001272070 0.010796263 -0.828916074 -0.000178954 0.559268765
1403715276.062143087 -0.001400457 0.000732132 -0.001541050 0.010918477 -0.829189125 -0.000066240 0.558861501
1403715276.112143040 -0.001418457 0.001169862 -0.002248264 0.010865848 -0.829248229 -0.000021670 0.558774828
1403715276.162142992 -0.001334917 0.001433752 -0.002901803 0.010769087 -0.828899856 0.000057826 0.559293350
1403715276.212142944 -0.001333122 0.001643354 -0.002910528 0.011075989 -0.829039299 0.000098781 0.559080632
1403715276.262142897 -0.001403411 0.001719193 -0.003015558 0.011125575 -0.829082180 0.000190324 0.559016033
1403715276.312143087 -0.001441044 0.001804801 -0.003212530 0.011016132 -0.829164579 0.000260506 0.558895946
1403715276.362143040 -0.001446767 0.001904129 -0.003575154 0.011307508 -0.829111654 0.000218549 0.558968656
1403715276.412142992 -0.001419398 0.002021365 -0.003727490 0.011166762 -0.829102525 0.000452970 0.558984884
1403715276.462142944 -0.001421087 0.001947363 -0.003361608 0.011375736 -0.829213418 0.000248805 0.558816283
1403715276.512142897 -0.001382542 0.001916506 -0.003207883 0.011303976 -0.828888475 0.000207399 0.559299627
1403715276.562143087 -0.001436505 0.002229037 -0.002828724 0.011175442 -0.829083368 -0.000011328 0.559013308
1403715276.612143040 -0.001615528 0.002137856 -0.002579469 0.010878019 -0.829353621 -0.000271381 0.558618087
1403715276.662142992 -0.001629211 0.002118560 -0.002957022 0.010612718 -0.829388102 -0.000178938 0.558572031
1403715276.712142944 -0.001519329 0.002223627 -0.003592425 0.010704713 -0.828986717 -0.000291627 0.559165759
1403715276.762142897 -0.001434606 0.002338080 -0.003418965 0.010832562 -0.828964456 -0.000070663 0.559196371
1403715276.812143087 -0.001469676 0.002572461 -0.003577392 0.010897324 -0.829007373 0.000239595 0.559131440
1403715276.862143040 -0.001511986 0.002720195 -0.002893958 0.010920702 -0.829247697 0.000459051 0.558774360
1403715276.912142992 -0.001607350 0.002468938 -0.002580348 0.010948584 -0.829090806 0.000386340 0.559006632
1403715276.962142944 -0.001641368 0.002350149 -0.003044253 0.011416869 -0.828766275 -0.000017191 0.559478432
1403715277.012142897 -0.001596179 0.002457360 -0.002964746 0.011188942 -0.828876789 0.000046887 0.559319296
1403715277.062143087 -0.001621286 0.002743831 -0.002616240 0.011294341 -0.829372235 -0.000072856 0.558582249
1403715277.112143040 -0.001512057 0.003154545 -0.002487641 0.011345711 -0.829273196 0.000254802 0.558728178
1403715277.162142992 -0.001515007 0.003234510 -0.001883125 0.011258964 -0.829050199 0.000571485 0.559060530
1403715277.212142944 -0.001230440 0.003222858 -0.001360785 0.011158369 -0.829278091 0.000710853 0.558724292
1403715277.262142897 -0.001022864 0.003289808 -0.001006724 0.010876431 -0.829166951 0.000518812 0.558894983
1403715277.312143087 -0.001256976 0.003150164 -0.000531689 0.010708938 -0.829639410 0.000122240 0.558196877
1403715277.362143040 -0.001304872 0.003142559 -0.000138537 0.010887203 -0.829618137 -0.000283835 0.558224987
1403715277.412142992 -0.001360636 0.003204959 0.000251855 0.010973381 -0.829771235 -0.000623570 0.557995425
1403715277.462142944 -0.001472243 0.003542105 -0.000345462 0.010712270 -0.829083106 -0.000173038 0.559022737
1403715277.512142897 -0.001841299 0.003677154 0.000271983 0.010703710 -0.829547659 -0.000166120 0.558333309
1403715277.562143087 -0.001884969 0.003906845 0.000335474 0.011029733 -0.829061676 -0.000323197 0.559048278
1403715277.612143040 -0.001921092 0.003938601 0.000029433 0.011146466 -0.829281641 -0.000377842 0.558719584
1403715277.662142992 -0.002125738 0.004125250 -0.000261179 0.010814775 -0.829443273 0.000285443 0.558486182
1403715277.712142944 -0.002062049 0.004342198 -0.000668417 0.010561602 -0.829230960 0.000692821 0.558805858
1403715277.762142897 -0.002120048 0.004206831 -0.001394039 0.010468499 -0.828494589 0.001050713 0.559898225
1403715277.812143087 -0.002227496 0.003970890 -0.001565555 0.010871357 -0.828625866 0.000292550 0.559697152
1403715277.862143040 -0.002354786 0.003962520 -0.001347439 0.010520577 -0.828895106 0.000710433 0.559304672
1403715277.912142992 -0.002395327 0.003942499 -0.000823181 0.010857831 -0.828866691 0.000076938 0.559340782
1403715277.962142944 -0.002584701 0.003941859 0.000004778 0.010929417 -0.829046016 0.000304183 0.559073483
1403715278.012142897 -0.002807688 0.004092782 0.000151222 0.010718225 -0.829137773 0.000893194 0.558940852
1403715278.062143087 -0.002890081 0.003793852 0.000057855 0.011171398 -0.828871793 0.000519680 0.559326811
1403715278.112143040 -0.002993671 0.003264134 0.001296821 0.010912199 -0.829131302 0.000189057 0.558947378
1403715278.162142992 -0.002814707 0.003150628 0.002378957 0.010273665 -0.829706502 0.001001409 0.558104443
1403715278.212142944 -0.002814977 0.003140354 0.002211938 0.010324417 -0.829174882 0.000769239 0.558893397
1403715278.262142897 -0.001904200 0.003627941 0.004146224 0.011350504 -0.829610913 -0.000010657 0.558226566
1403715278.312143087 -0.002314877 0.004087989 0.002777829 0.010276812 -0.829181618 -0.000648717 0.558884434
1403715278.362143040 -0.003554474 0.004870043 -0.001029268 0.009723667 -0.827841981 -0.001014213 0.560876168
1403715278.412142992 -0.004982644 0.005532295 -0.002888616 0.009478668 -0.827076236 -0.000888746 0.562009133
1403715278.462142944 -0.006937623 0.005886690 -0.004628514 0.008670366 -0.825602936 -0.000912755 0.564184175
1403715278.512142897 -0.010024222 0.005866267 -0.003412868 0.007772812 -0.825344586 -0.000873877 0.564575180
1403715278.562143087 -0.013841830 0.004527309 -0.001087316 0.006276952 -0.822593128 -0.000505296 0.568595543
1403715278.612143040 -0.018854124 0.003426103 0.004206453 0.004813648 -0.820024345 0.000524071 0.572308158
1403715278.662142992 -0.024990281 0.001192484 0.013165671 0.005422142 -0.819147846 -0.002028721 0.573553216
1403715278.712142944 -0.032221646 -0.000964782 0.022701748 0.004177810 -0.816339877 0.000296294 0.577556632
1403715278.762142897 -0.041058728 -0.003768508 0.035523911 0.003246079 -0.814103939 0.001359479 0.580708525
1403715278.812143087 -0.050122618 -0.006398654 0.051681609 0.002160141 -0.812809198 0.002805411 0.582519246
1403715278.862143040 -0.058854239 -0.008029788 0.068903714 0.001500838 -0.809951607 0.004921877 0.586474140
1403715278.912142992 -0.068281219 -0.009461477 0.086942332 0.001568339 -0.810385385 0.005373735 0.585870456
1403715278.962142944 -0.076867281 -0.011548966 0.103867243 0.001830352 -0.809827887 0.004643001 0.586646304
1403715279.012142897 -0.084595761 -0.013030366 0.116324702 0.002675854 -0.809647644 0.003572872 0.586899281
1403715279.062143087 -0.091666251 -0.014484961 0.122939899 0.002969241 -0.809235873 0.003383585 0.587466626
1403715279.112143040 -0.098093957 -0.016129514 0.126203107 0.003365902 -0.809013638 0.002714498 0.587773966
1403715279.162142992 -0.103569166 -0.017427754 0.124120132 0.003858578 -0.808591262 0.002152382 0.588354187
1403715279.212142944 -0.109061257 -0.018370458 0.120835125 0.003622045 -0.809332833 0.002180075 0.587335077
1403715279.262142897 -0.113568096 -0.019958119 0.118198971 0.004087892 -0.810031772 0.001690818 0.586369302
1403715279.312143087 -0.117156155 -0.021579873 0.116449692 0.004265027 -0.810321206 0.001797690 0.585967679
1403715279.362143040 -0.120807951 -0.022616821 0.113800377 0.004286576 -0.810577552 0.002335539 0.585610966
1403715279.412142992 -0.124941543 -0.023143510 0.111796502 0.003354980 -0.811216457 0.003214118 0.584727520
1403715279.462142944 -0.128067665 -0.023458360 0.111253638 0.003174365 -0.812069052 0.003772633 0.583540526
1403715279.512142897 -0.130872371 -0.023489527 0.111223176 0.002779803 -0.812055201 0.004730243 0.583554837
1403715279.562143087 -0.134075501 -0.024256945 0.111066963 0.003909035 -0.812227643 0.003628027 0.583316221
1403715279.612143040 -0.136349274 -0.024820634 0.112613397 0.003949761 -0.812538050 0.003288196 0.582885499
1403715279.662142992 -0.138281390 -0.025210609 0.115743550 0.004371917 -0.812575228 0.003129263 0.582831531
1403715279.712142944 -0.141126560 -0.024898026 0.119452121 0.003579043 -0.813176195 0.003852384 0.581993836
1403715279.762142897 -0.142526260 -0.024673987 0.124252218 0.003614090 -0.813213116 0.003942680 0.581941424
1403715279.812143087 -0.142957002 -0.024059440 0.130520828 0.003165440 -0.812861718 0.004586813 0.582430055
1403715279.862143040 -0.143849748 -0.023717915 0.137014145 0.003292112 -0.813288734 0.004361797 0.581834660
1403715279.912142992 -0.144774526 -0.023344526 0.142931828 0.003533449 -0.813916379 0.004184900 0.580956220
1403715279.962142944 -0.145136921 -0.022805146 0.149876572 0.003693832 -0.815779744 0.003411033 0.578340842
1403715280.012142897 -0.145000725 -0.021927443 0.156544913 0.003381489 -0.818620762 0.003874799 0.574311413
1403715280.062143087 -0.145928477 -0.021225580 0.161835343 0.003378682 -0.822971257 0.003782265 0.568060374
1403715280.112143040 -0.147573327 -0.020755236 0.167159915 0.005607645 -0.827285254 0.000462963 0.561753904
1403715280.162142992 -0.148725246 -0.019946391 0.173745568 0.006631087 -0.828578499 -0.001724345 0.559830980
1403715280.212142944 -0.151144568 -0.019426274 0.181238079 0.010357300 -0.828828100 -0.005944457 0.559375876
1403715280.262142897 -0.156087978 -0.018696169 0.189356768 0.012584538 -0.828677557 -0.009670024 0.559501229
1403715280.312143087 -0.161515820 -0.018464687 0.198861165 0.014254457 -0.827672010 -0.012309199 0.560896013
1403715280.362143040 -0.167892434 -0.018973821 0.208653989 0.015983489 -0.825795539 -0.014425291 0.563558486
1403715280.412142992 -0.175474929 -0.019962886 0.218109785 0.015816653 -0.824103271 -0.016980581 0.565964038
1403715280.462142944 -0.183444896 -0.021665937 0.227933397 0.011796551 -0.823265423 -0.016344619 0.567298632
1403715280.512142897 -0.192291056 -0.024130429 0.237724116 0.005385413 -0.822132783 -0.015013587 0.569072295
1403715280.562143087 -0.202077849 -0.026850300 0.246127425 -0.002425584 -0.821546144 -0.015434814 0.569927904
1403715280.612143040 -0.212250686 -0.030864342 0.254472658 -0.010969715 -0.820262199 -0.017063005 0.571627890
1403715280.662142992 -0.222460268 -0.034392391 0.262662045 -0.019536414 -0.819805138 -0.021010719 0.571923434
1403715280.712142944 -0.231850882 -0.036856296 0.270363187 -0.029926540 -0.818238241 -0.025557640 0.573530635
1403715280.762142897 -0.242299132 -0.039700987 0.277097224 -0.040386996 -0.817746273 -0.031538722 0.573293322
1403715280.812143087 -0.252318307 -0.042411778 0.283529520 -0.051256742 -0.817236533 -0.037345052 0.572802359
1403715280.862143040 -0.262045766 -0.044699161 0.289285710 -0.062410926 -0.816040525 -0.043608930 0.572958113
1403715280.912142992 -0.271206354 -0.047947420 0.294654874 -0.071339894 -0.815018495 -0.050071555 0.572842310
1403715280.962142944 -0.280861379 -0.051373608 0.299511759 -0.079908022 -0.813831083 -0.055302407 0.572918249
1403715281.012142897 -0.289693694 -0.055218417 0.302412793 -0.087245875 -0.812538220 -0.059603430 0.573251454
1403715281.062143087 -0.299070789 -0.059073386 0.305713744 -0.093210681 -0.811714474 -0.064651864 0.572932385
1403715281.112143040 -0.309574141 -0.062002539 0.308396018 -0.098659408 -0.811262539 -0.067907623 0.572283120
1403715281.162142992 -0.320153186 -0.065082713 0.310782937 -0.103193692 -0.810743697 -0.071021671 0.571840574
1403715281.212142944 -0.329968424 -0.067916770 0.313130447 -0.107267040 -0.810477291 -0.073895915 0.571103962
1403715281.262142897 -0.338913270 -0.071051184 0.315994373 -0.112231935 -0.809548076 -0.076919975 0.571068492
1403715281.312143087 -0.347261632 -0.074594555 0.316671619 -0.117175732 -0.808399445 -0.080403902 0.571222721
1403715281.362143040 -0.356370082 -0.076535750 0.315193869 -0.123013100 -0.807901659 -0.084135304 0.570161326
1403715281.412142992 -0.366325138 -0.078854115 0.313834905 -0.129355188 -0.808087963 -0.088980084 0.567753137
1403715281.462142944 -0.373745011 -0.081296902 0.313261043 -0.136043279 -0.805911975 -0.094314239 0.568421444
1403715281.512142897 -0.382292483 -0.082768270 0.311525265 -0.144172608 -0.804300594 -0.100733314 0.567598109
1403715281.562143087 -0.391019603 -0.082239673 0.311178286 -0.153010268 -0.802613275 -0.108281728 0.566281604
1403715281.612143040 -0.399963138 -0.081497964 0.311430851 -0.162758782 -0.800708351 -0.115394133 0.564853884
1403715281.662142992 -0.408165851 -0.080133086 0.310917865 -0.173877262 -0.798272628 -0.122432218 0.563504979
1403715281.712142944 -0.418051158 -0.083271751 0.310316245 -0.184554852 -0.795665469 -0.130819683 0.561909404
1403715281.762142897 -0.430174405 -0.087341316 0.312580519 -0.196994845 -0.793591373 -0.138625543 0.558738509
1403715281.812143087 -0.441052887 -0.089412989 0.312972231 -0.209736502 -0.790990457 -0.146719786 0.555713956
1403715281.862143040 -0.452870920 -0.091100751 0.310646259 -0.222642481 -0.787360081 -0.155232344 0.553531704
1403715281.912142992 -0.465557230 -0.093457401 0.307455246 -0.234849567 -0.784124094 -0.164183991 0.550489513
1403715281.962142944 -0.477736322 -0.094137949 0.303490327 -0.247479476 -0.779988328 -0.172377774 0.548322916
1403715282.012142897 -0.490401014 -0.094005554 0.299200098 -0.260127340 -0.776465222 -0.179944163 0.545028095
1403715282.062143087 -0.501242415 -0.094198668 0.295810222 -0.271595107 -0.772029889 -0.187505168 0.543182990
1403715282.112143040 -0.514249577 -0.094582714 0.291827306 -0.281592243 -0.768851496 -0.196511524 0.539403751
1403715282.162142992 -0.525417334 -0.094322071 0.288882292 -0.293708495 -0.764075415 -0.202747193 0.537417581
1403715282.212142944 -0.538522962 -0.096289685 0.284899873 -0.302805225 -0.759749146 -0.211283492 0.535209788
1403715282.262142897 -0.552472983 -0.095774783 0.279939248 -0.313744639 -0.756215276 -0.218133950 0.531150014
1403715282.312143087 -0.565838411 -0.096610139 0.275665693 -0.323698774 -0.752232060 -0.225468198 0.527759531
1403715282.362143040 -0.578661311 -0.096578867 0.272374947 -0.333311377 -0.747505297 -0.233042526 0.525195713
1403715282.412142992 -0.592643488 -0.095732185 0.266294871 -0.342382592 -0.745138320 -0.241792727 0.518728563
1403715282.462142944 -0.606475521 -0.095814049 0.262754008 -0.353168880 -0.740434076 -0.247651379 0.515458937
1403715282.512142897 -0.623119554 -0.096366361 0.259352381 -0.362191795 -0.735883150 -0.254608763 0.512315791
1403715282.562143087 -0.640358042 -0.095694965 0.254383204 -0.372118728 -0.730864517 -0.260590490 0.509369519
1403715282.612143040 -0.658197634 -0.095354860 0.249010254 -0.380366928 -0.725074237 -0.268541515 0.507418768
1403715282.662142992 -0.676468764 -0.094884627 0.242249601 -0.389554756 -0.719310564 -0.274579441 0.505416200
1403715282.712142944 -0.693980374 -0.094476038 0.234679048 -0.399185618 -0.713342934 -0.279956056 0.503405709
1403715282.762142897 -0.712904416 -0.094170166 0.227134257 -0.408118008 -0.706575918 -0.285747589 0.502532069
1403715282.812143087 -0.732428949 -0.092110806 0.219089635 0.417911490 0.701127640 0.290200771 -0.499553332
1403715282.862143040 -0.750776438 -0.091111740 0.212276934 0.426398091 0.695313689 0.296032343 -0.497079868
1403715282.912142992 -0.769022850 -0.090686442 0.205991608 0.434243145 0.688470375 0.303376407 -0.495382871
1403715282.962142944 -0.788259394 -0.089327415 0.198739877 0.443186192 0.682837026 0.309042527 -0.491744153
1403715283.012142897 -0.807017976 -0.088505965 0.193238842 0.451913231 0.675995977 0.314338873 -0.489892787
1403715283.062143087 -0.825673097 -0.086775562 0.186523676 0.461153136 0.669247668 0.319193591 -0.487402088
1403715283.112143040 -0.843981295 -0.086211193 0.179559390 0.470127663 0.663088410 0.323446376 -0.484433878
1403715283.162142992 -0.861982513 -0.085138042 0.173003383 0.479105047 0.656057123 0.327597334 -0.482418275
1403715283.212142944 -0.879382881 -0.084730207 0.165963657 0.488015935 0.648850993 0.331599346 -0.480494235
1403715283.262142897 -0.896465539 -0.084649499 0.157492110 0.495730440 0.642604907 0.336811613 -0.477355425
1403715283.312143087 -0.912020600 -0.084730187 0.151107688 0.503975783 0.635968726 0.340602188 -0.474912981
1403715283.362143040 -0.926579772 -0.084837348 0.144339372 0.511039596 0.629665336 0.346146192 -0.471744539
1403715283.412142992 -0.940422149 -0.086321291 0.137543592 0.518594147 0.624886751 0.349685440 -0.467222380
1403715283.462142944 -0.953484097 -0.087796888 0.132199914 0.526295492 0.620287957 0.352656043 -0.462482023
1403715283.512142897 -0.965141073 -0.089433202 0.125184526 0.532678177 0.616537180 0.357106504 -0.456739324
1403715283.562143087 -0.976910846 -0.091252001 0.118886709 0.538713166 0.613071346 0.361650182 -0.450711431
1403715283.612143040 -0.987922102 -0.092517008 0.114750962 0.544732060 0.610039996 0.364723565 -0.445078541
1403715283.662142992 -0.999995701 -0.093861271 0.110336387 0.548796283 0.607349472 0.368134362 -0.440938034
1403715283.712142944 -1.012435390 -0.094212127 0.105557700 0.552307955 0.604808677 0.370807119 -0.437795006
1403715283.762142897 -1.026215167 -0.094033900 0.099811109 0.555526830 0.603136739 0.372755096 -0.434361201
1403715283.812143087 -1.038398026 -0.094515296 0.096082403 0.557160602 0.599851605 0.374854907 -0.435010245
1403715283.862143040 -1.050667945 -0.093775980 0.090908376 0.557891942 0.598136250 0.377698560 -0.433973968
1403715283.912142992 -1.062987452 -0.092589970 0.088013570 0.559040022 0.595835668 0.378947117 -0.434572425
1403715283.962142944 -1.075049238 -0.092102410 0.084827551 0.560003238 0.595205837 0.379066150 -0.434091279
1403715284.012142897 -1.087126120 -0.090441479 0.079083793 0.561758039 0.595466800 0.377920108 -0.432462238
1403715284.062143087 -1.099281303 -0.089304324 0.074205179 0.562551854 0.595723497 0.377137019 -0.431759882
1403715284.112143040 -1.111709276 -0.086836192 0.068514071 0.563915023 0.595877365 0.375212351 -0.431446062
1403715284.162142992 -1.123206640 -0.085468974 0.063025673 0.564820951 0.596564569 0.372395545 -0.431751742
1403715284.212142944 -1.134427753 -0.082346423 0.055637398 0.566875795 0.596779226 0.368392990 -0.432195550
1403715284.262142897 -1.145395259 -0.079426596 0.049342160 0.568129862 0.596420671 0.364846170 -0.434048518
1403715284.312143087 -1.155298220 -0.074921446 0.041373639 0.569046625 0.595749933 0.361724480 -0.436375248
1403715284.362143040 -1.164600337 -0.070668058 0.031536652 0.568026276 0.596103601 0.360899410 -0.437902116
1403715284.412142992 -1.172196933 -0.065440079 0.027335750 0.565393936 0.597349848 0.362726113 -0.438101156
1403715284.462142944 -1.178940692 -0.057319857 0.023832683 0.562896795 0.599458097 0.364642565 -0.436844351
1403715284.512142897 -1.184110644 -0.049641477 0.023973690 0.559385527 0.601784166 0.367418072 -0.435829795
1403715284.562143087 -1.189595994 -0.041692487 0.025867835 0.556628068 0.603441843 0.368904386 -0.435812678
1403715284.612143040 -1.194235702 -0.035260258 0.023212601 0.553500752 0.606591240 0.370220279 -0.434305112
1403715284.662142992 -1.198440290 -0.028087605 0.022383811 0.550071991 0.607404915 0.372771791 -0.435340403
1403715284.712142944 -1.203265815 -0.019235200 0.019775620 0.548060472 0.608883375 0.373587185 -0.435113054
1403715284.762142897 -1.208217605 -0.009539786 0.017339195 0.546588929 0.609606964 0.375174320 -0.434584999
1403715284.812143087 -1.213429087 0.000569078 0.015400798 0.545640549 0.607615424 0.378821449 -0.435401192
1403715284.862143040 -1.217357465 0.008890993 0.013315442 0.545935359 0.604744009 0.381628411 -0.436576480
1403715284.912142992 -1.221321348 0.018226586 0.010678816 0.548823565 0.600165805 0.383887847 -0.437291460
1403715284.962142944 -1.224885911 0.024698634 0.007888243 0.551731327 0.594419989 0.387880492 -0.437956783
1403715285.012142897 -1.228408326 0.030116125 0.007131977 0.556627297 0.585533244 0.391350746 -0.440637567
1403715285.062143087 -1.231903552 0.037629174 0.006295226 0.562323163 0.576434670 0.396497597 -0.440800848
1403715285.112143040 -1.234780401 0.042115555 0.006817699 0.568540824 0.569393103 0.401330041 -0.437592304
1403715285.162142992 -1.237485793 0.046879039 0.007295144 0.576085723 0.562542849 0.405502227 -0.432710905
1403715285.212142944 -1.240456669 0.048755930 0.008229450 0.584295361 0.556176322 0.407689387 -0.427850668
1403715285.262142897 -1.243461211 0.050923211 0.011616182 0.592468576 0.549619737 0.408531146 -0.424265759
1403715285.312143087 -1.246630667 0.052274566 0.015819010 0.601098057 0.544968660 0.406969587 -0.419602241
1403715285.362143040 -1.247776054 0.052229615 0.022452023 0.608777450 0.541870249 0.404646383 -0.414762527
1403715285.412142992 -1.248587988 0.052972597 0.031443605 0.615153060 0.540331904 0.402448293 -0.409467358
1403715285.462142944 -1.249177601 0.053957544 0.044688487 0.619383014 0.538545790 0.401628750 -0.406235723
1403715285.512142897 -1.249010688 0.056339417 0.061781154 0.623374149 0.536423121 0.400570663 -0.403977783
1403715285.562143087 -1.247814294 0.057319152 0.081446269 0.626492144 0.533888791 0.399416819 -0.403654008
1403715285.612143040 -1.245666444 0.058050418 0.100735751 0.628205646 0.532063657 0.399252232 -0.403563609
1403715285.662142992 -1.242262360 0.060472346 0.123791067 0.630268302 0.530887011 0.398377169 -0.402761071
1403715285.712142944 -1.237669908 0.062291251 0.140976382 0.630620905 0.529896628 0.399733739 -0.402168841
1403715285.762142897 -1.231037485 0.067556227 0.157358671 0.630548340 0.529122722 0.402428716 -0.400610865
1403715285.812143087 -1.223264038 0.070669734 0.178300232 0.630923027 0.529501136 0.402914608 -0.399029447
1403715285.862143040 -1.215116437 0.074202854 0.197685559 0.629530505 0.530939747 0.405953058 -0.396227765
1403715285.912142992 -1.206496368 0.078545649 0.214752552 0.627342612 0.533397535 0.409731406 -0.392490117
1403715285.962142944 -1.196661077 0.084245789 0.232510111 0.626581149 0.535941905 0.411562565 -0.388302194
1403715286.012142897 -1.186776767 0.089649642 0.248188718 0.624635133 0.537920080 0.414765024 -0.385282901
1403715286.062143087 -1.176083401 0.096064561 0.263042314 0.623635027 0.539625719 0.416798778 -0.382311673
1403715286.112143040 -1.165390497 0.102898880 0.277700107 0.623943156 0.540081139 0.416740372 -0.381227969
1403715286.162142992 -1.155332682 0.109117295 0.291100941 0.624531614 0.539206527 0.416181692 -0.382111742
1403715286.212142944 -1.145162082 0.116742932 0.303570443 0.626406984 0.538308213 0.413711793 -0.382989700
1403715286.262142897 -1.134735150 0.126073238 0.314221087 0.627484982 0.537480993 0.412655817 -0.383525691
1403715286.312143087 -1.124960409 0.134370948 0.324332503 0.626311035 0.538017850 0.413962000 -0.383284155
1403715286.362143040 -1.115230731 0.145344695 0.334514411 0.625817296 0.538660805 0.414669769 -0.382421537
1403715286.412142992 -1.104701146 0.156442149 0.346343651 0.625697099 0.538684564 0.415117855 -0.382098479
1403715286.462142944 -1.094835749 0.166495446 0.355561633 0.623953255 0.538898775 0.417267995 -0.382305985
1403715286.512142897 -1.084406343 0.180074000 0.363616237 0.623398790 0.539456377 0.418690006 -0.380866702
1403715286.562143087 -1.074474153 0.192371177 0.373056105 0.622231799 0.539087628 0.420766900 -0.381008311
1403715286.612143040 -1.063950266 0.207127590 0.383624678 0.623180984 0.536656684 0.422259403 -0.381237539
1403715286.662142992 -1.054368647 0.221268409 0.391282647 0.623782502 0.532743837 0.426221980 -0.381332163
1403715286.712142944 -1.044863535 0.234925292 0.399120530 0.624276922 0.527388392 0.431382676 -0.382163310
1403715286.762142897 -1.035251711 0.251395172 0.406531377 0.627378893 0.523075754 0.434683589 -0.379259354
1403715286.812143087 -1.024875794 0.263521512 0.413459133 0.630508104 0.519180346 0.437582823 -0.376075222
1403715286.862143040 -1.015613505 0.276769136 0.419874298 0.635295916 0.516776195 0.437278524 -0.371657040
1403715286.912142992 -1.008023277 0.290264000 0.426683180 0.639232153 0.515623489 0.437490140 -0.366219947
1403715286.962142944 -1.000725835 0.303455102 0.433379634 0.642138445 0.513968254 0.438470390 -0.362268641
1403715287.012142897 -0.993587840 0.318386541 0.439826873 0.645108427 0.512659185 0.439382042 -0.357713711
1403715287.062143087 -0.986038223 0.332130215 0.448325402 0.647659419 0.509744716 0.440141286 -0.356333061
1403715287.112143040 -0.980445362 0.347274598 0.452322192 0.648136300 0.508853423 0.442839027 -0.353385238
1403715287.162142992 -0.973421341 0.364222571 0.458612646 0.649045317 0.506166066 0.444829561 -0.353076127
1403715287.212142944 -0.968004504 0.380626182 0.464008986 0.647941311 0.503251061 0.449101781 -0.353861579
1403715287.262142897 -0.963770763 0.396499156 0.469729578 0.646761259 0.500896005 0.452686433 -0.354792982
1403715287.312143087 -0.959427511 0.413773272 0.476762857 0.646321652 0.498105962 0.454761898 -0.356861863
1403715287.362143040 -0.956130460 0.431123404 0.482916628 0.646337274 0.496146939 0.456216725 -0.357704686
1403715287.412142992 -0.953932116 0.447655045 0.490760585 0.647405089 0.494300288 0.455232387 -0.359579406
1403715287.462142944 -0.951624404 0.464009008 0.499240144 0.649798979 0.491070000 0.453168224 -0.362284560
1403715287.512142897 -0.950631290 0.479843807 0.504620388 0.652099692 0.488326092 0.452013160 -0.363301145
1403715287.562143087 -0.947892586 0.495117582 0.510827822 0.656147920 0.483346088 0.450812969 -0.364162234
1403715287.612143040 -0.945734519 0.508964742 0.516753455 0.661191984 0.477683079 0.449827112 -0.363730128
1403715287.662142992 -0.943312749 0.523425777 0.523544116 0.666659657 0.471192140 0.449910991 -0.362109056
1403715287.712142944 -0.939954036 0.535788932 0.531753251 0.671774928 0.464189601 0.451180462 -0.360114775
1403715287.762142897 -0.934878046 0.549102814 0.538952538 0.676861022 0.456784028 0.454113631 -0.356354205
1403715287.812143087 -0.929759754 0.559808378 0.547140531 0.680626788 0.449263312 0.459847586 -0.351354307
1403715287.862143040 -0.922565638 0.571068087 0.557157093 0.685462059 0.441056146 0.464906186 -0.345649361
1403715287.912142992 -0.915951570 0.580249727 0.568326558 0.689000759 0.432379985 0.472382093 -0.339382766
1403715287.962142944 -0.907184982 0.590693274 0.579171265 0.693913940 0.422961665 0.479354763 -0.331369710
1403715288.012142897 -0.899281195 0.599484298 0.589112587 0.699027412 0.413984572 0.485069788 -0.323550232
1403715288.062143087 -0.890571967 0.608060612 0.598357143 0.703864006 0.403303935 0.491376942 -0.316970185
1403715288.112143040 -0.881351871 0.617469535 0.606247602 0.709572658 0.394306405 0.494716906 -0.310297092
1403715288.162142992 -0.872665097 0.625370603 0.613983268 0.714261135 0.386934909 0.497412256 -0.304455997
1403715288.212142944 -0.864827461 0.632527969 0.619707264 0.718584566 0.380685735 0.499517985 -0.298657622
1403715288.262142897 -0.857505498 0.637219516 0.624250259 0.722605409 0.375411531 0.500430545 -0.294069506
1403715288.312143087 -0.850979410 0.639282787 0.623965770 0.724400775 0.372038427 0.502950699 -0.289605803
1403715288.362143040 -0.844374433 0.643173589 0.619919005 0.726853681 0.369358973 0.503513564 -0.285887681
1403715288.412142992 -0.836895632 0.646835259 0.612075296 0.728588871 0.365871408 0.504230476 -0.284689299
1403715288.462142944 -0.827783362 0.652161333 0.603346258 0.730045167 0.363134161 0.504451843 -0.284070368
1403715288.512142897 -0.819997358 0.654422291 0.598611816 0.729801587 0.361209476 0.505869233 -0.284629015
1403715288.562143087 -0.810372931 0.657940332 0.597418105 0.731090370 0.359370119 0.505048274 -0.285107398
1403715288.612143040 -0.802241179 0.660051448 0.597661770 0.731126700 0.358343577 0.505025176 -0.286344551
1403715288.662142992 -0.792732998 0.663839902 0.601615197 0.732856543 0.358726816 0.502487143 -0.285907381
1403715288.712142944 -0.786005830 0.664411972 0.607102546 0.731554581 0.359196989 0.504241646 -0.285562217
1403715288.762142897 -0.776445297 0.665930016 0.615368426 0.731665732 0.361636434 0.503757341 -0.283042202
1403715288.812143087 -0.766865739 0.666552328 0.623999149 0.732059406 0.363116361 0.502914809 -0.281624269
1403715288.862143040 -0.758821072 0.667045962 0.627958689 0.731995145 0.365187657 0.503522427 -0.278004042
1403715288.912142992 -0.750727898 0.666099398 0.629842454 0.731905873 0.365946200 0.505264976 -0.274051957
1403715288.962142944 -0.743279420 0.664039860 0.628180140 0.732078694 0.365172122 0.507456600 -0.270551115
1403715289.012142897 -0.735183939 0.661354837 0.623628341 0.733709359 0.363120146 0.508099963 -0.267672866
1403715289.062143087 -0.727033546 0.659328167 0.615138909 0.735928223 0.360131706 0.508694001 -0.264471584
1403715289.112143040 -0.718606224 0.659510136 0.601441249 0.738625635 0.356760304 0.509828009 -0.259286825
1403715289.162142992 -0.710695648 0.658295826 0.586570007 0.740548764 0.353964835 0.511300742 -0.254691920
1403715289.212142944 -0.703041228 0.656701936 0.571795528 0.741653951 0.350921681 0.513576483 -0.251082831
1403715289.262142897 -0.694116991 0.656698624 0.557391280 0.744335295 0.347296849 0.513904306 -0.247491882
1403715289.312143087 -0.686137415 0.656979621 0.541860073 0.746829511 0.344063427 0.514985447 -0.242190068
1403715289.362143040 -0.680217032 0.656016368 0.525696903 0.748540986 0.339715290 0.517638511 -0.237340022
1403715289.412142992 -0.672884065 0.657084321 0.509639496 0.752421400 0.334072287 0.517982086 -0.232276350
1403715289.462142944 -0.666025028 0.659526197 0.491733988 0.756259215 0.327565402 0.518882679 -0.227010293
1403715289.512142897 -0.660516808 0.661338782 0.473068756 0.760319859 0.320832682 0.519481501 -0.221628228
1403715289.562143087 -0.654818282 0.663900915 0.455086151 0.764406103 0.313633202 0.520095637 -0.216374796
1403715289.612143040 -0.649659129 0.666304629 0.436965403 0.768260874 0.306729480 0.520429513 -0.211767272
1403715289.662142992 -0.645225188 0.669414594 0.417514153 0.771616005 0.301208375 0.520477211 -0.207329999
1403715289.712142944 -0.639601376 0.673860287 0.399333144 0.774930470 0.295198497 0.519837349 -0.205206592
1403715289.762142897 -0.634258637 0.679343990 0.381549130 0.776437084 0.291881604 0.520515968 -0.202518419
1403715289.812143087 -0.629046983 0.685841050 0.363724753 0.777297805 0.289649724 0.521150259 -0.200782386
1403715289.862143040 -0.623599064 0.693287986 0.350377607 0.777532426 0.287689536 0.521883305 -0.200788131
1403715289.912142992 -0.618217203 0.700807996 0.339963455 0.777160050 0.285956262 0.522418594 -0.203298024
1403715289.962142944 -0.611492582 0.710688091 0.331700772 0.777464329 0.285847226 0.521839535 -0.203774583
1403715290.012142897 -0.605332143 0.720579580 0.326527145 0.777389390 0.286755277 0.520959428 -0.205032733
1403715290.062143087 -0.599158320 0.731191395 0.324111251 0.776204646 0.288699892 0.521043204 -0.206573714
1403715290.112143040 -0.592884553 0.742896756 0.325106403 0.773908348 0.291399343 0.522415154 -0.207929554
1403715290.162142992 -0.586086899 0.755015279 0.330513349 0.772808200 0.294250825 0.521665134 -0.209879551
1403715290.212142944 -0.580568563 0.768109928 0.335956618 0.772758970 0.299146574 0.519333931 -0.208919053
1403715290.262142897 -0.574829195 0.780688502 0.345137087 0.773185349 0.302281338 0.516314042 -0.210309818
1403715290.312143087 -0.568720955 0.795472200 0.352023962 0.773526635 0.305326560 0.513745863 -0.210944125
1403715290.362143040 -0.562094228 0.810313215 0.358095763 0.774378407 0.307223449 0.510685287 -0.212490874
1403715290.412142992 -0.555943989 0.825779802 0.363773439 0.775989842 0.308064898 0.506637216 -0.215068626
1403715290.462142944 -0.550039926 0.842221252 0.368461889 0.777119814 0.309094366 0.503652969 -0.216515944
1403715290.512142897 -0.542824354 0.859333168 0.372715635 0.776458067 0.309287652 0.503635071 -0.218645224
1403715290.562143087 -0.535113312 0.877999586 0.377145117 0.775106760 0.309562705 0.505124067 -0.219613567
1403715290.612143040 -0.527324734 0.897378198 0.383215594 0.773517299 0.308281839 0.507076943 -0.222500046
1403715290.662142992 -0.518398426 0.917466170 0.387315775 0.773007292 0.306587502 0.508121106 -0.224224826
1403715290.712142944 -0.508100748 0.937966218 0.390616471 0.771220758 0.305635351 0.511342883 -0.224352471
1403715290.762142897 -0.498515067 0.957341132 0.393622450 0.768750032 0.305006691 0.515225873 -0.224803485
1403715290.812143087 -0.487612387 0.977457474 0.395699764 0.767487756 0.303253791 0.517595051 -0.226042136
1403715290.862143040 -0.476906699 0.998450389 0.396921258 0.768163309 0.301231006 0.517300930 -0.227122784
1403715290.912142992 -0.466711609 1.019711318 0.397811286 0.769035157 0.299868120 0.516943450 -0.226789569
1403715290.962142944 -0.458039517 1.039452721 0.400146594 0.769304642 0.296577614 0.517488287 -0.228949687
1403715291.012142897 -0.448955924 1.059317678 0.402505834 0.768951637 0.291889438 0.519187435 -0.232289352
1403715291.062143087 -0.438843775 1.079018782 0.404088872 0.769862364 0.286492102 0.519171082 -0.235999158
1403715291.112143040 -0.427765888 1.096218100 0.404542956 0.771275324 0.280934859 0.518592376 -0.239315537
1403715291.162142992 -0.415671802 1.115741482 0.402393294 0.772643748 0.275684221 0.518478327 -0.241246915
1403715291.212142944 -0.404997569 1.134662082 0.399824790 0.774110252 0.270694481 0.518421836 -0.242315116
1403715291.262142897 -0.393316504 1.151474821 0.398628054 0.775213023 0.266643422 0.518923994 -0.242206406
1403715291.312143087 -0.380376924 1.166597708 0.398628564 0.776461412 0.262209375 0.519811937 -0.241142011
1403715291.362143040 -0.366329487 1.180872578 0.397233902 0.777695192 0.257977858 0.520810443 -0.239570647
1403715291.412142992 -0.354176603 1.192337055 0.395252959 0.779143406 0.254599208 0.521105631 -0.237831279
1403715291.462142944 -0.339862603 1.205954315 0.386240369 0.781825307 0.252161278 0.520570232 -0.232745597
1403715291.512142897 -0.326679609 1.216179857 0.380630160 0.784445253 0.250186442 0.519603303 -0.228177118
1403715291.562143087 -0.311073263 1.226139969 0.373212134 0.787757041 0.246739259 0.517995928 -0.224140137
1403715291.612143040 -0.293044370 1.234596174 0.368123373 0.790146185 0.242193722 0.517673392 -0.221416954
1403715291.662142992 -0.277082848 1.241665315 0.362445141 0.791263399 0.238616720 0.518497346 -0.219373644
1403715291.712142944 -0.259422702 1.250159181 0.352585321 0.793313177 0.236389205 0.518023045 -0.215468028
1403715291.762142897 -0.238545813 1.255956527 0.349136262 0.794645842 0.234986727 0.518517932 -0.210851557
1403715291.812143087 -0.216889456 1.262055205 0.342721011 0.795897031 0.235484268 0.518864934 -0.204632003
1403715291.862143040 -0.194758834 1.265623937 0.340888070 0.795131348 0.237966530 0.521967312 -0.196693148
1403715291.912142992 -0.172642332 1.270202590 0.336075085 0.794275086 0.241132254 0.524488237 -0.189458208
1403715291.962142944 -0.148217175 1.274905846 0.330361799 0.794959134 0.241287702 0.524438407 -0.186506239
1403715292.012142897 -0.124531075 1.279952003 0.319457176 0.795443841 0.242906028 0.524561786 -0.181935948
1403715292.062143087 -0.100742328 1.286246491 0.311791243 0.795695733 0.243617755 0.524391887 -0.180365847
1403715292.112143040 -0.077482774 1.293514791 0.304555014 0.795598326 0.245313201 0.523645858 -0.180664751
1403715292.162142992 -0.055545423 1.301931009 0.296034980 0.794867262 0.249282741 0.522650881 -0.181329000
1403715292.212142944 -0.033403041 1.310377031 0.287920017 0.793196170 0.255106350 0.521773073 -0.183066781
1403715292.262142897 -0.010415713 1.319471059 0.282697707 0.791820601 0.261485736 0.519350812 -0.186869151
1403715292.312143087 0.013342446 1.329961109 0.276825196 0.790096803 0.269620009 0.516532995 -0.190383185
1403715292.362143040 0.035482178 1.343035665 0.269975604 0.787149648 0.280158321 0.514284312 -0.193438344
1403715292.412142992 0.058283336 1.356559417 0.261172498 0.782952060 0.289483852 0.513286731 -0.199303544
1403715292.462142944 0.083261870 1.371526347 0.250836860 0.779437766 0.300321884 0.510528095 -0.204070082
1403715292.512142897 0.108311184 1.388284887 0.241150330 0.773641846 0.309794522 0.509931042 -0.213250981
1403715292.562143087 0.134080525 1.404216692 0.232732671 0.765524920 0.320117344 0.511887389 -0.222413545
1403715292.612143040 0.158581796 1.424016156 0.225979171 0.757238268 0.331840072 0.513106662 -0.230638083
1403715292.662142992 0.182495963 1.442894552 0.223848473 0.745692964 0.342949856 0.517866667 -0.241125518
1403715292.712142944 0.204454419 1.462019707 0.219036829 0.736732470 0.355595395 0.518171292 -0.249550987
1403715292.762142897 0.227096085 1.481178865 0.215985434 0.726745757 0.368212683 0.519551058 -0.257539748
1403715292.812143087 0.247837200 1.499538747 0.211905656 0.718236362 0.380900668 0.518281831 -0.265396218
1403715292.862143040 0.266521211 1.516716528 0.214504565 0.711450772 0.392831234 0.514307640 -0.273877843
1403715292.912142992 0.284275606 1.533903184 0.217894951 0.706885058 0.404649817 0.507259640 -0.281530990
1403715292.962142944 0.298232160 1.552804711 0.226550330 0.702803477 0.414564467 0.499537379 -0.290974194
1403715293.012142897 0.309822854 1.571351811 0.236264254 0.697880515 0.423688716 0.492999611 -0.300669323
1403715293.062143087 0.324686873 1.588354085 0.251226089 0.693398362 0.431066636 0.486383995 -0.311144461
1403715293.112143040 0.336348975 1.607108705 0.264948333 0.688493031 0.438376728 0.480110126 -0.321399218
1403715293.162142992 0.346531360 1.625787339 0.279051485 0.683638452 0.446834622 0.473817035 -0.329354984
1403715293.212142944 0.357677015 1.643898651 0.298069556 0.677642709 0.454989130 0.469281877 -0.336986307
1403715293.262142897 0.368449299 1.662193088 0.314974319 0.671131748 0.462090535 0.465398889 -0.345627528
1403715293.312143087 0.379504963 1.680166826 0.328749658 0.664451455 0.469938277 0.462100365 -0.352314537
1403715293.362143040 0.390943796 1.696021909 0.347479174 0.657002888 0.476243390 0.460062182 -0.360391769
1403715293.412142992 0.401714287 1.711507001 0.365790440 0.648965458 0.481663128 0.458864999 -0.369171204
1403715293.462142944 0.412929475 1.726657366 0.379082202 0.642308283 0.487684528 0.456290104 -0.376036185
1403715293.512142897 0.422640825 1.740140483 0.394522510 0.636678683 0.494737337 0.452462622 -0.380989235
1403715293.562143087 0.433875594 1.753443829 0.406999303 0.632445308 0.501717996 0.447083360 -0.385238179
1403715293.612143040 0.443749261 1.765126142 0.421187517 0.628459485 0.509210880 0.441714760 -0.388112131
1403715293.662142992 0.453951615 1.775336106 0.437402510 0.625039518 0.516740086 0.435782100 -0.390383460
1403715293.712142944 0.464392754 1.785076704 0.453972475 0.620835870 0.523803453 0.430956373 -0.393025916
1403715293.762142897 0.475740319 1.794437441 0.470771331 0.616731899 0.530652555 0.425822165 -0.395885229
1403715293.812143087 0.485629568 1.803332032 0.486102431 0.612303586 0.537931830 0.421065577 -0.398016891
1403715293.862143040 0.497339949 1.811550626 0.501449463 0.608214966 0.543800566 0.415921928 -0.401701940
1403715293.912142992 0.506811372 1.820528504 0.516305848 0.602693100 0.550932005 0.411805625 -0.404538107
1403715293.962142944 0.517399554 1.830336895 0.528349834 0.596902400 0.557355280 0.407695414 -0.408469174
1403715294.012142897 0.527254499 1.839428847 0.537945967 0.590505433 0.563875469 0.403455429 -0.413003035
1403715294.062143087 0.537637291 1.847422108 0.545896884 0.583970634 0.570482064 0.398998755 -0.417526654
1403715294.112143040 0.550820414 1.855054727 0.549097273 0.577490632 0.575925088 0.394317037 -0.423472475
1403715294.162142992 0.563130261 1.862408055 0.551202209 0.570238846 0.581002218 0.390296380 -0.430038159
1403715294.212142944 0.575397414 1.868796911 0.552308811 0.562787646 0.586121767 0.386412250 -0.436367864
1403715294.262142897 0.586676532 1.875310113 0.548861087 0.555871917 0.591418078 0.381350198 -0.442496436
1403715294.312143087 0.597713056 1.880939616 0.545111246 0.548424528 0.596609367 0.377203850 -0.448335874
1403715294.362143040 0.607456034 1.887406978 0.536995394 0.541348262 0.602438526 0.372174306 -0.453316851
1403715294.412142992 0.618328896 1.893050051 0.528816815 0.533353147 0.608074837 0.367929980 -0.458701366
1403715294.462142944 0.631934568 1.897644899 0.518822388 0.525103681 0.614171828 0.364028567 -0.463187103
1403715294.512142897 0.646606177 1.902296967 0.504439827 0.517321593 0.620846724 0.359613171 -0.466482670
1403715294.562143087 0.657871463 1.907243698 0.487855396 0.510120524 0.629101054 0.352703565 -0.468624701
1403715294.612143040 0.670882103 1.910413578 0.471432854 0.503604836 0.637771302 0.345597610 -0.469246446
1403715294.662142992 0.683217989 1.912591529 0.459163154 0.495106705 0.647041509 0.340487437 -0.469334573
1403715294.712142944 0.694715427 1.915661748 0.443475021 0.487048013 0.656462072 0.334572074 -0.468938490
1403715294.762142897 0.707711058 1.917308792 0.428543781 0.479054755 0.664147498 0.329127731 -0.470201637
1403715294.812143087 0.719624117 1.918851927 0.412968297 0.471449779 0.671366392 0.323259513 -0.471704951
1403715294.862143040 0.728238313 1.921053310 0.399975008 0.462760724 0.678449968 0.318353645 -0.473507243
1403715294.912142992 0.738185095 1.924388554 0.386764547 0.454195786 0.684474087 0.313871935 -0.476115343
1403715294.962142944 0.747491886 1.927064819 0.375728413 0.444319443 0.688602067 0.310840124 -0.481441422
1403715295.012142897 0.755222192 1.931133311 0.359907528 0.435810096 0.691644716 0.306163063 -0.487812798
1403715295.062143087 0.764183306 1.934485238 0.345328429 0.427609689 0.696006460 0.301355933 -0.491843027
1403715295.112143040 0.769941591 1.936722575 0.334663680 0.419291452 0.698468611 0.296282278 -0.498550989
1403715295.162142992 0.776726181 1.939140001 0.321837425 -0.411584834 -0.699798452 -0.290092595 0.506681692
1403715295.212142944 0.785027613 1.939917186 0.312247614 -0.403927094 -0.702638510 -0.284582317 0.512010676
1403715295.262142897 0.793168690 1.941395399 0.303965367 -0.396959493 -0.705727477 -0.276991074 0.517346918
1403715295.312143087 0.801199377 1.941919290 0.301771538 -0.388386037 -0.710004555 -0.270656315 0.521339599
1403715295.362143040 0.809574909 1.941317179 0.302388049 -0.379615346 -0.715462318 -0.263393710 0.524051156
1403715295.412142992 0.816511891 1.941128486 0.305399540 -0.369994741 -0.721258800 -0.256688120 0.526308697
1403715295.462142944 0.824687889 1.939909525 0.310612817 -0.360370134 -0.727663545 -0.249414395 0.527666175
1403715295.512142897 0.832648103 1.938678605 0.316655048 -0.349547398 -0.733357672 -0.243613422 0.529769423
1403715295.562143087 0.841109125 1.937527874 0.320460580 -0.338685964 -0.739021473 -0.239881764 0.530656028
1403715295.612143040 0.851359451 1.935719844 0.315979752 -0.330521264 -0.743345463 -0.235474936 0.531737503
1403715295.662142992 0.858821202 1.934266748 0.310720969 -0.322449095 -0.745526691 -0.232465975 0.534954302
1403715295.712142944 0.867047311 1.932413802 0.303615533 -0.315707404 -0.746603739 -0.229593033 0.538700966
1403715295.762142897 0.874788827 1.929300214 0.295246039 -0.309354835 -0.748732347 -0.226730019 0.540641247
1403715295.812143087 0.878604229 1.926964941 0.285158481 -0.303277564 -0.749831190 -0.221233569 0.544822553
1403715295.862143040 0.884447486 1.923209834 0.276448038 -0.297673273 -0.749795321 -0.216675673 0.549772000
1403715295.912142992 0.893145664 1.919031685 0.262916320 -0.293722218 -0.751383627 -0.209888558 0.552355590
1403715295.962142944 0.901862236 1.913976301 0.250678269 -0.288836776 -0.751939810 -0.203890244 0.556406872
1403715296.012142897 0.913835477 1.908314821 0.237957742 -0.284773191 -0.752458357 -0.198463172 0.559752641
1403715296.062143087 0.926473567 1.902265716 0.223361339 -0.282786695 -0.753924289 -0.191610583 0.561173089
1403715296.112143040 0.939430031 1.896304661 0.210317435 -0.281840042 -0.756179168 -0.184284540 0.561069038
1403715296.162142992 0.951908730 1.890686158 0.197057512 -0.279727482 -0.760334621 -0.177993672 0.558535632
1403715296.212142944 0.958530495 1.888105528 0.179829378 -0.276290227 -0.765379515 -0.171877211 0.555262220
1403715296.262142897 0.970836075 1.883619109 0.161472003 -0.273479191 -0.770192411 -0.165837921 0.551824760
1403715296.312143087 0.984406149 1.879022248 0.148188211 -0.269992320 -0.776586431 -0.160880357 0.546017557
1403715296.362143040 0.996927450 1.876376984 0.137536713 -0.265239296 -0.782534283 -0.156637517 0.541066447
1403715296.412142992 1.012162184 1.875285118 0.122874952 -0.260581976 -0.786802615 -0.150883055 0.538769879
1403715296.462142944 1.027586850 1.875745555 0.117430172 -0.255676163 -0.789791845 -0.145828207 0.538138156
1403715296.512142897 1.041409499 1.878804517 0.114192845 -0.251603432 -0.791744519 -0.140629368 0.538571917
1403715296.562143087 1.056626235 1.882448293 0.114208538 -0.246550695 -0.792583563 -0.138674083 0.540179183
1403715296.612143040 1.070088136 1.888607598 0.115969848 -0.240723971 -0.793678682 -0.138912892 0.541137069
1403715296.662142992 1.082772173 1.897594178 0.115635837 -0.235538947 -0.793321377 -0.139440198 0.543800541
1403715296.712142944 1.094839266 1.906537818 0.117073711 -0.230937596 -0.792726390 -0.140224862 0.546433606
1403715296.762142897 1.104591486 1.917830283 0.118872528 -0.227152528 -0.792399150 -0.139832893 0.548590993
1403715296.812143087 1.115609335 1.928484956 0.121225688 -0.222418673 -0.792538308 -0.141571647 0.549882199
1403715296.862143040 1.125559342 1.939624975 0.122906176 -0.216576458 -0.792270775 -0.144261699 0.551896928
1403715296.912142992 1.133830060 1.951316796 0.123315795 -0.209395427 -0.792344965 -0.145759284 0.554163553
1403715296.962142944 1.143703315 1.962224553 0.117353729 -0.202700864 -0.791848845 -0.145060579 0.557534927
1403715297.012142897 1.152841550 1.972049434 0.115324804 -0.196676731 -0.793542484 -0.140464465 0.558460674
1403715297.062143087 1.160806450 1.981856368 0.112315611 -0.192434793 -0.797408327 -0.130651737 0.556811399
1403715297.112143040 1.168577352 1.991400028 0.110002872 -0.186679802 -0.800090985 -0.121497879 0.556994913
1403715297.162142992 1.177368798 1.999700308 0.107485077 -0.181142550 -0.805741636 -0.110840507 0.552885318
1403715297.212142944 1.184059171 2.009471472 0.102152859 -0.173848799 -0.811349965 -0.099818918 0.549112022
1403715297.262142897 1.189523162 2.019967137 0.100311202 -0.165314304 -0.816188033 -0.088894153 0.546448629
1403715297.312143087 1.194592365 2.032572889 0.098411699 -0.155084033 -0.819120075 -0.079299209 0.546537173
1403715297.362143040 1.198652304 2.046820498 0.093771244 -0.144540470 -0.822012781 -0.070345009 0.546310004
1403715297.412142992 1.200327052 2.063275013 0.093185769 -0.131328001 -0.823808230 -0.065375065 0.547557355
1403715297.462142944 1.200498321 2.082219074 0.089480302 -0.119601875 -0.825290520 -0.059859343 0.548641784
1403715297.512142897 1.199756640 2.101236571 0.084484750 -0.107778030 -0.825902499 -0.055718773 0.550603648
1403715297.562143087 1.197631171 2.121479308 0.077950661 -0.098378026 -0.827043132 -0.049687222 0.551228267
1403715297.612143040 1.194601553 2.142088071 0.069595508 -0.091094385 -0.829374330 -0.041831503 0.549627291
1403715297.662142992 1.188001564 2.163759753 0.060656382 -0.084577746 -0.831443729 -0.033678486 0.548100073
1403715297.712142944 1.181487926 2.185799537 0.051842111 -0.079484735 -0.832327962 -0.024812406 0.547993326
1403715297.762142897 1.173919375 2.207518182 0.044440160 -0.073818437 -0.832414398 -0.017197803 0.548945666
1403715297.812143087 1.162791821 2.232357388 0.036959184 -0.066564952 -0.828808018 -0.010883086 0.555452909
1403715297.862143040 1.151919202 2.258670845 0.035102936 -0.059578475 -0.825064622 -0.004685238 0.561869045
1403715297.912142992 1.140020447 2.287330669 0.038158536 -0.050671060 -0.820723395 -0.000585268 0.569073993
1403715297.962142944 1.126793140 2.317081539 0.035648752 -0.042846168 -0.813785892 0.006145019 0.579550659
1403715298.012142897 1.112812458 2.347639375 0.038498993 -0.032309839 -0.807503987 0.011144625 0.588871109
1403715298.062143087 1.098567245 2.378598039 0.039017281 -0.019589688 -0.802026126 0.014944106 0.596780539
1403715298.112143040 1.086561612 2.409416756 0.038823282 -0.004744920 -0.797985235 0.015778280 0.602451738
1403715298.162142992 1.075616550 2.439669619 0.040487287 0.012978801 -0.796554187 0.013091734 0.604286012
1403715298.212142944 1.070273006 2.469130287 0.036412262 0.030265654 -0.796658472 0.009555058 0.603595866
1403715298.262142897 1.064614530 2.497901247 0.038427510 0.047466764 -0.797161069 0.006656941 0.601861132
1403715298.312143087 1.057172798 2.525446766 0.034282055 0.061443046 -0.797633505 0.006575837 0.599968584
1403715298.362143040 1.057258990 2.551888400 0.035081485 0.072421154 -0.799678672 0.006041711 0.596014006
1403715298.412142992 1.057707450 2.577064842 0.036436737 0.080447039 -0.802549196 0.006862130 0.591097262
1403715298.462142944 1.056444039 2.602415255 0.036584552 0.087572168 -0.803972830 0.007226845 0.588138230
1403715298.512142897 1.057508011 2.625283723 0.035399769 0.093780688 -0.804259344 0.005961221 0.586801972
1403715298.562143087 1.057335853 2.644862709 0.035652015 0.100054327 -0.804347616 0.002540016 0.585668500
1403715298.612143040 1.056094985 2.661361852 0.036491134 0.105506959 -0.803831679 -0.001421734 0.585423686
1403715298.662142992 1.057293759 2.674021357 0.040035877 0.110067545 -0.803281770 -0.005526616 0.585314437
1403715298.712142944 1.058742448 2.683054253 0.040944112 0.112773919 -0.802658100 -0.008625282 0.585617301
1403715298.762142897 1.060082951 2.689086910 0.042819426 0.113481604 -0.802248762 -0.009771952 0.586023343
1403715298.812143087 1.068862381 2.688816501 0.047452845 0.110903450 -0.803543667 -0.009096934 0.584752294
1403715298.862143040 1.072814873 2.688338783 0.049348360 0.103436125 -0.809260227 0.000805148 0.578271739
1403715298.912142992 1.075278078 2.684056866 0.054462419 0.095667140 -0.814513235 0.013711310 0.572038450
1403715298.962142944 1.080067958 2.676646408 0.056160080 0.088333360 -0.819224203 0.027822163 0.565945978
1403715299.012142897 1.082480574 2.667792140 0.060832607 0.086289161 -0.822353499 0.037934552 0.561114849
1403715299.062143087 1.086062495 2.657339281 0.066322706 0.086065299 -0.824557612 0.047324413 0.557187498
1403715299.112143040 1.090545821 2.645061739 0.073085575 0.088210467 -0.825705025 0.054545533 0.554486168
1403715299.162142992 1.090893860 2.633407359 0.079541368 0.092002071 -0.826502990 0.061540662 0.551943089
1403715299.212142944 1.089328492 2.620820200 0.086560257 0.097521895 -0.826769692 0.067550730 0.549889311
1403715299.262142897 1.086397936 2.608056433 0.090037315 0.103749541 -0.826701199 0.073761372 0.548051476
1403715299.312143087 1.082680787 2.595292756 0.089702630 0.110252833 -0.825020392 0.080888572 0.548308950
1403715299.362143040 1.075725895 2.582327660 0.092968793 0.117829863 -0.824614711 0.087742067 0.546285668
1403715299.412142992 1.068418007 2.569043428 0.099383154 0.125733251 -0.823818129 0.095174791 0.544478282
1403715299.462142944 1.060174874 2.557152069 0.103475669 0.135223847 -0.821219536 0.102090342 0.544876635
1403715299.512142897 1.049500272 2.543966982 0.104919131 0.144565691 -0.817650041 0.110015001 0.546301995
1403715299.562143087 1.035493708 2.530493239 0.108738808 0.154642906 -0.814640539 0.118383988 0.546288930
1403715299.612143040 1.018380079 2.516356856 0.111592759 0.165814106 -0.810271379 0.125609455 0.547894368
1403715299.662142992 1.006092552 2.499566715 0.116459265 0.176070022 -0.807676871 0.133739535 0.546599630
1403715299.712142944 0.987931043 2.485543226 0.117974923 0.187185084 -0.803453243 0.142950854 0.546799491
1403715299.762142897 0.970377188 2.471315889 0.125010873 0.200087988 -0.800534297 0.150042189 0.544607178
1403715299.812143087 0.953257052 2.457279658 0.130484133 0.212011543 -0.796365545 0.158977312 0.543671995
1403715299.862143040 0.936231128 2.444863929 0.131722483 0.223932061 -0.792460465 0.168330218 0.541780197
1403715299.912142992 0.918843388 2.432715807 0.129458902 0.236820909 -0.787232817 0.176653461 0.541270639
1403715299.962142944 0.899979515 2.421652323 0.130400442 0.249558237 -0.782145370 0.185225928 0.540056166
1403715300.012142897 0.880755747 2.410165940 0.131201984 0.261073757 -0.777952892 0.192320130 0.538184688
1403715300.062143087 0.862155900 2.398900824 0.134457384 0.270824914 -0.772189886 0.198537376 0.539406671
1403715300.112143040 0.842034460 2.388791455 0.133771796 0.279521621 -0.765444231 0.203907457 0.542572154
1403715300.162142992 0.820662974 2.379966643 0.136524532 0.288739276 -0.759379924 0.205708665 0.545578323
1403715300.212142944 0.800211766 2.371716268 0.136103355 0.297491399 -0.753741906 0.205202743 0.548875068
1403715300.262142897 0.781649546 2.363016112 0.139499539 0.303437066 -0.748711063 0.205831206 0.552260089
1403715300.312143087 0.760957797 2.356234171 0.141679575 0.305943832 -0.745286171 0.210258432 0.553839585
1403715300.362143040 0.743709418 2.348897160 0.142530379 0.306420701 -0.742411861 0.214827411 0.555679914
1403715300.412142992 0.727154420 2.341381670 0.147099252 0.305842636 -0.741458931 0.219445717 0.555466032
1403715300.462142944 0.710587567 2.335122735 0.155180677 0.305024179 -0.741360407 0.222991362 0.554634879
1403715300.512142897 0.695549873 2.329745853 0.159389384 0.305254966 -0.740679657 0.223863913 0.555065762
1403715300.562143087 0.680838426 2.326380778 0.158904076 0.303729884 -0.741203297 0.226043819 0.554319422
1403715300.612143040 0.665671731 2.324832199 0.159134581 0.303058493 -0.742132541 0.226776563 0.553143049
1403715300.662142992 0.654819117 2.324179048 0.159576877 0.301692104 -0.742983915 0.226744902 0.552759916
1403715300.712142944 0.644308896 2.324215709 0.161779611 0.299721622 -0.744657845 0.227029834 0.551460876
1403715300.762142897 0.633563696 2.325460583 0.163529855 0.298201430 -0.745201572 0.226440182 0.551792867
1403715300.812143087 0.624251960 2.327219966 0.163504820 0.297459923 -0.744514248 0.224487251 0.553914797
1403715300.862143040 0.615441933 2.329796470 0.164900385 0.297190418 -0.744310869 0.221548632 0.555513626
1403715300.912142992 0.606485333 2.333309973 0.167139885 0.298233256 -0.743892804 0.217251744 0.557209207
1403715300.962142944 0.597297724 2.338664783 0.166753274 0.299039603 -0.743410347 0.213884119 0.558721716
1403715301.012142897 0.591775518 2.344550597 0.168313432 0.299657109 -0.742954821 0.210282175 0.560361631
1403715301.062143087 0.587212338 2.351532839 0.166921976 0.299597140 -0.741867233 0.207393099 0.562905555
1403715301.112143040 0.583495945 2.359017328 0.166612358 0.299562054 -0.740009990 0.204520372 0.566409046
1403715301.162142992 0.580830937 2.366553707 0.166244864 0.300040600 -0.738060446 0.201348214 0.569825687
1403715301.212142944 0.578295731 2.375255387 0.170953504 0.301403558 -0.736211830 0.197748651 0.572750825
1403715301.262142897 0.580828908 2.383324350 0.172630989 0.302297195 -0.735254066 0.194426091 0.574644550
1403715301.312143087 0.584440329 2.392691888 0.168858970 0.303129458 -0.733112249 0.192677183 0.577524427
1403715301.362143040 0.589298469 2.401981552 0.167795924 0.303405531 -0.732793541 0.192156797 0.577957157
1403715301.412142992 0.597581071 2.410298706 0.164868295 0.303123033 -0.733560720 0.192416108 0.577045179
1403715301.462142944 0.607429701 2.419624858 0.159917221 0.300653690 -0.736156659 0.196403146 0.573678077
1403715301.512142897 0.619563452 2.428669887 0.155063448 0.298962508 -0.740365213 0.199422090 0.568077108
1403715301.562143087 0.633905443 2.438005732 0.146989590 0.296944631 -0.745878636 0.201888704 0.561007930
1403715301.612143040 0.647078916 2.448049414 0.140070174 0.295606424 -0.751428928 0.203466549 0.553690140
1403715301.662142992 0.663473099 2.458234573 0.132857134 0.293626532 -0.755671879 0.204778241 0.548460886
1403715301.712142944 0.679529549 2.468999857 0.128207184 0.293091691 -0.758139982 0.203866681 0.545673350
1403715301.762142897 0.696586293 2.480459181 0.116143392 0.292241065 -0.758993014 0.202503050 0.545451446
1403715301.812143087 0.712264896 2.491334369 0.110870013 0.293996801 -0.757755250 0.198372822 0.547741806
1403715301.862143040 0.728889111 2.501938879 0.107930603 0.295208241 -0.757168145 0.194356557 0.549339625
1403715301.912142992 0.745698150 2.513076398 0.104914791 0.296008898 -0.757075868 0.191157471 0.550157871
1403715301.962142944 0.763111766 2.523376796 0.102451749 0.294607435 -0.758972795 0.190871507 0.548392947
1403715302.012142897 0.781266626 2.533133454 0.094832140 0.294641755 -0.758126887 0.188724942 0.550284251
1403715302.062143087 0.800745431 2.542457513 0.093025529 0.294568402 -0.758721912 0.186343771 0.550314924
1403715302.112143040 0.818672885 2.552186834 0.083614362 0.294344456 -0.759198018 0.185063006 0.550210318
1403715302.162142992 0.840076297 2.560346181 0.083681170 0.295148096 -0.761165477 0.181187892 0.548348125
1403715302.212142944 0.860525106 2.568578316 0.083532538 0.295238201 -0.763142393 0.178323525 0.546487707
1403715302.262142897 0.880720298 2.575944620 0.070611668 0.294332601 -0.764343177 0.176685317 0.545829760
1403715302.312143087 0.902750222 2.580904696 0.073389403 0.294511030 -0.766569147 0.172967519 0.543798890
1403715302.362143040 0.921727525 2.586028741 0.068857993 0.294374584 -0.766542580 0.170396441 0.544721149
1403715302.412142992 0.944697278 2.588483739 0.069425778 0.292964885 -0.767410437 0.168510724 0.544845788
1403715302.462142944 0.968486780 2.589861847 0.067802018 0.289706375 -0.768070238 0.169332548 0.545403349
1403715302.512142897 0.990448247 2.591145036 0.067886331 0.284633924 -0.770172716 0.173751936 0.543716638
1403715302.562143087 1.013941452 2.591227591 0.075958030 0.281132387 -0.773146923 0.175690665 0.540685867
1403715302.612143040 1.039052137 2.589779696 0.077956344 0.276481991 -0.775606656 0.178979206 0.538477918
1403715302.662142992 1.060837515 2.589437743 0.078392753 0.274550113 -0.777119619 0.179620933 0.537069505
1403715302.712142944 1.081965264 2.588207440 0.073836259 0.271183096 -0.778683694 0.182526094 0.535533060
1403715302.762142897 1.103842257 2.585633419 0.069430961 0.269329512 -0.780179506 0.183257426 0.534039575
1403715302.812143087 1.122974398 2.583132775 0.067886373 0.267891215 -0.783256968 0.184331212 0.529872459
1403715302.862143040 1.141452657 2.579978264 0.066030573 0.268233094 -0.785940272 0.183366411 0.526047198
1403715302.912142992 1.159864850 2.576677876 0.062488421 0.269263537 -0.787806754 0.184216669 0.522419261
1403715302.962142944 1.178480443 2.573055100 0.057846586 0.271717046 -0.788726694 0.185993858 0.519120731
1403715303.012142897 1.194454535 2.568898006 0.059319162 0.277086859 -0.789213380 0.187200438 0.515093302
1403715303.062143087 1.208791548 2.563464161 0.053451684 0.282982670 -0.787937358 0.190454830 0.512642649
1403715303.112143040 1.224620559 2.555834565 0.052256082 0.290697870 -0.786424490 0.193609261 0.509457284
1403715303.162142992 1.236119352 2.548330330 0.050456629 0.299844546 -0.783545746 0.198475188 0.506711863
1403715303.212142944 1.247045271 2.539694236 0.045311183 0.310126188 -0.778146150 0.204343438 0.506511674
1403715303.262142897 1.256001375 2.529641588 0.047226291 0.321348114 -0.770915081 0.211290687 0.507721945
1403715303.312143087 1.265178106 2.517923328 0.051168732 0.333558820 -0.762991795 0.218100440 0.508934408
1403715303.362143040 1.272692564 2.505289034 0.044430519 0.346278528 -0.753589280 0.224974386 0.511449806
1403715303.412142992 1.277762121 2.492424604 0.037914579 0.358773583 -0.744510475 0.232323111 0.512846605
1403715303.462142944 1.283927901 2.477610884 0.030650300 0.371485586 -0.736064091 0.238402068 0.513198370
1403715303.512142897 1.289858537 2.462573055 0.029622193 0.383178203 -0.729581043 0.245814880 0.510353811
1403715303.562143087 1.296861285 2.447361539 0.029137971 0.395672138 -0.721921453 0.251842286 0.508771499
1403715303.612143040 1.304651869 2.431290898 0.030433448 0.405266333 -0.716536595 0.261800014 0.503780965
1403715303.662142992 1.313088706 2.415936841 0.028942534 0.414174253 -0.709653375 0.272744279 0.500462120
1403715303.712142944 1.322430284 2.400489986 0.026765327 -0.422946053 0.703421074 -0.283585456 -0.495877725
1403715303.762142897 1.332333571 2.384392730 0.018865278 -0.430731521 0.696365506 -0.295097013 -0.492405516
1403715303.812143087 1.342409368 2.367396101 0.017952296 -0.439527878 0.689576772 -0.303936622 -0.488796124
1403715303.862143040 1.353404692 2.350248503 0.021647686 -0.446130204 0.683726930 -0.314863985 -0.484092963
1403715303.912142992 1.364133587 2.335002615 0.016191186 -0.452107102 0.677264333 -0.323806856 -0.481727424
1403715303.962142944 1.373289354 2.320881583 0.016350014 -0.458021568 0.672218892 -0.329936510 -0.479040607
1403715304.012142897 1.382465181 2.308222717 0.013554534 -0.462268613 0.668396383 -0.335715415 -0.476286851
1403715304.062143087 1.391201302 2.296302558 0.013299878 -0.466389910 0.665249293 -0.339436247 -0.474032556
1403715304.112143040 1.399361185 2.285922799 0.011490419 -0.468069318 0.663227346 -0.344222845 -0.471753362
1403715304.162142992 1.408702421 2.275681075 0.010912742 -0.469407023 0.661495837 -0.347314190 -0.470588098
1403715304.212142944 1.414527710 2.269134681 0.006372020 -0.471542671 0.660176311 -0.348720544 -0.469264030
1403715304.262142897 1.421998803 2.261743195 0.001888842 -0.472466137 0.660465384 -0.349564569 -0.467296306
1403715304.312143087 1.428718975 2.255871141 -0.005724474 -0.473103276 0.660945332 -0.349977273 -0.465661322
1403715304.362143040 1.435509771 2.251073106 -0.011826565 -0.473322978 0.661928371 -0.349438444 -0.464444791
1403715304.412142992 1.443818841 2.245842389 -0.014746430 -0.473701825 0.663564666 -0.347259640 -0.463356513
1403715304.462142944 1.448312358 2.243165058 -0.020769005 -0.473522923 0.664517960 -0.345725118 -0.463320693
1403715304.512142897 1.453177560 2.240811977 -0.023839265 -0.473859526 0.664398310 -0.342546346 -0.465504066
1403715304.562143087 1.458539032 2.238354240 -0.029336799 -0.473962289 0.665000487 -0.339099379 -0.467060716
1403715304.612143040 1.463301306 2.237059601 -0.040781111 -0.473469543 0.665178612 -0.336555155 -0.469142445
1403715304.662142992 1.467769845 2.236027476 -0.054742182 -0.471605230 0.665359103 -0.336030168 -0.471136390
1403715304.712142944 1.473010122 2.235050026 -0.070871402 -0.469894669 0.665765391 -0.334928512 -0.473052149
1403715304.762142897 1.475272581 2.236514606 -0.089091909 -0.470372557 0.665610959 -0.331804621 -0.474992003
1403715304.812143087 1.481059354 2.235960389 -0.097745542 -0.469615107 0.666980851 -0.329842346 -0.475186514
1403715304.862143040 1.485250685 2.237153648 -0.107563231 -0.469740348 0.667797089 -0.327379576 -0.475619246
1403715304.912142992 1.491039172 2.236969036 -0.112976553 -0.469357550 0.668930711 -0.325454526 -0.475725283
1403715304.962142944 1.498977090 2.235949216 -0.115702226 -0.468769588 0.670478071 -0.323930384 -0.475166640
1403715305.012142897 1.506506580 2.236466753 -0.112183305 -0.468636298 0.671275656 -0.322779323 -0.474955284
1403715305.062143087 1.513650664 2.237728687 -0.105033749 -0.468200635 0.672863436 -0.322625303 -0.473239765
1403715305.112143040 1.521105511 2.238458313 -0.102204307 -0.467621683 0.673168640 -0.322915999 -0.473179883
1403715305.162142992 1.527713009 2.240120153 -0.094833212 -0.468076596 0.673944477 -0.322513851 -0.471898250
1403715305.212142944 1.533964432 2.241698937 -0.089593174 -0.468376062 0.675161504 -0.322837513 -0.469634695
1403715305.262142897 1.540690946 2.243044083 -0.089767099 -0.467924915 0.675496328 -0.324061439 -0.468759179
1403715305.312143087 1.545388302 2.245566043 -0.088117005 -0.469754015 0.674663290 -0.323239003 -0.468697298
1403715305.362143040 1.552661763 2.246247417 -0.078745368 -0.470080278 0.676265645 -0.323940212 -0.465566374
1403715305.412142992 1.558182877 2.247830319 -0.073555360 -0.471907953 0.675716968 -0.323407170 -0.464884142
1403715305.462142944 1.565039225 2.247914121 -0.067191379 -0.472768271 0.674807252 -0.324627725 -0.464480543
1403715305.512142897 1.569791460 2.249497846 -0.059672141 -0.473944064 0.673328846 -0.326470801 -0.464135869
1403715305.562143087 1.575557903 2.250511992 -0.053253479 -0.475232966 0.671389686 -0.328215934 -0.464396186
1403715305.612143040 1.581495454 2.250913162 -0.045296751 -0.476994560 0.669713515 -0.329461720 -0.464128186
1403715305.662142992 1.586199996 2.251593581 -0.030463000 -0.478802305 0.667528724 -0.331103907 -0.464245580
1403715305.712142944 1.591323744 2.251681738 -0.009461891 -0.477793213 0.668084517 -0.335867498 -0.461052869
1403715305.762142897 1.599343680 2.249428045 0.012303704 -0.478696415 0.667326635 -0.336646664 -0.460645122
1403715305.812143087 1.604223307 2.249123145 0.034569271 -0.479789542 0.666958909 -0.337407349 -0.459482416
1403715305.862143040 1.605783661 2.251062665 0.053720344 -0.481433697 0.666013451 -0.337739722 -0.458889484
1403715305.912142992 1.610923305 2.250093613 0.076266688 -0.483071221 0.666365870 -0.336069001 -0.457882461
1403715305.962142944 1.614917652 2.249881039 0.092829437 -0.483288105 0.666019856 -0.336238918 -0.458032257
1403715306.012142897 1.616968675 2.250921317 0.111168977 -0.483772315 0.666058872 -0.336193371 -0.457497479
1403715306.062143087 1.618970076 2.251293554 0.129489005 -0.484831364 0.666507441 -0.334758406 -0.456774769
1403715306.112143040 1.619389569 2.252111067 0.149106366 -0.485523217 0.667954652 -0.334049643 -0.454438802
1403715306.162142992 1.620444497 2.252541377 0.161649031 -0.483737485 0.669448257 -0.336589269 -0.452266227
1403715306.212142944 1.621402434 2.251651042 0.178905777 -0.479394980 0.671455354 -0.340830934 -0.450735438
1403715306.262142897 1.620821136 2.250695469 0.197371682 -0.474426692 0.673352937 -0.344678298 -0.450235502
1403715306.312143087 1.618371188 2.250150431 0.213883450 -0.467635467 0.675338750 -0.349429027 -0.450703891
1403715306.362143040 1.615944003 2.249663053 0.226481679 -0.459863775 0.677239931 -0.353199055 -0.452903756
1403715306.412142992 1.611488126 2.250480206 0.239802441 -0.451236866 0.678516332 -0.356417596 -0.457129496
1403715306.462142944 1.604737252 2.253645439 0.252655426 -0.443795398 0.680140343 -0.356282818 -0.462079336
1403715306.512142897 1.595363751 2.258613707 0.264739372 -0.436111720 0.682187727 -0.354615072 -0.467626586
1403715306.562143087 1.584733443 2.264597185 0.278422980 -0.428638862 0.684589832 -0.350703361 -0.473933160
1403715306.612143040 1.571522607 2.273377139 0.294684388 -0.420400486 0.686813210 -0.346501871 -0.481131479
1403715306.662142992 1.559550424 2.282080129 0.308527223 -0.412181087 0.688780104 -0.340185426 -0.489859771
1403715306.712142944 1.544451243 2.294134924 0.324796265 -0.404736412 0.691026867 -0.331960285 -0.498470336
1403715306.762142897 1.530073920 2.308684258 0.336897526 0.397992673 -0.692951097 0.321375857 0.508072995
1403715306.812143087 1.516386295 2.324705056 0.352428689 0.389382754 -0.694352306 0.311912936 0.518619577
1403715306.862143040 1.502804864 2.344869658 0.362497488 0.380432774 -0.694992810 0.302472469 0.529873858
1403715306.912142992 1.488455169 2.367018366 0.374426155 0.373572009 -0.696081556 0.289568843 0.540429743
1403715306.962142944 1.476593457 2.390270829 0.384973596 0.367516184 -0.698442372 0.274631964 0.549260768
1403715307.012142897 1.465765986 2.417024845 0.394276254 0.362557505 -0.700827089 0.257797660 0.557614395
1403715307.062143087 1.458077807 2.444088028 0.403547624 0.356934238 -0.705096054 0.241161089 0.563275096
1403715307.112143040 1.450220838 2.473195867 0.405863760 0.350769226 -0.711143939 0.226295329 0.565708116
1403715307.162142992 1.445557277 2.501863374 0.404340691 0.344893472 -0.718514906 0.210948965 0.565937591
1403715307.212142944 1.443979946 2.528793396 0.402844098 0.338568763 -0.725881309 0.196157584 0.565676338
1403715307.262142897 1.446085280 2.555665463 0.392216398 0.331729340 -0.732635549 0.182253632 0.565671646
1403715307.312143087 1.447466286 2.583202714 0.379775324 0.323716354 -0.739409016 0.171331348 0.564913797
1403715307.362143040 1.453312267 2.608265903 0.364620379 0.313371130 -0.747559757 0.163716327 0.562272095
1403715307.412142992 1.460274364 2.632510123 0.353387041 0.300693363 -0.757379595 0.160296279 0.557014140
1403715307.462142944 1.470871755 2.655603309 0.336733352 0.287633566 -0.765171718 0.157911664 0.553934184
1403715307.512142897 1.481755990 2.678309582 0.319375625 0.274759567 -0.772281323 0.156207290 0.551078960
1403715307.562143087 1.492423978 2.697780219 0.311288351 0.262267847 -0.779407805 0.153847138 0.547786554
1403715307.612143040 1.503803394 2.716832503 0.300048657 0.250431606 -0.784827029 0.151045019 0.546366129
1403715307.662142992 1.514915117 2.733679717 0.289027137 0.238450340 -0.790093410 0.147433279 0.545121332
1403715307.712142944 1.524057731 2.751547862 0.276214173 0.227977777 -0.794524745 0.141149328 0.544824218
1403715307.762142897 1.534702312 2.768212624 0.260708277 0.217522488 -0.797889002 0.133906026 0.546009418
1403715307.812143087 1.544233333 2.783842867 0.252991268 0.207762499 -0.801608840 0.124571768 0.546571025
1403715307.862143040 1.551764897 2.800439733 0.237270098 0.197524374 -0.804249817 0.116429888 0.548279522
1403715307.912142992 1.559227933 2.814913651 0.224419756 0.187858579 -0.807126930 0.107480950 0.549275085
1403715307.962142944 1.565842568 2.828494025 0.213636261 0.178188591 -0.809563851 0.098346769 0.550620659
1403715308.012142897 1.571804872 2.840144240 0.198412872 0.167824805 -0.811263439 0.090012749 0.552796683
1403715308.062143087 1.576741271 2.850401578 0.190911644 0.157853455 -0.813538859 0.081108059 0.553767364
1403715308.112143040 1.579653139 2.861276639 0.179100535 0.148440698 -0.814688299 0.072811016 0.555829912
1403715308.162142992 1.584896634 2.869030253 0.167332360 0.139252246 -0.816271598 0.065457023 0.556798768
1403715308.212142944 1.586471592 2.877966619 0.152157172 0.130946520 -0.816889342 0.059459486 0.558577999
1403715308.262142897 1.591214471 2.883955905 0.145390221 0.122580881 -0.818802219 0.053149170 0.558311759
1403715308.312143087 1.594680995 2.890173184 0.131481137 0.114672272 -0.819614663 0.046889020 0.559359897
1403715308.362143040 1.596272424 2.895429348 0.122024796 0.106818385 -0.820407043 0.042115495 0.560132486
1403715308.412142992 1.594283185 2.900492127 0.107720192 0.099484877 -0.821079528 0.039141081 0.560713067
1403715308.462142944 1.592540639 2.903399881 0.098368727 0.093316091 -0.821849957 0.037344014 0.560767492
1403715308.512142897 1.592676472 2.903869447 0.086210299 0.086912971 -0.822101053 0.037557614 0.561413769
1403715308.562143087 1.591540727 2.903067228 0.076103538 0.081505403 -0.822734289 0.038854468 0.561208953
1403715308.612143040 1.588529522 2.902499761 0.068957649 0.077473550 -0.822937463 0.040301847 0.561380034
1403715308.662142992 1.584919528 2.900892858 0.066102466 0.074887496 -0.823000497 0.040924358 0.561593484
1403715308.712142944 1.579053277 2.899873410 0.065896034 0.072764347 -0.823914982 0.042371048 0.560423185
1403715308.762142897 1.574109939 2.898257670 0.067125135 0.071654177 -0.823817784 0.042898228 0.560668957
1403715308.812143087 1.567719746 2.897294414 0.072384579 0.071142873 -0.824905966 0.043438531 0.559090272
1403715308.862143040 1.558662326 2.897357326 0.079520538 0.070723651 -0.825815730 0.044953834 0.557678849
1403715308.912142992 1.551182494 2.895969281 0.083694110 0.069930637 -0.826314487 0.047031383 0.556868139
1403715308.962142944 1.539475503 2.896055576 0.091054882 0.070434247 -0.825710217 0.048934415 0.557536615
1403715309.012142897 1.527939784 2.895678934 0.099141021 0.070778241 -0.825036766 0.051846572 0.558226395
1403715309.062143087 1.517450071 2.895270042 0.093688440 0.069290257 -0.822971841 0.057425603 0.560908646
1403715309.112143040 1.503049443 2.896866783 0.099156919 0.069570948 -0.821734620 0.062085531 0.562189901
1403715309.162142992 1.489989045 2.897483715 0.106243556 0.070080727 -0.820600511 0.066008135 0.563335086
1403715309.212142944 1.475369311 2.899286845 0.108563982 0.070051284 -0.817200109 0.071588795 0.567584218
1403715309.262142897 1.460784768 2.902200742 0.113801853 0.070214592 -0.812259299 0.077056401 0.573905090
1403715309.312143087 1.446373494 2.905846969 0.121798584 0.071635793 -0.807925430 0.080822699 0.579303465
1403715309.362143040 1.431854624 2.911301324 0.129892777 0.076044395 -0.805907520 0.080300426 0.581620289
1403715309.412142992 1.419446149 2.917266288 0.135924066 0.081285261 -0.805655698 0.077825399 0.581596776
1403715309.462142944 1.403829301 2.926137591 0.138816955 0.087402250 -0.805474405 0.074554367 0.581389264
1403715309.512142897 1.391129889 2.934556136 0.136951586 0.092464097 -0.804763434 0.071922679 0.581922103
1403715309.562143087 1.379204904 2.943353084 0.140228365 0.096909733 -0.805196065 0.069752733 0.580863458
1403715309.612143040 1.365297372 2.954354017 0.142442307 0.100417300 -0.805167689 0.069209413 0.580371791
1403715309.662142992 1.355852712 2.963585259 0.145579224 0.103072150 -0.805099761 0.068741511 0.580056127
1403715309.712142944 1.343673437 2.973692097 0.150643068 0.105009295 -0.805745641 0.069938402 0.578667114
1403715309.762142897 1.332541236 2.983215969 0.156717908 0.106054576 -0.806884362 0.071615418 0.576681268
1403715309.812143087 1.325144352 2.991256676 0.158946326 0.105602956 -0.807868674 0.074865344 0.574970783
1403715309.862143040 1.310015263 3.003538224 0.157534827 0.104286787 -0.808779693 0.080789397 0.573125420
1403715309.912142992 1.303573790 3.012668304 0.159704138 0.101623093 -0.810444875 0.086529348 0.570407331
1403715309.962142944 1.295706840 3.023123645 0.159355713 0.099306971 -0.810185713 0.091619449 0.570388562
1403715310.012142897 1.287825674 3.033893312 0.163879187 0.097890065 -0.808531882 0.095139427 0.572400403
1403715310.062143087 1.280623588 3.045736875 0.166597237 0.096185613 -0.805304396 0.097317895 0.576855601
1403715310.112143040 1.269875100 3.061572743 0.168537310 0.094245038 -0.801976602 0.098165188 0.581648519
1403715310.162142992 1.263007252 3.076665911 0.170525584 0.091950018 -0.798202470 0.095486109 0.587622680
1403715310.212142944 1.254176063 3.094574776 0.175021371 0.090038716 -0.796170955 0.090465898 0.591456475
1403715310.262142897 1.246275277 3.114709411 0.176019259 0.088828342 -0.794108930 0.082397816 0.595576303
1403715310.312143087 1.241389222 3.135384012 0.177182839 0.087657950 -0.792385406 0.071984201 0.599382789
1403715310.362143040 1.237998976 3.157135721 0.178026461 0.084165173 -0.791928262 0.063084437 0.601486662
1403715310.412142992 1.233989417 3.180256190 0.181612590 0.079448180 -0.793052638 0.054754844 0.601462723
1403715310.462142944 1.232186311 3.202993173 0.182208669 0.073449774 -0.794125315 0.046580522 0.601498437
1403715310.512142897 1.234275039 3.225187474 0.183524345 0.067934542 -0.796878376 0.039151955 0.599029946
1403715310.562143087 1.233615372 3.248067571 0.185052530 0.062950897 -0.800110839 0.032995907 0.595626644
1403715310.612143040 1.236019578 3.269999381 0.187501080 0.058533524 -0.804109651 0.027391974 0.590957846
1403715310.662142992 1.239629202 3.290442507 0.190964134 0.054610738 -0.807984779 0.022315670 0.586242505
1403715310.712142944 1.244838384 3.311507499 0.191356752 0.050622145 -0.810956363 0.019018595 0.582602325
1403715310.762142897 1.250971193 3.330930437 0.195731841 0.047316824 -0.813633845 0.016058204 0.579226396
1403715310.812143087 1.256376865 3.350002857 0.202145722 0.044482216 -0.815645380 0.014359760 0.576660857
1403715310.862143040 1.256533010 3.369548127 0.207765270 0.042540995 -0.816482492 0.013117118 0.575651409
1403715310.912142992 1.261183805 3.387377574 0.208485595 0.040226697 -0.816288867 0.012213380 0.576112082
1403715310.962142944 1.264475620 3.405060187 0.204535521 0.037046785 -0.817022847 0.013035384 0.575266270
1403715311.012142897 1.266244776 3.420187994 0.206857981 0.033230268 -0.818750362 0.014270259 0.573009559
1403715311.062143087 1.268581998 3.436061328 0.211644725 0.029156921 -0.820399732 0.016593225 0.570805412
1403715311.112143040 1.269987606 3.452227891 0.212826958 0.026045266 -0.821461095 0.018149813 0.569380275
1403715311.162142992 1.273039876 3.467447845 0.211402457 0.022376291 -0.822333912 0.020173020 0.568207082
1403715311.212142944 1.272555018 3.483947053 0.211490540 0.018886431 -0.822538492 0.022903641 0.567934112
1403715311.262142897 1.268525785 3.501821474 0.216462937 0.017632233 -0.823076243 0.023683249 0.567162857
1403715311.312143087 1.267810633 3.519025271 0.216284562 0.014956513 -0.823500736 0.025726455 0.566534191
1403715311.362143040 1.266382064 3.537039266 0.219176971 0.013195981 -0.824412425 0.026576926 0.565211187
1403715311.412142992 1.264753944 3.555721586 0.223235560 0.013004980 -0.825424541 0.024933393 0.563811603
1403715311.462142944 1.261308782 3.574847594 0.229168922 0.015223225 -0.825784333 0.020534270 0.563406454
1403715311.512142897 1.252633739 3.596840375 0.229160269 0.017728863 -0.826069193 0.016203945 0.563056664
1403715311.562143087 1.247985041 3.617161243 0.227150771 0.018806108 -0.825946424 0.012876286 0.563287702
1403715311.612143040 1.241255928 3.637631458 0.228712919 0.019752096 -0.825196120 0.010127922 0.564409995
1403715311.662142992 1.228442112 3.659964125 0.229686318 0.021040455 -0.824304486 0.008022418 0.565698731
1403715311.712142944 1.222791368 3.679760985 0.226930758 0.018902140 -0.823916870 0.008759453 0.566327620
1403715311.762142897 1.213653144 3.699194380 0.233714555 0.017649864 -0.823885411 0.008892520 0.566411719
1403715311.812143087 1.199894209 3.720170943 0.234167055 0.016211588 -0.822742397 0.009703948 0.568100313
1403715311.862143040 1.189030131 3.739801975 0.238994295 0.012904404 -0.822311429 0.011326290 0.568778608
1403715311.912142992 1.176716953 3.759016464 0.246853392 0.011575100 -0.821346047 0.010391145 0.570218127
1403715311.962142944 1.160114618 3.780415928 0.250647363 0.010855264 -0.821766860 0.008892222 0.569651051
1403715312.012142897 1.146816039 3.800278035 0.259927520 0.011298780 -0.822542536 0.004660360 0.568572243
1403715312.062143087 1.131640825 3.820955960 0.260890164 0.011938708 -0.822584757 0.000748624 0.568516688
1403715312.112143040 1.117029704 3.841171592 0.261042605 0.011520652 -0.821723922 -0.001829960 0.569766375
1403715312.162142992 1.103055376 3.860788892 0.261762970 0.011590437 -0.820614139 -0.005073475 0.571342592
1403715312.212142944 1.089512702 3.879599260 0.264694683 0.010791865 -0.820493660 -0.007370504 0.571506225
1403715312.262142897 1.069807106 3.900028991 0.265368382 0.009870451 -0.820521130 -0.007868391 0.571476804
1403715312.312143087 1.056515461 3.918453072 0.266138449 0.006816784 -0.820406415 -0.006754074 0.571700295
1403715312.362143040 1.040604215 3.937244666 0.268594320 0.004264736 -0.820598253 -0.005526355 0.571462842
1403715312.412142992 1.021716256 3.956066168 0.273802574 0.002411316 -0.820413456 -0.004496321 0.571747960
1403715312.462142944 1.002142290 3.974707333 0.277231602 0.000357669 -0.819811302 -0.003063491 0.572625459
1403715312.512142897 0.986308427 3.991987486 0.278261974 -0.001452232 -0.818427286 -0.002155625 0.574604230
1403715312.562143087 0.962061957 4.010007932 0.281574168 -0.000238867 -0.816885866 -0.003609467 0.576787999
1403715312.612143040 0.943732514 4.027430679 0.283020929 0.000846791 -0.815149939 -0.005612783 0.579222200
1403715312.662142992 0.926937249 4.044978571 0.283069174 0.002820129 -0.812539231 -0.008121036 0.582843112
1403715312.712142944 0.905415396 4.062770353 0.281580090 0.005012440 -0.809811721 -0.009519955 0.586591188
1403715312.762142897 0.889510064 4.079253312 0.281984395 0.007737762 -0.807960082 -0.011796793 0.589068305
1403715312.812143087 0.871907555 4.096767187 0.279581395 0.011543524 -0.806016483 -0.014064285 0.591613364
1403715312.862143040 0.856367945 4.113915083 0.273513053 0.014949053 -0.803026993 -0.014942479 0.595567710
1403715312.912142992 0.841808743 4.128669813 0.274779687 0.018339307 -0.800484770 -0.015360000 0.598875507
1403715312.962142944 0.827088955 4.142040733 0.286340130 0.022547900 -0.798185019 -0.016174888 0.601772915
1403715313.012142897 0.817167219 4.154870667 0.289452566 0.025331827 -0.796136891 -0.015649247 0.604383529
1403715313.062143087 0.807053134 4.167301147 0.295180390 0.028718059 -0.795384148 -0.015312085 0.605231253
1403715313.112143040 0.800250925 4.177896853 0.304664748 0.031579357 -0.796273062 -0.015103931 0.603923692
1403715313.162142992 0.793861717 4.186505350 0.318747652 0.034066421 -0.796635237 -0.014343044 0.603329143
1403715313.212142944 0.784689605 4.194570880 0.326922177 0.034852737 -0.797624984 -0.010859032 0.602047966
1403715313.262142897 0.777814581 4.199833293 0.335414073 0.034661158 -0.799507925 -0.006992678 0.599613862
1403715313.312143087 0.773976509 4.203793175 0.347316061 0.034516509 -0.801614718 -0.003793080 0.596831691
1403715313.362143040 0.770564052 4.207228527 0.354647822 0.034486933 -0.803741912 -0.001323351 0.593976295
1403715313.412142992 0.770575117 4.208991837 0.368102221 0.034833696 -0.806164641 -0.000686396 0.590664638
1403715313.462142944 0.773542797 4.210606137 0.375646534 0.033192217 -0.807969945 -0.000296739 0.588287988
1403715313.512142897 0.779733557 4.212949948 0.385647384 0.031176255 -0.808303346 -0.002645896 0.587934300
1403715313.562143087 0.782070746 4.216280717 0.391892909 0.028528576 -0.809210641 -0.005127787 0.586803173
1403715313.612143040 0.782953528 4.219197256 0.403743911 0.027013430 -0.810288131 -0.009583244 0.585330318
1403715313.662142992 0.783582422 4.222922625 0.408318651 0.025491603 -0.810225402 -0.013328389 0.585412103
1403715313.712142944 0.786597889 4.225208536 0.417367445 0.023990066 -0.810272036 -0.016565644 0.585328355
1403715313.762142897 0.788657438 4.226789809 0.424487657 0.021429792 -0.810495152 -0.017547160 0.585090138
1403715313.812143087 0.791106261 4.227347156 0.433991759 0.019131239 -0.810597494 -0.018429553 0.585000897
1403715313.862143040 0.793891123 4.228132456 0.442433782 0.017008276 -0.810796823 -0.019067165 0.584769761
1403715313.912142992 0.800680759 4.227055906 0.453107855 0.013922345 -0.810865507 -0.018228634 0.584782878
1403715313.962142944 0.806014223 4.225332056 0.464609375 0.010912714 -0.810378705 -0.016152747 0.585582066
1403715314.012142897 0.811609499 4.223875587 0.473580721 0.007563028 -0.811313555 -0.015081910 0.584367738
1403715314.062143087 0.818540996 4.221249976 0.482741229 0.004422690 -0.812000274 -0.017876248 0.583366467
1403715314.112143040 0.823675995 4.220329644 0.487440099 0.000848741 -0.812242796 -0.023670711 0.582838415
1403715314.162142992 0.832865198 4.219582224 0.494895741 -0.005113914 -0.812398638 -0.031098281 0.582250116
1403715314.212142944 0.839949896 4.218960747 0.500848291 -0.011932925 -0.813127114 -0.039723500 0.580606532
1403715314.262142897 0.840800164 4.219162153 0.502011130 -0.019420415 -0.812746722 -0.047708958 0.580335652
1403715314.312143087 0.844755193 4.217771155 0.502571529 -0.028627176 -0.813365025 -0.055126413 0.578427955
1403715314.362143040 0.846405311 4.213399907 0.511100120 -0.037078277 -0.813561985 -0.063371282 0.576824219
1403715314.412142992 0.846046834 4.208386218 0.514643925 -0.046450316 -0.813571321 -0.068288626 0.575569924
1403715314.462142944 0.848281792 4.202197250 0.516902121 -0.054169570 -0.813958639 -0.073401321 0.573715294
1403715314.512142897 0.849719705 4.194757976 0.516172087 -0.061780877 -0.813783172 -0.076666568 0.572767238
1403715314.562143087 0.851444487 4.186419012 0.514011063 -0.069738489 -0.814608149 -0.077564679 0.570555718
1403715314.612143040 0.850707721 4.175392659 0.515517317 -0.076605051 -0.814471118 -0.078281674 0.569772274
1403715314.662142992 0.852044440 4.164180746 0.518121204 -0.081486035 -0.813608704 -0.079737505 0.570125279
1403715314.712142944 0.860616325 4.155458322 0.515820246 -0.085586157 -0.812849408 -0.080597484 0.570486543
1403715314.762142897 0.868558091 4.146193158 0.515242902 -0.088081642 -0.812055773 -0.082413163 0.570977334
1403715314.812143087 0.873677718 4.137010344 0.517435804 -0.089280253 -0.809852773 -0.083920436 0.573694067
1403715314.862143040 0.872712060 4.126513816 0.515639952 -0.089995156 -0.809535640 -0.085459286 0.573802779
1403715314.912142992 0.866825717 4.113890007 0.514569966 -0.090684035 -0.808661106 -0.086020745 0.574842633
1403715314.962142944 0.860382394 4.099152805 0.507980754 -0.092396537 -0.807706840 -0.084954094 0.576068870
1403715315.012142897 0.852961347 4.082257794 0.508120786 -0.093391098 -0.807218821 -0.083984107 0.576734382
1403715315.062143087 0.838117475 4.065081700 0.510054335 -0.094111553 -0.805274426 -0.082185156 0.579587538
1403715315.112143040 0.831207634 4.045444172 0.513243401 -0.094890507 -0.805542344 -0.081945272 0.579122005
1403715315.162142992 0.826187952 4.027008731 0.513099101 -0.095583964 -0.805579141 -0.081024502 0.579086336
1403715315.212142944 0.823608879 4.008377001 0.513842353 -0.096159052 -0.806403806 -0.080444811 0.577922979
1403715315.262142897 0.822500227 3.990032234 0.514604627 -0.096759412 -0.806467764 -0.080653659 0.577704379
1403715315.312143087 0.823096301 3.971388788 0.520342694 -0.098416026 -0.806738938 -0.082599366 0.576770246
1403715315.362143040 0.824507522 3.954193833 0.519120097 -0.101983748 -0.806200473 -0.084982569 0.576557088
1403715315.412142992 0.822784125 3.937889969 0.520415141 -0.106211521 -0.805499550 -0.087267097 0.576432165
1403715315.462142944 0.825644552 3.922127617 0.517948592 -0.112430967 -0.804687875 -0.089549009 0.576036177
1403715315.512142897 0.830117814 3.907056984 0.515978842 -0.118975541 -0.803346571 -0.092317724 0.576156702
1403715315.562143087 0.830703842 3.891755928 0.516753622 -0.125398672 -0.801885199 -0.094906921 0.576409557
1403715315.612143040 0.827259411 3.877061254 0.519433960 -0.131744995 -0.800405951 -0.097837326 0.576559994
1403715315.662142992 0.828928397 3.862314900 0.521071924 -0.138797988 -0.798836431 -0.101356105 0.576474124
1403715315.712142944 0.830362406 3.848105724 0.518279312 -0.148807880 -0.796220874 -0.101873728 0.577503488
1403715315.762142897 0.829403328 3.832305935 0.522002620 -0.159466421 -0.793496566 -0.102601079 0.578279067
1403715315.812143087 0.832152024 3.817908176 0.524990493 -0.170455854 -0.791228641 -0.103855112 0.578027815
1403715315.862143040 0.833447954 3.805022845 0.527451096 -0.180373725 -0.789163162 -0.107098133 0.577249350
1403715315.912142992 0.837051190 3.792716313 0.526495325 -0.189719294 -0.787327130 -0.112302519 0.575769680
1403715315.962142944 0.841735241 3.781728055 0.526016987 -0.198314447 -0.785661364 -0.119258586 0.573746452
1403715316.012142897 0.847336584 3.772386200 0.528714802 -0.206553031 -0.784829589 -0.126778036 0.570355759
1403715316.062143087 0.855559105 3.764588274 0.529484129 -0.213907770 -0.783166737 -0.135392338 0.567945633
1403715316.112143040 0.861574788 3.758155458 0.526117371 -0.220542598 -0.781698832 -0.144751673 0.565114901
1403715316.162142992 0.867390069 3.751542386 0.519994675 -0.227648735 -0.779734086 -0.154395755 0.562452451
1403715316.212142944 0.871645586 3.744282618 0.512149815 -0.235565883 -0.778601437 -0.164032904 0.558015882
1403715316.262142897 0.874165102 3.737689137 0.511861086 -0.243001277 -0.779882140 -0.174964329 0.549655993
1403715316.312143087 0.879681291 3.732720177 0.509006464 -0.251583836 -0.781115573 -0.183940557 0.541045197
1403715316.362143040 0.889566370 3.726996800 0.510362345 -0.258800443 -0.782890463 -0.193230534 0.531758229
1403715316.412142992 0.894199774 3.723105266 0.507213594 -0.265278563 -0.783899878 -0.200398353 0.524374643
1403715316.462142944 0.896298664 3.719467025 0.502730411 -0.271377367 -0.784136602 -0.206089850 0.518662788
1403715316.512142897 0.901827972 3.713253860 0.499179837 -0.278250638 -0.782686908 -0.209959417 0.515649911
1403715316.562143087 0.898443981 3.708732212 0.496484389 -0.283176381 -0.780037055 -0.212871107 0.515789900
1403715316.612143040 0.898386397 3.703980296 0.490907047 -0.288461120 -0.776773004 -0.214302170 0.517192867
1403715316.662142992 0.893992103 3.699524839 0.490767230 -0.291417960 -0.773159138 -0.216571649 0.519997347
1403715316.712142944 0.884235655 3.692935830 0.477500878 -0.296006132 -0.769422547 -0.217619740 0.522504509
1403715316.762142897 0.875358582 3.685970427 0.474123405 -0.299900990 -0.765717849 -0.220849301 0.524367388
1403715316.812143087 0.867001376 3.679305243 0.462569168 -0.305250579 -0.762492347 -0.223926439 0.524675571
1403715316.862143040 0.855636578 3.673590376 0.448913346 -0.311219217 -0.758493440 -0.227142380 0.525582191
1403715316.912142992 0.845757760 3.665586055 0.441676283 -0.318173739 -0.753721992 -0.231881083 0.526212689
1403715316.962142944 0.831973488 3.657171657 0.429303934 -0.324936097 -0.748704904 -0.238172118 0.526432846
1403715317.012142897 0.814015224 3.648550540 0.420036124 -0.333175232 -0.741910211 -0.243982566 0.528238593
1403715317.062143087 0.804691831 3.639183285 0.405654544 -0.344010737 -0.736723337 -0.248802139 0.526301086
1403715317.112143040 0.792221596 3.630055222 0.397903974 -0.354307813 -0.732433236 -0.254209738 0.522862255
1403715317.162142992 0.780476496 3.620255924 0.390916369 -0.365367862 -0.728151458 -0.259959899 0.518384636
1403715317.212142944 0.770445132 3.610587069 0.382301852 -0.376907809 -0.724225677 -0.265795704 0.512630779
1403715317.262142897 0.756557771 3.600962901 0.378315270 -0.386861686 -0.719943921 -0.273598125 0.507112267
1403715317.312143087 0.742794285 3.590880215 0.371251011 -0.397814818 -0.714764397 -0.281082748 0.501844315
1403715317.362143040 0.726732218 3.581237856 0.362600443 0.409406260 0.709217587 0.287113945 -0.496953229
1403715317.412142992 0.710832892 3.569993830 0.356711311 0.421601429 0.701354117 0.292591414 -0.494716992
1403715317.462142944 0.700243950 3.559993283 0.344989173 0.434183346 0.695371410 0.297818965 -0.489129112
1403715317.512142897 0.686452895 3.549750787 0.341547862 0.445312337 0.688357151 0.303789214 -0.485359113
1403715317.562143087 0.670269919 3.541076479 0.334787101 0.455572047 0.681788259 0.310244723 -0.481006332
1403715317.612143040 0.659464446 3.532028099 0.330977614 0.465697603 0.674262454 0.316610321 -0.477759135
1403715317.662142992 0.649114291 3.523312250 0.324504055 0.476226204 0.666614352 0.321905182 -0.474563971
1403715317.712142944 0.635942505 3.514916109 0.321972358 0.485778068 0.659532351 0.327578356 -0.470881266
1403715317.762142897 0.624473074 3.506123966 0.318792967 0.496384432 0.651359310 0.331637356 -0.468348384
1403715317.812143087 0.618108818 3.497132321 0.306859959 0.508771534 0.642239775 0.332574874 -0.466983459
1403715317.862143040 0.602447589 3.489085320 0.299100820 0.520378340 0.633464696 0.333475124 -0.465535395
1403715317.912142992 0.593599893 3.480522453 0.294195443 0.529846839 0.625462123 0.337607420 -0.462688545
1403715317.962142944 0.586705018 3.472464338 0.285810134 0.539076295 0.617897996 0.341991980 -0.458955662
1403715318.012142897 0.578586045 3.465269385 0.280843038 0.547487066 0.611584165 0.345471898 -0.454831715
1403715318.062143087 0.573077818 3.457142468 0.287300854 0.553512661 0.604632890 0.350523515 -0.452963649
1403715318.112143040 0.564603025 3.450855157 0.288019363 0.559198382 0.598341107 0.353006372 -0.452406444
1403715318.162142992 0.560161289 3.445903951 0.280118240 0.563832070 0.594011724 0.355993718 -0.450013268
1403715318.212142944 0.558023466 3.440396555 0.271617928 0.567213957 0.591442702 0.359090477 -0.446674250
1403715318.262142897 0.557924910 3.435599323 0.260575228 0.570122957 0.589173940 0.361161731 -0.444292793
1403715318.312143087 0.565646721 3.431797099 0.242563901 0.572769493 0.588103206 0.363512387 -0.440373104
1403715318.362143040 0.573388646 3.426753251 0.229173896 0.575502757 0.585793845 0.366550148 -0.437359276
1403715318.412142992 0.579011289 3.421464491 0.221438321 0.577173254 0.584761104 0.370816983 -0.432920605
1403715318.462142944 0.585828956 3.416340439 0.216993441 0.578371415 0.584534269 0.377032474 -0.426207353
1403715318.512142897 0.590899206 3.411921792 0.214200238 0.579801737 0.584282670 0.382891382 -0.419330297
1403715318.562143087 0.591378470 3.410512548 0.213463264 0.582686830 0.583863861 0.387062912 -0.412021057
1403715318.612143040 0.600426487 3.408034547 0.211260934 0.587343314 0.582783960 0.389827075 -0.404259248
1403715318.662142992 0.609193103 3.406772949 0.205972041 0.594175060 0.581963036 0.390386101 -0.394808453
1403715318.712142944 0.613198950 3.407375272 0.203943922 0.601796269 0.580516967 0.389551266 -0.386123182
1403715318.762142897 0.617671370 3.410328135 0.200894217 0.609038328 0.577240653 0.389391912 -0.379788734
1403715318.812143087 0.628843959 3.414827900 0.190870741 0.616542463 0.573939201 0.390203548 -0.371766561
1403715318.862143040 0.639140729 3.420358957 0.188864622 0.622080226 0.568625687 0.393943162 -0.366728519
1403715318.912142992 0.648224780 3.428480671 0.190202900 0.626040595 0.563285955 0.398617305 -0.363161604
1403715318.962142944 0.657684653 3.439160575 0.184080432 0.629607464 0.558217009 0.403502746 -0.359407493
1403715319.012142897 0.662358382 3.452090793 0.181430238 0.633429997 0.552011962 0.407875230 -0.357333218
1403715319.062143087 0.669272622 3.465694196 0.184727374 0.636136688 0.545319474 0.414523271 -0.355143976
1403715319.112143040 0.673447109 3.481867652 0.183909700 0.637766757 0.539286418 0.423032404 -0.351379152
1403715319.162142992 0.678449024 3.499709934 0.187847247 0.640042481 0.532774617 0.431003048 -0.347466837
1403715319.212142944 0.684217318 3.519504065 0.180838595 0.643598236 0.526565355 0.436817626 -0.343075209
1403715319.262142897 0.688885421 3.539163036 0.173883267 0.648388862 0.520153908 0.441376667 -0.337962178
1403715319.312143087 0.697235787 3.557539875 0.176422576 0.652157030 0.513211028 0.447769625 -0.332878374
1403715319.362143040 0.697050521 3.578089663 0.176638691 0.655658580 0.506696253 0.453807895 -0.327763831
1403715319.412142992 0.697829684 3.600325251 0.171395625 0.659968845 0.499505334 0.458744789 -0.323247218
1403715319.462142944 0.701494503 3.622535984 0.160599685 0.665509932 0.491026449 0.462073858 -0.320120770
1403715319.512142897 0.698971821 3.645788126 0.153934198 0.670590397 0.482486095 0.465505958 -0.317521480
1403715319.562143087 0.698526181 3.668869883 0.152352903 0.675224088 0.474259542 0.469802844 -0.313744492
1403715319.612143040 0.695632050 3.693725486 0.146587157 0.679899672 0.466523415 0.472685894 -0.310902532
1403715319.662142992 0.691674238 3.719259447 0.140383016 0.683240771 0.461750613 0.475499487 -0.306379923
1403715319.712142944 0.687050436 3.744016466 0.149436719 0.685552240 0.456410235 0.477595656 -0.305957862
1403715319.762142897 0.684046724 3.770470103 0.150659973 0.687851057 0.454608058 0.478065193 -0.302731082
1403715319.812143087 0.684772676 3.796105709 0.164743816 0.689365151 0.451886824 0.478444383 -0.302762216
1403715319.862143040 0.686352970 3.821802876 0.173330608 0.691199197 0.449832293 0.478487117 -0.301570318
1403715319.912142992 0.679395499 3.849004717 0.188898400 0.692776642 0.447937375 0.478129035 -0.301339107
1403715319.962142944 0.674267721 3.876679576 0.200258349 0.694156093 0.446275446 0.478664452 -0.299776394
1403715320.012142897 0.666591783 3.904548129 0.221945888 0.694932650 0.443165818 0.480950972 -0.298929476
1403715320.062143087 0.659911409 3.933787011 0.234389781 0.696910694 0.440089844 0.482813430 -0.295850650
1403715320.112143040 0.651700175 3.962733871 0.248168824 0.698355990 0.435896972 0.486325231 -0.292883100
1403715320.162142992 0.647196313 3.991145410 0.256596627 0.701319164 0.430583058 0.489628792 -0.288120297
1403715320.212142944 0.637212931 4.020719059 0.269522200 0.703769224 0.423091028 0.494875652 -0.284255079
1403715320.262142897 0.624455880 4.052616371 0.287441885 0.706022203 0.413325925 0.501996489 -0.280524249
1403715320.312143087 0.614675752 4.082973654 0.300730982 0.709530491 0.400175884 0.508735797 -0.278592233
1403715320.362143040 0.606443824 4.111858234 0.310827567 0.714495116 0.385851929 0.514109320 -0.276236536
1403715320.412142992 0.594794225 4.140804688 0.320234173 0.720865035 0.370909461 0.518166111 -0.272550279
1403715320.462142944 0.579246655 4.167949113 0.323882796 0.727964872 0.355826533 0.521220256 -0.267925490
1403715320.512142897 0.568012108 4.193318424 0.334515018 0.735857925 0.340540545 0.523340658 -0.262030164
1403715320.562143087 0.556686209 4.217639692 0.343119637 0.743378474 0.325286398 0.525311626 -0.256173571
1403715320.612143040 0.541295641 4.240799770 0.356780504 0.750170556 0.309636661 0.527281159 -0.251682052
1403715320.662142992 0.523233886 4.263066238 0.364995774 0.756824203 0.293931270 0.528672267 -0.247643226
1403715320.712142944 0.509902969 4.284027337 0.371785117 0.762951941 0.278388523 0.529828039 -0.244308034
1403715320.762142897 0.491843063 4.303661068 0.380482524 0.767685593 0.263443510 0.530878031 -0.243772154
1403715320.812143087 0.478709041 4.319837810 0.390039429 0.771209246 0.250691412 0.531947728 -0.243765727
1403715320.862143040 0.451536824 4.338483030 0.387992046 0.775633510 0.242355429 0.529951931 -0.242502485
1403715320.912142992 0.443376084 4.352115348 0.399920014 0.780532418 0.233444514 0.527549666 -0.240757458
1403715320.962142944 0.431868699 4.364093920 0.406630359 0.784649844 0.227741312 0.525491983 -0.237311384
1403715321.012142897 0.418702840 4.373603493 0.418188743 0.787784525 0.224084469 0.524220428 -0.233183696
1403715321.062143087 0.409217485 4.380964448 0.420898417 0.789384531 0.222532247 0.524887651 -0.227693687
1403715321.112143040 0.403479027 4.386035204 0.426420539 0.790863684 0.221384075 0.525197092 -0.222916441
1403715321.162142992 0.401073418 4.388551574 0.432492326 0.792250876 0.220625030 0.525051519 -0.219052614
1403715321.212142944 0.390426122 4.389414581 0.443890784 0.793113044 0.221037431 0.524696464 -0.216351042
1403715321.262142897 0.388739034 4.388585306 0.443367461 0.794407993 0.220793530 0.523706452 -0.214237509
1403715321.312143087 0.386939212 4.386502075 0.440830905 0.795265781 0.220724127 0.522822340 -0.213283845
1403715321.362143040 0.385117629 4.382334360 0.451064764 0.794727699 0.220467888 0.523692123 -0.213420606
1403715321.412142992 0.384765371 4.378759880 0.450299590 0.794180077 0.220423755 0.524411082 -0.213739071
1403715321.462142944 0.380487272 4.373940067 0.448246704 0.793593923 0.221488543 0.524654505 -0.214217554
1403715321.512142897 0.383193351 4.365779201 0.457649969 0.792797985 0.222761332 0.525144247 -0.214644507
1403715321.562143087 0.389158590 4.357294088 0.465347692 0.792707435 0.224374431 0.524447493 -0.215002012
1403715321.612143040 0.394219921 4.347153846 0.473077422 0.791904103 0.227683200 0.524553088 -0.214224904
1403715321.662142992 0.404808545 4.334678271 0.484979271 0.790126441 0.229294970 0.527085258 -0.212850076
1403715321.712142944 0.419116361 4.320972462 0.489911414 0.787941382 0.228177841 0.530905940 -0.212654965
1403715321.762142897 0.428622032 4.306461414 0.486807948 0.786930989 0.227252697 0.533252722 -0.211512090
1403715321.812143087 0.439903964 4.287207877 0.502920762 0.784920440 0.221552319 0.537170501 -0.215086785
1403715321.862143040 0.451014512 4.267955882 0.509614903 0.782443386 0.215355909 0.541668521 -0.219087639
1403715321.912142992 0.465490255 4.248306415 0.508724435 0.781618153 0.210776740 0.544517026 -0.219425243
1403715321.962142944 0.474803199 4.224564382 0.517988824 0.781388887 0.206514473 0.546659026 -0.218968237
1403715322.012142897 0.489165185 4.199774758 0.517435687 0.784145032 0.203234148 0.545707490 -0.214512904
1403715322.062143087 0.507187496 4.169627861 0.510754375 0.788664994 0.199603829 0.541919869 -0.210923432
1403715322.112143040 0.513826681 4.140438650 0.504484908 0.791218207 0.200619567 0.540521878 -0.203866715
1403715322.162142992 0.530646276 4.108231840 0.510487489 0.793159413 0.202665005 0.540539712 -0.194015105
1403715322.212142944 0.550084002 4.073507850 0.521887870 0.794544696 0.204408046 0.541216179 -0.184393937
1403715322.262142897 0.564317708 4.040016402 0.527233539 0.796299353 0.205212138 0.541409026 -0.175133051
1403715322.312143087 0.583685348 4.005778367 0.536113010 0.798994043 0.204202158 0.540877727 -0.165412459
1403715322.362143040 0.597715405 3.973202072 0.542312188 0.801331592 0.202228286 0.541033770 -0.155736507
1403715322.412142992 0.608852663 3.940072981 0.546771543 0.803946935 0.198807124 0.540858644 -0.147027142
1403715322.462142944 0.626242590 3.906748069 0.540253043 0.807171730 0.194041012 0.540228195 -0.137751155
1403715322.512142897 0.643362237 3.872863496 0.539027866 0.809956273 0.188720612 0.539644465 -0.130916839
1403715322.562143087 0.660719993 3.840130713 0.528868145 0.812873694 0.183976361 0.538117520 -0.125771977
1403715322.612143040 0.675557369 3.811391142 0.517917699 0.814749812 0.181040701 0.537506550 -0.120389852
1403715322.662142992 0.692141763 3.782370156 0.508370605 0.815926456 0.178365844 0.537420681 -0.116741831
1403715322.712142944 0.714431044 3.755710236 0.491939292 0.816866020 0.176113053 0.537503913 -0.113153181
1403715322.762142897 0.738225109 3.728906298 0.484526035 0.816805067 0.173551376 0.538766151 -0.111536708
1403715322.812143087 0.761365088 3.705103488 0.472652215 0.817510726 0.172505733 0.538459317 -0.109451122
1403715322.862143040 0.785026146 3.683229227 0.461271623 0.818222137 0.172637246 0.537854467 -0.106871360
1403715322.912142992 0.810199742 3.662365645 0.457864029 0.817484489 0.172934603 0.539368698 -0.104375002
1403715322.962142944 0.836552171 3.642007214 0.454620890 0.817122774 0.173388679 0.539989152 -0.103239784
1403715323.012142897 0.864045218 3.623826502 0.454728511 0.816359616 0.173906877 0.541226998 -0.101915221
1403715323.062143087 0.896137018 3.607101942 0.455445950 0.816570112 0.173750590 0.541174629 -0.100767086
1403715323.112143040 0.918765123 3.594432892 0.460467137 0.816289186 0.175052338 0.541254408 -0.100360895
1403715323.162142992 0.946623594 3.582637250 0.460180745 0.816232391 0.176489472 0.541133419 -0.098948331
1403715323.212142944 0.972493980 3.570885472 0.466962205 0.814770618 0.177858804 0.543012253 -0.098248557
1403715323.262142897 1.001277427 3.560692851 0.463520483 0.813684803 0.179083687 0.544355578 -0.097586269
1403715323.312143087 1.034770167 3.551046925 0.457713181 0.813753776 0.179416613 0.544186478 -0.097342426
1403715323.362143040 1.065187566 3.544239033 0.448190089 0.813470062 0.179359155 0.544541033 -0.097835657
1403715323.412142992 1.095726602 3.538883864 0.444228944 0.813222918 0.179411080 0.544841970 -0.098119207
1403715323.462142944 1.127275707 3.535925885 0.438157787 0.813761195 0.179610451 0.544015350 -0.097877995
1403715323.512142897 1.155902831 3.535929366 0.442222287 0.813783417 0.179505783 0.543915396 -0.098439146
1403715323.562143087 1.189302526 3.536166469 0.448713618 0.814056491 0.178991282 0.543645001 -0.098611680
1403715323.612143040 1.221611445 3.539005335 0.454033890 0.810320424 0.177723776 0.549314025 -0.100245556
1403715323.662142992 1.254869541 3.542674894 0.465270193 0.804327526 0.175296842 0.558227096 -0.103492785
1403715323.712142944 1.283331963 3.548867427 0.476033831 0.797920109 0.173596499 0.567385913 -0.106117770
1403715323.762142897 1.313220321 3.555595375 0.481857548 0.790426101 0.172015480 0.577939416 -0.107811343
1403715323.812143087 1.343348748 3.563802158 0.489240795 0.784839044 0.169685781 0.585687996 -0.110471636
1403715323.862143040 1.369234696 3.574548847 0.490672306 0.780024343 0.168462505 0.592120925 -0.112139284
1403715323.912142992 1.390433424 3.584972330 0.505353096 0.773732644 0.167249233 0.600270481 -0.114196494
1403715323.962142944 1.411678736 3.595046601 0.516787285 0.766686129 0.165495925 0.609181517 -0.117052797
1403715324.012142897 1.431132284 3.605989123 0.516328392 0.762118881 0.164324365 0.614776532 -0.119256573
1403715324.062143087 1.452190442 3.611335771 0.525474944 0.759932113 0.163092404 0.617373829 -0.121464424
1403715324.112143040 1.466841409 3.618557528 0.530283420 0.762265843 0.162132972 0.614285457 -0.123762118
1403715324.162142992 1.478403386 3.624456065 0.539997934 0.766389677 0.160890994 0.609048976 -0.125778760
1403715324.212142944 1.475469645 3.635591325 0.544620376 0.769512547 0.161027991 0.604618784 -0.127892737
1403715324.262142897 1.476556351 3.642936925 0.549772315 0.773085271 0.159585250 0.599735413 -0.131107383
1403715324.312143087 1.479114327 3.647268862 0.555507644 0.776449227 0.156947550 0.595095845 -0.135480626
1403715324.362143040 1.472902563 3.653844760 0.560466028 0.780904553 0.153571584 0.588564251 -0.142112524
1403715324.412142992 1.471350894 3.658466006 0.556317442 0.787802536 0.151842126 0.578932794 -0.145423354
1403715324.462142944 1.461988367 3.662549796 0.562132058 0.794667431 0.150951714 0.568983087 -0.148241364
1403715324.512142897 1.454830776 3.663415392 0.571128664 0.800636446 0.150040781 0.560359422 -0.149887840
1403715324.562143087 1.450941555 3.662514470 0.575320309 0.805734486 0.150194699 0.553170795 -0.149115937
1403715324.612143040 1.446437824 3.659946011 0.588154556 0.808363149 0.150241505 0.549511589 -0.148369549
1403715324.662142992 1.439991105 3.658276375 0.592368254 0.809771781 0.151547937 0.547610525 -0.146374855
1403715324.712142944 1.435176871 3.654929576 0.599043919 0.809936900 0.152552957 0.547498140 -0.144829555
1403715324.762142897 1.432662154 3.650521403 0.606114089 0.809393801 0.154410894 0.548523177 -0.141990402
1403715324.812143087 1.432019744 3.645639888 0.613508628 0.807994299 0.157998214 0.550927057 -0.136605839
1403715324.862143040 1.429536585 3.640880772 0.624597038 0.805405088 0.162216240 0.554821203 -0.131080008
1403715324.912142992 1.428624396 3.636669750 0.629715905 0.802588315 0.166018380 0.558789782 -0.126664415
1403715324.962142944 1.423929315 3.632382299 0.640242714 0.798870214 0.168099070 0.563685158 -0.125730370
1403715325.012142897 1.424491629 3.626807750 0.645558867 0.795615744 0.169062721 0.568087341 -0.125260356
1403715325.062143087 1.419724597 3.621667905 0.659824763 0.792434444 0.168971236 0.572146383 -0.127062541
1403715325.112143040 1.415432626 3.617657428 0.665017231 0.789761469 0.168590298 0.575461162 -0.129223003
1403715325.162142992 1.411281859 3.614999670 0.660817974 0.788688613 0.169282782 0.576646497 -0.129585606
1403715325.212142944 1.406683065 3.610886007 0.661830063 0.787235610 0.169504188 0.578367766 -0.130457473
1403715325.262142897 1.403027325 3.606361014 0.662061614 0.787409984 0.169679203 0.577864096 -0.131406130
1403715325.312143087 1.396914397 3.601973843 0.661118907 0.788652231 0.169741028 0.575894950 -0.132516597
1403715325.362143040 1.388560858 3.597328185 0.662363555 0.790536678 0.170149774 0.573070126 -0.133009195
1403715325.412142992 1.380674246 3.592852518 0.661050941 0.793714404 0.169908383 0.568344040 -0.134661198
1403715325.462142944 1.368845152 3.588838601 0.661240830 0.796848666 0.169801561 0.563676754 -0.135897572
1403715325.512142897 1.361529241 3.582355544 0.661243546 0.799922495 0.168797710 0.559278120 -0.137256396
1403715325.562143087 1.350218891 3.576320125 0.665900144 0.801918762 0.166786778 0.556186843 -0.140586858
1403715325.612143040 1.340564595 3.570526849 0.666722271 0.803230450 0.163147348 0.554103687 -0.145509073
1403715325.662142992 1.330551931 3.564588226 0.663438293 0.804608846 0.159686389 0.551793541 -0.150428559
1403715325.712142944 1.322765078 3.556718541 0.662517399 0.806001785 0.156891159 0.549567242 -0.154019911
1403715325.762142897 1.315150713 3.548745582 0.659723373 0.807685178 0.155240664 0.547051843 -0.155818071
1403715325.812143087 1.306891941 3.540232127 0.653683603 0.809116001 0.155404942 0.545040759 -0.155277726
1403715325.862143040 1.301907964 3.528825785 0.653150097 0.809921700 0.155456089 0.544119078 -0.154255222
1403715325.912142992 1.296133754 3.515579119 0.657299149 0.810234638 0.155655289 0.543750464 -0.153709780
1403715325.962142944 1.296971409 3.501599123 0.654489901 0.810782614 0.156341573 0.543526933 -0.150888497
1403715326.012142897 1.295675943 3.487786436 0.651894656 0.810861871 0.157486588 0.543890428 -0.147933101
1403715326.062143087 1.296470966 3.474448627 0.640455191 0.810157889 0.160191809 0.545724655 -0.142011900
1403715326.112143040 1.297675551 3.459547293 0.639829711 0.809221176 0.162605581 0.547713375 -0.136859681
1403715326.162142992 1.298341344 3.444442535 0.642664043 0.807632814 0.165223549 0.550538470 -0.131673115
1403715326.212142944 1.302415176 3.427542965 0.644238261 0.806459899 0.166647586 0.552836979 -0.127366742
1403715326.262142897 1.307952087 3.410838119 0.644146750 0.804964138 0.167634335 0.555594776 -0.123474333
1403715326.312143087 1.312443746 3.395884141 0.637781485 0.802942123 0.168172987 0.558923381 -0.120857139
1403715326.362143040 1.313671930 3.380776457 0.638062601 0.798515477 0.168061147 0.565510144 -0.119694450
1403715326.412142992 1.316079351 3.366216247 0.636883906 0.794487943 0.166834290 0.571407344 -0.120203474
1403715326.462142944 1.319208420 3.352079048 0.632613185 0.791218250 0.165652575 0.576254459 -0.120265138
1403715326.512142897 1.322640313 3.337619119 0.623115670 0.788971683 0.164580108 0.579596375 -0.120437177
1403715326.562143087 1.319699930 3.324039408 0.618212602 0.786932280 0.163783924 0.582596323 -0.120390769
1403715326.612143040 1.319638665 3.308907730 0.613671952 0.784841574 0.163424114 0.585780020 -0.119071537
1403715326.662142992 1.317340668 3.293995697 0.606719135 0.784166016 0.162659611 0.587071791 -0.118204157
1403715326.712142944 1.314638406 3.278285217 0.603070838 0.785323234 0.161310900 0.585906219 -0.118152930
1403715326.762142897 1.314541715 3.261437216 0.597058109 0.788527218 0.158782820 0.582135476 -0.118874433
1403715326.812143087 1.308900119 3.245841503 0.591173543 0.792055338 0.156598805 0.577707314 -0.119914198
1403715326.862143040 1.300095592 3.230205174 0.586250558 0.795673372 0.154340047 0.573058398 -0.121190382
1403715326.912142992 1.296469426 3.211877927 0.579405521 0.799490253 0.152470112 0.568227291 -0.121185586
1403715326.962142944 1.284868551 3.194804620 0.577879445 0.801723910 0.150207943 0.565214469 -0.123324570
1403715327.012142897 1.275634463 3.178762184 0.571544059 0.804288822 0.147451755 0.561783729 -0.125604587
1403715327.062143087 1.267992223 3.162722879 0.562095528 0.806411230 0.145084061 0.559033504 -0.127016082
1403715327.112143040 1.254720901 3.145821569 0.560531579 0.807745908 0.143215677 0.557032234 -0.129425299
1403715327.162142992 1.247426567 3.126624690 0.555470084 0.809022920 0.141726027 0.555322052 -0.130434145
1403715327.212142944 1.241321872 3.106753331 0.551632698 0.810752012 0.139838826 0.552973742 -0.131705426
1403715327.262142897 1.234869538 3.086185555 0.549673718 0.812653345 0.138035798 0.550362664 -0.132821672
1403715327.312143087 1.230138682 3.065214360 0.546497202 0.814054726 0.136129830 0.548684186 -0.133151181
1403715327.362143040 1.222942294 3.045319893 0.542658365 0.815245210 0.135143357 0.546996879 -0.133813059
1403715327.412142992 1.218281922 3.023062318 0.540373366 0.816219332 0.133098205 0.545676968 -0.135305268
1403715327.462142944 1.216759675 2.999917389 0.533223919 0.817071106 0.133484485 0.544438048 -0.134773554
1403715327.512142897 1.211868436 2.976588380 0.528916277 0.816459558 0.135346058 0.544708734 -0.135527231
1403715327.562143087 1.208887186 2.951673852 0.525727233 0.814752404 0.140170452 0.546335868 -0.134342410
1403715327.612143040 1.212372722 2.925240173 0.518101468 0.814169051 0.146042834 0.546137468 -0.132416438
1403715327.662142992 1.211645674 2.900029757 0.515568800 0.812978408 0.153153298 0.545888145 -0.132726443
1403715327.712142944 1.212490798 2.873284886 0.517261610 0.810895535 0.160990017 0.546303549 -0.134473333
1403715327.762142897 1.220679170 2.846789220 0.509504827 0.809501610 0.168834139 0.545368421 -0.137023585
1403715327.812143087 1.228663808 2.820509101 0.500251098 0.808425606 0.177554145 0.543436298 -0.139998409
1403715327.862143040 1.237968035 2.791955758 0.499533977 0.806525349 0.185793180 0.542139865 -0.145196841
1403715327.912142992 1.239364862 2.769287415 0.492095729 0.803161332 0.196670722 0.542182490 -0.149300536
1403715327.962142944 1.248359730 2.743806541 0.485648083 0.799640927 0.206718413 0.542439563 -0.153626842
1403715328.012142897 1.260771644 2.717665798 0.477168586 0.796051855 0.215557344 0.543609598 -0.155964997
1403715328.062143087 1.271169644 2.691293476 0.476449415 0.792891950 0.221681546 0.544712045 -0.159588330
1403715328.112143040 1.281239353 2.666404506 0.472914827 0.789461645 0.227046823 0.546884446 -0.161608957
1403715328.162142992 1.288154463 2.641556159 0.478367570 0.785247446 0.230906901 0.550592792 -0.164061052
1403715328.212142944 1.306198472 2.614279903 0.473658057 0.782961756 0.232526163 0.553118580 -0.164202039
1403715328.262142897 1.313050865 2.591579424 0.480469393 0.779251748 0.234164227 0.557338259 -0.165250999
1403715328.312143087 1.318598733 2.569955174 0.482131127 0.775890036 0.235791555 0.561637218 -0.164196923
1403715328.362143040 1.324454468 2.545755431 0.481359024 0.773874686 0.235949523 0.564821172 -0.162551030
1403715328.412142992 1.332606135 2.521338644 0.476009446 0.773112473 0.235153407 0.566892216 -0.160103701
1403715328.462142944 1.335259022 2.498984241 0.473686681 0.772416941 0.234495661 0.568772846 -0.157738086
1403715328.512142897 1.338524497 2.476327094 0.476315243 0.773239850 0.232501274 0.568720729 -0.156843946
1403715328.562143087 1.337884776 2.456915811 0.469320167 0.775716717 0.232774881 0.565961786 -0.154164479
1403715328.612143040 1.338014175 2.436448090 0.462703220 0.778951405 0.233882462 0.561702365 -0.151737130
1403715328.662142992 1.335401751 2.416431409 0.462233455 0.781983156 0.235633087 0.556919453 -0.151063280
1403715328.712142944 1.327865961 2.401938361 0.453532317 0.784757328 0.239295835 0.550705760 -0.153676955
1403715328.762142897 1.322715102 2.383629968 0.453648418 0.785390172 0.243543980 0.547149466 -0.156448298
1403715328.812143087 1.317934214 2.367721712 0.454466470 0.784763449 0.248774161 0.544558635 -0.160354727
1403715328.862143040 1.308035642 2.356546072 0.453884392 0.782198541 0.255694185 0.542815329 -0.167742198
1403715328.912142992 1.302449326 2.345969140 0.449056614 0.779395563 0.263562074 0.540255062 -0.176641042
1403715328.962142944 1.297963615 2.336051232 0.440008709 0.776128214 0.273921321 0.536812954 -0.185536942
1403715329.012142897 1.292348674 2.326000251 0.433406423 0.772109958 0.285207522 0.533133756 -0.195630470
1403715329.062143087 1.285396933 2.315752007 0.436492825 0.767272274 0.297201399 0.529425109 -0.206575990
1403715329.112143040 1.278540038 2.308092457 0.432338863 0.762261702 0.309847308 0.524859413 -0.217886070
1403715329.162142992 1.275601049 2.300396364 0.424446663 0.757310054 0.322983973 0.519703011 -0.228192057
1403715329.212142944 1.275160480 2.290674884 0.420549454 0.752369945 0.334946680 0.514882700 -0.238004185
1403715329.262142897 1.271687529 2.283762540 0.415607234 0.747497900 0.346991768 0.509582528 -0.247324181
1403715329.312143087 1.265736520 2.277078897 0.409942218 0.743005222 0.357883777 0.504997848 -0.254636240
1403715329.362143040 1.258730654 2.270012638 0.406614917 0.738937447 0.366730211 0.501199226 -0.261303918
1403715329.412142992 1.253888453 2.262248734 0.402611915 0.735277818 0.372945901 0.498730119 -0.267481127
1403715329.462142944 1.248952765 2.256238700 0.396740055 0.733030866 0.378547596 0.495309683 -0.272095177
1403715329.512142897 1.240231794 2.255758751 0.389323888 0.730572066 0.383993384 0.493342254 -0.274639686
1403715329.562143087 1.234824676 2.252019386 0.383076826 0.729550687 0.387592330 0.490545005 -0.277296913
1403715329.612143040 1.229791137 2.247467246 0.377016967 0.728338171 0.391134443 0.489261299 -0.277778217
1403715329.662142992 1.226294207 2.242674244 0.373384730 0.727015868 0.392735785 0.489516712 -0.278531721
1403715329.712142944 1.223339789 2.238622986 0.369927505 0.725460171 0.393282611 0.490702632 -0.279727108
1403715329.762142897 1.221532021 2.235273022 0.361195806 0.724917455 0.392798984 0.491128976 -0.281062217
1403715329.812143087 1.219971824 2.232059758 0.354033338 0.724320640 0.392422305 0.492077844 -0.281467121
1403715329.862143040 1.215982688 2.230488376 0.346522418 0.724379426 0.391947233 0.491863062 -0.282351805
1403715329.912142992 1.213938643 2.228097269 0.336518445 0.724418425 0.391496188 0.492471969 -0.281815613
1403715329.962142944 1.210553923 2.225890376 0.328143585 0.724318865 0.390992584 0.492720205 -0.282336290
1403715330.012142897 1.208252545 2.223538685 0.318320434 0.723770463 0.390934647 0.492404618 -0.284366156
1403715330.062143087 1.202475457 2.223579395 0.304861599 0.722448838 0.392737568 0.491708409 -0.286439731
1403715330.112143040 1.199989165 2.222015823 0.287122536 0.722237918 0.394786770 0.490030374 -0.287029665
1403715330.162142992 1.198389779 2.219720005 0.274873970 0.721234504 0.397223004 0.489770558 -0.286634742
1403715330.212142944 1.197669497 2.217858680 0.262934431 0.721215801 0.399495840 0.488611074 -0.285499669
1403715330.262142897 1.194719620 2.217256469 0.257839181 0.721091832 0.401497019 0.487914463 -0.284193931
1403715330.312143087 1.193447547 2.216066678 0.250745822 0.721084229 0.402891993 0.487687195 -0.282624798
1403715330.362143040 1.191572039 2.215341464 0.241936483 0.721533482 0.403707388 0.486898979 -0.281672084
1403715330.412142992 1.190964911 2.214819996 0.230675734 0.721945961 0.404155812 0.486234772 -0.281118934
1403715330.462142944 1.190659540 2.213831032 0.228250447 0.721514049 0.403002055 0.486791432 -0.282915043
1403715330.512142897 1.192372391 2.214014782 0.223016382 0.722490450 0.401829399 0.485436336 -0.284415625
1403715330.562143087 1.193785246 2.215098339 0.221380797 0.722219897 0.402498572 0.485846543 -0.283454505
1403715330.612143040 1.191003455 2.219075657 0.225047293 0.720716775 0.401529557 0.487466991 -0.285862342
1403715330.662142992 1.191224575 2.221072203 0.229514012 0.719122560 0.398779065 0.489904385 -0.289537035
1403715330.712142944 1.191918912 2.222959936 0.233135232 0.719011301 0.395618661 0.489823943 -0.294246716
1403715330.762142897 1.193830670 2.223853934 0.249202472 0.718205597 0.392388263 0.489541399 -0.300934195
1403715330.812143087 1.194094580 2.224808572 0.261125459 0.717647571 0.391277303 0.486719930 -0.308200819
1403715330.862143040 1.186456953 2.229606558 0.272181928 0.714915269 0.395753927 0.483378066 -0.314039222
1403715330.912142992 1.191594913 2.229030289 0.278472705 0.713382859 0.399864119 0.478900700 -0.319135869
1403715330.962142944 1.192815688 2.228785728 0.284425356 0.710554886 0.405196046 0.473940528 -0.326049527
1403715331.012142897 1.193234591 2.227511710 0.292860814 0.706423010 0.412221536 0.469226202 -0.332966527
1403715331.062143087 1.195336112 2.224933301 0.302357021 0.701934604 0.419202312 0.463586303 -0.341533268
1403715331.112143040 1.198528949 2.222111754 0.306979830 0.697141703 0.428333804 0.458122060 -0.347343888
1403715331.162142992 1.201024652 2.219000297 0.312709818 0.691603274 0.440384190 0.453050935 -0.349987894
1403715331.212142944 1.206703267 2.213795242 0.324873513 0.685504852 0.450669632 0.450251590 -0.352496079
1403715331.262142897 1.214891487 2.207968261 0.336649436 0.679490218 0.460314290 0.448925993 -0.353368435
1403715331.312143087 1.231200999 2.197918829 0.351849949 0.674211139 0.468757445 0.448372531 -0.353083376
1403715331.362143040 1.246720345 2.189012493 0.368142754 0.669799516 0.475372712 0.447471425 -0.353777778
1403715331.412142992 1.258663669 2.182688147 0.387220135 0.666019541 0.480277723 0.446252497 -0.355822974
1403715331.462142944 1.265365736 2.179851506 0.408767228 0.661924762 0.484444755 0.446403800 -0.357620658
1403715331.512142897 1.273378167 2.177520839 0.422474799 0.659311934 0.489010575 0.445633335 -0.357193731
1403715331.562143087 1.283988339 2.174335631 0.439807706 0.657208188 0.491291680 0.445110733 -0.358589345
1403715331.612143040 1.298042884 2.168442075 0.455447427 0.656650089 0.493022547 0.443448235 -0.359295269
1403715331.662142992 1.312338330 2.161393633 0.474661002 0.654811068 0.494226703 0.444220969 -0.360041889
1403715331.712142944 1.325612603 2.154494772 0.496403082 0.652317951 0.495923656 0.447142818 -0.358614443
1403715331.762142897 1.339867410 2.147751818 0.512348636 0.651131876 0.497565348 0.449373109 -0.355696237
1403715331.812143087 1.349512355 2.143596914 0.527683511 0.649978752 0.498253951 0.451194331 -0.354533917
1403715331.862143040 1.360552066 2.138064191 0.543648910 0.649542598 0.497251185 0.452662935 -0.354868905
1403715331.912142992 1.376405925 2.136407326 0.540785931 0.652734514 0.496045557 0.449457093 -0.354774267
1403715331.962142944 1.389523460 2.130094691 0.553091598 0.655222321 0.493911020 0.447919697 -0.355110630
1403715332.012142897 1.399736639 2.125753714 0.560239154 0.658078792 0.491756126 0.446744246 -0.354299018
1403715332.062143087 1.409570913 2.121128030 0.565645616 0.661113385 0.490273389 0.445736774 -0.351965659
1403715332.112143040 1.422507776 2.115374841 0.567473411 0.664357651 0.487766811 0.444136777 -0.351361598
1403715332.162142992 1.437720860 2.111844718 0.569940508 0.668237738 0.484493153 0.441331959 -0.352066488
1403715332.212142944 1.451343390 2.111461540 0.565155953 0.672280917 0.481040724 0.436827284 -0.354711312
1403715332.262142897 1.456497214 2.112692518 0.572843960 0.672363137 0.478532768 0.435264045 -0.359832479
1403715332.312143087 1.467475204 2.113169607 0.567375354 0.673248225 0.476424171 0.433111826 -0.363553275
1403715332.362143040 1.480791283 2.112155115 0.566186617 0.673936545 0.476798906 0.430723385 -0.364622685
1403715332.412142992 1.494608286 2.112283344 0.564702774 0.674011081 0.478813305 0.428336978 -0.364656434
1403715332.462142944 1.507404697 2.112598702 0.569513124 0.672712246 0.481702285 0.427372209 -0.364381856
1403715332.512142897 1.527745835 2.110914313 0.570865813 0.673268333 0.483258266 0.424355714 -0.364819721
1403715332.562143087 1.543940125 2.114550696 0.572743145 0.672588619 0.486942774 0.422871570 -0.362892437
1403715332.612143040 1.561521493 2.115770610 0.586032755 0.669766243 0.487734399 0.424688971 -0.364921379
1403715332.662142992 1.586328625 2.116100347 0.587776840 0.668399429 0.487747146 0.425969408 -0.365916641
1403715332.712142944 1.608745984 2.120034514 0.591943848 0.666406239 0.488996451 0.427191753 -0.366459277
1403715332.762142897 1.630789486 2.123697448 0.597577064 0.664534618 0.490791797 0.427686283 -0.366880903
1403715332.812143087 1.650189438 2.135797336 0.593418739 0.662247882 0.495187013 0.426656764 -0.366308027
1403715332.862143040 1.676757484 2.139152116 0.602249710 0.658503096 0.497289204 0.428249038 -0.368347501
1403715332.912142992 1.705751423 2.145893768 0.599708062 0.653126470 0.498206529 0.432055099 -0.372215611
1403715332.962142944 1.730390264 2.154422231 0.607675496 0.643779655 0.498400211 0.439194290 -0.379807004
1403715333.012142897 1.759186156 2.159634951 0.617128623 0.634012863 0.498534778 0.446922209 -0.386977136
1403715333.062143087 1.788322292 2.168609736 0.610686662 0.627814550 0.500285621 0.449985101 -0.391250044
1403715333.112143040 1.815531661 2.173684438 0.618395199 0.621536780 0.500731789 0.453085143 -0.397081302
1403715333.162142992 1.840729148 2.180103811 0.618371095 0.617463736 0.502690850 0.454086959 -0.399806801
1403715333.212142944 1.867088445 2.182358462 0.620489521 0.614799607 0.504125520 0.454725516 -0.401377141
1403715333.262142897 1.892118005 2.183815917 0.622715847 0.613615136 0.506655396 0.453762177 -0.401094330
1403715333.312143087 1.919449337 2.180996484 0.622564200 0.614150112 0.508972867 0.451742837 -0.399618155
1403715333.362143040 1.942007376 2.180066511 0.623902335 0.614353254 0.511529241 0.449895298 -0.398123268
1403715333.412142992 1.965808720 2.176614651 0.622240427 0.615655475 0.513822519 0.447324181 -0.396050290
1403715333.462142944 1.992905685 2.169511904 0.622026548 0.616494975 0.514479612 0.445836439 -0.395568634
1403715333.512142897 2.017565641 2.165172863 0.617367096 0.616892400 0.514831970 0.445016442 -0.395413931
1403715333.562143087 2.043130440 2.159025772 0.609929332 0.617782032 0.514193084 0.443910401 -0.396098965
1403715333.612143040 2.066016090 2.151414112 0.610448329 0.616497555 0.514038359 0.445403964 -0.396624053
1403715333.662142992 2.085472280 2.144447647 0.603905732 0.618233032 0.516059476 0.442847335 -0.394153237
1403715333.712142944 2.106154093 2.135183657 0.598924421 0.620547519 0.518305402 0.439369993 -0.391451525
1403715333.762142897 2.127599979 2.125361151 0.592570569 0.624282493 0.520858688 0.433827940 -0.388292307
1403715333.812143087 2.150405620 2.114340598 0.589597823 0.627004581 0.523766495 0.428770418 -0.385603219
1403715333.862143040 2.172388991 2.105229457 0.581115399 0.628545722 0.527718454 0.423350729 -0.383689546
1403715333.912142992 2.194060372 2.094235385 0.581713295 0.627925417 0.531050145 0.419565039 -0.384266304
1403715333.962142944 2.215420677 2.084114680 0.581854357 0.625300996 0.535155139 0.417481725 -0.385119010
1403715334.012142897 2.236347939 2.075341603 0.580870924 0.622356666 0.538840376 0.414680638 -0.387766938
1403715334.062143087 2.258447672 2.065968878 0.581647236 0.619578257 0.542346859 0.411007756 -0.391222817
1403715334.112143040 2.280912161 2.057822281 0.576832575 0.617673229 0.545860088 0.407110295 -0.393418040
1403715334.162142992 2.302889453 2.048903510 0.583046062 0.614636567 0.549090363 0.404888314 -0.395963530
1403715334.212142944 2.324410663 2.043854996 0.583311215 0.612891565 0.552299601 0.401584968 -0.397565835
1403715334.262142897 2.346384071 2.039304468 0.583194539 0.611463485 0.555141780 0.398814478 -0.398593806
1403715334.312143087 2.371035816 2.033336766 0.582981706 0.609855146 0.556821743 0.397625818 -0.399899933
1403715334.362143040 2.394941153 2.029094922 0.582341685 0.608391599 0.558456643 0.396528274 -0.400937861
1403715334.412142992 2.418834939 2.025717580 0.583270229 0.606649308 0.559614839 0.396329690 -0.402157463
1403715334.462142944 2.446358498 2.020040212 0.584257376 0.606041530 0.560356266 0.395994922 -0.402371149
1403715334.512142897 2.469989069 2.018861311 0.588800329 0.604472131 0.560845131 0.396312035 -0.403736242
1403715334.562143087 2.494806297 2.017842297 0.589055801 0.603113817 0.561536019 0.397011651 -0.404119749
1403715334.612143040 2.519624165 2.015990659 0.591182874 0.601739321 0.562953012 0.397750103 -0.403470632
1403715334.662142992 2.543058471 2.018081165 0.587271587 0.600679670 0.565136488 0.398426449 -0.401324120
1403715334.712142944 2.567338389 2.018347479 0.589840141 0.598812571 0.564446038 0.400124116 -0.403391703
1403715334.762142897 2.596387513 2.015705713 0.585409984 0.599187982 0.564676729 0.400808182 -0.401829261
1403715334.812143087 2.620136941 2.017372548 0.590089490 0.597880795 0.565084713 0.402373358 -0.401638523
1403715334.862143040 2.646529231 2.018673997 0.584627586 0.597806955 0.565218926 0.403021429 -0.400909141
1403715334.912142992 2.669843821 2.021915698 0.583671308 0.597338025 0.565331172 0.403752679 -0.400714017
1403715334.962142944 2.693582318 2.025964009 0.581378909 0.597643845 0.566043533 0.403662795 -0.399340584
1403715335.012142897 2.717915363 2.027511332 0.582721306 0.597154925 0.565529427 0.404470372 -0.399982725
1403715335.062143087 2.740542921 2.032479629 0.581145152 0.596924317 0.566865554 0.403786880 -0.399125242
1403715335.112143040 2.764587473 2.035388303 0.578933462 0.596732504 0.567428212 0.403518532 -0.398883864
1403715335.162142992 2.787231460 2.039710338 0.581577053 0.595419815 0.568340121 0.404401482 -0.398652972
1403715335.212142944 2.809870661 2.045007796 0.580982163 0.595355831 0.568896807 0.403930780 -0.398431653
1403715335.262142897 2.830723541 2.051467947 0.581923566 0.593923624 0.570088329 0.404043435 -0.398751714
1403715335.312143087 2.852468613 2.057975795 0.581562737 0.592436431 0.571996740 0.403367025 -0.398915841
1403715335.362143040 2.874705963 2.064090121 0.579203463 0.590765157 0.574314990 0.401611870 -0.399833375
1403715335.412142992 2.894801019 2.070452694 0.581516463 0.587549788 0.576599854 0.400398518 -0.402490847
1403715335.462142944 2.914033316 2.078108310 0.581646693 0.584925303 0.579642166 0.398391031 -0.403933082
1403715335.512142897 2.934837482 2.084716857 0.576836754 0.583651032 0.581245528 0.395162027 -0.406635071
1403715335.562143087 2.953579694 2.092219639 0.578373662 0.582237894 0.581903469 0.392555872 -0.410228319
1403715335.612143040 2.972933412 2.101145623 0.573566996 0.581366481 0.582915300 0.389071002 -0.413335848
1403715335.662142992 2.991302729 2.110385804 0.572417009 0.579325922 0.585175795 0.385895656 -0.415975128
1403715335.712142944 3.009030268 2.121228995 0.570654507 0.575998217 0.589336537 0.383018480 -0.417379138
1403715335.762142897 3.028371920 2.131654394 0.568783655 0.571599619 0.592962306 0.380822503 -0.420290139
1403715335.812143087 3.047384600 2.143415311 0.563873523 0.567993642 0.596953668 0.378319268 -0.421786761
1403715335.862143040 3.065116467 2.154577765 0.559795126 0.564659433 0.600058243 0.376133696 -0.423808060
1403715335.912142992 3.085349941 2.163394281 0.555254493 0.561431982 0.602150569 0.374573885 -0.426501144
1403715335.962142944 3.103498235 2.174114702 0.555711633 0.557500089 0.603526044 0.374086817 -0.430126746
1403715336.012142897 3.121867446 2.184645059 0.557699903 0.553149409 0.605511418 0.375001354 -0.432152333
1403715336.062143087 3.139871304 2.196729225 0.555642685 0.549416160 0.605577039 0.375802337 -0.436108858
1403715336.112143040 3.156686427 2.208759086 0.559113086 0.545722863 0.605196480 0.377314170 -0.439952037
1403715336.162142992 3.174075107 2.221240362 0.560420801 0.542380489 0.605532382 0.379069304 -0.442109039
1403715336.212142944 3.193294876 2.231786404 0.556124931 0.540462664 0.604431179 0.379510876 -0.445572164
1403715336.262142897 3.211071571 2.243013516 0.549639283 0.540174709 0.605190104 0.377873415 -0.446282314
1403715336.312143087 3.227662465 2.255078732 0.547847393 0.540040256 0.607396403 0.375887627 -0.445123155
1403715336.362143040 3.245830782 2.263350947 0.552665435 0.540553843 0.609965038 0.373629357 -0.442882940
1403715336.412142992 3.261924760 2.275317009 0.553390194 0.540520370 0.612381603 0.371700232 -0.441209066
1403715336.462142944 3.280439077 2.282828733 0.552827305 0.540501163 0.615083096 0.371222077 -0.437864644
1403715336.512142897 3.295895066 2.294366944 0.549943128 0.540546180 0.615965567 0.370019431 -0.437586413
1403715336.562143087 3.313700126 2.302701382 0.543083842 0.541178865 0.615661561 0.369355119 -0.437793415
1403715336.612143040 3.330836140 2.309457073 0.547736671 0.540885319 0.615367138 0.370073040 -0.437963813
1403715336.662142992 3.344571413 2.322512259 0.547723978 0.540881132 0.615886687 0.369950311 -0.437341922
1403715336.712142944 3.360122536 2.333542345 0.544048347 0.541592253 0.616164930 0.369804993 -0.436191333
1403715336.762142897 3.374683096 2.344670885 0.543891431 0.541662139 0.615619226 0.370263881 -0.436485686
1403715336.812143087 3.389334720 2.356033839 0.543430682 0.541497302 0.616009399 0.371104167 -0.435424838
1403715336.862143040 3.403688799 2.365781344 0.553069293 0.540398850 0.615644518 0.372989455 -0.435694592
1403715336.912142992 3.418044878 2.377634572 0.551805098 0.540630983 0.615430440 0.372896175 -0.435788890
1403715336.962142944 3.429366240 2.391896882 0.556222252 0.539438171 0.615727008 0.374311260 -0.435634929
1403715337.012142897 3.444460554 2.402421769 0.551575988 0.539675560 0.615868481 0.373992668 -0.435414501
1403715337.062143087 3.457587140 2.415767772 0.556729183 0.538271053 0.617609660 0.373536486 -0.435078241
1403715337.112143040 3.471008481 2.428013172 0.558040971 0.537410802 0.619752392 0.370557661 -0.435641623
1403715337.162142992 3.481656830 2.439889798 0.566740282 0.534430545 0.623907734 0.368646986 -0.434997164
1403715337.212142944 3.494400357 2.450384283 0.565770995 0.532517207 0.627516326 0.363902353 -0.436146492
1403715337.262142897 3.500940864 2.464781796 0.574162939 0.529228406 0.631228773 0.359013472 -0.438835798
1403715337.312143087 3.511284440 2.476141756 0.575431699 0.526537658 0.635179088 0.352507783 -0.441637729
1403715337.362143040 3.519891748 2.489748057 0.577179928 0.524128484 0.638605178 0.345863780 -0.444804455
1403715337.412142992 3.529688961 2.502200863 0.582168873 0.522141680 0.641582777 0.339814787 -0.447510355
1403715337.462142944 3.539657950 2.514600929 0.586154021 0.519856453 0.642504110 0.335258132 -0.452260679
1403715337.512142897 3.546352682 2.531737882 0.593464154 0.518282126 0.643013856 0.330021004 -0.457168411
1403715337.562143087 3.553992502 2.549562267 0.599816273 0.515903867 0.642936122 0.327130750 -0.462019280
1403715337.612143040 3.564048552 2.566292066 0.604724971 0.513003904 0.644975635 0.326450675 -0.462885927
1403715337.662142992 3.572606715 2.586200894 0.612538789 0.508945760 0.646793882 0.327686734 -0.463953977
1403715337.712142944 3.583765365 2.604383925 0.613025072 0.506228392 0.647773530 0.328588020 -0.464921695
1403715337.762142897 3.597325169 2.619907559 0.615053988 0.504776147 0.648741942 0.329195659 -0.464720511
1403715337.812143087 3.606477101 2.641378007 0.617654032 0.503116372 0.649278079 0.330196029 -0.465061796
1403715337.862143040 3.616974889 2.661310071 0.625064751 0.501659962 0.649165904 0.332262098 -0.465320116
1403715337.912142992 3.632980043 2.676359638 0.628157524 0.501406170 0.649650906 0.334258057 -0.463483661
1403715337.962142944 3.646177394 2.694800032 0.633168579 0.500983993 0.649672830 0.336407545 -0.462352912
1403715338.012142897 3.657836513 2.715676045 0.634863884 0.501837935 0.648577322 0.337447585 -0.462206957
1403715338.062143087 3.671950801 2.732306381 0.638707580 0.503246915 0.646461069 0.338405785 -0.462938607
1403715338.112143040 3.684153309 2.750583286 0.643545064 0.504731441 0.644654799 0.338949151 -0.463443455
1403715338.162142992 3.694662743 2.771513378 0.647246790 0.505368706 0.644078937 0.338878679 -0.463601160
1403715338.212142944 3.706982459 2.792765627 0.636427077 0.506292881 0.642947302 0.337039250 -0.465500622
1403715338.262142897 3.716232456 2.813220259 0.643131292 0.505361105 0.642456376 0.336032192 -0.467912731
1403715338.312143087 3.722055623 2.837353151 0.647057612 0.504459547 0.643073451 0.333718014 -0.469690738
1403715338.362143040 3.731037084 2.857946190 0.647149905 0.503964931 0.644198830 0.329809850 -0.471436825
1403715338.412142992 3.743971444 2.873324906 0.649814370 0.501623814 0.645993995 0.326624307 -0.473689634
1403715338.462142944 3.756046701 2.892348888 0.653879236 0.498177606 0.649056515 0.322643288 -0.475863449
1403715338.512142897 3.766565172 2.911867829 0.662140197 0.493546052 0.652251284 0.318745771 -0.478938087
1403715338.562143087 3.781670833 2.927635845 0.668106614 0.486993183 0.656401728 0.316207278 -0.481650672
1403715338.612143040 3.793946574 2.948239599 0.674780666 0.479276769 0.661795989 0.313223488 -0.483953401
1403715338.662142992 3.806957282 2.968738533 0.678041523 0.471581223 0.667150068 0.309668096 -0.486443838
1403715338.712142944 3.818475932 2.989692268 0.681460821 0.463218694 0.672477432 0.305929524 -0.489499409
1403715338.762142897 3.828938619 3.011558305 0.680276963 0.456247780 0.677560194 0.301081145 -0.492036880
1403715338.812143087 3.843552985 3.029649272 0.681571795 0.450229244 0.683082104 0.297653350 -0.492031452
1403715338.862143040 3.864066415 3.044962573 0.687315462 0.444742976 0.686476293 0.294522577 -0.494176524
1403715338.912142992 3.883109985 3.061718780 0.694237340 0.440478177 0.690078598 0.291462643 -0.494792918
1403715338.962142944 3.900720544 3.079368934 0.703579798 0.435402029 0.693216696 0.290446283 -0.495496359
1403715339.012142897 3.910375155 3.103661085 0.705021131 0.432536114 0.697043835 0.287590254 -0.494301779
1403715339.062143087 3.928202106 3.119794380 0.709459944 0.430325353 0.700280190 0.285964294 -0.492597369
1403715339.112143040 3.943585440 3.138251143 0.702407309 0.427279236 0.702708394 0.285386653 -0.492125823
1403715339.162142992 3.953915645 3.162677991 0.701538537 0.423668431 0.704565024 0.286389674 -0.492010308
1403715339.212142944 3.968712000 3.183058325 0.696872034 0.421476151 0.707011067 0.287337215 -0.489827041
1403715339.262142897 3.982798029 3.202889925 0.694707954 0.419614549 0.707455075 0.287765917 -0.490532082
1403715339.312143087 3.996753273 3.223074612 0.697669798 0.418622276 0.706468732 0.287607139 -0.492888887
1403715339.362143040 4.010073946 3.243555396 0.697275996 0.418604418 0.704977830 0.287142288 -0.495303852
1403715339.412142992 4.022921916 3.263544356 0.697015072 0.418633492 0.702936291 0.286695942 -0.498429540
1403715339.462142944 4.034023274 3.284273379 0.698232037 0.419423951 0.702196887 0.286505567 -0.498916467
1403715339.512142897 4.045690116 3.305548242 0.691669588 -0.420206545 -0.700532781 -0.286610497 0.500534420
1403715339.562143087 4.058308936 3.323851946 0.689689956 -0.421862712 -0.699081521 -0.286314194 0.501339268
1403715339.612143040 4.066704810 3.347802467 0.683120190 0.424217946 0.700880911 0.285201200 -0.497458902
1403715339.662142992 4.077334856 3.368849490 0.675738275 0.424611483 0.701644074 0.287475069 -0.494731005
1403715339.712142944 4.090718847 3.385932147 0.674983043 0.423949680 0.702820948 0.291895026 -0.491026148
1403715339.762142897 4.102916650 3.404970691 0.672497208 0.421958820 0.702755059 0.298117172 -0.489093276
1403715339.812143087 4.116466182 3.422591322 0.669530022 0.419890888 0.703668367 0.304873969 -0.485380609
1403715339.862143040 4.124788190 3.446429957 0.662931659 0.417154935 0.704888746 0.310224899 -0.482570336
1403715339.912142992 4.130592390 3.468595134 0.656638216 0.413998034 0.706489375 0.313887790 -0.480575536
1403715339.962142944 4.133801795 3.488736369 0.650627289 0.410135428 0.709212287 0.315722637 -0.478671160
1403715340.012142897 4.133266433 3.508745758 0.644646327 0.404581155 0.712294038 0.317164263 -0.477868312
1403715340.062143087 4.135339233 3.523154668 0.634454839 0.399830903 0.715284477 0.315275113 -0.478649110
1403715340.112143040 4.128457841 3.540974865 0.628099580 0.394660305 0.718495237 0.310815268 -0.481042313
1403715340.162142992 4.121002835 3.555421423 0.627853548 0.388342343 0.721024770 0.306207073 -0.485335692
1403715340.212142944 4.116593545 3.563189236 0.627615492 0.383238508 0.723996838 0.298377825 -0.489823946
1403715340.262142897 4.096767559 3.584819717 0.642743825 0.374956499 0.727615118 0.289388289 -0.496224024
1403715340.312143087 4.086989273 3.596702459 0.650779024 -0.367499963 -0.731308355 -0.278726759 0.502437321
1403715340.362143040 4.082955233 3.599948104 0.648407567 -0.360642016 -0.734230617 -0.266308870 0.509825778
1403715340.412142992 4.073202951 3.606378387 0.655044586 -0.351056492 -0.738782799 -0.255390502 0.515494915
1403715340.462142944 4.064428471 3.608520858 0.658248759 -0.342620833 -0.743337793 -0.245233150 0.519538827
1403715340.512142897 4.049336109 3.616194832 0.664225178 -0.334791376 -0.748005722 -0.236027815 0.522200196
1403715340.562143087 4.036643414 3.622411922 0.673994066 -0.329369680 -0.751530786 -0.225972822 0.525027024
1403715340.612143040 4.024665533 3.627179235 0.685226284 -0.324187498 -0.754507609 -0.218644261 0.527081988
1403715340.662142992 4.008595849 3.636953046 0.691384850 -0.319730347 -0.756798355 -0.212131320 0.529177719
1403715340.712142944 3.993587348 3.646172025 0.695569663 -0.316575765 -0.759096969 -0.207026924 0.529803199
1403715340.762142897 3.981721660 3.652922418 0.697819440 -0.315131393 -0.761546814 -0.202873012 0.528754382
1403715340.812143087 3.967411215 3.662453885 0.702926222 -0.313621148 -0.762760724 -0.199838182 0.529058177
1403715340.862143040 3.952518772 3.673972699 0.706441911 -0.314960981 -0.762581316 -0.194916526 0.530355414
1403715340.912142992 3.935473626 3.686684000 0.720281468 -0.317009048 -0.762820882 -0.190674500 0.530332727
1403715340.962142944 3.921548365 3.698341429 0.723854204 -0.319338139 -0.762430572 -0.188032479 0.530439972
1403715341.012142897 3.907705253 3.711282936 0.727566528 -0.321845720 -0.761596935 -0.185870683 0.530883726
1403715341.062143087 3.893434191 3.725625793 0.730354018 -0.323087482 -0.759989697 -0.187069491 0.532010475
1403715341.112143040 3.877065474 3.742895874 0.741362963 -0.322726550 -0.759730376 -0.191284003 0.531100517
1403715341.162142992 3.864067783 3.759750112 0.743053437 -0.321734171 -0.759501461 -0.197199005 0.529865272
1403715341.212142944 3.851830427 3.778052491 0.738267446 -0.322489925 -0.754986929 -0.200664603 0.534535970
1403715341.262142897 3.840781425 3.792902741 0.748199241 -0.323543125 -0.751429616 -0.204880559 0.537305625
1403715341.312143087 3.829108833 3.810640875 0.753045092 -0.324097275 -0.748121465 -0.209674195 0.539733232
1403715341.362143040 3.819178029 3.826121115 0.765604595 -0.324025795 -0.745606445 -0.215727821 0.540869504
1403715341.412142992 3.809465193 3.843619370 0.770239275 -0.325749055 -0.743229140 -0.219533755 0.541574492
1403715341.462142944 3.794886428 3.866208385 0.776759557 -0.326263332 -0.743548926 -0.223433460 0.539226039
1403715341.512142897 3.781783054 3.886617246 0.780610506 -0.327919725 -0.743666882 -0.225962586 0.537000123
1403715341.562143087 3.769642864 3.905819247 0.781893517 -0.327092673 -0.744102125 -0.231440647 0.534563034
1403715341.612143040 3.761785887 3.920834398 0.783558084 -0.325345568 -0.742099113 -0.237536591 0.535738310
1403715341.662142992 3.754129636 3.936558970 0.785254003 -0.323530698 -0.740674464 -0.243574150 0.536097808
1403715341.712142944 3.746924029 3.948854542 0.794055335 -0.321354406 -0.740421911 -0.250226943 0.534689832
1403715341.762142897 3.730881346 3.967666806 0.802825727 -0.320082690 -0.742298966 -0.253257982 0.531412939
1403715341.812143087 3.718561053 3.980689303 0.806282533 -0.319055386 -0.743452851 -0.255968576 0.529113983
1403715341.862143040 3.707570777 3.989681587 0.811222990 -0.317127082 -0.744405481 -0.259843768 0.527040900
1403715341.912142992 3.701481257 3.994814911 0.800980384 -0.320718310 -0.744299115 -0.255368393 0.527205441
1403715341.962142944 3.685453682 4.004550742 0.799800848 -0.323774047 -0.744883672 -0.249208153 0.527459930
1403715342.012142897 3.673354900 4.010274683 0.797251117 -0.327631399 -0.745463916 -0.242278729 0.527486715
1403715342.062143087 3.662886213 4.012033224 0.801103598 -0.330560175 -0.746595516 -0.236688612 0.526596247
1403715342.112143040 3.647202206 4.017510916 0.804334201 -0.332480523 -0.748753808 -0.231370763 0.524682768
1403715342.162142992 3.631243847 4.023671877 0.805496512 -0.335697595 -0.750183294 -0.224014265 0.523784077
1403715342.212142944 3.614207451 4.027487663 0.819038786 -0.335779966 -0.751520449 -0.220924673 0.523126293
1403715342.262142897 3.600341945 4.031961376 0.819066033 -0.336492706 -0.752022974 -0.217356410 0.523440824
1403715342.312143087 3.590499681 4.035718510 0.814335921 -0.335790156 -0.751452854 -0.214594465 0.525844839
1403715342.362143040 3.574546666 4.042141362 0.825249729 -0.332990349 -0.754301545 -0.212187515 0.524521749
1403715342.412142992 3.557693975 4.049983256 0.832150730 -0.327978187 -0.757197651 -0.210043569 0.524369836
1403715342.462142944 3.542393123 4.056539099 0.833061017 -0.322848731 -0.760787504 -0.205705660 0.524076570
1403715342.512142897 3.527137724 4.064875852 0.832997802 -0.315311734 -0.765010179 -0.202773881 0.523660853
1403715342.562143087 3.510483060 4.075045341 0.830981371 -0.305489494 -0.769033926 -0.201584857 0.524048219
1403715342.612143040 3.491343609 4.086304092 0.833264588 -0.293824329 -0.773644938 -0.202335638 0.523642115
1403715342.662142992 3.471231254 4.096882644 0.839450960 -0.280337088 -0.777267799 -0.204633294 0.524777191
1403715342.712142944 3.457594541 4.104284094 0.831005246 -0.268723645 -0.779564953 -0.204466985 0.527502927
1403715342.762142897 3.439921877 4.113365493 0.822521846 -0.260003835 -0.781826976 -0.201201205 0.529776047
1403715342.812143087 3.420182495 4.123805725 0.807556418 -0.256029594 -0.783285134 -0.192951707 0.532618893
1403715342.862143040 3.396807012 4.132623503 0.812153532 -0.250986875 -0.783745931 -0.187514014 0.536270826
1403715342.912142992 3.378289963 4.136492965 0.813632488 -0.248904369 -0.783811672 -0.181564947 0.539184615
1403715342.962142944 3.357513758 4.141054271 0.817085073 -0.246445497 -0.782918669 -0.177395507 0.542986012
1403715343.012142897 3.335018971 4.146211496 0.821074797 -0.244082988 -0.781370471 -0.174427901 0.547228096
1403715343.062143087 3.309512805 4.156028471 0.818081511 -0.242662715 -0.780003908 -0.170394574 0.551066602
1403715343.112143040 3.285488007 4.161601508 0.829606949 -0.239511554 -0.780275249 -0.170842734 0.551921654
1403715343.162142992 3.261435476 4.170892579 0.821726964 -0.238395253 -0.780340313 -0.168374539 0.553070261
1403715343.212142944 3.238934975 4.177585381 0.822239212 -0.237102488 -0.780074183 -0.167107597 0.554384100
1403715343.262142897 3.214582430 4.185394818 0.822291348 -0.236554972 -0.782113705 -0.165368846 0.552261752
1403715343.312143087 3.192168553 4.192259346 0.820651854 -0.236079962 -0.782966530 -0.164252215 0.551589408
1403715343.362143040 3.165247458 4.202560180 0.818474054 -0.236380480 -0.785235992 -0.162575791 0.548723808
1403715343.412142992 3.141302118 4.209522283 0.818207359 -0.235897906 -0.788143503 -0.163383611 0.544506927
1403715343.462142944 3.117823177 4.214768858 0.819120383 -0.234973229 -0.788843890 -0.165342601 0.543299847
1403715343.512142897 3.090590197 4.225333079 0.805217022 -0.235997219 -0.788639136 -0.164415818 0.543434509
1403715343.562143087 3.065848254 4.232198477 0.804278009 -0.236209151 -0.789408565 -0.165994821 0.541742627
1403715343.612143040 3.043621191 4.238584759 0.797423432 -0.237481593 -0.789407668 -0.166619736 0.540995278
1403715343.662142992 3.019246814 4.245855222 0.788788082 -0.237621552 -0.788588559 -0.168518758 0.541539945
1403715343.712142944 2.993416073 4.253053022 0.789520309 -0.236944241 -0.787927318 -0.171581760 0.541837308
1403715343.762142897 2.962969566 4.262713191 0.790962523 -0.235498523 -0.787570778 -0.175630679 0.541688638
1403715343.812143087 2.939952478 4.268260455 0.787109619 -0.234899863 -0.784253476 -0.179034416 0.545632860
1403715343.862143040 2.912997310 4.276321338 0.780323412 -0.235514407 -0.783131754 -0.179917862 0.546687464
1403715343.912142992 2.881186819 4.284934423 0.782832271 -0.234693127 -0.782068054 -0.180577393 0.548343415
1403715343.962142944 2.850670750 4.290442294 0.790045858 -0.233997637 -0.781717974 -0.179189671 0.549593648
1403715344.012142897 2.816408636 4.298644568 0.787176829 -0.232263775 -0.782640731 -0.176454531 0.549900739
1403715344.062143087 2.788301035 4.300421675 0.791916430 -0.228812098 -0.782632096 -0.173957161 0.552151187
1403715344.112143040 2.756639727 4.304758314 0.793954921 -0.224365322 -0.783241900 -0.169577116 0.554469052
1403715344.162142992 2.726621904 4.306143554 0.800173420 -0.218297076 -0.784510417 -0.165333239 0.556376412
1403715344.212142944 2.700079618 4.305784544 0.798874023 -0.210266049 -0.785624130 -0.163031695 0.558572807
1403715344.262142897 2.669902491 4.309065361 0.784701875 -0.201601110 -0.785492883 -0.161782100 0.562302832
1403715344.312143087 2.638948718 4.308958756 0.786050396 -0.191567461 -0.785623334 -0.163387037 0.565157112
1403715344.362143040 2.609694190 4.307118673 0.780787062 -0.183248620 -0.785003862 -0.164191589 0.568533202
1403715344.412142992 2.582465506 4.302546683 0.777695302 -0.175823268 -0.784502317 -0.165042030 0.571317268
1403715344.462142944 2.554424495 4.297019548 0.780424119 -0.169374717 -0.783977317 -0.165166997 0.573943929
1403715344.512142897 2.524745143 4.290781319 0.787308804 -0.161914794 -0.783567318 -0.167245271 0.576051107
1403715344.562143087 2.495243250 4.283761837 0.788404822 -0.157508269 -0.784569451 -0.166212400 0.576207741
1403715344.612143040 2.468729769 4.272618375 0.781741947 -0.155530925 -0.786092683 -0.163278984 0.575507079
1403715344.662142992 2.442121809 4.258572299 0.777066359 -0.152911339 -0.789592010 -0.162373835 0.571661891
1403715344.712142944 2.410823124 4.246586616 0.769409622 -0.151247857 -0.792891441 -0.159681613 0.568286046
1403715344.762142897 2.385124563 4.227391930 0.769219877 -0.150348000 -0.796669260 -0.158263067 0.563618994
1403715344.812143087 2.361294580 4.207609198 0.762327895 -0.149359005 -0.797785029 -0.156792668 0.562713955
1403715344.862143040 2.337522216 4.186156488 0.755162034 -0.148830644 -0.799053687 -0.155693262 0.561357510
1403715344.912142992 2.312221673 4.161473194 0.757226060 -0.147825451 -0.799709018 -0.155226056 0.560819038
1403715344.962142944 2.286415526 4.137525861 0.742448715 -0.149634882 -0.799381034 -0.151551528 0.561810910
1403715345.012142897 2.259631545 4.110724315 0.737666370 -0.152855741 -0.796716067 -0.145969441 0.566190386
1403715345.062143087 2.230624513 4.083592747 0.740487394 -0.155088162 -0.794741522 -0.141704742 0.569432473
1403715345.112143040 2.206814192 4.054100833 0.739581610 -0.157485091 -0.792065643 -0.138080680 0.573379621
1403715345.162142992 2.181772957 4.022935700 0.744059397 -0.159402123 -0.790972169 -0.135624548 0.574943453
1403715345.212142944 2.153034286 3.994993975 0.739820281 -0.161661168 -0.791357710 -0.132100288 0.574602607
1403715345.262142897 2.128043135 3.964591696 0.740537402 -0.161438636 -0.792036525 -0.131868837 0.573782467
1403715345.312143087 2.108610530 3.930907138 0.738271505 -0.163539431 -0.792462077 -0.130002363 0.573025390
1403715345.362143040 2.087941321 3.898335108 0.731496996 -0.164833818 -0.793372652 -0.128881021 0.571646158
1403715345.412142992 2.061939744 3.867052325 0.723355332 -0.165370520 -0.793285685 -0.127432115 0.571936595
1403715345.462142944 2.040729120 3.831329506 0.725885274 -0.165836546 -0.793823568 -0.126914104 0.571170021
1403715345.512142897 2.019158709 3.797906287 0.724715768 -0.165175944 -0.794498083 -0.127312371 0.570334343
1403715345.562143087 1.996998436 3.764488173 0.721436049 -0.165210749 -0.793699205 -0.126120809 0.571699679
1403715345.612143040 1.977642263 3.729675110 0.717047676 -0.165933232 -0.793711383 -0.124593498 0.571808415
1403715345.662142992 1.958024971 3.694510909 0.711710885 -0.166329298 -0.793383401 -0.123330876 0.572421906
1403715345.712142944 1.935455998 3.660577935 0.705908008 -0.166399070 -0.793379135 -0.122184220 0.572653398
1403715345.762142897 1.915925765 3.624431404 0.699168777 -0.167292572 -0.793612037 -0.121102986 0.572299918
1403715345.812143087 1.897832729 3.587602382 0.692574312 -0.167742285 -0.793348238 -0.120136345 0.572737599
1403715345.862143040 1.879515180 3.551931173 0.688284862 -0.168671645 -0.794507239 -0.118603556 0.571175384
1403715345.912142992 1.860966101 3.515169332 0.682763031 -0.169624830 -0.798623084 -0.117838048 0.565281152
1403715345.962142944 1.843164451 3.477112379 0.685223349 -0.170373527 -0.803970900 -0.117345498 0.557524607
1403715346.012142897 1.827912241 3.441500461 0.672005157 -0.173005973 -0.807807651 -0.114530803 0.551723143
1403715346.062143087 1.813055383 3.405403347 0.671313028 -0.174662702 -0.810576893 -0.112557851 0.547529699
1403715346.112143040 1.795735185 3.369319828 0.672685827 -0.175386816 -0.812831128 -0.112592801 0.543937389
1403715346.162142992 1.776008972 3.335215177 0.671591380 -0.175521262 -0.813240284 -0.112360237 0.543330198
1403715346.212142944 1.757967506 3.302986552 0.670639936 -0.175949058 -0.811684071 -0.112607776 0.545463460
1403715346.262142897 1.739856365 3.271584378 0.672176564 -0.175795755 -0.809547854 -0.113642634 0.548464653
1403715346.312143087 1.720186497 3.241600507 0.670488441 -0.176937717 -0.807368126 -0.113654420 0.551300667
1403715346.362143040 1.702759001 3.209054876 0.670495074 -0.177645836 -0.805049118 -0.114756046 0.554228224
1403715346.412142992 1.677821067 3.180035950 0.671288896 -0.178066266 -0.802413249 -0.115311067 0.557789153
1403715346.462142944 1.655775756 3.149881968 0.671957571 -0.179147358 -0.799965488 -0.116363888 0.560732456
1403715346.512142897 1.633287343 3.120742674 0.671516031 -0.180687770 -0.797100013 -0.116330376 0.564314400
1403715346.562143087 1.612642103 3.090615639 0.677377262 -0.182837603 -0.795507891 -0.116520587 0.565827323
1403715346.612143040 1.593204581 3.061487747 0.678267577 -0.186405139 -0.793704592 -0.115703930 0.567361213
1403715346.662142992 1.574479805 3.032374331 0.680792985 -0.189399862 -0.792699870 -0.116257563 0.567660803
1403715346.712142944 1.556062388 3.005008985 0.679311422 -0.191693806 -0.790106534 -0.116771329 0.570394255
1403715346.762142897 1.531394682 2.976847857 0.692793500 -0.193038054 -0.790391842 -0.118353095 0.569218404
1403715346.812143087 1.509745587 2.950178365 0.696351132 -0.195346674 -0.790417762 -0.119462718 0.568162034
1403715346.862143040 1.494741361 2.923390534 0.691764996 -0.197884066 -0.791078271 -0.121074028 0.566019562
1403715346.912142992 1.476681878 2.899159977 0.690132766 -0.201233741 -0.791886164 -0.119494077 0.564041178
1403715346.962142944 1.464774966 2.872578175 0.692789185 -0.204973912 -0.792494561 -0.118465578 0.562053355
1403715347.012142897 1.450786399 2.848193183 0.695021397 -0.208372273 -0.793878388 -0.117421923 0.559061887
1403715347.062143087 1.434707894 2.827197521 0.693529657 -0.211004189 -0.795932699 -0.116146272 0.555408331
1403715347.112143040 1.422533413 2.805581631 0.694752064 -0.209600533 -0.797225534 -0.118304640 0.553627201
1403715347.162142992 1.410306310 2.785817597 0.692520232 -0.206398452 -0.798633015 -0.119751360 0.552489454
1403715347.212142944 1.398174895 2.764687415 0.695914367 -0.199799142 -0.799561559 -0.122339338 0.553005155
1403715347.262142897 1.386583168 2.745483577 0.696425344 -0.192219781 -0.799637141 -0.122494005 0.555542272
1403715347.312143087 1.373910713 2.728201748 0.693191754 -0.183248500 -0.799940606 -0.120936318 0.558470609
1403715347.362143040 1.361171418 2.708016418 0.697273355 -0.173696048 -0.800845844 -0.119227507 0.560589350
1403715347.412142992 1.346824461 2.687327415 0.705593927 -0.161274916 -0.801677981 -0.118809532 0.563193671
1403715347.462142944 1.332474148 2.667250347 0.707893703 -0.150180357 -0.803067527 -0.115739703 0.564918338
1403715347.512142897 1.320349963 2.645528331 0.710276884 -0.139228553 -0.803533419 -0.114137833 0.567381714
1403715347.562143087 1.307830714 2.624882186 0.712702084 -0.130124192 -0.804078053 -0.112012559 0.569191853
1403715347.612143040 1.296106449 2.603124262 0.718750276 -0.122387576 -0.804872544 -0.109930466 0.570190110
1403715347.662142992 1.280816070 2.580069148 0.729433422 -0.116393336 -0.805296181 -0.106795902 0.571441412
1403715347.712142944 1.267501569 2.555974165 0.734069271 -0.114425167 -0.804972858 -0.100323388 0.573463859
1403715347.762142897 1.251439747 2.533789022 0.736375677 -0.114192719 -0.805931011 -0.091862589 0.573582159
1403715347.812143087 1.238883978 2.507293171 0.739621118 -0.112154358 -0.805649189 -0.085226023 0.575401868
1403715347.862143040 1.223713983 2.481250150 0.741576891 -0.109734468 -0.805411285 -0.076450059 0.577430859
1403715347.912142992 1.211365106 2.455650427 0.740833408 -0.107520633 -0.805629257 -0.066418819 0.578782648
1403715347.962142944 1.199832381 2.427120428 0.747009768 -0.105399547 -0.805795266 -0.054855160 0.580151563
1403715348.012142897 1.187276698 2.400479577 0.750966129 -0.101827807 -0.805803414 -0.042330011 0.581824825
1403715348.062143087 1.178172528 2.374368092 0.754506275 -0.096299533 -0.806661421 -0.031471469 0.582265660
1403715348.112143040 1.170925522 2.346828236 0.761307418 -0.087558540 -0.806968440 -0.022819476 0.583622061
1403715348.162142992 1.159307942 2.326327410 0.763236763 -0.076720695 -0.809031559 -0.012897021 0.582593802
1403715348.212142944 1.150701267 2.306874754 0.758948936 -0.065545783 -0.809853750 -0.003239723 0.582949533
1403715348.262142897 1.142305744 2.286091670 0.761680260 -0.052290951 -0.812583077 0.003871963 0.580482047
1403715348.312143087 1.134055492 2.269284020 0.761840757 -0.039536947 -0.814481248 0.011217407 0.578732491
1403715348.362143040 1.127176487 2.251699085 0.765754820 -0.028334693 -0.816713474 0.017399524 0.576084632
1403715348.412142992 1.119992633 2.238247933 0.764694590 -0.018111910 -0.818107430 0.021973733 0.574359945
1403715348.462142944 1.110186850 2.227092104 0.765152660 -0.010492907 -0.820863509 0.026678255 0.570404479
1403715348.512142897 1.100962323 2.218150896 0.756822061 -0.003787391 -0.821852900 0.030364876 0.568877352
1403715348.562143087 1.090565678 2.209319779 0.747583674 0.001315357 -0.822143367 0.033550407 0.568289472
1403715348.612143040 1.081913338 2.201422477 0.731485062 0.003982940 -0.820728977 0.037273999 0.570086600
1403715348.662142992 1.073539314 2.194672655 0.712868187 0.004052360 -0.818622171 0.042641385 0.572732950
1403715348.712142944 1.064587111 2.189608100 0.696947739 0.004347711 -0.817196561 0.046690966 0.574448284
1403715348.762142897 1.053299135 2.186555370 0.681945583 0.004732554 -0.816919171 0.050996202 0.574473723
1403715348.812143087 1.039371412 2.185101682 0.666763907 0.007633658 -0.816251373 0.054491996 0.575070471
1403715348.862143040 1.026408122 2.183630172 0.653712870 0.011155411 -0.815736797 0.057673644 0.575432694
1403715348.912142992 1.015807213 2.183942391 0.638668776 0.014110886 -0.815493648 0.060722964 0.575398745
1403715348.962142944 1.006796216 2.186627357 0.622345356 0.017365710 -0.815621638 0.063058806 0.574876824
1403715349.012142897 1.000223860 2.192122142 0.598818934 0.020949204 -0.813305915 0.064390639 0.577882743
1403715349.062143087 0.989084278 2.197937804 0.588490586 0.025722471 -0.812974059 0.063606568 0.578243668
1403715349.112143040 0.978757380 2.205128786 0.578069861 0.031887076 -0.812201305 0.061804098 0.579217151
1403715349.162142992 0.967826218 2.215418346 0.561888186 0.036684298 -0.810574659 0.062956620 0.581084717
1403715349.212142944 0.958948857 2.225222590 0.548721947 0.041331337 -0.808753279 0.062688212 0.583335275
1403715349.262142897 0.950183766 2.236770590 0.536020909 0.044881540 -0.807233284 0.063752126 0.585060458
1403715349.312143087 0.942447430 2.249096921 0.524914103 0.047464002 -0.804764283 0.065485443 0.588058903
1403715349.362143040 0.933639457 2.261525027 0.520250243 0.051358385 -0.804096101 0.064456730 0.588758954
1403715349.412142992 0.926533776 2.275266273 0.511595215 0.054636980 -0.802710912 0.062544422 0.590557523
1403715349.462142944 0.919325605 2.291527352 0.497895963 0.057577747 -0.801486612 0.060562333 0.592145437
1403715349.512142897 0.913667690 2.307428899 0.486938437 0.060223749 -0.800944898 0.057375100 0.592932095
1403715349.562143087 0.907430097 2.325057156 0.473234136 0.062705970 -0.802520500 0.056257194 0.590647048
1403715349.612143040 0.903169750 2.342621432 0.459392191 0.066831353 -0.803190734 0.056016375 0.589304999
1403715349.662142992 0.901255222 2.359887692 0.443984454 0.070652387 -0.803515438 0.057878353 0.588235733
1403715349.712142944 0.900318002 2.377507563 0.423400260 0.074735282 -0.803615750 0.062097346 0.587162911
1403715349.762142897 0.897705419 2.394947551 0.410375040 0.080075395 -0.804107647 0.067025884 0.585240424
1403715349.812143087 0.897760697 2.411252567 0.400579387 0.084969894 -0.805467379 0.073911500 0.581841481
1403715349.862143040 0.898007278 2.428298180 0.391604939 0.091423347 -0.805046594 0.080938982 0.580508944
1403715349.912142992 0.899068302 2.444679383 0.380075080 0.098950475 -0.804428984 0.087096758 0.579238265
1403715349.962142944 0.901018349 2.460582088 0.373071563 0.107131654 -0.804459924 0.093151593 0.576792701
1403715350.012142897 0.902022956 2.477470924 0.365612505 0.116245755 -0.804103748 0.097619944 0.574782075
1403715350.062143087 0.905437250 2.494751500 0.359924490 0.124116860 -0.803777656 0.100697961 0.573058814
1403715350.112143040 0.908415696 2.513560141 0.353193344 0.131624003 -0.805884621 0.102466621 0.568089509
1403715350.162142992 0.910915391 2.533714902 0.338094484 0.137253642 -0.806506724 0.105262080 0.565356733
1403715350.212142944 0.913177308 2.552779641 0.329553774 0.143406156 -0.807837272 0.104684103 0.562027451
1403715350.262142897 0.915587714 2.571028165 0.324625970 0.149390607 -0.811801881 0.101641251 0.555273995
1403715350.312143087 0.915115203 2.590624553 0.310879724 0.154919410 -0.813351847 0.098744846 0.552003809
1403715350.362143040 0.913728369 2.608491259 0.302213500 0.158785941 -0.816218564 0.095730467 0.547183661
1403715350.412142992 0.912206907 2.625558599 0.287367402 0.162587395 -0.817161825 0.091610259 0.545361762
1403715350.462142944 0.908349549 2.640569077 0.281188793 0.165980663 -0.818671068 0.087096525 0.542809633
1403715350.512142897 0.904942952 2.653546409 0.269332195 0.168082562 -0.818733968 0.082989827 0.542711369
1403715350.562143087 0.898254196 2.665794338 0.259419344 0.168966897 -0.819419140 0.080752159 0.541739374
1403715350.612143040 0.892504338 2.675327258 0.247850771 0.167476533 -0.819706864 0.080640953 0.541783448
1403715350.662142992 0.885883873 2.682797380 0.237440847 0.165411562 -0.819797870 0.081656030 0.542127992
1403715350.712142944 0.878031497 2.687147016 0.230331569 0.162597262 -0.820030047 0.083758114 0.542307506
1403715350.762142897 0.866513778 2.691220979 0.221712511 0.160248741 -0.820129607 0.086545322 0.542418359
1403715350.812143087 0.858048072 2.691971982 0.216833433 0.158809380 -0.819132922 0.087540164 0.544185223
1403715350.862143040 0.845953253 2.692342564 0.211999865 0.159380838 -0.817424118 0.086815444 0.546697941
1403715350.912142992 0.834174473 2.690939945 0.209561328 0.161032647 -0.816565535 0.084647207 0.547835801
1403715350.962142944 0.821233620 2.688698946 0.201599782 0.162358882 -0.814555069 0.083434485 0.550616309
1403715351.012142897 0.807023262 2.684444104 0.196410087 0.164006016 -0.813308816 0.082315199 0.552136763
1403715351.062143087 0.794904107 2.677657889 0.189465646 0.164627792 -0.812674011 0.081987626 0.552934599
1403715351.112143040 0.777718102 2.670318276 0.187727895 0.166067164 -0.812015326 0.081734825 0.553509011
1403715351.162142992 0.763210627 2.660363415 0.179982521 0.165205774 -0.811712054 0.084000214 0.553872329
1403715351.212142944 0.748797998 2.647387073 0.178765661 0.164706153 -0.812420309 0.085574585 0.552740550
1403715351.262142897 0.733718458 2.633478360 0.178089604 0.164498830 -0.812759894 0.086808657 0.552110266
1403715351.312143087 0.719671169 2.618045984 0.170267269 0.162364435 -0.809737114 0.090424207 0.556585177
1403715351.362143040 0.703512590 2.601607017 0.168445298 0.161698671 -0.808072744 0.091911962 0.558949167
1403715351.412142992 0.686595961 2.583298287 0.171008990 0.161226777 -0.805407910 0.092878014 0.562759007
1403715351.462142944 0.668457255 2.563934922 0.176784632 0.160842385 -0.805120286 0.093022839 0.563256428
1403715351.512142897 0.650965168 2.544032512 0.179853405 0.160799540 -0.804037859 0.092812913 0.564847229
1403715351.562143087 0.635624840 2.523353616 0.179088272 0.160468379 -0.799908423 0.092926270 0.570754871
1403715351.612143040 0.618105144 2.501320692 0.191370002 0.160704865 -0.796793627 0.092592179 0.575083082
1403715351.662142992 0.604369750 2.476975954 0.201656973 0.161566649 -0.795425287 0.091965074 0.576833821
1403715351.712142944 0.589632980 2.453502723 0.197813291 0.163472070 -0.793922209 0.093173869 0.578172153
1403715351.762142897 0.578004583 2.428808067 0.194342553 0.165991389 -0.793831371 0.095406423 0.577214195
1403715351.812143087 0.565999954 2.401028557 0.193207512 0.168672291 -0.793668777 0.100546019 0.575786444
1403715351.862143040 0.556177190 2.371907174 0.198751384 0.172142542 -0.794718110 0.106533544 0.572224322
1403715351.912142992 0.547589340 2.342680119 0.204286347 0.176202999 -0.795160249 0.113576230 0.569010652
1403715351.962142944 0.541202640 2.313127291 0.207867605 0.179601492 -0.795524474 0.122606302 0.565554427
1403715352.012142897 0.535311182 2.283851368 0.214847430 0.184760150 -0.795325270 0.130805520 0.562326700
1403715352.062143087 0.528223485 2.254848725 0.222248543 0.190072704 -0.795474079 0.139509556 0.558238696
1403715352.112143040 0.522535504 2.225309488 0.230099115 0.196255553 -0.794577359 0.144867821 0.556007098
1403715352.162142992 0.517357659 2.196826459 0.230362192 0.199766360 -0.793014273 0.152378513 0.554979777
1403715352.212142944 0.510269574 2.168989103 0.233028948 0.202888871 -0.791271273 0.159015834 0.554472581
1403715352.262142897 0.500326874 2.141650672 0.241404647 0.206747105 -0.791312186 0.162601749 0.551943231
1403715352.312143087 0.493489687 2.114648069 0.246031174 0.209180510 -0.791806318 0.165853621 0.549344014
1403715352.362143040 0.486409071 2.086720514 0.255500036 0.211982137 -0.792160898 0.167022530 0.547401278
1403715352.412142992 0.476096495 2.060901164 0.259585466 0.210782264 -0.792593999 0.173403235 0.545249400
1403715352.462142944 0.466238091 2.036078940 0.265699250 0.208149458 -0.792837821 0.181256847 0.543348828
1403715352.512142897 0.456310754 2.011977861 0.268350656 0.205306066 -0.791881568 0.188264054 0.543442405
1403715352.562143087 0.445529885 1.987577521 0.275511385 0.205842836 -0.791443904 0.189547622 0.543430743
1403715352.612143040 0.433553698 1.965178907 0.282338108 0.209476652 -0.790189478 0.186185792 0.545027496
1403715352.662142992 0.420922304 1.945870059 0.282432174 0.212133860 -0.788809346 0.184118638 0.546698608
1403715352.712142944 0.408554723 1.927285712 0.283082133 0.214844918 -0.785714618 0.181707674 0.550887032
1403715352.762142897 0.396416606 1.909252628 0.282491872 0.217567786 -0.782591823 0.178134135 0.555412034
1403715352.812143087 0.383437154 1.892053153 0.286373622 0.219509681 -0.780208050 0.175932188 0.558693802
1403715352.862143040 0.372554083 1.875921508 0.288405056 0.220720121 -0.778643920 0.174114835 0.560963722
1403715352.912142992 0.359501396 1.860684925 0.291612710 0.223337280 -0.777357780 0.171497941 0.562515597
1403715352.962142944 0.347918755 1.846554478 0.290832501 0.222763324 -0.776290285 0.173135157 0.563714566
1403715353.012142897 0.339201449 1.831828623 0.293184473 0.220812356 -0.776678182 0.175620150 0.563178895
1403715353.062143087 0.328881797 1.817865571 0.294648631 0.221547047 -0.776078525 0.175972287 0.563606940
1403715353.112143040 0.320554809 1.804254793 0.295426684 0.222926306 -0.775669922 0.175158375 0.563879046
1403715353.162142992 0.312383380 1.791310449 0.302571461 0.224295340 -0.776970752 0.174321198 0.561800828
1403715353.212142944 0.304295536 1.780251272 0.307697751 0.225563602 -0.776763776 0.174553229 0.561507140
1403715353.262142897 0.298099641 1.769849312 0.317874957 0.226570409 -0.777116285 0.175100803 0.560442537
1403715353.312143087 0.292290053 1.759753401 0.332638334 0.228096976 -0.777753842 0.175309273 0.558871532
1403715353.362143040 0.286812522 1.750357829 0.347037733 0.230065191 -0.778018857 0.175653968 0.557586181
1403715353.412142992 0.281579447 1.741083707 0.359859831 0.233440361 -0.777689745 0.174425702 0.557027766
1403715353.462142944 0.276561412 1.732451156 0.366789272 0.235730764 -0.776953566 0.174470226 0.557076569
1403715353.512142897 0.272337782 1.723747811 0.370186081 0.237745894 -0.776635596 0.174321686 0.556709970
1403715353.562143087 0.267472744 1.715936902 0.368010389 0.239690774 -0.776176597 0.174225472 0.556546232
1403715353.612143040 0.262568222 1.707801643 0.364540233 0.241354079 -0.776116387 0.175080641 0.555642269
1403715353.662142992 0.257817746 1.699531025 0.361274514 0.244205529 -0.775515157 0.174278178 0.555488090
1403715353.712142944 0.256408833 1.691126407 0.355263146 0.245519890 -0.775269886 0.173800451 0.555400748
1403715353.762142897 0.253466580 1.682740174 0.349986582 0.247503126 -0.774675317 0.173875824 0.555326529
1403715353.812143087 0.251135441 1.674400004 0.342027614 0.249645972 -0.773275704 0.173530450 0.556424980
1403715353.862143040 0.248885702 1.666377348 0.333738093 0.250276756 -0.773084161 0.174579198 0.556079607
1403715353.912142992 0.248134263 1.658022414 0.326790921 0.250841447 -0.772666893 0.175470590 0.556124548
1403715353.962142944 0.247233436 1.650016110 0.318720863 0.251711614 -0.773072442 0.176321878 0.554897159
1403715354.012142897 0.248142875 1.642332252 0.306564664 0.252098966 -0.772669574 0.177673478 0.554851309
1403715354.062143087 0.247374222 1.634102973 0.296830469 0.251193004 -0.774747692 0.180885518 0.551315262
1403715354.112143040 0.247808337 1.625433970 0.287390507 0.248315558 -0.776472099 0.187073497 0.548118572
1403715354.162142992 0.249213129 1.616907990 0.280346025 0.245135883 -0.778658558 0.192743262 0.544471564
1403715354.212142944 0.250152141 1.609158935 0.272100578 0.243205479 -0.780067923 0.197120862 0.541745786
1403715354.262142897 0.250203154 1.602175405 0.265103620 0.242715320 -0.781966318 0.198625730 0.538670373
1403715354.312143087 0.249629617 1.596063182 0.256267431 0.243864597 -0.782008427 0.197803129 0.538392794
1403715354.362143040 0.247757153 1.591148301 0.246031040 0.246097300 -0.782376395 0.195206487 0.537789664
1403715354.412142992 0.244609146 1.585807597 0.241505841 0.250060801 -0.782973053 0.190050098 0.536939246
1403715354.462142944 0.240967378 1.581629136 0.232500847 0.253260624 -0.782742385 0.186429023 0.537045282
1403715354.512142897 0.237883406 1.578084948 0.221368575 0.255454196 -0.781909833 0.183881307 0.538096489
1403715354.562143087 0.234560222 1.573735484 0.214842339 0.256454334 -0.782008574 0.182463148 0.537960002
1403715354.612143040 0.230404327 1.569371059 0.210568346 0.256355431 -0.781681393 0.182478462 0.538477208
1403715354.662142992 0.226048023 1.564925564 0.206935947 0.256239628 -0.781169338 0.182236005 0.539356799
1403715354.712142944 0.219300997 1.560718936 0.206155529 0.255918817 -0.780786972 0.183045495 0.539788487
1403715354.762142897 0.213445286 1.556133354 0.209226343 0.254620396 -0.781267228 0.183782636 0.539457056
1403715354.812143087 0.207651504 1.551038430 0.218888460 0.253797339 -0.782562392 0.184179466 0.537829841
1403715354.862143040 0.199545178 1.547718651 0.223946193 0.252671581 -0.782579112 0.186102814 0.537673459
1403715354.912142992 0.192326248 1.543405247 0.235127529 0.250660474 -0.782364095 0.190008740 0.537561557
1403715354.962142944 0.185592682 1.539211454 0.248913151 0.249520971 -0.781646671 0.192709348 0.538173647
1403715355.012142897 0.178096729 1.535269537 0.262221549 0.248275686 -0.780498184 0.196073878 0.539200152
1403715355.062143087 0.169919894 1.529953456 0.279958164 0.249869181 -0.780253161 0.195439913 0.539048827
1403715355.112143040 0.160583688 1.525675555 0.294476897 0.253163613 -0.779490503 0.194452675 0.538972075
1403715355.162142992 0.153348657 1.521658849 0.305621563 0.256299716 -0.778427613 0.195537497 0.538633450
1403715355.212142944 0.144907461 1.517474336 0.318343574 0.261070489 -0.777644404 0.198095730 0.536534680
1403715355.262142897 0.136478790 1.512974409 0.332262746 0.268074843 -0.775744984 0.200152308 0.535065091
1403715355.312143087 0.127972508 1.509008769 0.343055018 0.276233777 -0.773376365 0.202692630 0.533385035
1403715355.362143040 0.118367802 1.504817471 0.352096357 0.285427959 -0.770047137 0.206456120 0.531915555
1403715355.412142992 0.108033248 1.501219437 0.359866607 0.293886448 -0.766376160 0.212617455 0.530181247
1403715355.462142944 0.099837497 1.496984498 0.368884805 0.302152880 -0.762533971 0.219935693 0.528085098
1403715355.512142897 0.089857574 1.492534869 0.378711127 0.311551788 -0.757289806 0.227045960 0.527160094
1403715355.562143087 0.079867040 1.487986923 0.389802818 0.320870116 -0.752949236 0.234121260 0.524687576
1403715355.612143040 0.071489830 1.484262570 0.397863986 0.329621982 -0.748295710 0.241566326 0.522540516
1403715355.662142992 0.062197626 1.480073455 0.408976967 0.339875268 -0.743813029 0.245724425 0.520429138
1403715355.712142944 0.051966044 1.476539799 0.417781527 0.348175775 -0.739981477 0.249916642 0.518404008
1403715355.762142897 0.042700249 1.473386405 0.424129241 0.354902388 -0.736721615 0.253097639 0.516940173
1403715355.812143087 0.031497672 1.470247145 0.430914404 0.361152053 -0.734494383 0.255212791 0.514736464
1403715355.862143040 0.022676795 1.466736954 0.437912030 0.365718983 -0.733379059 0.256248910 0.512582948
1403715355.912142992 0.013185827 1.462688499 0.445697559 0.369481056 -0.732331358 0.256692853 0.511158792
1403715355.962142944 0.002360596 1.459660210 0.449562184 0.373161502 -0.730900797 0.256373896 0.510692612
1403715356.012142897 -0.006372210 1.456785748 0.453018204 0.375587442 -0.729387377 0.255250808 0.511639670
1403715356.062143087 -0.013624575 1.453137453 0.460546027 0.378459540 -0.728757568 0.251233449 0.512408565
1403715356.112143040 -0.021767652 1.449711142 0.465639884 0.380586724 -0.728299824 0.246734086 0.513668572
1403715356.162142992 -0.030172486 1.446313876 0.468772444 0.381693382 -0.727823206 0.242555128 0.515509993
1403715356.212142944 -0.039517778 1.441573011 0.474334841 0.381763272 -0.727686234 0.238955399 0.517329553
1403715356.262142897 -0.046425146 1.434638346 0.482057244 0.380813936 -0.728655200 0.235157411 0.518404608
1403715356.312143087 -0.053061260 1.429592792 0.484608295 0.378902413 -0.729939069 0.232684936 0.519114281
1403715356.362143040 -0.058658429 1.421029780 0.490577260 0.377006875 -0.733479856 0.229694530 0.516830282
1403715356.412142992 -0.061968941 1.411722756 0.491928430 0.374781007 -0.735716866 0.227577468 0.516205759
1403715356.462142944 -0.067299201 1.399908686 0.495937167 0.370875404 -0.740057352 0.227686127 0.512762691
1403715356.512142897 -0.072318778 1.388711543 0.494161778 0.364943583 -0.743325461 0.232279262 0.510225229
1403715356.562143087 -0.074539132 1.374939463 0.495071809 0.360685595 -0.745494513 0.235116055 0.508787060
1403715356.612143040 -0.077506262 1.359946183 0.496443228 0.357954132 -0.746958215 0.238690106 0.506901664
1403715356.662142992 -0.079898098 1.345104741 0.495535511 0.356672762 -0.745976676 0.243510804 0.506957422
1403715356.712142944 -0.083960431 1.327904684 0.496408493 0.357667378 -0.745429401 0.247560302 0.505096973
1403715356.762142897 -0.088254863 1.311139068 0.494616713 0.359593945 -0.743534587 0.252916071 0.503867019
1403715356.812143087 -0.090821140 1.292656883 0.496391029 0.363494387 -0.740494117 0.257346990 0.503301916
1403715356.862143040 -0.096722618 1.273443281 0.500199563 -0.369967785 0.738683008 -0.261204972 -0.499242641
1403715356.912142992 -0.104478186 1.255113533 0.501850513 -0.375986395 0.735784337 -0.268412931 -0.495186973
1403715356.962142944 -0.109358617 1.236582969 0.508077731 -0.382608119 0.732101632 -0.275806778 -0.491496539
1403715357.012142897 -0.116472055 1.215623001 0.516518839 -0.392353118 0.726379372 -0.281497590 -0.489071718
1403715357.062143087 -0.125299197 1.195746742 0.519776983 -0.401216637 0.720943308 -0.289555327 -0.485204770
1403715357.112143040 -0.134557413 1.177412343 0.518130483 -0.410019122 0.712980801 -0.297904667 -0.484557020
1403715357.162142992 -0.146027326 1.156889073 0.517348251 -0.419565006 0.705514449 -0.304825883 -0.483006987
1403715357.212142944 -0.159288093 1.134564639 0.522620384 -0.428818159 0.699564368 -0.310123962 -0.480153943
1403715357.262142897 -0.170859400 1.113178996 0.529027839 -0.437355268 0.692505221 -0.313136109 -0.480731387
1403715357.312143087 -0.184612308 1.094814377 0.536436361 -0.443988830 0.687525001 -0.315097345 -0.480517383
1403715357.362143040 -0.197666683 1.076661567 0.545649328 -0.450162400 0.682678811 -0.315694143 -0.481290622
1403715357.412142992 -0.209926141 1.058847946 0.553766138 -0.454048657 0.679270749 -0.317075078 -0.481554216
1403715357.462142944 -0.222703950 1.041056354 0.563168348 -0.458050204 0.676139231 -0.316802285 -0.482350561
1403715357.512142897 -0.237026768 1.023116931 0.570700983 -0.461700216 0.674489352 -0.316650303 -0.481279139
1403715357.562143087 -0.249107314 1.004661168 0.576639571 -0.464434538 0.673495075 -0.315678159 -0.480678941
1403715357.612143040 -0.262024716 0.985343455 0.583399218 -0.467137733 0.673113208 -0.314388328 -0.479438137
1403715357.662142992 -0.273509712 0.964386015 0.591997609 -0.469826431 0.672246354 -0.312368792 -0.479347162
1403715357.712142944 -0.284454633 0.945223233 0.598479148 -0.470937989 0.669507345 -0.312509903 -0.481990546
1403715357.762142897 -0.293934195 0.925154716 0.605327317 -0.472680537 0.667890218 -0.310809605 -0.483625016
1403715357.812143087 -0.303665496 0.905581445 0.610140797 -0.474962478 0.664849222 -0.309086330 -0.486674221
1403715357.862143040 -0.311745901 0.884665109 0.613580583 -0.477911207 0.662099292 -0.305642912 -0.489701762
1403715357.912142992 -0.320108135 0.862515172 0.616226425 -0.479302223 0.661878030 -0.303417000 -0.490025486
1403715357.962142944 -0.326907265 0.837774545 0.619072810 -0.481419792 0.662663747 -0.300608934 -0.488616424
1403715358.012142897 -0.331709460 0.814402459 0.619616748 -0.482410967 0.663436283 -0.299178193 -0.487467298
1403715358.062143087 -0.333399199 0.791119122 0.619913311 -0.482967336 0.664134055 -0.297734501 -0.486849747
1403715358.112143040 -0.333947375 0.767009997 0.618273544 -0.481881927 0.665097526 -0.299320144 -0.485636223
1403715358.162142992 -0.333435720 0.739483584 0.618751222 -0.480137416 0.667130475 -0.301258244 -0.483371971
1403715358.212142944 -0.332220122 0.710065610 0.619787964 -0.477240598 0.672186288 -0.303103304 -0.478053756
1403715358.262142897 -0.328986746 0.684339417 0.618436047 -0.474806568 0.673172921 -0.306583225 -0.476868605
1403715358.312143087 -0.326973140 0.655112952 0.617719498 -0.474506966 0.674492030 -0.307713910 -0.474569058
1403715358.362143040 -0.323277781 0.623832278 0.616112490 -0.476142898 0.674205378 -0.306669118 -0.474013820
1403715358.412142992 -0.319814141 0.591243037 0.614252306 -0.479501560 0.672041516 -0.305139423 -0.474687673
1403715358.462142944 -0.316674718 0.558253001 0.613184389 -0.483300870 0.668770555 -0.305866407 -0.474986269
1403715358.512142897 -0.312122924 0.522963324 0.612795784 -0.487180764 0.664095317 -0.307408825 -0.476583809
1403715358.562143087 -0.306519681 0.488534269 0.609994320 -0.490422997 0.659064607 -0.310153141 -0.478460193
1403715358.612143040 -0.301662705 0.453768751 0.608534201 -0.493261568 0.654656883 -0.314128213 -0.478999851
1403715358.662142992 -0.296051597 0.418346668 0.607063491 -0.494404560 0.650440382 -0.321445728 -0.478710856
1403715358.712142944 -0.287598138 0.380909759 0.604661162 -0.493722384 0.647122684 -0.331683201 -0.476924201
1403715358.762142897 -0.279177348 0.343622302 0.600765595 -0.493090356 0.644374018 -0.341421172 -0.474421341
1403715358.812143087 -0.270113329 0.306844456 0.598887229 -0.493587172 0.641221580 -0.349226407 -0.472490746
1403715358.862143040 -0.260408207 0.271061611 0.594412964 -0.493429770 0.638611428 -0.356605719 -0.470674906
1403715358.912142992 -0.251652722 0.234450264 0.591717334 -0.493677846 0.635672421 -0.362239341 -0.470090860
1403715358.962142944 -0.242662189 0.198140724 0.588510718 -0.495596400 0.633523473 -0.365569031 -0.468392465
1403715359.012142897 -0.233486002 0.162732168 0.584006605 -0.497050604 0.633768483 -0.368150851 -0.464481602
1403715359.062143087 -0.224058826 0.130820870 0.577990957 -0.499536117 0.633174073 -0.369335310 -0.461677041
1403715359.112143040 -0.214537487 0.099791954 0.572093163 -0.501286495 0.632297867 -0.369683942 -0.460700597
1403715359.162142992 -0.205432928 0.070135474 0.565736489 -0.502205999 0.630717469 -0.370488442 -0.461218955
1403715359.212142944 -0.197699818 0.042034405 0.559831135 -0.502081726 0.629081643 -0.372625171 -0.461866548
1403715359.262142897 -0.188646416 0.014876650 0.555402425 -0.502948194 0.627538440 -0.372375566 -0.463222472
1403715359.312143087 -0.179839612 -0.010099448 0.551345519 -0.504321356 0.626369327 -0.370494114 -0.464817757
1403715359.362143040 -0.171048116 -0.033887403 0.547686556 -0.505526787 0.626146290 -0.368032105 -0.465763739
1403715359.412142992 -0.162612636 -0.054825570 0.543056045 -0.506715182 0.624026946 -0.366153634 -0.468787383
1403715359.462142944 -0.153202408 -0.076177678 0.539445117 -0.507574133 0.622895077 -0.362800392 -0.471959848
1403715359.512142897 -0.142469131 -0.097041210 0.537166076 -0.508512535 0.621810259 -0.359809231 -0.474662324
1403715359.562143087 -0.132961095 -0.117044718 0.534103110 -0.508688088 0.620686730 -0.358558979 -0.476885595
1403715359.612143040 -0.121025097 -0.137190139 0.532909762 -0.507935642 0.621267731 -0.358193123 -0.477205906
1403715359.662142992 -0.108674887 -0.156382043 0.530734336 -0.507088463 0.622374456 -0.359000033 -0.476057037
1403715359.712142944 -0.095762749 -0.173136933 0.527886620 -0.505634838 0.623918202 -0.360429863 -0.474499528
1403715359.762142897 -0.080844122 -0.190260087 0.526726632 -0.505097960 0.626381503 -0.359970777 -0.472168723
1403715359.812143087 -0.065447075 -0.204876660 0.526980082 -0.503449374 0.627120886 -0.362124919 -0.471299973
1403715359.862143040 -0.049067850 -0.220369111 0.529263170 -0.503706788 0.628937446 -0.361261296 -0.469262651
1403715359.912142992 -0.031872944 -0.234556311 0.530940616 -0.503815447 0.631125170 -0.361573210 -0.465956896
1403715359.962142944 -0.015282515 -0.246228699 0.532421898 -0.502129402 0.634089840 -0.364202775 -0.461684392
1403715360.012142897 0.003376640 -0.257651012 0.533781765 -0.502720400 0.635009481 -0.363873634 -0.460033843
1403715360.062143087 0.022011202 -0.269873817 0.535866077 -0.503614479 0.635851160 -0.363374638 -0.458284443
1403715360.112143040 0.041154004 -0.280689424 0.538370514 -0.504379029 0.636087731 -0.362884344 -0.457503165
1403715360.162142992 0.058804500 -0.291819686 0.540554865 -0.504976369 0.635991886 -0.362166664 -0.457546167
1403715360.212142944 0.076749126 -0.302771294 0.543149626 -0.506020436 0.635549076 -0.361480938 -0.457550240
1403715360.262142897 0.093430665 -0.314039001 0.545206020 -0.505488044 0.636593916 -0.360772693 -0.457245107
1403715360.312143087 0.110018014 -0.324563166 0.547346909 -0.503427328 0.638710654 -0.360894312 -0.456470067
1403715360.362143040 0.125915045 -0.333612328 0.549555008 -0.498379385 0.642525340 -0.363304706 -0.454740439
1403715360.412142992 0.141231857 -0.342471771 0.552252834 -0.491891783 0.647704996 -0.365375353 -0.452793069
1403715360.462142944 0.155029697 -0.350963955 0.553373979 -0.484501050 0.653819664 -0.366748930 -0.450858960
1403715360.512142897 0.168036884 -0.358129981 0.553868908 -0.475905998 0.659500018 -0.367841531 -0.450850102
1403715360.562143087 0.180019713 -0.364620835 0.551753322 -0.467275128 0.664966453 -0.367344519 -0.452251673
1403715360.612143040 0.188999094 -0.370751001 0.552911889 -0.459080905 0.670548527 -0.364100578 -0.455016665
1403715360.662142992 0.196039310 -0.375598461 0.554197648 -0.451368432 0.674965173 -0.358893078 -0.460308932
1403715360.712142944 0.200611867 -0.379418671 0.557623961 -0.443632892 0.679753082 -0.352591763 -0.465622866
1403715360.762142897 0.205118561 -0.382625480 0.559468485 -0.438243526 0.683667089 -0.342722662 -0.472316737
1403715360.812143087 0.206880811 -0.384892370 0.560764531 -0.431488131 0.688383806 -0.332506303 -0.478941841
1403715360.862143040 0.209620091 -0.387805556 0.561604975 -0.424869000 0.693435748 -0.320860158 -0.485470859
1403715360.912142992 0.210480627 -0.389459015 0.563046946 -0.416820575 0.697723322 -0.310780214 -0.492806689
1403715360.962142944 0.211055563 -0.390068145 0.568600336 -0.408323017 0.702669763 -0.301611840 -0.498555730
1403715361.012142897 0.212322756 -0.391605210 0.575642976 0.398863416 -0.708281070 0.292401292 0.503733447
1403715361.062143087 0.214079995 -0.393566476 0.582213188 0.389289615 -0.714295896 0.282678317 0.508259714
1403715361.112143040 0.215648476 -0.393510400 0.587508705 0.378952448 -0.720229528 0.274779319 0.512016401
1403715361.162142992 0.216529947 -0.393562920 0.591996130 0.368255530 -0.726262250 0.266326059 0.515753274
1403715361.212142944 0.216326173 -0.394037270 0.596792039 0.358529041 -0.732091911 0.256620541 0.519272817
1403715361.262142897 0.215652250 -0.393197577 0.600753557 0.348224988 -0.737280513 0.248356600 0.522949139
1403715361.312143087 0.216168110 -0.393214870 0.604694177 0.338231824 -0.742031923 0.239942933 0.526702238
1403715361.362143040 0.217522315 -0.393850883 0.609549110 0.328429402 -0.746304157 0.230926386 0.530883450
1403715361.412142992 0.218405658 -0.394470383 0.614516382 0.317742514 -0.750700381 0.223251890 0.534459752
1403715361.462142944 0.220249216 -0.397882993 0.617449603 0.307567300 -0.755236494 0.215634734 0.537142304
1403715361.512142897 0.222279705 -0.401092910 0.619124692 0.298653760 -0.758341001 0.209245137 0.540315954
1403715361.562143087 0.225211743 -0.406260728 0.619549487 0.291541512 -0.761547535 0.202488608 0.542261249
1403715361.612143040 0.227778707 -0.412611383 0.620335266 0.286286473 -0.764613102 0.195367584 0.543358415
1403715361.662142992 0.231207901 -0.417300817 0.621411510 0.280619529 -0.766787631 0.191376847 0.544668993
1403715361.712142944 0.233831751 -0.422802603 0.620249927 0.274862033 -0.769728892 0.187768437 0.544712135
1403715361.762142897 0.236845391 -0.431926922 0.617107548 0.269170839 -0.773986597 0.183272369 0.543049764
1403715361.812143087 0.240714865 -0.441455022 0.612842437 0.262062105 -0.778060293 0.179592065 0.541933875
1403715361.862143040 0.244914671 -0.451510033 0.608287578 0.254943231 -0.781815643 0.174870483 0.541468894
1403715361.912142992 0.246948717 -0.461236416 0.604639446 0.247606336 -0.785658530 0.169276769 0.541088858
1403715361.962142944 0.250429742 -0.470682829 0.600117726 0.238076460 -0.787499931 0.164916300 0.544027639
1403715362.012142897 0.250867136 -0.481882894 0.596818313 0.227801776 -0.790291815 0.159800185 0.545902095
1403715362.062143087 0.252261646 -0.493462172 0.593138248 0.218393366 -0.792397465 0.152977134 0.548642500
1403715362.112143040 0.250702575 -0.505897268 0.590308291 0.208173010 -0.795373008 0.145890167 0.550237981
1403715362.162142992 0.251095370 -0.517819192 0.587085606 0.198136357 -0.797950880 0.137366125 0.552401055
1403715362.212142944 0.248921164 -0.530198483 0.584315617 0.187053693 -0.800966899 0.128262809 0.554086271
1403715362.262142897 0.248323212 -0.542195990 0.579460112 0.175787537 -0.802403793 0.119252115 0.557696896
1403715362.312143087 0.246376205 -0.555955365 0.574540352 0.164252065 -0.805311532 0.109981716 0.558926308
1403715362.362143040 0.246330037 -0.569693043 0.568953039 0.152609633 -0.807382922 0.100566552 0.561007562
1403715362.412142992 0.244388477 -0.586806219 0.565277683 0.139777237 -0.809904037 0.091099482 0.562333228
1403715362.462142944 0.243813968 -0.603875215 0.558908671 0.127396942 -0.811065634 0.082054939 0.564986322
1403715362.512142897 0.240088654 -0.622698794 0.554790908 0.114056195 -0.813673964 0.073172634 0.565306670
1403715362.562143087 0.238746804 -0.641028121 0.550999587 0.101202420 -0.815244251 0.064300527 0.566568905
1403715362.612143040 0.233464454 -0.663281972 0.547985938 0.088123395 -0.817539689 0.055473058 0.566379611
1403715362.662142992 0.230360599 -0.683983310 0.544590909 0.074955616 -0.818306470 0.048089144 0.567841185
1403715362.712142944 0.224954167 -0.707569488 0.540781948 0.061463680 -0.819788750 0.040646185 0.567905369
1403715362.762142897 0.221692322 -0.730166571 0.537646498 0.046059671 -0.820380903 0.036939336 0.568761080
1403715362.812143087 0.215409177 -0.754819674 0.535865804 0.029649932 -0.821629755 0.034249489 0.568218620
1403715362.862143040 0.211246400 -0.779516558 0.533391716 0.010984876 -0.821175746 0.036237316 0.569417758
1403715362.912142992 0.205703132 -0.804459710 0.532022903 -0.008506729 -0.818957963 0.039849198 0.572405041
1403715362.962142944 0.200481414 -0.828626115 0.529750315 -0.025658670 -0.815524006 0.040898310 0.576705780
1403715363.012142897 0.194978067 -0.852285613 0.527581549 -0.038342245 -0.814023505 0.040430598 0.578153070
1403715363.062143087 0.188923540 -0.873825881 0.525347121 -0.051907553 -0.812041339 0.039415673 0.579949027
1403715363.112143040 0.183533456 -0.893127837 0.525461994 -0.064558986 -0.810224618 0.036599979 0.581402311
1403715363.162142992 0.180243439 -0.909098051 0.526188825 -0.074626017 -0.810215873 0.032487124 0.580453085
1403715363.212142944 0.176094350 -0.921522671 0.528782406 -0.084045027 -0.810409003 0.027618077 0.579146720
1403715363.262142897 0.172034946 -0.932990318 0.533266536 -0.093137930 -0.810304317 0.021302466 0.578168180
1403715363.312143087 0.168858606 -0.940921891 0.537335740 -0.102180756 -0.809874387 0.015836208 0.577418206
1403715363.362143040 0.165987149 -0.945757015 0.543157487 -0.110307737 -0.809630644 0.009599772 0.576401135
1403715363.412142992 0.162439396 -0.946997597 0.548581926 -0.118563433 -0.808318331 0.002700078 0.576677464
1403715363.462142944 0.161035897 -0.946134240 0.553148641 -0.125592885 -0.807380669 -0.004964554 0.576487846
1403715363.512142897 0.159472880 -0.943064771 0.558437878 -0.133025058 -0.806468833 -0.012774240 0.575976713
1403715363.562143087 0.158318744 -0.938173468 0.563787196 -0.138512823 -0.805770895 -0.023449848 0.575323880
1403715363.612143040 0.157320446 -0.931315405 0.569398464 -0.142294235 -0.805539468 -0.036803319 0.574024418
1403715363.662142992 0.156215467 -0.922577346 0.576730654 -0.148398545 -0.805044127 -0.048089085 0.572336672
1403715363.712142944 0.160089365 -0.913734466 0.583255556 -0.153695290 -0.803434613 -0.059248594 0.572153987
1403715363.762142897 0.161474293 -0.903695317 0.590792543 -0.161858285 -0.801775937 -0.069083822 0.571125790
1403715363.812143087 0.164361019 -0.893984021 0.596298131 -0.170879345 -0.799872083 -0.078804258 0.569907703
1403715363.862143040 0.171521591 -0.880942513 0.601020613 -0.181494496 -0.796796443 -0.086600115 0.569803120
1403715363.912142992 0.174634715 -0.870078195 0.606173102 -0.192094960 -0.793683860 -0.096955382 0.569003613
1403715363.962142944 0.176391315 -0.856326096 0.611866295 -0.202540984 -0.790428131 -0.108090024 0.567905860
1403715364.012142897 0.179017644 -0.843683819 0.615513848 -0.215542736 -0.786222458 -0.117728798 0.567041008
1403715364.062143087 0.183363299 -0.830029549 0.619813369 -0.227406056 -0.782130326 -0.127604436 0.565929100
1403715364.112143040 0.185449167 -0.816715847 0.625366810 -0.238718461 -0.779061220 -0.135903458 0.563566643
1403715364.162142992 0.190797588 -0.805172747 0.629663148 -0.247852877 -0.775996582 -0.143407976 0.561989688
1403715364.212142944 0.196734692 -0.794147910 0.631893721 -0.256110756 -0.773618142 -0.149675848 0.559928024
1403715364.262142897 0.203141457 -0.783677743 0.634505609 -0.263764197 -0.771605864 -0.153942598 0.557991501
1403715364.312143087 0.209847021 -0.772902047 0.637854293 -0.270679871 -0.770417415 -0.155708819 0.555827471
1403715364.362143040 0.217959795 -0.760973943 0.639916551 -0.276819295 -0.769617858 -0.155500523 0.553966622
1403715364.412142992 0.224968873 -0.750092170 0.641838588 -0.281377566 -0.769071767 -0.155193820 0.552512589
1403715364.462142944 0.234752481 -0.737711738 0.647191180 -0.284950450 -0.767861594 -0.154708564 0.552500745
1403715364.512142897 0.243679233 -0.725936451 0.656603390 -0.288106645 -0.767999994 -0.152731140 0.551220256
1403715364.562143087 0.253039143 -0.714811762 0.666371005 -0.289163087 -0.767825224 -0.151893580 0.551141974
1403715364.612143040 0.261913173 -0.701391447 0.675545807 -0.289927670 -0.767991478 -0.151270463 0.550679836
1403715364.662142992 0.272437430 -0.688518824 0.678128204 -0.290631161 -0.765854580 -0.152565010 0.552923330
1403715364.712142944 0.283642261 -0.674434236 0.682119959 -0.289475029 -0.764353241 -0.157657027 0.554177402
1403715364.762142897 0.295647715 -0.658700546 0.689153803 -0.288412532 -0.764459853 -0.164680613 0.552539265
1403715364.812143087 0.308229068 -0.640854576 0.698940054 -0.288201116 -0.766156778 -0.171777744 0.548120713
1403715364.862143040 0.321982549 -0.625554278 0.707481285 -0.288788056 -0.767554889 -0.178641691 0.543643355
1403715364.912142992 0.336464295 -0.612378583 0.713444444 -0.291645888 -0.767346927 -0.184438935 0.540466141
1403715364.962142944 0.351456656 -0.597079934 0.718851504 -0.294279229 -0.767435617 -0.190794078 0.536693515
1403715365.012142897 0.363850864 -0.581342466 0.726334292 -0.300474725 -0.766203280 -0.194080159 0.533835523
1403715365.062143087 0.377364701 -0.567296908 0.733547949 -0.304074145 -0.765558413 -0.199753428 0.530620202
1403715365.112143040 0.389539479 -0.553567402 0.740509772 -0.309298526 -0.762838109 -0.204851683 0.529573630
1403715365.162142992 0.399907849 -0.539554533 0.747985024 -0.314964906 -0.758651226 -0.210116131 0.530185474
1403715365.212142944 0.411073688 -0.525764456 0.755761657 -0.320094238 -0.755052099 -0.214843968 0.530356556
1403715365.262142897 0.418159543 -0.512299466 0.764068754 -0.324708934 -0.752773194 -0.219799009 0.528757999
1403715365.312143087 0.426967149 -0.500781647 0.769679989 -0.328777714 -0.749982118 -0.224047199 0.528426807
1403715365.362143040 0.437011494 -0.491538549 0.772867536 -0.332978450 -0.746585830 -0.227791829 0.529004568
1403715365.412142992 0.444956183 -0.481359023 0.778276331 -0.339172918 -0.743036571 -0.230466577 0.528907877
1403715365.462142944 0.452194435 -0.471443155 0.783553979 -0.345316488 -0.740335006 -0.233913942 0.527204770
1403715365.512142897 0.460321533 -0.464996219 0.786899859 -0.351910261 -0.736032206 -0.238052936 0.527016659
1403715365.562143087 0.467577004 -0.457716468 0.792839362 -0.359061443 -0.732732990 -0.243117192 0.524472379
1403715365.612143040 0.476953750 -0.449297587 0.796130986 -0.369110608 -0.727434592 -0.245910151 0.523568975
1403715365.662142992 0.486591209 -0.441629298 0.801278054 -0.380464909 -0.721444716 -0.248425481 0.522540672
1403715365.712142944 0.497300486 -0.433978752 0.805747794 -0.392177696 -0.715181661 -0.251035393 0.521241861
1403715365.762142897 0.508319592 -0.427621082 0.809339925 -0.403482646 -0.709152455 -0.254362599 0.519234261
1403715365.812143087 0.519395898 -0.422283342 0.814259736 -0.414315203 -0.703812171 -0.258236040 0.516047952
1403715365.862143040 0.535902911 -0.418407042 0.818939387 -0.422804414 -0.698162084 -0.263163433 0.514345351
1403715365.912142992 0.549899846 -0.412738615 0.825835012 -0.431763963 -0.694005379 -0.266976753 0.510548556
1403715365.962142944 0.567290310 -0.408704505 0.828819597 -0.439261181 -0.689421262 -0.269670637 0.508945661
1403715366.012142897 0.583286507 -0.405316294 0.830180134 -0.446098068 -0.684040393 -0.271004865 0.509550408
1403715366.062143087 0.598136622 -0.399963570 0.833360823 -0.453007084 -0.680572299 -0.270795815 0.508208180
1403715366.112143040 0.609667757 -0.395851731 0.837405873 -0.459110931 -0.677042722 -0.270430892 0.507639083
1403715366.162142992 0.623570643 -0.392044460 0.840544777 -0.462565036 -0.674747051 -0.272120309 0.506656237
1403715366.212142944 0.642382186 -0.387507089 0.842910011 -0.466033610 -0.672782884 -0.272622262 0.505819105
1403715366.262142897 0.663213682 -0.382637425 0.846005739 -0.468055452 -0.671653090 -0.273361350 0.505054247
1403715366.312143087 0.685980377 -0.377747364 0.848774188 -0.468719580 -0.671448002 -0.274830309 0.503912529
1403715366.362143040 0.708751172 -0.375547064 0.852180589 -0.468315320 -0.671087043 -0.277704971 0.503192697
1403715366.412142992 0.732509433 -0.372307084 0.855922871 0.467384202 0.673447348 0.280396081 -0.499398353
1403715366.462142944 0.759411691 -0.367183839 0.855319831 0.464720395 0.675946715 0.283737476 -0.496612562
1403715366.512142897 0.786283613 -0.362076087 0.853652918 0.462040875 0.678373437 0.287090739 -0.493869028
1403715366.562143087 0.812863793 -0.356232640 0.851912028 0.460747905 0.680396481 0.288156307 -0.491668526
1403715366.612143040 0.838854938 -0.350163868 0.849166778 0.458915217 0.683314134 0.288933432 -0.488872263
1403715366.662142992 0.863880912 -0.342973570 0.847815044 0.457580139 0.686252711 0.288942829 -0.485993493
1403715366.712142944 0.886903471 -0.337496080 0.848221071 0.456412580 0.689330394 0.289016253 -0.482680817
1403715366.762142897 0.910774862 -0.331441213 0.849353860 0.455410969 0.692469068 0.287930099 -0.479774631
1403715366.812143087 0.937042884 -0.326755964 0.850364014 0.454524799 0.695256528 0.286824306 -0.477239338
1403715366.862143040 0.964677235 -0.322060804 0.848706959 0.454102644 0.696700839 0.284994200 -0.476630922
1403715366.912142992 0.990522921 -0.314379074 0.848038431 0.453684857 0.698074396 0.282884549 -0.476275676
1403715366.962142944 1.014274843 -0.306472807 0.850123380 0.453977872 0.699440236 0.279867437 -0.475774806
1403715367.012142897 1.037517843 -0.300060628 0.851880629 0.453208278 0.700096100 0.278296563 -0.476464826
1403715367.062143087 1.060715378 -0.290779820 0.853162659 0.453421686 0.700264052 0.275754835 -0.477491677
1403715367.112143040 1.081997433 -0.279969830 0.856851329 0.452706362 0.701316100 0.274053624 -0.477605788
1403715367.162142992 1.104225362 -0.271003131 0.858003636 0.452416167 0.701542363 0.272400577 -0.478493313
1403715367.212142944 1.124386207 -0.257940289 0.861643289 0.450832867 0.702610488 0.271827468 -0.478746338
1403715367.262142897 1.145408379 -0.245411184 0.864027421 0.451350048 0.702369316 0.269044361 -0.480182893
1403715367.312143087 1.166335735 -0.231971347 0.868123303 0.451275556 0.703665276 0.267347754 -0.479302337
1403715367.362143040 1.188163155 -0.216032209 0.869819446 0.451712385 0.704643317 0.264509246 -0.479028783
1403715367.412142992 1.208040437 -0.200616041 0.872186970 0.451091497 0.705396344 0.263574079 -0.479021047
1403715367.462142944 1.228874065 -0.182323853 0.873437427 0.450672025 0.706033426 0.262093667 -0.479289513
1403715367.512142897 1.250316671 -0.164132828 0.874710561 0.450482585 0.706871848 0.260709991 -0.478986358
1403715367.562143087 1.271938080 -0.145753657 0.874393552 0.450075193 0.706967132 0.259787800 -0.479729187
1403715367.612143040 1.290421490 -0.123346357 0.878243135 0.448991735 0.707608378 0.259288121 -0.480069241
1403715367.662142992 1.307525666 -0.098839634 0.881559310 0.448168694 0.708442534 0.258255330 -0.480164746
1403715367.712142944 1.326462616 -0.074687285 0.884303078 0.446864644 0.708589160 0.259022726 -0.480750060
1403715367.762142897 1.345253267 -0.050032239 0.887257640 0.445436269 0.708662352 0.259525406 -0.481695718
1403715367.812143087 1.363013068 -0.022938955 0.891463915 0.444004006 0.709270034 0.260504424 -0.481595169
1403715367.862143040 1.381625726 0.003715042 0.895084437 0.441250884 0.709297977 0.263034005 -0.482708141
1403715367.912142992 1.400347918 0.032061423 0.897969033 0.438427627 0.708741380 0.266507327 -0.484190786
1403715367.962142944 1.420753550 0.061269102 0.897130576 0.437163715 0.705777384 0.268504517 -0.488540167
1403715368.012142897 1.437022232 0.091238996 0.902999290 0.436162371 0.704229876 0.270596802 -0.490509978
1403715368.062143087 1.453847697 0.120982292 0.906665902 0.436028251 0.701877193 0.271646569 -0.493412516
1403715368.112143040 1.472110856 0.148940621 0.907602739 0.435320632 0.699660030 0.273147660 -0.496348814
1403715368.162142992 1.488935460 0.179986994 0.909296232 0.435486594 0.698281552 0.273315862 -0.498048934
1403715368.212142944 1.507131061 0.209234742 0.909010222 0.436256099 0.696820407 0.272824149 -0.499688823
1403715368.262142897 1.523577374 0.240186691 0.913108073 -0.438431753 -0.695987053 -0.270767472 0.500064591
1403715368.312143087 1.543883796 0.269508658 0.913074705 -0.441070781 -0.694271758 -0.268057758 0.501585816
1403715368.362143040 1.564252304 0.299224705 0.912985059 -0.443603586 -0.691654064 -0.265016715 0.504575718
1403715368.412142992 1.584265403 0.329698316 0.913089732 -0.445828864 -0.689876984 -0.262743576 0.506233329
1403715368.462142944 1.605502559 0.359030442 0.911004873 -0.446959009 -0.687270807 -0.262167944 0.509072147
1403715368.512142897 1.627297452 0.388741654 0.911094678 -0.447208914 -0.685822657 -0.262918327 0.510416912
1403715368.562143087 1.651644470 0.420582769 0.909895402 -0.446119945 -0.685843483 -0.265590561 0.509958200
1403715368.612143040 1.677511720 0.450208470 0.909414315 -0.443606891 -0.687117401 -0.270706001 0.507740942
1403715368.662142992 1.703881892 0.480354479 0.910778517 -0.440517043 -0.689483349 -0.275841532 0.504449101
1403715368.712142944 1.733712863 0.510792846 0.903947005 -0.440359738 -0.690307464 -0.277799307 0.502380784
1403715368.762142897 1.762656976 0.541513208 0.900313651 -0.438873539 -0.691645045 -0.281008930 0.500051127
1403715368.812143087 1.792308380 0.570125807 0.895856867 0.437585439 0.692081583 0.283953786 -0.498911128
1403715368.862143040 1.821596888 0.600328066 0.890850765 0.438622490 0.692909814 0.284037530 -0.496798735
1403715368.912142992 1.852234462 0.628702236 0.882776827 0.438020795 0.693433392 0.283766009 -0.496754231
1403715368.962142944 1.881314811 0.655189574 0.878567336 0.436970066 0.695387869 0.282414416 -0.495716624
1403715369.012142897 1.908694973 0.682280739 0.875672202 0.435465838 0.698682035 0.279141836 -0.494259803
1403715369.062143087 1.934579033 0.710503272 0.874241659 0.432969916 0.703363565 0.274418554 -0.492454266
1403715369.112143040 1.962623154 0.735101497 0.869830396 0.428991270 0.707337263 0.269763533 -0.492816520
1403715369.162142992 1.988468154 0.759126403 0.868762246 0.422485801 0.711926308 0.265994253 -0.493876236
1403715369.212142944 2.015656837 0.784351843 0.864607890 0.415524840 0.716499402 0.260927624 -0.495867411
1403715369.262142897 2.040468719 0.809238178 0.864282748 0.406365392 0.721455410 0.257398471 -0.498111720
1403715369.312143087 2.065811118 0.836565350 0.860231472 -0.397675599 -0.726817894 -0.251435081 0.500370129
1403715369.362143040 2.090261155 0.863658720 0.856065603 -0.388818103 -0.732126690 -0.245162053 0.502699274
1403715369.412142992 2.111708078 0.891919389 0.854953675 -0.378777595 -0.738427283 -0.238767839 0.504224752
1403715369.462142944 2.134666798 0.921137208 0.849447711 -0.369763769 -0.743648356 -0.230444376 0.507106761
1403715369.512142897 2.157844238 0.948516043 0.848212653 -0.359603641 -0.749180823 -0.222725244 0.509712450
1403715369.562143087 2.182142300 0.972852345 0.846984475 -0.348712612 -0.753475246 -0.215931183 0.513856296
1403715369.612143040 2.204302818 0.997459053 0.846440765 -0.337400686 -0.757867020 -0.209489803 0.517602531
1403715369.662142992 2.222614821 1.026468849 0.846123967 -0.326996896 -0.762843442 -0.202708438 0.519665471
1403715369.712142944 2.242776230 1.053473977 0.845387831 -0.318178043 -0.766533575 -0.197199171 0.521825161
1403715369.762142897 2.262705332 1.081102404 0.843314697 -0.309199426 -0.769657714 -0.193213520 0.524109964
1403715369.812143087 2.279982022 1.110843821 0.841717880 -0.302420853 -0.772908489 -0.188985907 0.524822277
1403715369.862143040 2.297551129 1.139869066 0.839372141 -0.295634684 -0.775655357 -0.187303666 0.525239220
1403715369.912142992 2.314000560 1.168986108 0.839583830 -0.290198908 -0.779127314 -0.186108373 0.523554100
1403715369.962142944 2.330803944 1.198089368 0.836584205 -0.286467477 -0.782371326 -0.184698658 0.521265670
1403715370.012142897 2.345559788 1.227850669 0.833145839 -0.282256328 -0.785196969 -0.185322672 0.519088232
1403715370.062143087 2.359566721 1.256683419 0.826168019 -0.278492621 -0.786934016 -0.187129071 0.517841120
1403715370.112143040 2.371030111 1.287652094 0.822333597 -0.275357866 -0.787799310 -0.188795295 0.517596976
1403715370.162142992 2.383198764 1.314315948 0.818051781 -0.272469194 -0.786127284 -0.191791831 0.520557707
1403715370.212142944 2.390117537 1.346451934 0.814238301 -0.273826599 -0.783449412 -0.189082647 0.524855947
1403715370.262142897 2.397050898 1.375046038 0.809492959 -0.276089240 -0.779658779 -0.186461500 0.530225451
1403715370.312143087 2.400833270 1.402121880 0.811242853 -0.278279019 -0.777143366 -0.184353618 0.533500440
1403715370.362143040 2.406461439 1.429215110 0.804790308 -0.282005120 -0.773710061 -0.180504083 0.537832808
1403715370.412142992 2.410041615 1.452632859 0.806229625 -0.285699102 -0.770993707 -0.177628724 0.540733542
1403715370.462142944 2.411769183 1.478712479 0.806526065 -0.288978661 -0.769314727 -0.174962167 0.542249412
1403715370.512142897 2.413692076 1.504797829 0.808299316 -0.291520871 -0.767802838 -0.173734470 0.543424989
1403715370.562143087 2.417830993 1.528290087 0.807916754 -0.294234633 -0.766701565 -0.172880861 0.543789389
1403715370.612143040 2.423118569 1.553247058 0.802302308 -0.295492406 -0.764884912 -0.173492782 0.545468206
1403715370.662142992 2.426915149 1.579960790 0.801162496 -0.297236742 -0.764711461 -0.172985818 0.544924405
1403715370.712142944 2.432764107 1.605743702 0.798085574 -0.297761296 -0.764020868 -0.173651149 0.545394905
1403715370.762142897 2.438302025 1.630448260 0.799115690 -0.297211376 -0.764484110 -0.176375634 0.544170083
1403715370.812143087 2.444708533 1.656163954 0.796629958 -0.296020776 -0.765037199 -0.179292761 0.543087369
1403715370.862143040 2.450027479 1.684926578 0.791153625 -0.295427006 -0.766043060 -0.180934761 0.541445775
1403715370.912142992 2.455531219 1.711590618 0.787963312 -0.295703916 -0.766926288 -0.182016092 0.539678984
1403715370.962142944 2.460208802 1.737392907 0.787151173 -0.296616537 -0.768849850 -0.182428721 0.536291245
1403715371.012142897 2.464959709 1.764031002 0.783871376 -0.297982357 -0.771637170 -0.181649863 0.531776193
1403715371.062143087 2.468858040 1.789953549 0.783218727 -0.299520648 -0.775699689 -0.180694717 0.525287344
1403715371.112143040 2.472804751 1.814676510 0.780200307 -0.300326745 -0.779069023 -0.180703833 0.519809031
1403715371.162142992 2.474191315 1.842193181 0.776018212 -0.301831257 -0.782306538 -0.179579282 0.514437220
1403715371.212142944 2.474594651 1.869033319 0.773211540 -0.302305786 -0.784936239 -0.179562532 0.510140774
1403715371.262142897 2.473836268 1.897597157 0.770920647 -0.302455709 -0.786340114 -0.179811163 0.507796923
1403715371.312143087 2.472284054 1.927147745 0.765111268 -0.302680123 -0.786890427 -0.179787029 0.506818333
1403715371.362143040 2.468410870 1.958166481 0.761958215 -0.302507187 -0.787098760 -0.179712360 0.506624526
1403715371.412142992 2.461493123 1.989371710 0.761259039 -0.301085451 -0.786077321 -0.180995657 0.508596666
1403715371.462142944 2.451928696 2.023830189 0.752694876 -0.301747739 -0.782989286 -0.179743305 0.513389155
1403715371.512142897 2.442588357 2.056606412 0.750352265 -0.302226590 -0.778084246 -0.178565683 0.520920619
1403715371.562143087 2.430911428 2.090221861 0.751295424 -0.303473495 -0.773945905 -0.176165680 0.527140614
1403715371.612143040 2.420108067 2.123605878 0.750034887 -0.304865456 -0.770167825 -0.173874107 0.532603389
1403715371.662142992 2.411396705 2.157323075 0.744579354 -0.306213542 -0.765872733 -0.170986539 0.538920984
1403715371.712142944 2.401690070 2.192034102 0.740316663 -0.307931969 -0.762674913 -0.167238594 0.543632351
1403715371.762142897 2.390869219 2.227238030 0.743177309 -0.308153756 -0.761358265 -0.165159692 0.545982721
1403715371.812143087 2.382004264 2.264438881 0.739165444 -0.307839638 -0.760467266 -0.164282320 0.547663778
1403715371.862143040 2.373666683 2.300707879 0.737041673 -0.306103252 -0.762929116 -0.165964770 0.544697767
1403715371.912142992 2.368848354 2.337409287 0.730940033 -0.302416511 -0.764802486 -0.169718453 0.542970587
1403715371.962142944 2.362227780 2.376698037 0.726850966 -0.298718547 -0.767291843 -0.173448185 0.540320446
1403715372.012142897 2.355731430 2.417692918 0.715788955 -0.297024467 -0.768406664 -0.174659634 0.539278849
1403715372.062143087 2.347087340 2.458347395 0.708023435 -0.295197137 -0.768333274 -0.176429873 0.539810273
1403715372.112143040 2.338070993 2.499785794 0.699644878 -0.294776777 -0.768189319 -0.176255143 0.540301718
1403715372.162142992 2.326999298 2.541065086 0.696763050 -0.293000141 -0.767879496 -0.176245941 0.541709668
1403715372.212142944 2.316823609 2.579596169 0.692195864 -0.292273753 -0.767555822 -0.173889283 0.543320008
1403715372.262142897 2.306154156 2.617619685 0.690396476 -0.288541596 -0.767732394 -0.173269297 0.545260002
1403715372.312143087 2.293437402 2.656896049 0.693386465 -0.284463205 -0.769690847 -0.171165278 0.545306457
1403715372.362143040 2.284725255 2.695032047 0.691673935 -0.279395366 -0.770804680 -0.168010975 0.547330509
1403715372.412142992 2.279650935 2.731785299 0.695923846 -0.272586248 -0.772514305 -0.165741538 0.549042920
1403715372.462142944 2.272646288 2.771102282 0.696660654 -0.267287797 -0.774123525 -0.162000180 0.550496088
1403715372.512142897 2.266312707 2.807081545 0.702116454 -0.261431982 -0.775121179 -0.160260709 0.552410156
1403715372.562143087 2.256747501 2.844594112 0.708573340 -0.256253611 -0.776467333 -0.158332329 0.553501076
1403715372.612143040 2.248487212 2.882679073 0.711151847 -0.251970961 -0.776604473 -0.156094558 0.555905222
1403715372.662142992 2.239586258 2.919236054 0.718480890 -0.248151197 -0.777605177 -0.154941152 0.556546863
1403715372.712142944 2.232318524 2.957467816 0.718981272 -0.246282956 -0.777812067 -0.152140313 0.557858780
1403715372.762142897 2.222964463 2.995318248 0.725761486 -0.243345798 -0.778851401 -0.151454928 0.557884147
1403715372.812143087 2.217192609 3.032112043 0.728543370 -0.242123104 -0.778781939 -0.150071263 0.558886134
1403715372.862143040 2.207854565 3.069609581 0.737573629 -0.240508160 -0.779171711 -0.148983537 0.559331007
1403715372.912142992 2.198973788 3.107044944 0.742514600 -0.240698954 -0.779411339 -0.146601301 0.559544490
1403715372.962142944 2.191505808 3.143955533 0.745007944 -0.241421742 -0.778831783 -0.144045972 0.560702554
1403715373.012142897 2.184539567 3.179849211 0.749286664 -0.242393618 -0.778742036 -0.141797946 0.560980853
1403715373.062143087 2.179028667 3.214898685 0.753244664 -0.243222417 -0.778017346 -0.140044343 0.562067120
1403715373.112143040 2.168485175 3.252143283 0.759390806 -0.244022771 -0.777922110 -0.138758209 0.562171004
1403715373.162142992 2.165297862 3.287725621 0.762241914 -0.245102782 -0.777698653 -0.137515394 0.562315701
1403715373.212142944 2.157071403 3.324707388 0.768035821 -0.245221716 -0.777187627 -0.137562642 0.562958455
1403715373.262142897 2.151228752 3.360433509 0.767403705 -0.245861575 -0.777298679 -0.138440471 0.562310488
1403715373.312143087 2.143535653 3.395213351 0.776589865 -0.243556434 -0.776983531 -0.142792939 0.562660672
1403715373.362143040 2.136802238 3.434185488 0.772597838 -0.244083257 -0.777037538 -0.143408865 0.562200966
1403715373.412142992 2.130599447 3.471365155 0.775129885 -0.244154993 -0.776804081 -0.144557708 0.562198212
1403715373.462142944 2.121728047 3.508252635 0.782479505 -0.242993957 -0.777212178 -0.146592716 0.561609956
1403715373.512142897 2.114495138 3.545769395 0.779837718 -0.242174226 -0.777748106 -0.146507165 0.561244313
1403715373.562143087 2.109165869 3.578888282 0.784109235 -0.238468616 -0.778319170 -0.148728843 0.561455003
1403715373.612143040 2.102325539 3.614532605 0.787933780 -0.231749988 -0.780215703 -0.151145237 0.560990657
1403715373.662142992 2.094700680 3.650162239 0.784372567 -0.224616239 -0.781917606 -0.151412216 0.561450570
1403715373.712142944 2.090635247 3.680653812 0.782185165 -0.216113886 -0.784050908 -0.151880656 0.561686058
1403715373.762142897 2.081524616 3.713611209 0.774122056 -0.207716263 -0.786262453 -0.148702617 0.562612514
1403715373.812143087 2.071324126 3.742215627 0.773894747 -0.198883078 -0.788117749 -0.143740541 0.564494989
1403715373.862143040 2.059930194 3.766268692 0.773265984 -0.190578968 -0.790221992 -0.136573401 0.566194813
1403715373.912142992 2.048256430 3.790913066 0.779691920 -0.181215568 -0.792197962 -0.128707161 0.568346526
1403715373.962142944 2.039470863 3.814068368 0.779555154 -0.171883777 -0.793227831 -0.119625969 0.571782478
1403715374.012142897 2.026552444 3.836989270 0.783556646 -0.160851939 -0.795425372 -0.111207982 0.573635700
1403715374.062143087 2.015737180 3.858083204 0.783239034 -0.150176162 -0.797677268 -0.101829203 0.575142513
1403715374.112143040 2.007108320 3.879014488 0.783134009 -0.139270901 -0.800058104 -0.092109522 0.576217391
1403715374.162142992 1.997084943 3.900330429 0.784809496 -0.126829758 -0.802679427 -0.084022389 0.576680317
1403715374.212142944 1.987010278 3.920361500 0.783824615 -0.115238279 -0.804551065 -0.074563425 0.577804481
1403715374.262142897 1.978032455 3.939153411 0.781467125 -0.103369496 -0.805557273 -0.065359082 0.579758931
1403715374.312143087 1.968935850 3.955887547 0.781785923 -0.092081519 -0.806966227 -0.056040208 0.580677188
1403715374.362143040 1.957055223 3.972226062 0.786588791 -0.080632503 -0.809390577 -0.048744209 0.579663087
1403715374.412142992 1.944188221 3.988840311 0.782825103 -0.071338871 -0.811966677 -0.041628405 0.577830388
1403715374.462142944 1.935416853 4.002563936 0.782990522 -0.062911478 -0.813628615 -0.036532139 0.576815418
1403715374.512142897 1.921903403 4.017385845 0.786152707 -0.056079306 -0.817219663 -0.032493769 0.572670314
1403715374.562143087 1.911960357 4.031826574 0.781502179 -0.050997640 -0.819049009 -0.029050697 0.570713605
1403715374.612143040 1.901192554 4.044153901 0.786613544 -0.046794723 -0.822197667 -0.027475168 0.566609535
1403715374.662142992 1.887649896 4.060039316 0.780042238 -0.044194295 -0.823134983 -0.024815994 0.565579200
1403715374.712142944 1.874764442 4.071206879 0.786764091 -0.042224733 -0.825081011 -0.024493186 0.562901839
1403715374.762142897 1.860596460 4.085016418 0.780972479 -0.040813855 -0.825116150 -0.024126108 0.562970247
1403715374.812143087 1.843765784 4.097115236 0.783183381 -0.039801962 -0.825612833 -0.024803526 0.562284660
1403715374.862143040 1.826780218 4.108594712 0.784478602 -0.039576942 -0.825300777 -0.025655405 0.562720262
1403715374.912142992 1.807226674 4.119986453 0.786491849 -0.039254610 -0.825206417 -0.027617055 0.562788364
1403715374.962142944 1.789763858 4.130295893 0.782938846 -0.039582171 -0.822226175 -0.029139402 0.567034623
1403715375.012142897 1.766337766 4.140284628 0.788278464 -0.040171341 -0.820588872 -0.030634241 0.569281749
1403715375.062143087 1.741490815 4.149622620 0.794523941 -0.039522806 -0.818179772 -0.033753133 0.572608535
1403715375.112143040 1.720536394 4.157291444 0.792488972 -0.041402429 -0.817095920 -0.035168598 0.573936640
1403715375.162142992 1.696319268 4.165953420 0.788236701 -0.043302620 -0.815697138 -0.035777751 0.575745617
1403715375.212142944 1.673551685 4.170760002 0.795325383 -0.044537684 -0.813949997 -0.037913389 0.577983020
1403715375.262142897 1.649246671 4.176008840 0.796453719 -0.047589938 -0.813712745 -0.037733543 0.578085588
1403715375.312143087 1.627281492 4.179322570 0.794561003 -0.050628410 -0.813533200 -0.038651215 0.578019532
1403715375.362143040 1.600605493 4.184860552 0.784678262 -0.054628719 -0.812013891 -0.036572270 0.579923799
1403715375.412142992 1.574487028 4.187683018 0.784298200 -0.056163539 -0.812575053 -0.038930719 0.578836626
1403715375.462142944 1.546565604 4.188836865 0.789873851 -0.059497219 -0.813011297 -0.038725229 0.577904030
1403715375.512142897 1.519528780 4.188522817 0.791526990 -0.062175788 -0.813815391 -0.039231465 0.576454312
1403715375.562143087 1.496912938 4.186555722 0.788635198 -0.065850664 -0.813380451 -0.038718826 0.576694706
1403715375.612143040 1.469915681 4.186555591 0.787433258 -0.068172905 -0.812830237 -0.038747771 0.577198468
1403715375.662142992 1.446472061 4.185289885 0.785625869 -0.070518689 -0.811844212 -0.039294306 0.578266416
1403715375.712142944 1.418625830 4.185101925 0.784043892 -0.071497311 -0.811096841 -0.040716084 0.579096063
1403715375.762142897 1.392787753 4.183686346 0.778614858 -0.073214615 -0.810525944 -0.041170546 0.579648428
1403715375.812143087 1.363541681 4.182262908 0.779036692 -0.073724718 -0.810229553 -0.042283343 0.579917974
1403715375.862143040 1.336172173 4.181622282 0.775124245 -0.073645421 -0.809619101 -0.043896851 0.580660253
1403715375.912142992 1.309589875 4.178638994 0.776860446 -0.072581118 -0.809591550 -0.046693576 0.580614513
1403715375.962142944 1.287237996 4.176908677 0.773737901 -0.072267012 -0.808123022 -0.047739758 0.582610998
1403715376.012142897 1.265407093 4.173737571 0.771357459 -0.071260814 -0.806963561 -0.049421592 0.584199635
1403715376.062143087 1.239818300 4.171546333 0.765348721 -0.071755139 -0.806107900 -0.047896640 0.585446125
1403715376.112143040 1.214804128 4.167120131 0.758982071 -0.072806445 -0.805384401 -0.045700430 0.586486708
1403715376.162142992 1.184713126 4.161752423 0.755863606 -0.073645986 -0.805105577 -0.042714025 0.586989600
1403715376.212142944 1.153112284 4.155703301 0.750824170 -0.075139171 -0.804805322 -0.039263781 0.587452853
1403715376.262142897 1.130053005 4.146594631 0.753026767 -0.076169341 -0.804501540 -0.037556913 0.587847754
1403715376.312143087 1.105451410 4.140555571 0.749404592 -0.075344133 -0.800692808 -0.037228974 0.593151155
1403715376.362143040 1.083779382 4.135581615 0.744607726 -0.074700283 -0.794871297 -0.036558093 0.601051574
1403715376.412142992 1.064538398 4.129135866 0.744334304 -0.072339604 -0.791441872 -0.039144268 0.605685126
1403715376.462142944 1.041732786 4.124161897 0.737156089 -0.069246729 -0.791330414 -0.041876693 0.606009413
1403715376.512142897 1.019725886 4.116299865 0.733966957 -0.066782534 -0.794905506 -0.044574545 0.601397073
1403715376.562143087 1.000042326 4.109223694 0.725114989 -0.064805727 -0.798335103 -0.045482174 0.596986309
1403715376.612143040 0.979548875 4.101685958 0.709783392 -0.063142407 -0.801067064 -0.045524466 0.593491465
1403715376.662142992 0.965220788 4.092481653 0.700767327 -0.061576215 -0.802892505 -0.045088809 0.591218229
1403715376.712142944 0.949297767 4.081598788 0.696767210 -0.060123796 -0.803462195 -0.044703334 0.590622758
1403715376.762142897 0.934250756 4.069026446 0.695694946 -0.058109872 -0.804279824 -0.045711813 0.589633477
1403715376.812143087 0.919332419 4.057603060 0.685654986 -0.056834254 -0.802785889 -0.045086105 0.591837754
1403715376.862143040 0.900873211 4.044198386 0.684498781 -0.055277123 -0.801086793 -0.044294256 0.594341996
1403715376.912142992 0.887576961 4.030830629 0.675323635 -0.054521579 -0.797087647 -0.042669736 0.599881633
1403715376.962142944 0.879561428 4.015958403 0.673357678 -0.051988660 -0.792390237 -0.043451347 0.606239947
1403715377.012142897 0.867528386 4.000504884 0.670751410 -0.051452717 -0.790012507 -0.040750268 0.609567283
1403715377.062143087 0.853595846 3.982674854 0.668391606 -0.049562156 -0.790784609 -0.039852695 0.608781617
1403715377.112143040 0.850808019 3.965670390 0.670553366 -0.047253732 -0.793698545 -0.039578069 0.605180371
1403715377.162142992 0.844682459 3.947700009 0.664927450 -0.045048142 -0.797072300 -0.039877177 0.600879542
1403715377.212142944 0.840443319 3.929160140 0.659565929 -0.042778215 -0.799582031 -0.040004993 0.597694069
1403715377.262142897 0.836999731 3.908730050 0.652777276 -0.041471334 -0.801330120 -0.039055233 0.595503868
1403715377.312143087 0.833573312 3.888489574 0.642521781 -0.041136330 -0.801844070 -0.036263634 0.595011628
1403715377.362143040 0.831631189 3.865672008 0.643049925 -0.040004528 -0.802189793 -0.035583461 0.594663763
1403715377.412142992 0.831863675 3.841991677 0.640324032 -0.040160413 -0.801311984 -0.033176009 0.595974495
1403715377.462142944 0.829287194 3.819442687 0.635807307 -0.039015878 -0.799997115 -0.031921444 0.597882428
1403715377.512142897 0.830599609 3.796722407 0.628631025 -0.038780036 -0.799541188 -0.030273905 0.598592924
1403715377.562143087 0.831887925 3.772314034 0.626518984 -0.038343435 -0.798941418 -0.028795789 0.599494115
1403715377.612143040 0.834211218 3.747351160 0.622503945 -0.037940734 -0.799284940 -0.028185790 0.599090683
1403715377.662142992 0.837795994 3.721080766 0.616353586 -0.038030389 -0.800637130 -0.027457915 0.597310588
1403715377.712142944 0.840560089 3.694983871 0.611925382 -0.038280083 -0.802285219 -0.026656864 0.595115513
1403715377.762142897 0.843123153 3.667908669 0.612013278 -0.037090049 -0.802174480 -0.026891613 0.595329550
1403715377.812143087 0.850967203 3.639766329 0.608612150 -0.037676376 -0.803036458 -0.026646661 0.594140466
1403715377.862143040 0.855674621 3.611574619 0.605759869 -0.037653811 -0.803181829 -0.026101636 0.593969566
1403715377.912142992 0.863211279 3.583092002 0.601509493 -0.037919467 -0.804166771 -0.025713127 0.592635431
1403715377.962142944 0.868114438 3.553932906 0.594133093 -0.037953674 -0.803386390 -0.025056919 0.593718770
1403715378.012142897 0.874844110 3.525065670 0.589668084 -0.039264837 -0.803724866 -0.022615340 0.593273258
1403715378.062143087 0.883767783 3.494496605 0.584634952 -0.041064749 -0.802605953 -0.019350740 0.594779724
1403715378.112143040 0.890129623 3.464129565 0.583512317 -0.042470585 -0.802928270 -0.016538138 0.594330660
1403715378.162142992 0.897201077 3.433516586 0.582699111 -0.043556480 -0.802576778 -0.013459471 0.594804330
1403715378.212142944 0.903265355 3.404175971 0.579006843 -0.045184110 -0.801753525 -0.009880781 0.595862444
1403715378.262142897 0.913263286 3.374332240 0.574920937 -0.046956001 -0.802507350 -0.006821123 0.594752519
1403715378.312143087 0.925208826 3.345509430 0.569452645 -0.049536810 -0.804187286 -0.003002413 0.592300514
1403715378.362143040 0.935626821 3.317988140 0.567501452 -0.050639418 -0.805797246 -0.000260191 0.590022355
1403715378.412142992 0.948128778 3.292161758 0.565300837 -0.051538668 -0.808764873 0.001136020 0.585868463
1403715378.462142944 0.958686830 3.268015043 0.558102620 -0.051290469 -0.810506479 0.000996215 0.583478829
1403715378.512142897 0.969895367 3.243351526 0.554843606 -0.049870336 -0.812963908 -0.001280688 0.580173244
1403715378.562143087 0.977835666 3.220598690 0.556058312 -0.046452770 -0.814385205 -0.005250506 0.578438683
1403715378.612143040 0.990229425 3.198548670 0.553258138 -0.046119362 -0.815174446 -0.006474949 0.577340196
1403715378.662142992 1.001822589 3.176918595 0.552176455 -0.044838332 -0.816734442 -0.008295503 0.575209144
1403715378.712142944 1.013984248 3.155214767 0.550990949 -0.044251418 -0.818261243 -0.009635964 0.573059768
1403715378.762142897 1.019919038 3.135110591 0.548458151 -0.043901210 -0.820135407 -0.009582827 0.570402286
1403715378.812143087 1.027903627 3.114777982 0.544967479 -0.043937648 -0.821854555 -0.009264563 0.567924944
1403715378.862143040 1.033759057 3.093974799 0.550105352 -0.043786390 -0.824010064 -0.009318941 0.564803792
1403715378.912142992 1.041774102 3.073890435 0.548112019 -0.044313248 -0.824697417 -0.008717788 0.563768132
1403715378.962142944 1.046376001 3.055246204 0.545443219 -0.045011449 -0.825405513 -0.007627107 0.562691332
1403715379.012142897 1.048770387 3.036909617 0.547254520 -0.044902071 -0.825235848 -0.007289956 0.562953333
1403715379.062143087 1.050276796 3.018189939 0.554928309 -0.044153999 -0.825791511 -0.008930431 0.562173507
1403715379.112143040 1.053188352 3.000384457 0.554103076 -0.043329630 -0.824497354 -0.009919525 0.564117238
1403715379.162142992 1.052022181 2.983699278 0.558728398 -0.040460701 -0.822872007 -0.013835256 0.566615546
1403715379.212142944 1.053971480 2.966027830 0.563455294 -0.038375489 -0.821805806 -0.017608290 0.568201097
1403715379.262142897 1.051989925 2.949718751 0.567208790 -0.035986856 -0.821104530 -0.020748651 0.569264254
1403715379.312143087 1.050980712 2.932507297 0.570070094 -0.034435725 -0.820425214 -0.023547691 0.570229914
1403715379.362143040 1.048933394 2.913806754 0.576321598 -0.032455544 -0.819874488 -0.026595382 0.571003632
1403715379.412142992 1.043368006 2.896332174 0.579237980 -0.030962218 -0.819809053 -0.028221426 0.571102451
1403715379.462142944 1.040827474 2.875807661 0.585039507 -0.029760881 -0.820248934 -0.030380071 0.570423551
1403715379.512142897 1.036933529 2.855798198 0.585759162 -0.029407965 -0.820756078 -0.031493479 0.569651466
1403715379.562143087 1.032511658 2.835035197 0.589175647 -0.029262625 -0.821134912 -0.031571239 0.569108436
1403715379.612143040 1.027008343 2.812820039 0.594383207 -0.028886853 -0.822092437 -0.032580314 0.567686619
1403715379.662142992 1.016294995 2.791477154 0.600266781 -0.028067006 -0.823721935 -0.032724562 0.565352562
1403715379.712142944 1.009907915 2.767660666 0.601603713 -0.027349114 -0.822683109 -0.033528627 0.566851267
1403715379.762142897 1.000959560 2.743028535 0.603631002 -0.027327268 -0.822226370 -0.033650216 0.567507428
1403715379.812143087 0.991159032 2.716941447 0.608930827 -0.026536613 -0.820565271 -0.034229536 0.569909451
1403715379.862143040 0.979211261 2.689912446 0.615710763 -0.025361455 -0.818683445 -0.035528213 0.572583583
1403715379.912142992 0.969221620 2.661406840 0.622542945 -0.024644163 -0.816075429 -0.036528239 0.576263175
1403715379.962142944 0.957237089 2.633985089 0.624666726 -0.024845195 -0.814357279 -0.036708999 0.578668634
1403715380.012142897 0.943322354 2.604155131 0.633375061 -0.023640422 -0.813431928 -0.038089973 0.579929981
1403715380.062143087 0.932447569 2.571130473 0.641549246 -0.024891705 -0.812155926 -0.037695902 0.581689070
1403715380.112143040 0.919223789 2.538171057 0.643980306 -0.027688953 -0.810190812 -0.033792176 0.584535934
1403715380.162142992 0.905345125 2.503418655 0.650471693 -0.031184589 -0.808871297 -0.028913040 0.586445890
1403715380.212142944 0.895619627 2.466668249 0.655406909 -0.034023093 -0.807954583 -0.026410325 0.587668542
1403715380.262142897 0.882674882 2.431712249 0.661430296 -0.036186666 -0.807563036 -0.022892578 0.588224786
1403715380.312143087 0.870428866 2.396306364 0.667721828 -0.038078157 -0.808527578 -0.020733695 0.586858861
1403715380.362143040 0.863386067 2.361295227 0.668773041 -0.040647049 -0.808837239 -0.019670383 0.586296183
1403715380.412142992 0.854053631 2.326718351 0.672295913 -0.041550062 -0.810128174 -0.020007500 0.584436167
1403715380.462142944 0.842903773 2.294222829 0.671576160 -0.040919328 -0.809919815 -0.020643055 0.584747267
1403715380.512142897 0.832798428 2.259543506 0.676142323 -0.039356589 -0.809450574 -0.022403048 0.585439092
1403715380.562143087 0.822667681 2.225133044 0.678517437 -0.038649144 -0.809974238 -0.023363162 0.584723986
1403715380.612143040 0.813384945 2.189513543 0.681448243 -0.037615225 -0.810210974 -0.024290025 0.584425587
1403715380.662142992 0.802971761 2.153734401 0.685767393 -0.036318116 -0.809945135 -0.024918175 0.584849517
1403715380.712142944 0.795364162 2.118527566 0.689292136 -0.036090746 -0.809468233 -0.024888173 0.585524735
1403715380.762142897 0.786977212 2.082985200 0.693706424 -0.035423162 -0.809024318 -0.025422602 0.586155733
1403715380.812143087 0.776886059 2.048699574 0.697967036 -0.035235561 -0.808914268 -0.024684395 0.586350444
1403715380.862143040 0.768332236 2.014130925 0.701655710 -0.034681135 -0.808187716 -0.024531451 0.587390877
1403715380.912142992 0.759966857 1.978790195 0.709652204 -0.033571912 -0.808312159 -0.025539197 0.587241117
1403715380.962142944 0.752882166 1.944271414 0.713801785 -0.033379897 -0.808134365 -0.025488229 0.587498920
1403715381.012142897 0.745104128 1.908494295 0.721366974 -0.032241178 -0.808681304 -0.026830938 0.586749653
1403715381.062143087 0.738723959 1.873337404 0.723164563 -0.032639509 -0.807923903 -0.026820071 0.587770630
1403715381.112143040 0.732975119 1.837251099 0.727180047 -0.034485931 -0.808212685 -0.025668050 0.587319443
1403715381.162142992 0.726251291 1.802028209 0.730538688 -0.036966683 -0.807523118 -0.023511930 0.588206654
1403715381.212142944 0.720618825 1.766404632 0.732589459 -0.038720136 -0.806566436 -0.021851695 0.589469117
1403715381.262142897 0.715221748 1.730314319 0.736896975 -0.040731434 -0.806159486 -0.020834764 0.589926899
1403715381.312143087 0.712151702 1.694881908 0.737219316 -0.043085913 -0.805447579 -0.019903001 0.590763635
1403715381.362143040 0.707718613 1.658724018 0.736882916 -0.045923873 -0.805447509 -0.018644436 0.590590970
1403715381.412142992 0.704074836 1.622140082 0.738023767 -0.047898137 -0.804460919 -0.018461843 0.591783371
1403715381.462142944 0.703288483 1.588549851 0.736892953 -0.050602568 -0.803707257 -0.018137553 0.592591811
1403715381.512142897 0.702656315 1.554487091 0.737782853 -0.051630186 -0.801271778 -0.019032580 0.595764737
1403715381.562143087 0.701894445 1.518711888 0.741572358 -0.050173548 -0.801232449 -0.023763624 0.595772161
1403715381.612143040 0.699407044 1.487888177 0.738237296 -0.050248800 -0.801805353 -0.025179577 0.594936318
1403715381.662142992 0.700290821 1.454966501 0.738927934 -0.048892672 -0.803485119 -0.028718806 0.592618259
1403715381.712142944 0.702084532 1.424944272 0.732290355 -0.047978103 -0.805724193 -0.030609629 0.589550403
1403715381.762142897 0.704616315 1.393880388 0.727864523 -0.047381169 -0.808677710 -0.032401436 0.585444732
1403715381.812143087 0.707557188 1.361918316 0.724050388 -0.045988463 -0.811046912 -0.033903968 0.582184240
1403715381.862143040 0.709793764 1.329615014 0.722602146 -0.045077654 -0.814307631 -0.035655186 0.577580985
1403715381.912142992 0.713336771 1.295437828 0.719730778 -0.046373052 -0.816872023 -0.038406469 0.573667657
1403715381.962142944 0.715754801 1.262832340 0.716966885 -0.048493826 -0.818570034 -0.041964893 0.570815554
1403715382.012142897 0.717224130 1.231319603 0.713009286 -0.054349634 -0.819736503 -0.043883490 0.568464970
1403715382.062143087 0.716983230 1.198423292 0.710727523 -0.059783276 -0.820161585 -0.047945893 0.566976301
1403715382.112143040 0.715652749 1.166803092 0.708512891 -0.068289333 -0.820244327 -0.050400534 0.565681533
1403715382.162142992 0.712301714 1.134393050 0.711327465 -0.076524626 -0.819875904 -0.053723787 0.564855060
1403715382.212142944 0.709051327 1.102645409 0.712828781 -0.086271411 -0.818684403 -0.056661509 0.564891640
1403715382.262142897 0.703569645 1.069608276 0.716560156 -0.095567387 -0.817791770 -0.061828244 0.564146048
1403715382.312143087 0.698152339 1.039745313 0.718293921 -0.105854038 -0.816200577 -0.065999035 0.564141532
1403715382.362143040 0.690359705 1.008947836 0.721371804 -0.115491035 -0.814958361 -0.071822470 0.563334912
1403715382.412142992 0.682630337 0.977666511 0.723457615 -0.125339407 -0.812639936 -0.077813190 0.563783180
1403715382.462142944 0.674211250 0.946944643 0.724427988 -0.135483302 -0.811574238 -0.082314012 0.562330805
1403715382.512142897 0.663376569 0.915668860 0.727053915 -0.144230435 -0.810383865 -0.086629133 0.561222742
1403715382.562143087 0.653475678 0.883321055 0.730639750 -0.152042061 -0.809449386 -0.090659526 0.559871194
1403715382.612143040 0.644256960 0.851326546 0.730878076 -0.160498065 -0.807589566 -0.093411208 0.559744414
1403715382.662142992 0.630218216 0.819759146 0.730725538 -0.168446017 -0.807357973 -0.097662202 0.557010895
1403715382.712142944 0.618198736 0.787610720 0.729794177 -0.177356959 -0.805926054 -0.101070814 0.555708913
1403715382.762142897 0.606047266 0.757451132 0.729326698 -0.185036989 -0.805344110 -0.105939860 0.553135539
1403715382.812143087 0.593372004 0.725847573 0.728159399 -0.191609278 -0.803107183 -0.112138463 0.552928297
1403715382.862143040 0.578212332 0.697289761 0.727394406 -0.199143823 -0.801986213 -0.116588495 0.550969123
1403715382.912142992 0.564240726 0.668794910 0.726186630 -0.206536703 -0.800161677 -0.121922018 0.549744397
1403715382.962142944 0.548987356 0.640465469 0.725735602 -0.214280658 -0.798451350 -0.126004252 0.548344937
1403715383.012142897 0.531866961 0.614325121 0.725283504 -0.222377215 -0.796887831 -0.129397715 0.546602588
1403715383.062143087 0.513703169 0.587492162 0.724015941 -0.229966860 -0.795925124 -0.130919577 0.544498397
1403715383.112143040 0.496291963 0.560688801 0.722280779 -0.236827092 -0.794548385 -0.131354025 0.543462889
1403715383.162142992 0.477971212 0.533454984 0.720566025 -0.241384263 -0.793470933 -0.132348593 0.542790352
1403715383.212142944 0.459123094 0.511233776 0.715360086 -0.246692852 -0.792835557 -0.130278886 0.541831919
1403715383.262142897 0.435341683 0.485970696 0.711845191 -0.248511800 -0.792739091 -0.132433450 0.540618164
1403715383.312143087 0.411629798 0.463882999 0.709305644 -0.251351423 -0.792502364 -0.131099434 0.539977225
1403715383.362143040 0.390210754 0.440752664 0.707285126 -0.253569012 -0.791181139 -0.130057278 0.541128696
1403715383.412142992 0.369369068 0.418699690 0.705575648 -0.253814230 -0.789489648 -0.130655056 0.543335706
1403715383.462142944 0.344331848 0.399848058 0.705130634 -0.254646991 -0.788454865 -0.130992489 0.544366424
1403715383.512142897 0.320862537 0.383932813 0.704271081 -0.257474500 -0.785758431 -0.131174056 0.546885671
1403715383.562143087 0.296646838 0.368211541 0.706133673 -0.259035538 -0.783738723 -0.133731522 0.548425095
1403715383.612143040 0.272334572 0.350308396 0.704637634 -0.261237320 -0.780335140 -0.137374309 0.551326065
1403715383.662142992 0.243770731 0.333273171 0.703249010 -0.265798741 -0.778624544 -0.141362539 0.550555612
1403715383.712142944 0.216134051 0.315558783 0.700815214 -0.270945414 -0.776397081 -0.146835285 0.549759542
1403715383.762142897 0.189624621 0.301843812 0.698058987 -0.278672944 -0.773262149 -0.152647154 0.548731159
1403715383.812143087 0.166616932 0.288081038 0.691768375 -0.286876357 -0.768932591 -0.158916952 0.548807825
1403715383.862143040 0.141580831 0.277277717 0.686438695 -0.296698239 -0.765805775 -0.165688119 0.545947908
1403715383.912142992 0.119659489 0.266907897 0.682159139 -0.307113815 -0.761533805 -0.172711017 0.543983706
1403715383.962142944 0.100323634 0.256723274 0.677108135 -0.317747257 -0.756822819 -0.181558792 0.541564683
1403715384.012142897 0.080088134 0.247745172 0.673115656 -0.329505594 -0.751551925 -0.189448156 0.539170811
1403715384.062143087 0.060265195 0.239319395 0.669708741 -0.340502927 -0.746871672 -0.197461648 0.535956490
1403715384.112143040 0.040196300 0.233741653 0.666940238 -0.352388943 -0.742043391 -0.204850379 0.532193537
1403715384.162142992 0.020071980 0.225236617 0.664928657 -0.363745017 -0.736425673 -0.213363369 0.529001761
1403715384.212142944 -0.000525141 0.219588708 0.663150613 -0.375556641 -0.731877157 -0.219639264 0.524472716
1403715384.262142897 -0.018535016 0.212307291 0.662044578 -0.386790725 -0.725689735 -0.226509925 0.521977583
1403715384.312143087 -0.037164586 0.206633376 0.660655482 -0.398737592 -0.719674324 -0.232922660 0.518482627
1403715384.362143040 -0.055301539 0.201488113 0.658172550 -0.410168613 -0.713058970 -0.239247471 0.515819020
1403715384.412142992 -0.074079219 0.196729939 0.656094620 -0.420646095 -0.707340350 -0.246328370 0.511907049
1403715384.462142944 -0.089840064 0.192366925 0.653531355 -0.431848588 -0.701284831 -0.252051598 0.508110594
1403715384.512142897 -0.104183413 0.187835967 0.651924854 -0.442628978 -0.695383481 -0.257271542 0.504314144
1403715384.562143087 -0.116899637 0.185889462 0.650949320 0.453083205 0.691193273 0.262676826 -0.497964210
1403715384.612143040 -0.127508873 0.183103554 0.650121589 0.463615739 0.685291148 0.267240526 -0.493982784
1403715384.662142992 -0.138870227 0.182258115 0.649783713 0.473250267 0.681162569 0.272310094 -0.487748862
1403715384.712142944 -0.148676448 0.182655438 0.649239396 0.482106044 0.677017503 0.278916194 -0.481068414
1403715384.762142897 -0.157017426 0.184470119 0.649700775 0.491393233 0.671300141 0.283204938 -0.477162210
1403715384.812143087 -0.167196723 0.186200475 0.649449052 0.499421201 0.666555534 0.288426560 -0.472326480
1403715384.862143040 -0.177395200 0.189590395 0.649817453 0.507867473 0.661618586 0.292800925 -0.467545821
1403715384.912142992 -0.184667510 0.192891425 0.652441781 0.515311680 0.655782555 0.297257191 -0.464802405
1403715384.962142944 -0.191462324 0.197325178 0.654805181 0.520337425 0.650281169 0.302424092 -0.463597922
1403715385.012142897 -0.199525360 0.205087551 0.656763131 0.523516154 0.647189225 0.307209700 -0.461193175
1403715385.062143087 -0.205932841 0.213405932 0.657793691 0.525905006 0.644614702 0.312405716 -0.458583122
1403715385.112143040 -0.211835086 0.223800578 0.660556138 0.528232640 0.642641613 0.318218203 -0.454663843
1403715385.162142992 -0.216328548 0.234038821 0.661726809 0.530963134 0.640314163 0.323497328 -0.451027053
1403715385.212142944 -0.218626225 0.243090981 0.663677436 0.533696244 0.636973410 0.329034459 -0.448519251
1403715385.262142897 -0.223093554 0.253694604 0.664321925 0.535597648 0.635042508 0.333916666 -0.445371567
1403715385.312143087 -0.226854070 0.266890313 0.663194479 0.538499926 0.633914963 0.335939006 -0.441944152
1403715385.362143040 -0.230437372 0.278976190 0.667544436 0.540554040 0.631814499 0.338037010 -0.440843225
1403715385.412142992 -0.233953559 0.291187480 0.673048316 0.542288864 0.630508724 0.339206078 -0.439682583
1403715385.462142944 -0.237870102 0.303347613 0.678163414 0.543786902 0.627640044 0.339726272 -0.441531245
1403715385.512142897 -0.242914251 0.319235428 0.680706218 0.545198351 0.625323111 0.339026404 -0.443611161
1403715385.562143087 -0.248081642 0.335170025 0.683909457 0.547418149 0.622258597 0.337004446 -0.446716480
1403715385.612143040 -0.251627187 0.350154184 0.688461908 0.549946679 0.618512257 0.333672090 -0.451291674
1403715385.662142992 -0.255729992 0.365115453 0.693526022 0.552254677 0.617110341 0.329357568 -0.453556161
1403715385.712142944 -0.259221145 0.381165915 0.697352731 0.553244797 0.615834952 0.326663413 -0.456024694
1403715385.762142897 -0.262640863 0.398179472 0.699855676 0.552929695 0.615231418 0.325717020 -0.457894614
1403715385.812143087 -0.262830381 0.414863116 0.703009190 0.552630280 0.613492388 0.324625839 -0.461351198
1403715385.862143040 -0.262358092 0.432795209 0.707583848 0.551329046 0.612921609 0.325002359 -0.463397077
1403715385.912142992 -0.259348559 0.450338416 0.713432348 0.548793978 0.611983865 0.327807319 -0.465664344
1403715385.962142944 -0.256398781 0.468955005 0.719165653 0.544611077 0.612177874 0.333812609 -0.466053825
1403715386.012142897 -0.250253623 0.488099485 0.727303376 0.541170183 0.612639934 0.338880792 -0.465797114
1403715386.062143087 -0.243503026 0.504100447 0.735746521 0.537550112 0.613665516 0.343448798 -0.465292848
1403715386.112143040 -0.237408207 0.520691717 0.742536188 0.535057749 0.615003957 0.346951049 -0.463797702
1403715386.162142992 -0.230359220 0.536473756 0.747436788 0.533641690 0.616434588 0.348987198 -0.461998789
1403715386.212142944 -0.219395716 0.550937682 0.751535454 0.533860971 0.616665101 0.349434137 -0.461099122
1403715386.262142897 -0.210746662 0.564749127 0.754174605 0.534288073 0.617930072 0.349693805 -0.458707885
1403715386.312143087 -0.201454474 0.575716288 0.757189947 0.534971505 0.617774769 0.349250097 -0.458458498
1403715386.362143040 -0.192701030 0.586600704 0.759234935 0.534706247 0.616991416 0.350139859 -0.459143661
1403715386.412142992 -0.184237679 0.598714357 0.759197169 0.534692509 0.615850050 0.351123345 -0.459940250
1403715386.462142944 -0.176039492 0.610590314 0.759242905 0.534722831 0.614847334 0.351813952 -0.460718127
1403715386.512142897 -0.166026958 0.621576597 0.760078723 0.535148285 0.613048762 0.352022772 -0.462458102
1403715386.562143087 -0.155399880 0.629714207 0.762004179 0.536030586 0.610603317 0.351142438 -0.465331913
1403715386.612143040 -0.145743885 0.636148412 0.763362110 0.536144726 0.609125828 0.351631115 -0.466765590
1403715386.662142992 -0.133892530 0.643130800 0.763104396 0.537505861 0.606102602 0.349235050 -0.470916091
1403715386.712142944 -0.121642497 0.651434988 0.760860495 0.539659539 0.605094595 0.346423764 -0.471824850
1403715386.762142897 -0.108713440 0.656996103 0.758711563 0.541812181 0.604778338 0.342946233 -0.472303508
1403715386.812143087 -0.092708624 0.661884433 0.756280018 0.546363701 0.605354950 0.335786714 -0.471465135
1403715386.862143040 -0.075144465 0.663221272 0.756248215 0.549903905 0.604870855 0.330219785 -0.471902361
1403715386.912142992 -0.053610198 0.665205101 0.753265505 0.553238775 0.604773011 0.324122009 -0.472357265
1403715386.962142944 -0.032248893 0.668957125 0.748280451 0.556025983 0.605578751 0.319762450 -0.471021717
1403715387.012142897 -0.009482147 0.672829413 0.743887235 0.558069710 0.606656205 0.315916179 -0.469812107
1403715387.062143087 0.014589368 0.674631089 0.741644845 0.557759670 0.608272565 0.315494316 -0.468371620
1403715387.112143040 0.041478394 0.676173305 0.737852710 0.555364711 0.609948557 0.318497694 -0.467003227
1403715387.162142992 0.069988389 0.682486067 0.730706394 0.553548969 0.613065267 0.320809418 -0.463482292
1403715387.212142944 0.100782088 0.686235419 0.726016933 0.550328507 0.615850367 0.325173291 -0.460574848
1403715387.262142897 0.133437630 0.690710274 0.720776364 0.548089771 0.617887360 0.327083682 -0.459161277
1403715387.312143087 0.166006304 0.694606450 0.715671533 0.545031792 0.619900900 0.330532008 -0.457615354
1403715387.362143040 0.197993098 0.700355116 0.709330772 0.543174762 0.621502925 0.332337517 -0.456340955
1403715387.412142992 0.231716664 0.705261915 0.704004023 0.541162279 0.622973460 0.333602126 -0.455803770
1403715387.462142944 0.266684510 0.711248176 0.696761879 0.540033992 0.624326685 0.333670403 -0.455240090
1403715387.512142897 0.302252754 0.716984378 0.690714219 0.539978285 0.627002131 0.332806869 -0.452251443
1403715387.562143087 0.337449940 0.721795540 0.686657222 0.539783926 0.629258000 0.331502441 -0.450304136
1403715387.612143040 0.375217394 0.725643407 0.683554580 0.541102363 0.630130229 0.328302845 -0.449845940
1403715387.662142992 0.409897717 0.731071338 0.684946305 0.541194040 0.632502079 0.326415054 -0.447775996
1403715387.712142944 0.446658436 0.737674997 0.688358219 0.541147494 0.634604547 0.324434110 -0.446294709
1403715387.762142897 0.483250086 0.746240867 0.693890621 0.541285391 0.636662052 0.321763848 -0.445128727
1403715387.812143087 0.521360966 0.754329208 0.703559203 0.540783603 0.637996136 0.320248343 -0.444921368
1403715387.862143040 0.558589723 0.764872242 0.714105571 0.540178709 0.639459048 0.318198319 -0.445026874
1403715387.912142992 0.596124310 0.776647142 0.723690120 0.539771794 0.640561997 0.316459815 -0.445174038
1403715387.962142944 0.634180314 0.787897321 0.732266047 0.538684910 0.641376388 0.315805944 -0.445781900
1403715388.012142897 0.672076689 0.800105403 0.738294656 0.537885493 0.641607338 0.315544656 -0.446599139
1403715388.062143087 0.709488854 0.813662669 0.739945965 0.536229453 0.642358128 0.316242358 -0.447017651
1403715388.112143040 0.746700319 0.829395932 0.736460837 0.534687123 0.642173305 0.316588065 -0.448882083
1403715388.162142992 0.782220734 0.847563998 0.729108448 0.533305169 0.642502713 0.316969857 -0.449784360
1403715388.212142944 0.819922950 0.866058363 0.717521714 0.531414511 0.642182166 0.318351998 -0.451500485
1403715388.262142897 0.853943506 0.883884127 0.705594611 0.529339198 0.641493523 0.320690046 -0.453259273
1403715388.312143087 0.889149687 0.901527079 0.691793967 0.527194863 0.640921177 0.322934434 -0.454971397
1403715388.362143040 0.928276288 0.919005492 0.679461869 0.524500719 0.640658409 0.325587526 -0.456561673
1403715388.412142992 0.967586985 0.937604963 0.666319925 0.523740219 0.640625711 0.326253803 -0.457004745
1403715388.462142944 1.005760536 0.956917838 0.652905911 0.522358513 0.641137785 0.327732631 -0.456809859
1403715388.512142897 1.043993463 0.975336711 0.640191689 0.521682842 0.641425086 0.328092609 -0.456920247
1403715388.562143087 1.081919458 0.994538280 0.625163706 0.522243740 0.640750875 0.327331739 -0.457770384
1403715388.612143040 1.117325316 1.014067454 0.613192431 0.521160042 0.640423544 0.328066127 -0.458936283
1403715388.662142992 1.154665726 1.034496806 0.597664108 0.521302328 0.640301449 0.327811407 -0.459127019
1403715388.712142944 1.189795875 1.055314172 0.586540284 0.520211978 0.640539939 0.328622442 -0.459451167
1403715388.762142897 1.227807156 1.074992079 0.571651152 0.519865786 0.639919741 0.328945075 -0.460475219
1403715388.812143087 1.261935767 1.097035042 0.558273838 0.519329376 0.640200391 0.329183401 -0.460520084
1403715388.862143040 1.296291698 1.118810852 0.546236080 0.518503363 0.640704419 0.329376663 -0.460611685
1403715388.912142992 1.329585689 1.140118960 0.539299346 0.516499299 0.642018823 0.331463625 -0.459534732
1403715388.962142944 1.363505050 1.160442156 0.533164943 0.515293147 0.642242731 0.332277045 -0.459988274
1403715389.012142897 1.398853113 1.182129449 0.529678633 0.514036692 0.642576832 0.332630813 -0.460671289
1403715389.062143087 1.435181554 1.203126131 0.526011540 0.513460070 0.642536585 0.332465396 -0.461489170
1403715389.112143040 1.469961987 1.224695454 0.528355205 0.512327200 0.643551459 0.332705564 -0.461160891
1403715389.162142992 1.504409309 1.245242536 0.532786412 0.511125692 0.644616628 0.333403573 -0.460501886
1403715389.212142944 1.537892762 1.265812178 0.537740808 0.509713790 0.645646816 0.334257420 -0.460004369
1403715389.262142897 1.570526770 1.286725958 0.542544238 0.507564337 0.646919840 0.335578578 -0.459630485
1403715389.312143087 1.603242636 1.305827140 0.548436827 0.506245059 0.647970550 0.336205992 -0.459146641
1403715389.362143040 1.633522982 1.326579785 0.555410290 0.504351081 0.649545561 0.337048757 -0.458387049
1403715389.412142992 1.665604551 1.346234036 0.558583050 0.503241909 0.650135101 0.337658008 -0.458321941
1403715389.462142944 1.697731872 1.365531126 0.560273668 0.503085378 0.650848171 0.337105715 -0.457888084
1403715389.512142897 1.729582661 1.384000326 0.563610491 0.502855044 0.650628387 0.336464238 -0.458924093
1403715389.562143087 1.760246629 1.402185326 0.566046478 0.503780515 0.650082234 0.334910262 -0.459818876
1403715389.612143040 1.788821852 1.421898444 0.566320703 0.504001061 0.649292155 0.332094519 -0.462726549
1403715389.662142992 1.817094537 1.439917957 0.567605036 0.503809407 0.649728105 0.328997243 -0.464532329
1403715389.712142944 1.841945178 1.460113767 0.571798052 0.501386636 0.651083068 0.325797172 -0.467502388
1403715389.762142897 1.867418773 1.479091798 0.574312243 0.499064479 0.653356263 0.321820240 -0.469565727
1403715389.812143087 1.893173533 1.496664726 0.576030068 0.495313112 0.655803886 0.317758535 -0.472880215
1403715389.862143040 1.916685112 1.516284830 0.576282770 0.491110184 0.660268290 0.312518630 -0.474540492
1403715389.912142992 1.940101818 1.534327876 0.576750713 0.486449973 0.665885973 0.307302273 -0.474897470
1403715389.962142944 1.965522150 1.551991101 0.574071774 0.481560735 0.671180437 0.301736842 -0.475994703
1403715390.012142897 1.991211033 1.570562479 0.571538086 0.475795382 0.677926544 0.296397649 -0.475586784
1403715390.062143087 2.016191439 1.589326808 0.566878627 0.469894324 0.684733511 0.290846174 -0.475129294
1403715390.112143040 2.041425349 1.607614382 0.560618876 0.463360642 0.690701283 0.285472921 -0.476165795
1403715390.162142992 2.065086596 1.628604978 0.553010472 0.455860163 0.697145257 0.280749072 -0.476822778
1403715390.212142944 2.087418352 1.650676146 0.548175396 0.447811474 0.703963023 0.276219893 -0.477078104
1403715390.262142897 2.108308196 1.673577540 0.538332900 0.440194376 0.710252399 0.271236400 -0.477704151
1403715390.312143087 2.128970064 1.698457532 0.527974276 0.431380167 0.714608159 0.267083248 -0.481573328
1403715390.362143040 2.147440731 1.723771809 0.522666928 0.422909635 0.720151016 0.262563539 -0.483311848
1403715390.412142992 2.164036440 1.749920275 0.519126942 0.412944833 0.725295952 0.259610977 -0.485823514
1403715390.462142944 2.179135316 1.775921720 0.519381876 0.401508175 0.730264721 0.258366123 -0.488622113
1403715390.512142897 2.193277832 1.802599611 0.515703944 0.391737555 0.735396221 0.255392067 -0.490417147
1403715390.562143087 2.206071832 1.828391838 0.512216511 0.380623154 0.739436312 0.253638081 -0.493991578
1403715390.612143040 2.217404209 1.854824364 0.505316382 0.370315404 0.743436348 0.251161911 -0.497078055
1403715390.662142992 2.226930056 1.880453373 0.500358693 -0.361327627 -0.746970946 -0.247059924 0.500437955
1403715390.712142944 2.233304701 1.907684169 0.495242508 -0.354090188 -0.750172477 -0.239951044 0.504266686
1403715390.762142897 2.237382178 1.933166601 0.491937075 -0.349577588 -0.752281332 -0.230396665 0.508709823
1403715390.812143087 2.240627746 1.957618815 0.490264477 -0.344324732 -0.754602739 -0.222989885 0.512143238
1403715390.862143040 2.244628978 1.983424032 0.485578731 -0.341329550 -0.756986327 -0.215272955 0.513929367
1403715390.912142992 2.248425610 2.008412345 0.481819054 -0.337511715 -0.758387123 -0.210944161 0.516175721
1403715390.962142944 2.250921887 2.034962817 0.474905381 -0.335976483 -0.759900980 -0.205499346 0.517146326
1403715391.012142897 2.249591358 2.064236414 0.471273699 -0.333661932 -0.761669029 -0.200667734 0.517940601
1403715391.062143087 2.246733931 2.092421075 0.467990425 -0.331543444 -0.763285479 -0.195506782 0.518894325
1403715391.112143040 2.243422509 2.121953411 0.461969981 -0.329300502 -0.764845104 -0.189381241 0.520295966
1403715391.162142992 2.240939603 2.150261366 0.458310123 -0.326660404 -0.765326345 -0.182874925 0.523569793
1403715391.212142944 2.236185562 2.180246131 0.458639477 -0.323178755 -0.766585519 -0.177674691 0.525674651
1403715391.262142897 2.232339021 2.210266794 0.458328198 -0.320303569 -0.766043491 -0.173376259 0.529644850
1403715391.312143087 2.227129447 2.242796729 0.457242508 -0.318008487 -0.765807222 -0.169812682 0.532516247
1403715391.362143040 2.222625203 2.276069645 0.452658282 -0.315664252 -0.765444690 -0.167941354 0.535019820
1403715391.412142992 2.214475619 2.311471739 0.450161372 -0.313188001 -0.765972471 -0.167289442 0.535923215
1403715391.462142944 2.206300594 2.348709046 0.445333255 -0.312191562 -0.766725749 -0.165785746 0.535894710
1403715391.512142897 2.199322536 2.385651981 0.446479554 -0.310853340 -0.767577932 -0.165910615 0.535413847
1403715391.562143087 2.194222395 2.424913021 0.440086020 -0.310389906 -0.767022738 -0.163911703 0.537091407
1403715391.612143040 2.187823380 2.465107291 0.440070378 -0.310079248 -0.767333425 -0.159938569 0.538024096
1403715391.662142992 2.182381708 2.505015839 0.438486671 -0.309028099 -0.766872559 -0.156623865 0.540256493
1403715391.712142944 2.174813400 2.547847422 0.441340294 -0.305892777 -0.767622640 -0.154416217 0.541609383
1403715391.762142897 2.164668562 2.592354087 0.444865760 -0.301412238 -0.768201898 -0.152312123 0.543891096
1403715391.812143087 2.156018463 2.635919311 0.454677480 -0.294464042 -0.769917812 -0.152534298 0.545207097
1403715391.862143040 2.147950059 2.680218035 0.461643251 -0.286165429 -0.771793872 -0.153417582 0.546723524
1403715391.912142992 2.142549159 2.725079134 0.470229519 -0.279480984 -0.774752022 -0.152728983 0.546190024
1403715391.962142944 2.136767174 2.771198671 0.482037746 -0.273210794 -0.777380057 -0.152213160 0.545772171
1403715392.012142897 2.129172573 2.817294991 0.494520839 -0.269241054 -0.781431284 -0.150456092 0.542436511
1403715392.062143087 2.122370250 2.863583330 0.507149560 -0.265635381 -0.784058196 -0.148905651 0.540849052
1403715392.112143040 2.113672146 2.911717801 0.517972430 -0.263499049 -0.785991153 -0.146437973 0.539761131
1403715392.162142992 2.102421808 2.959396207 0.536428255 -0.260519293 -0.787904065 -0.145635000 0.538634690
1403715392.212142944 2.093406456 3.008876183 0.540735840 -0.258442904 -0.788275793 -0.142496423 0.539928985
1403715392.262142897 2.085414877 3.055848804 0.549992951 -0.253961323 -0.787517126 -0.140801526 0.543594843
1403715392.312143087 2.068798433 3.107310226 0.565858999 -0.247731211 -0.787940996 -0.137875010 0.546597398
1403715392.362143040 2.057781559 3.155526864 0.571886132 -0.240486205 -0.786221364 -0.135540311 0.552857284
1403715392.412142992 2.042948408 3.204826594 0.586090343 -0.232202417 -0.783774363 -0.132541461 0.560546649
1403715392.462142944 2.029299768 3.252903240 0.598155952 -0.222953999 -0.779835066 -0.129752287 0.570362278
1403715392.512142897 2.017333696 3.299013010 0.615087145 -0.212976618 -0.778201541 -0.127531061 0.576870133
1403715392.562143087 2.005899772 3.347633411 0.622976797 -0.203331472 -0.778314491 -0.123026413 0.581160363
1403715392.612143040 1.995075099 3.394855597 0.629775565 -0.193564192 -0.780344834 -0.118042321 0.582804302
1403715392.662142992 1.985772153 3.440365164 0.636325949 -0.184051644 -0.781435231 -0.112450553 0.585524419
1403715392.712142944 1.970912392 3.487067045 0.646109876 -0.173859562 -0.782785498 -0.106673075 0.587912045
1403715392.762142897 1.957086566 3.531754806 0.654156349 -0.163867409 -0.784994134 -0.100371627 0.588945853
1403715392.812143087 1.946718919 3.572234372 0.663345247 -0.153807858 -0.789374641 -0.094487925 0.586773254
1403715392.862143040 1.935963491 3.612812558 0.670235908 -0.144004054 -0.794469359 -0.087147821 0.583512234
1403715392.912142992 1.926117676 3.651254362 0.676329075 -0.133408203 -0.798488470 -0.080492653 0.581497505
1403715392.962142944 1.918699649 3.688558858 0.676786292 -0.122667161 -0.802496697 -0.074098623 0.579190136
1403715393.012142897 1.908223057 3.725396677 0.683128652 -0.111117517 -0.805498787 -0.067808006 0.578123409
1403715393.062143087 1.894339659 3.761560818 0.686096948 -0.100253835 -0.807698312 -0.059843924 0.577919813
1403715393.112143040 1.884846321 3.799216219 0.687810181 -0.088195714 -0.810273589 -0.053394172 0.576911856
1403715393.162142992 1.878725460 3.833832700 0.687672540 -0.074866606 -0.811075835 -0.048317830 0.578114495
1403715393.212142944 1.873556727 3.868262905 0.689646388 -0.060313873 -0.811426229 -0.043509199 0.579703943
1403715393.262142897 1.868364018 3.902525514 0.689590976 -0.046076814 -0.809632103 -0.037270053 0.583938120
1403715393.312143087 1.860782486 3.936435580 0.681646502 -0.031705827 -0.807597484 -0.030051608 0.588113888
1403715393.362143040 1.848632866 3.967965148 0.681287360 -0.017749072 -0.806938226 -0.022358379 0.589945568
1403715393.412142992 1.836440456 3.996283351 0.683432789 -0.002743100 -0.805968958 -0.015826505 0.591739838
1403715393.462142944 1.823791699 4.022575589 0.689516270 0.012550099 -0.805217051 -0.009476020 0.592771626
1403715393.512142897 1.814549847 4.046608702 0.687282906 0.026723967 -0.803089243 -0.002223161 0.595255033
1403715393.562143087 1.807641962 4.067700625 0.684633417 0.041497811 -0.800655887 0.004329286 0.597669925
1403715393.612143040 1.788470567 4.088460507 0.676923843 0.055272082 -0.798863526 0.013594595 0.598813202
1403715393.662142992 1.778610445 4.103792979 0.675825131 0.066573061 -0.798047556 0.025171470 0.598376572
1403715393.712142944 1.770400605 4.116129501 0.678599230 0.077413423 -0.798486713 0.037740574 0.595820258
1403715393.762142897 1.766521414 4.126927043 0.675093057 0.087726130 -0.797866546 0.050755388 0.594253306
1403715393.812143087 1.764568897 4.137519981 0.663429310 0.098072244 -0.797116257 0.063545142 0.592409928
1403715393.862143040 1.758570217 4.147776260 0.659083150 0.108407340 -0.796978382 0.076394978 0.589268288
1403715393.912142992 1.751129108 4.155073011 0.665888178 0.121327534 -0.796316677 0.084897230 0.586474074
1403715393.962142944 1.744991576 4.162557393 0.666456965 0.131661320 -0.796027256 0.096209540 0.582880459
1403715394.012142897 1.737418850 4.170488579 0.665272944 0.143062979 -0.793825824 0.106941457 0.581323551
1403715394.062143087 1.734480403 4.176129295 0.659581029 0.154505741 -0.790896729 0.116814048 0.580486708
1403715394.112143040 1.726633043 4.180422625 0.659313477 0.167183782 -0.788532572 0.126090424 0.578244906
1403715394.162142992 1.720143663 4.183731125 0.662813046 0.181153121 -0.785307611 0.133477733 0.576766155
1403715394.212142944 1.719127675 4.185014897 0.670010055 0.194192560 -0.782913535 0.141841354 0.573774064
1403715394.262142897 1.717836048 4.188771754 0.664228455 0.207543715 -0.778976141 0.150519385 0.572246182
1403715394.312143087 1.712980353 4.194250574 0.657327550 0.220418346 -0.774073066 0.160901195 0.571259526
1403715394.362143040 1.711667775 4.195591014 0.654729164 0.235105503 -0.767711046 0.168044427 0.571932009
1403715394.412142992 1.706125759 4.195457007 0.657858398 0.249517717 -0.761919634 0.176142919 0.571133130
1403715394.462142944 1.700465029 4.197043276 0.655576281 0.263584616 -0.754915167 0.184366388 0.571520145
1403715394.512142897 1.698872576 4.199091247 0.647659216 0.277690728 -0.747445676 0.191936494 0.572165364
1403715394.562143087 1.697842595 4.198572483 0.643762121 0.291014072 -0.741551469 0.200679850 0.570210335
1403715394.612143040 1.694450456 4.196715702 0.646898586 0.304263257 -0.736211257 0.209900575 0.566885000
1403715394.662142992 1.697857019 4.195421043 0.643075809 0.316607423 -0.730986634 0.220387585 0.562892169
1403715394.712142944 1.702053379 4.194878739 0.635613292 0.329280114 -0.725895515 0.230608215 0.558095117
1403715394.762142897 1.705799513 4.191105440 0.640758276 0.342948344 -0.722194133 0.239522561 0.550863876
1403715394.812143087 1.707741736 4.189893867 0.635423615 0.356804615 -0.717404854 0.248961641 0.544094518
1403715394.862143040 1.717132708 4.188835159 0.630895999 0.370873518 -0.711839193 0.258098037 0.537701776
1403715394.912142992 1.720561980 4.190284279 0.625216252 0.385889008 -0.705548916 0.267274831 0.530899770
1403715394.962142944 1.732643281 4.186247524 0.622360606 0.400803806 -0.698531719 0.275900991 0.524679322
1403715395.012142897 1.738601907 4.184224967 0.625314829 0.416590606 -0.691242173 0.284459451 0.517416028
1403715395.062143087 1.747956616 4.181882210 0.626295820 0.431554284 -0.683338774 0.293504057 0.510553022
1403715395.112143040 1.756936814 4.178005310 0.624608248 0.446085081 -0.674756455 0.302680387 0.504079766
1403715395.162142992 1.767181949 4.172579568 0.622335857 -0.460187086 0.666271680 -0.310613224 -0.497824587
1403715395.212142944 1.777186955 4.167513900 0.618737723 -0.472704840 0.658921798 -0.319216751 -0.490380326
1403715395.262142897 1.787661202 4.162465330 0.614245218 -0.485221161 0.650454446 -0.326266651 -0.484788110
1403715395.312143087 1.801541120 4.153269177 0.620022891 -0.496581773 0.643235610 -0.332598973 -0.478573313
1403715395.362143040 1.811136427 4.148692611 0.610072174 -0.507309081 0.635115118 -0.339059900 -0.473608137
1403715395.412142992 1.823035898 4.141961010 0.607106370 -0.517422555 0.628123411 -0.344778283 -0.467827763
1403715395.462142944 1.832345959 4.135849803 0.599070875 -0.526419890 0.621661290 -0.351230892 -0.461580113
1403715395.512142897 1.842132945 4.129200048 0.590651422 -0.535100399 0.614958074 -0.357058424 -0.456073911
1403715395.562143087 1.857711179 4.119139571 0.588953951 -0.543671179 0.608817511 -0.361411721 -0.450715493
1403715395.612143040 1.866164523 4.112705768 0.581129114 -0.550275638 0.603038651 -0.367983261 -0.445117319
1403715395.662142992 1.879767322 4.101185960 0.580225023 -0.557593609 0.597325077 -0.371866801 -0.440462487
1403715395.712142944 1.888491900 4.091444117 0.571835374 -0.564977302 0.591447357 -0.375435471 -0.435934490
1403715395.762142897 1.902045854 4.078397745 0.566804778 -0.571561765 0.585416784 -0.379056850 -0.432342737
1403715395.812143087 1.908432834 4.070041261 0.558513546 0.578686869 -0.578604532 0.381711727 0.429691123
1403715395.862143040 1.927473909 4.056122937 0.545954081 0.581883687 -0.575106764 0.386020539 0.426206204
1403715395.912142992 1.940371562 4.044029619 0.535206176 0.584652478 -0.572424062 0.390065555 0.422328115
1403715395.962142944 1.953313144 4.031407673 0.533018293 0.585647480 -0.572007750 0.394672594 0.417202237
1403715396.012142897 1.968913318 4.016976817 0.528526441 0.585667263 -0.572306475 0.399089999 0.412536457
1403715396.062143087 1.985897280 4.000705176 0.523597376 0.584652218 -0.573395275 0.403137209 0.408509526
1403715396.112143040 1.992134108 3.990752468 0.515124585 0.583202339 -0.573954814 0.407775405 0.405179125
1403715396.162142992 1.999285321 3.979289546 0.502457633 0.580050141 -0.574426881 0.413043522 0.403696223
1403715396.212142944 2.008388988 3.965472038 0.501004584 0.579206213 -0.574734420 0.413895607 0.403597492
1403715396.262142897 2.013570885 3.953475149 0.487194694 0.578920063 -0.572856261 0.413499315 0.407069505
1403715396.312143087 2.017077054 3.939198484 0.488987325 0.580049453 -0.571548210 0.410483238 0.410339844
1403715396.362143040 2.017194026 3.925547341 0.496523595 0.581030826 -0.569708963 0.407847685 0.414119719
1403715396.412142992 2.019570910 3.912990003 0.487155888 0.582016381 -0.567272069 0.405476053 0.418387981
1403715396.462142944 2.022457730 3.899272687 0.480162572 0.584536520 -0.564898686 0.401114076 0.422272458
1403715396.512142897 2.026258478 3.884987536 0.474879779 0.586403999 -0.562166869 0.399484463 0.424865773
1403715396.562143087 2.029208300 3.871385697 0.471127399 0.588222223 -0.559368749 0.399497313 0.426031825
1403715396.612143040 2.022545134 3.865516509 0.450730091 0.590380261 -0.554559157 0.402094479 0.426890288
1403715396.662142992 2.031013992 3.848689371 0.441517744 0.592897717 -0.550407903 0.403892757 0.427076197
1403715396.712142944 2.042092726 3.830399552 0.443617248 0.595510612 -0.547994884 0.405652697 0.424870106
1403715396.762142897 2.050324758 3.815785444 0.435333965 0.598437891 -0.546000850 0.407410901 0.421629601
1403715396.812143087 2.056871923 3.802669503 0.423150768 0.600973329 -0.544284828 0.409960615 0.417752770
1403715396.862143040 2.065963824 3.787424145 0.419719732 0.604538289 -0.543690022 0.410061618 0.413260313
1403715396.912142992 2.072910425 3.774105347 0.414850888 0.607527977 -0.543255274 0.410520192 0.408970215
1403715396.962142944 2.080641506 3.761277793 0.397447034 0.611868222 -0.542818029 0.408226143 0.405360683
1403715397.012142897 2.086513804 3.747058184 0.394361177 0.615494696 -0.544469678 0.406483026 0.399362740
1403715397.062143087 2.095103946 3.731528311 0.389616502 0.618998277 -0.545704173 0.404000460 0.394755263
1403715397.112143040 2.100112281 3.718277384 0.376848034 0.621115269 -0.546278462 0.403770594 0.390851599
1403715397.162142992 2.107891501 3.701629463 0.369642271 0.622242670 -0.547939585 0.404191428 0.386271355
1403715397.212142944 2.114838319 3.684049869 0.359323881 0.621909697 -0.550034143 0.406443508 0.381437341
1403715397.262142897 2.120909972 3.666180770 0.345881614 0.620626369 -0.552391706 0.409965344 0.376317325
1403715397.312143087 2.124194165 3.647323658 0.336439681 0.618696090 -0.554261787 0.414068993 0.372230962
1403715397.362143040 2.128916119 3.625614190 0.328925758 0.617182685 -0.555868157 0.417006171 0.369055522
1403715397.412142992 2.134572459 3.601496986 0.323836460 0.616270232 -0.557281777 0.418381925 0.366884977
1403715397.462142944 2.136653147 3.577057397 0.312749979 0.615585411 -0.557945528 0.420096180 0.365062444
1403715397.512142897 2.137060025 3.550796719 0.307498870 0.615917220 -0.558288821 0.420009483 0.364076371
1403715397.562143087 2.138257854 3.521653110 0.302121100 0.614950452 -0.558361591 0.421635544 0.363719318
1403715397.612143040 2.134939605 3.494140735 0.294424924 0.613657390 -0.557555991 0.424213382 0.364141361
1403715397.662142992 2.132906776 3.464474135 0.289118903 0.612744722 -0.555652583 0.425758934 0.366774375
1403715397.712142944 2.130454617 3.432701011 0.282371899 0.610837374 -0.552666313 0.428658858 0.371064998
1403715397.762142897 2.121875474 3.402536274 0.281369403 0.610178645 -0.549723663 0.430033604 0.374909342
1403715397.812143087 2.115957058 3.369516415 0.285421778 0.608526712 -0.548044533 0.431830698 0.377974443
1403715397.862143040 2.109596197 3.336021762 0.288734784 0.608206196 -0.546437206 0.431643204 0.381019352
1403715397.912142992 2.101663465 3.303464669 0.286870878 0.607450393 -0.543857370 0.431806078 0.385702854
1403715397.962142944 2.092000460 3.271053212 0.290969326 0.606249440 -0.540393695 0.432742333 0.391369830
1403715398.012142897 2.079855438 3.239680182 0.291685283 0.604591562 -0.536276959 0.434428631 0.397678050
1403715398.062143087 2.069501942 3.207117901 0.298425345 0.603681120 -0.533189584 0.434554068 0.403039371
1403715398.112143040 2.059274724 3.175635842 0.295563468 0.601797918 -0.530265578 0.435910290 0.408215510
1403715398.162142992 2.048427668 3.144529424 0.297499780 0.600682807 -0.528191440 0.436227804 0.412188392
1403715398.212142944 2.038066620 3.115978030 0.295073721 0.600009468 -0.527350063 0.435607587 0.414893455
1403715398.262142897 2.024326991 3.090986620 0.288118223 0.599669364 -0.527494184 0.434908163 0.415934405
1403715398.312143087 2.012027538 3.066510346 0.276051201 0.599144799 -0.528156352 0.433827078 0.416977749
1403715398.362143040 2.000326984 3.043504500 0.271190652 0.599410502 -0.529185739 0.431515007 0.417689241
1403715398.412142992 1.990977698 3.019956482 0.266292668 0.598285615 -0.531488023 0.430888487 0.417025078
1403715398.462142944 1.975429316 3.002146020 0.259678052 0.599133747 -0.531928615 0.428568978 0.417635407
1403715398.512142897 1.964138796 2.982251931 0.252812927 0.599284841 -0.532636595 0.426216303 0.418921950
1403715398.562143087 1.954548602 2.961324177 0.247727074 0.599429963 -0.532882343 0.423797849 0.420850938
1403715398.612143040 1.944477611 2.942272057 0.246707932 0.597922778 -0.532580542 0.423941972 0.423225143
1403715398.662142992 1.934051059 2.925679179 0.243598717 0.597285277 -0.530420535 0.422933159 0.427822273
1403715398.712142944 1.925975839 2.909541971 0.238198813 0.596592757 -0.526938619 0.421639423 0.434318974
1403715398.762142897 1.918331110 2.894772509 0.239895443 0.596283047 -0.524123356 0.419544386 0.440140595
1403715398.812143087 1.907926857 2.884036020 0.242018136 0.595489981 -0.522186262 0.419262608 0.443770275
1403715398.862143040 1.900795624 2.874017181 0.243552905 0.595474767 -0.520768040 0.418166357 0.446483312
1403715398.912142992 1.895581941 2.866320857 0.239931063 0.595624554 -0.519230279 0.417363318 0.448819750
1403715398.962142944 1.892576326 2.860542157 0.236821794 0.595419089 -0.518728684 0.417643949 0.449410939
1403715399.012142897 1.893832113 2.855537725 0.231950366 0.596111147 -0.517472967 0.416600041 0.450907567
1403715399.062143087 1.895484806 2.853504444 0.228494398 0.596335531 -0.517732927 0.417034094 0.449910120
1403715399.112143040 1.898147227 2.853834418 0.223159642 0.596812689 -0.518758727 0.417849957 0.447331434
1403715399.162142992 1.902924257 2.854073441 0.228052939 0.595892175 -0.521429949 0.420747803 0.442712786
1403715399.212142944 1.909977209 2.856167571 0.227350320 0.596105464 -0.522284848 0.421948261 0.440268644
1403715399.262142897 1.915408745 2.862951464 0.215696257 0.596112444 -0.521232839 0.423864258 0.439665069
1403715399.312143087 1.924959472 2.868152567 0.214902670 0.597987050 -0.521683869 0.422194941 0.438188157
1403715399.362143040 1.932646742 2.876881397 0.216049228 0.600236013 -0.522611483 0.420150282 0.435967554
1403715399.412142992 1.942319052 2.886397676 0.208462475 0.602477278 -0.523290560 0.417691893 0.434420996
1403715399.462142944 1.953668357 2.897634520 0.193902499 0.604270813 -0.522659205 0.415521370 0.434771356
1403715399.512142897 1.963236794 2.913891757 0.196468051 0.606183025 -0.522400708 0.413001304 0.434821300
1403715399.562143087 1.976282739 2.928725175 0.196620172 0.608868078 -0.524906036 0.408936102 0.431884917
1403715399.612143040 1.993387224 2.940602396 0.199525785 0.610853027 -0.531418816 0.405308738 0.424473142
1403715399.662142992 2.010549158 2.953345356 0.197569984 0.612322345 -0.537155646 0.402244995 0.418000145
1403715399.712142944 2.027681109 2.966867384 0.192032289 0.613744569 -0.541872323 0.399191481 0.412720426
1403715399.762142897 2.045709675 2.979784685 0.189585973 0.614682037 -0.545528933 0.396332467 0.409249011
1403715399.812143087 2.064117015 2.991947879 0.194955354 0.614743022 -0.549034250 0.394701976 0.406032954
1403715399.862143040 2.082830436 3.004342518 0.191596192 0.615266797 -0.550401750 0.392905793 0.405129264
1403715399.912142992 2.104099869 3.013556940 0.192774269 0.615491476 -0.552057252 0.390842473 0.404530832
1403715399.962142944 2.123445609 3.023527584 0.194088013 0.615333018 -0.553643371 0.388429009 0.404928635
1403715400.012142897 2.143643609 3.031438005 0.200683501 0.613945576 -0.555559646 0.385920266 0.406804446
1403715400.062143087 2.167304493 3.036321916 0.203235477 0.611511269 -0.557289375 0.383002844 0.410842235
1403715400.112143040 2.188741655 3.042326358 0.201462764 0.608081171 -0.558731807 0.380750419 0.416035065
1403715400.162142992 2.211071988 3.046906675 0.205495966 0.604048060 -0.562066802 0.377654878 0.420218567
1403715400.212142944 2.234361102 3.050086931 0.206016169 0.599670132 -0.565202093 0.373526178 0.425934879
1403715400.262142897 2.263516085 3.048713867 0.211337506 0.596042181 -0.568782932 0.365974090 0.432761667
1403715400.312143087 2.288581603 3.050134360 0.217262305 0.590938638 -0.573294368 0.360441020 0.438414603
1403715400.362143040 2.313241151 3.052256464 0.214908605 0.585204068 -0.577151962 0.355053812 0.445385902
1403715400.412142992 2.341836960 3.050680029 0.221586323 -0.579316966 0.583458686 -0.348385116 -0.450106238
1403715400.462142944 2.369781250 3.049876107 0.221915577 -0.570261234 0.590751406 -0.345841695 -0.454101777
1403715400.512142897 2.401291434 3.046146096 0.223442339 -0.560604820 0.599463355 -0.342740650 -0.457050072
1403715400.562143087 2.438009682 3.038665550 0.226005223 -0.550879308 0.609301177 -0.337623990 -0.459667385
1403715400.612143040 2.471708737 3.032819671 0.227039008 -0.540053399 0.619463991 -0.333518875 -0.461921910
1403715400.662142992 2.505232097 3.026942927 0.229896331 -0.529369883 0.630102333 -0.328192879 -0.463711129
1403715400.712142944 2.537850622 3.019889977 0.229404315 -0.517723385 0.640194137 -0.323433584 -0.466373971
1403715400.762142897 2.575583952 3.007771356 0.232082241 -0.505007448 0.651337835 -0.318361666 -0.468372024
1403715400.812143087 2.613098683 2.995515615 0.236353105 -0.491416546 0.661841747 -0.314725365 -0.470556293
1403715400.862143040 2.646150087 2.985706199 0.229165185 -0.477723975 0.670771344 -0.311998522 -0.473816980
1403715400.912142992 2.678388489 2.975104732 0.226959978 -0.466114409 0.680036058 -0.308396236 -0.474531431
1403715400.962142944 2.713207254 2.961469266 0.220758651 -0.455975220 0.687998755 -0.304844118 -0.475199301
1403715401.012142897 2.744503693 2.949234303 0.222587447 -0.447101906 0.695553222 -0.302052225 -0.474415487
1403715401.062143087 2.779545656 2.930783273 0.219756021 -0.440377126 0.701597362 -0.297437209 -0.474721217
1403715401.112143040 2.809265078 2.914255913 0.218376755 -0.434858455 0.705739672 -0.294485877 -0.475507841
1403715401.162142992 2.834334315 2.899750318 0.224599835 -0.432399321 0.708926054 -0.289407454 -0.476128136
1403715401.212142944 2.865836177 2.875465184 0.223100654 -0.430057521 0.710948428 -0.283954325 -0.478511028
1403715401.262142897 2.892874969 2.851764101 0.218829497 -0.429010542 0.711664700 -0.279223330 -0.481162802
1403715401.312143087 2.913873548 2.830514647 0.214578674 -0.428202773 0.711746277 -0.276127660 -0.483542281
1403715401.362143040 2.939942702 2.801389694 0.213348892 -0.426280535 0.711503261 -0.274529265 -0.486499433
1403715401.412142992 2.964186732 2.773938864 0.214192398 -0.424259718 0.710809378 -0.274852392 -0.489090874
1403715401.462142944 2.983567346 2.748485448 0.217968112 -0.423226176 0.709554383 -0.275578700 -0.491394508
1403715401.512142897 3.004990705 2.719119627 0.222286544 -0.421950766 0.707983470 -0.276780456 -0.494074424
1403715401.562143087 3.026734148 2.686218115 0.225167939 -0.419129769 0.707384119 -0.279764092 -0.495651085
1403715401.612143040 3.047157079 2.651463430 0.227218995 -0.415180534 0.705442340 -0.285036213 -0.498728972
1403715401.662142992 3.065406512 2.616101236 0.231886690 0.412177228 -0.704118646 0.287795946 0.501498114
1403715401.712142944 3.085231828 2.576178892 0.252566862 0.405097472 -0.705033789 0.293297338 0.502792270
1403715401.762142897 3.100487730 2.543353519 0.262688058 0.397636566 -0.706118367 0.298437938 0.504199178
1403715401.812143087 3.114853325 2.505677328 0.277767578 0.392336891 -0.707491586 0.298751339 0.506236167
1403715401.862143040 3.124917929 2.475112710 0.283020244 0.387364469 -0.708393241 0.299222277 0.508521203
1403715401.912142992 3.138309434 2.441800000 0.287336273 0.385388473 -0.708550374 0.296233811 0.511544350
1403715401.962142944 3.149326473 2.409146379 0.288326087 0.386501388 -0.707479052 0.290848631 0.515264147
1403715402.012142897 3.157242164 2.379372949 0.294125852 0.388268978 -0.706242053 0.286371973 0.518131698
1403715402.062143087 3.167312679 2.345530236 0.306615241 0.390100744 -0.705978539 0.281958066 0.519533792
1403715402.112143040 3.174619284 2.315473428 0.310291757 0.389880464 -0.703089378 0.282305946 0.523413701
1403715402.162142992 3.182412855 2.283984195 0.308915993 0.388405403 -0.697134543 0.284163952 0.531408995
1403715402.212142944 3.188381958 2.255056248 0.313707471 0.386454278 -0.693353604 0.285411437 0.537079307
1403715402.262142897 3.195935419 2.226269322 0.315840606 0.383788993 -0.691716749 0.285317553 0.541135696
1403715402.312143087 3.202770938 2.198863003 0.321850551 0.383689950 -0.692694993 0.280599699 0.542420020
1403715402.362143040 3.210221312 2.172009024 0.323868358 0.383992400 -0.695394125 0.272367517 0.542948233
1403715402.412142992 3.219119587 2.144042194 0.330352769 0.381188512 -0.698490392 0.264844499 0.544668598
1403715402.462142944 3.225606921 2.123751400 0.320329812 0.378251838 -0.699404906 0.256731071 0.549406482
1403715402.512142897 3.231535141 2.104226165 0.319143019 0.374592900 -0.699247244 0.249273404 0.555514375
1403715402.562143087 3.240261530 2.082550442 0.323013557 0.370668084 -0.700296981 0.244000064 0.559154073
1403715402.612143040 3.252351914 2.059424510 0.320522084 0.366417937 -0.699601696 0.240038937 0.564514544
1403715402.662142992 3.265901835 2.035527773 0.332317852 0.363418718 -0.700647302 0.235744159 0.566961096
1403715402.712142944 3.282391968 2.013942027 0.327698331 0.359515095 -0.700964432 0.234137926 0.569716765
1403715402.762142897 3.297743498 1.990065986 0.335380214 0.354657143 -0.706575531 0.235547266 0.565231648
1403715402.812143087 3.317019352 1.967038313 0.339408842 0.349229521 -0.712049415 0.238025836 0.560685360
1403715402.862143040 3.340205250 1.943531419 0.332618348 0.344177091 -0.716406680 0.240542097 0.557174208
1403715402.912142992 3.360497543 1.924828362 0.327297452 0.339529570 -0.720769285 0.244051900 0.552856201
1403715402.962142944 3.381591904 1.902010054 0.321091136 0.335822518 -0.725880846 0.245783713 0.547640941
1403715403.012142897 3.402294739 1.876699995 0.320956978 0.332063286 -0.732284863 0.247666454 0.540512887
1403715403.062143087 3.420944032 1.855881354 0.332349520 0.331244116 -0.739273028 0.246265116 0.532077268
1403715403.112143040 3.439379454 1.836093765 0.333581299 0.329678915 -0.744731369 0.246095552 0.525475005
1403715403.162142992 3.458617187 1.815584132 0.326652620 0.328771741 -0.748533099 0.245744684 0.520784881
1403715403.212142944 3.472838691 1.799981263 0.315415620 0.327949383 -0.750460791 0.246512249 0.518159738
1403715403.262142897 3.487442381 1.776472237 0.320716034 0.329861383 -0.752357257 0.242914964 0.515889858
1403715403.312143087 3.499013369 1.756621837 0.324825858 0.331207421 -0.752394926 0.241253097 0.515752327
1403715403.362143040 3.509794400 1.736948142 0.326168104 0.332206811 -0.751387673 0.238752735 0.517737705
1403715403.412142992 3.519364236 1.713191597 0.328520265 0.331574435 -0.750782840 0.236075652 0.520242066
1403715403.462142944 3.527247315 1.688020860 0.336239245 0.329847110 -0.751041909 0.232629618 0.522513536
1403715403.512142897 3.532288802 1.665955374 0.336460262 0.325763817 -0.750963659 0.230239537 0.526233098
1403715403.562143087 3.534931867 1.642436100 0.344487682 0.319473766 -0.752912492 0.228207820 0.528186030
1403715403.612143040 3.537088715 1.621016460 0.337970027 0.313496446 -0.755013448 0.223675346 0.530701433
1403715403.662142992 3.538171270 1.595855387 0.345519451 0.306708830 -0.758933151 0.217848700 0.531499868
1403715403.712142944 3.537390972 1.573421611 0.346023548 0.298816935 -0.763624619 0.212896984 0.531282180
1403715403.762142897 3.534066654 1.552643918 0.347203496 0.289588567 -0.768878894 0.208913920 0.530394836
1403715403.812143087 3.529245909 1.531619471 0.343584509 0.279472648 -0.773185870 0.204943604 0.531108999
1403715403.862143040 3.524255805 1.505771064 0.350462118 0.268493208 -0.777773882 0.200532450 0.531757390
1403715403.912142992 3.516809672 1.483251400 0.353093226 0.258711228 -0.781481535 0.195066161 0.533201936
1403715403.962142944 3.508165133 1.458413931 0.357698021 0.248886440 -0.784870593 0.189150537 0.535028753
1403715404.012142897 3.498406997 1.432277033 0.359635224 0.239225284 -0.787242818 0.182466237 0.538262093
1403715404.062143087 3.486065087 1.405956668 0.364641408 0.229224551 -0.788086864 0.176089615 0.543477365
1403715404.112143040 3.471531738 1.380899182 0.370437922 0.220449146 -0.788472946 0.168676923 0.548872191
1403715404.162142992 3.455926515 1.355139051 0.375881061 0.213340897 -0.787689961 0.158622616 0.555759887
1403715404.212142944 3.438880039 1.331576494 0.379385010 0.206041389 -0.787243078 0.149771181 0.561572680
1403715404.262142897 3.421501395 1.309667370 0.381055213 0.201342699 -0.785894378 0.140195707 0.567605769
1403715404.312143087 3.404602407 1.283385043 0.389233366 0.197260771 -0.785993673 0.130817482 0.571129513
1403715404.362143040 3.388913714 1.254176408 0.389885003 0.191838495 -0.786377767 0.125370841 0.573663797
1403715404.412142992 3.371760952 1.229331619 0.394744538 0.188893180 -0.786409028 0.119872090 0.575769824
1403715404.462142944 3.354652122 1.200877381 0.396658722 0.185217565 -0.785798554 0.116911749 0.578400146
1403715404.512142897 3.337986155 1.169084664 0.395782372 0.183311631 -0.784785143 0.113185936 0.581117948
1403715404.562143087 3.320086063 1.136824549 0.401858893 0.181596728 -0.784614671 0.110895271 0.582326958
1403715404.612143040 3.302143906 1.104528110 0.403364380 0.179858770 -0.784103316 0.110027688 0.583718014
1403715404.662142992 3.286622971 1.068390951 0.406124159 0.175886212 -0.784353162 0.112923008 0.584039854
1403715404.712142944 3.272240687 1.031365526 0.405752742 0.172628816 -0.784009926 0.115578920 0.584952342
1403715404.762142897 3.257903232 1.000739617 0.406619688 0.169221215 -0.783648905 0.120194482 0.585501376
1403715404.812143087 3.245415488 0.964035686 0.409312489 0.165542624 -0.784727621 0.122186001 0.584695461
1403715404.862143040 3.232971418 0.929881740 0.405290833 0.161211387 -0.785360851 0.122840773 0.584918257
1403715404.912142992 3.222277836 0.897411207 0.391356584 0.155583728 -0.784479897 0.123192970 0.587544455
1403715404.962142944 3.209072393 0.863894734 0.392440047 0.148513562 -0.785083808 0.122860630 0.588636052
1403715405.012142897 3.196104301 0.830803313 0.390103211 0.139724006 -0.785173112 0.122151309 0.590812529
1403715405.062143087 3.183637357 0.798798072 0.385842746 0.130050574 -0.785508192 0.120028616 0.593006627
1403715405.112143040 3.171066220 0.768245649 0.391168127 0.117106344 -0.787706667 0.119672263 0.592859899
1403715405.162142992 3.160178507 0.739367415 0.387965029 0.104737683 -0.789896035 0.115711657 0.593047287
1403715405.212142944 3.151037900 0.709975801 0.384417133 0.090567538 -0.792555133 0.110526861 0.592821807
1403715405.262142897 3.141254239 0.684224163 0.379937217 0.076463681 -0.795069254 0.104104064 0.592604869
1403715405.312143087 3.131105400 0.660685444 0.372689491 0.062577699 -0.797198164 0.095877986 0.592761782
1403715405.362143040 3.120889952 0.635915843 0.368701118 0.048981851 -0.799421280 0.086192300 0.592534626
1403715405.412142992 3.110610086 0.613033452 0.369882170 0.035970437 -0.802295763 0.075774022 0.591004175
1403715405.462142944 3.101049586 0.592586407 0.363694443 0.022704494 -0.804300527 0.066248371 0.590081623
1403715405.512142897 3.090256859 0.574384818 0.364747009 0.008951051 -0.806475515 0.057108312 0.588435012
1403715405.562143087 3.080751959 0.554952052 0.361271479 -0.004289947 -0.807759001 0.046653101 0.587648262
1403715405.612143040 3.071115342 0.536180308 0.355839080 -0.015968596 -0.808709926 0.034099279 0.587001277
1403715405.662142992 3.059633051 0.521286936 0.359135870 -0.025989339 -0.811150347 0.020808020 0.583889283
1403715405.712142944 3.048726436 0.503929098 0.359651042 -0.037480040 -0.813235084 0.009440603 0.580650342
1403715405.762142897 3.038563459 0.485689467 0.356868060 -0.048053317 -0.814309958 -0.002870847 0.578430575
1403715405.812143087 3.027338481 0.472021877 0.342467754 -0.059432451 -0.814600566 -0.012421092 0.576835694
1403715405.862143040 3.013296697 0.456231069 0.342528495 -0.070756691 -0.815876033 -0.022654867 0.573433994
1403715405.912142992 2.998804499 0.443610845 0.333942964 -0.083794518 -0.814718750 -0.030215350 0.572973707
1403715405.962142944 2.985123455 0.428027693 0.329962263 -0.097058234 -0.812048134 -0.038835542 0.574150963
1403715406.012142897 2.970874785 0.413970870 0.326962320 -0.110015509 -0.808258146 -0.048012140 0.576463522
1403715406.062143087 2.955682616 0.400521832 0.323727331 -0.123858559 -0.804343890 -0.056051176 0.578401444
1403715406.112143040 2.940527767 0.386125489 0.314844828 -0.136991760 -0.800284695 -0.065064005 0.580124417
1403715406.162142992 2.923630062 0.375122727 0.309480674 -0.150388442 -0.797179689 -0.072573618 0.580190426
1403715406.212142944 2.906714984 0.362282930 0.304072753 -0.164387378 -0.794225675 -0.079624114 0.579519083
1403715406.262142897 2.890274706 0.349238041 0.299013573 -0.177189536 -0.791822876 -0.087631488 0.577876391
1403715406.312143087 2.873555475 0.336300399 0.289742976 -0.190051649 -0.789244540 -0.094898222 0.576166429
1403715406.362143040 2.858824258 0.322126463 0.283051854 -0.203656573 -0.787330517 -0.100602144 0.573161291
1403715406.412142992 2.844127776 0.311135420 0.276008553 -0.217206770 -0.785646224 -0.105199629 0.569661538
1403715406.462142944 2.831532266 0.298679485 0.265794485 -0.231220734 -0.782986361 -0.108947943 0.567097590
1403715406.512142897 2.817975312 0.286562890 0.254803533 -0.243920304 -0.780367062 -0.114130058 0.564361997
1403715406.562143087 2.802150223 0.276142359 0.247531927 -0.256127880 -0.777924752 -0.119719977 0.561158370
1403715406.612143040 2.785587311 0.267597805 0.240629003 -0.268323929 -0.775017460 -0.125000808 0.558323386
1403715406.662142992 2.769940845 0.258586665 0.235224405 -0.279819918 -0.772186965 -0.131364222 0.555132007
1403715406.712142944 2.755630288 0.250921086 0.227685543 -0.290850365 -0.768822604 -0.137627793 0.552608776
1403715406.762142897 2.740122928 0.244522124 0.223463523 -0.300250287 -0.765595861 -0.146698905 0.549720087
1403715406.812143087 2.724853394 0.240349120 0.214107172 -0.309911633 -0.761140637 -0.155411559 0.548148664
1403715406.862143040 2.709910864 0.235445236 0.201929146 -0.319313278 -0.756454363 -0.164595444 0.546556646
1403715406.912142992 2.694447941 0.234273973 0.193323500 -0.328369456 -0.752795367 -0.172843287 0.543689097
1403715406.962142944 2.678566776 0.234281926 0.185642489 -0.337144173 -0.748699267 -0.181679664 0.541087528
1403715407.012142897 2.663146029 0.233592398 0.177614986 -0.346677155 -0.745036059 -0.188928138 0.537626618
1403715407.062143087 2.648484628 0.232990011 0.169344682 -0.356742700 -0.741163087 -0.195001455 0.534215647
1403715407.112143040 2.633459520 0.234464034 0.164756347 -0.367317792 -0.738249161 -0.199841821 0.529272201
1403715407.162142992 2.618642585 0.234595921 0.164690392 -0.376791383 -0.736402345 -0.205197695 0.523100130
1403715407.212142944 2.604172183 0.240490483 0.159522199 -0.384994147 -0.736284107 -0.207890920 0.516184644
1403715407.262142897 2.590257891 0.243578394 0.148800230 -0.392574498 -0.735847456 -0.209743568 0.510315021
1403715407.312143087 2.574632805 0.247304988 0.141486784 -0.398131198 -0.736582623 -0.212524445 0.503756834
1403715407.362143040 2.558568579 0.252456763 0.132319638 -0.402216171 -0.736045671 -0.215363593 0.500077439
1403715407.412142992 2.541448691 0.259853405 0.123368090 0.405166127 0.734756076 0.218046724 -0.498427070
1403715407.462142944 2.523641415 0.268483037 0.116760838 0.407047492 0.732453014 0.220569565 -0.499173305
1403715407.512142897 2.504478730 0.281304772 0.114303130 0.407301079 0.731604159 0.223745522 -0.498797681
1403715407.562143087 2.484331023 0.294210078 0.114276124 0.408353054 0.729957351 0.225379951 -0.499613777
1403715407.612143040 2.463853586 0.308159642 0.118551843 0.408073565 0.729067597 0.228115446 -0.499899738
1403715407.662142992 2.444139099 0.324263620 0.119289219 -0.405725105 -0.728725964 -0.232144946 0.500454125
1403715407.712142944 2.423429704 0.339602287 0.124320461 -0.400905747 -0.728390206 -0.239089261 0.501556193
1403715407.762142897 2.399411718 0.357050888 0.123994287 -0.396601840 -0.728083305 -0.244470435 0.502827892
1403715407.812143087 2.375743709 0.375028289 0.129535175 -0.393523864 -0.728307011 -0.247779817 0.503302125
1403715407.862143040 2.351810873 0.393511533 0.134768586 -0.391277030 -0.728124887 -0.249730506 0.504352167
1403715407.912142992 2.327762485 0.409998158 0.135472666 -0.390984678 -0.726467508 -0.248653104 0.507491453
1403715407.962142944 2.302537457 0.428456832 0.140818739 -0.389982032 -0.726778521 -0.247902153 0.508184532
1403715408.012142897 2.276177491 0.445543852 0.142697807 -0.391014824 -0.724521143 -0.245608944 0.511715514
1403715408.062143087 2.249770540 0.461660881 0.148253476 -0.391303271 -0.724647555 -0.244618323 0.511790530
1403715408.112143040 2.222323196 0.481761149 0.159562620 -0.391966465 -0.724210914 -0.242219524 0.513040490
1403715408.162142992 2.193448066 0.501823002 0.176123967 -0.391957786 -0.723203335 -0.241054709 0.515013259
1403715408.212142944 2.165239803 0.523924515 0.197794443 -0.391364989 -0.722424916 -0.240110617 0.516993789
1403715408.262142897 2.137178774 0.545523360 0.215040118 -0.390809734 -0.721829757 -0.239622596 0.518469445
1403715408.312143087 2.108929362 0.569696798 0.230982242 -0.390932753 -0.721162176 -0.238227680 0.519946411
1403715408.362143040 2.081544222 0.591681181 0.247722235 -0.390549041 -0.721023422 -0.237503464 0.520757887
1403715408.412142992 2.054464141 0.615259752 0.258117852 -0.389162232 -0.719556073 -0.236643416 0.524205789
1403715408.462142944 2.027358541 0.636110811 0.265841955 -0.385972268 -0.718545622 -0.236225135 0.528124307
1403715408.512142897 2.000977936 0.657198486 0.270473330 -0.381399796 -0.717412650 -0.234979025 0.533514894
1403715408.562143087 1.974402585 0.676542638 0.271368000 -0.375859241 -0.717519063 -0.233159015 0.538082800
1403715408.612143040 1.947301602 0.695418082 0.272338419 -0.368487399 -0.717401941 -0.231493996 0.544023917
1403715408.662142992 1.920956768 0.713811100 0.273900611 -0.358875857 -0.719208001 -0.230373713 0.548521579
1403715408.712142944 1.895490190 0.729267365 0.270923642 -0.349704895 -0.720395899 -0.227251685 0.554159641
1403715408.762142897 1.869152464 0.744323846 0.268661118 -0.340550341 -0.722831883 -0.221397574 0.559037251
1403715408.812143087 1.843804529 0.756762544 0.267556305 -0.329734489 -0.725552551 -0.216083773 0.564053601
1403715408.862143040 1.818314969 0.769579661 0.269077197 -0.319585456 -0.729718447 -0.208727219 0.567282181
1403715408.912142992 1.793927221 0.780559368 0.270743989 -0.308694419 -0.734218535 -0.200965040 0.570301632
1403715408.962142944 1.770752609 0.791681264 0.267455274 -0.297083117 -0.738407322 -0.192478325 0.573975907
1403715409.012142897 1.751602638 0.799266427 0.265636065 -0.285161098 -0.741912116 -0.183724209 0.578355407
1403715409.062143087 1.731640070 0.807334957 0.264335229 -0.272771656 -0.746026088 -0.174933439 0.581755096
1403715409.112143040 1.712547947 0.814689545 0.265381048 -0.262005222 -0.749027167 -0.164721295 0.585814358
1403715409.162142992 1.696310040 0.819958349 0.273059333 -0.253123341 -0.752409614 -0.153946393 0.588310169
1403715409.212142944 1.685165324 0.823680473 0.287057383 -0.244719682 -0.757057404 -0.144752339 0.588237303
1403715409.262142897 1.673767402 0.829993496 0.296204919 -0.238218770 -0.761509781 -0.135766927 0.587300616
1403715409.312143087 1.667003768 0.834863814 0.304785972 -0.232546807 -0.763957398 -0.128710688 0.587983533
1403715409.362143040 1.658650181 0.838222085 0.315015312 -0.226741765 -0.765854017 -0.124096338 0.588774911
1403715409.412142992 1.649989487 0.843026775 0.324532010 -0.221581413 -0.767318620 -0.121411687 0.589392072
1403715409.462142944 1.642544683 0.847181929 0.335817145 -0.216945641 -0.768846348 -0.120954495 0.589219732
1403715409.512142897 1.637160650 0.851614660 0.344751686 -0.212189328 -0.769043220 -0.122907965 0.590289630
1403715409.562143087 1.633364750 0.855591362 0.356313092 -0.209642165 -0.770980922 -0.126534538 0.587901004
1403715409.612143040 1.629145450 0.861649268 0.364073031 -0.211464320 -0.773117891 -0.125744784 0.584602273
1403715409.662142992 1.625292939 0.865666389 0.375071802 -0.213214999 -0.775179381 -0.125810427 0.581212549
1403715409.712142944 1.620652109 0.869474376 0.388105582 -0.216383899 -0.778976676 -0.124793763 0.575152035
1403715409.762142897 1.617128327 0.873021051 0.397193904 -0.219137835 -0.781670590 -0.124598909 0.570477703
1403715409.812143087 1.614226841 0.874905242 0.406472566 -0.222363483 -0.784276361 -0.124792884 0.565589787
1403715409.862143040 1.609824451 0.878280893 0.415928840 -0.225652350 -0.786560802 -0.125132576 0.561021354
1403715409.912142992 1.606459742 0.880945494 0.424556545 -0.229572399 -0.788748687 -0.124907739 0.556390222
1403715409.962142944 1.601324524 0.883769703 0.434955681 -0.232030463 -0.790610826 -0.126357886 0.552385798
1403715410.012142897 1.592280782 0.888478109 0.443058438 -0.235572927 -0.791873729 -0.126161096 0.549112713
1403715410.062143087 1.584318380 0.892634130 0.454667389 -0.238062875 -0.792113749 -0.127366194 0.547411846
1403715410.112143040 1.575891747 0.899398409 0.466017065 -0.239101266 -0.790264378 -0.129633225 0.549097463
1403715410.162142992 1.568789314 0.906260866 0.475867456 -0.239405226 -0.786697935 -0.132966890 0.553273262
1403715410.212142944 1.558819740 0.913508996 0.484529833 -0.240044364 -0.783559945 -0.134979977 0.556949658
1403715410.262142897 1.546777759 0.921118404 0.490720491 -0.240145874 -0.780752171 -0.137117200 0.560316767
1403715410.312143087 1.534048105 0.927659499 0.495810511 -0.240191183 -0.778983460 -0.139160966 0.562251892
1403715410.362143040 1.522483654 0.934268206 0.497716248 -0.240056710 -0.777688498 -0.140659188 0.563727212
1403715410.412142992 1.510394371 0.942496007 0.493147113 -0.239538667 -0.776917890 -0.141806860 0.564721731
1403715410.462142944 1.498471510 0.948828172 0.488888559 -0.238073594 -0.777007265 -0.144320336 0.564581539
1403715410.512142897 1.486922357 0.955256944 0.486663375 -0.235556980 -0.778011965 -0.147908866 0.563323405
1403715410.562143087 1.475359853 0.961943504 0.481346112 -0.233595029 -0.777830236 -0.150119895 0.563806265
1403715410.612143040 1.462516038 0.967027940 0.479344204 -0.231713841 -0.778498866 -0.151132376 0.563389045
1403715410.662142992 1.448769700 0.972292974 0.475911465 -0.229922335 -0.778139398 -0.151564862 0.564502338
1403715410.712142944 1.435258300 0.976703578 0.472518982 -0.229785270 -0.777578658 -0.149841505 0.565789434
1403715410.762142897 1.422924106 0.979379964 0.470502272 -0.228877547 -0.774810926 -0.148929967 0.570178010
1403715410.812143087 1.409779860 0.982645476 0.468398590 -0.227904355 -0.770017610 -0.147110564 0.577486768
1403715410.862143040 1.398738286 0.985044859 0.470452065 -0.225339367 -0.766671873 -0.147682236 0.582774713
1403715410.912142992 1.386705044 0.987266069 0.471121703 -0.224915540 -0.764986930 -0.144679177 0.585897544
1403715410.962142944 1.374678829 0.989031672 0.469371366 -0.223289834 -0.765929573 -0.142829648 0.585741607
1403715411.012142897 1.364699806 0.987807479 0.466756861 -0.222513369 -0.767881359 -0.139462332 0.584291260
1403715411.062143087 1.355676750 0.987288854 0.462028974 -0.221580273 -0.769730340 -0.135641079 0.583111381
1403715411.112143040 1.345968043 0.985135486 0.461633913 -0.221086004 -0.773061403 -0.132211404 0.579669898
1403715411.162142992 1.338459049 0.982106279 0.457754760 -0.221505026 -0.774401248 -0.127414106 0.578795194
1403715411.212142944 1.328675804 0.978676039 0.457751614 -0.221884237 -0.775269778 -0.122944752 0.578453753
1403715411.262142897 1.319197206 0.974646432 0.457479730 -0.222654999 -0.775957548 -0.118970341 0.578066340
1403715411.312143087 1.309905336 0.971760361 0.457223146 -0.222756478 -0.775265354 -0.115847639 0.579588222
1403715411.362143040 1.301556833 0.967951885 0.459681647 -0.222049802 -0.773738456 -0.114527705 0.582156415
1403715411.412142992 1.296206471 0.965456070 0.456671178 -0.221909220 -0.770235324 -0.112124469 0.587300559
1403715411.462142944 1.289039316 0.963790137 0.457764803 -0.221023981 -0.767764631 -0.110802339 0.591108039
1403715411.512142897 1.283295188 0.962654323 0.457303564 -0.219224439 -0.766826765 -0.110938446 0.592967131
1403715411.562143087 1.279285136 0.961040877 0.455539316 -0.217512725 -0.768257251 -0.110983134 0.591736220
1403715411.612143040 1.276262501 0.959847422 0.453006195 -0.215682697 -0.770408084 -0.111522832 0.589504043
1403715411.662142992 1.274512000 0.958232454 0.449277343 -0.213843580 -0.772828796 -0.112020346 0.586905458
1403715411.712142944 1.273070558 0.956720433 0.445860859 -0.212214491 -0.774624362 -0.112328602 0.585067853
1403715411.762142897 1.273564082 0.954026465 0.441561549 -0.210678108 -0.775732906 -0.112778449 0.584066961
1403715411.812143087 1.278301707 0.953137877 0.434005000 -0.209357824 -0.775762926 -0.113511111 0.584359831
1403715411.862143040 1.281643697 0.951866421 0.427962566 -0.208584974 -0.776040041 -0.113149758 0.584338340
1403715411.912142992 1.283624467 0.950859703 0.424853663 -0.207475531 -0.776119203 -0.112937796 0.584669086
1403715411.962142944 1.286473935 0.948904643 0.420682922 -0.207744438 -0.775780917 -0.111481189 0.585301770
1403715412.012142897 1.287961941 0.946678929 0.419326850 -0.207504551 -0.776305386 -0.110956975 0.584790868
1403715412.062143087 1.290368630 0.945793204 0.417461229 -0.207621621 -0.776940594 -0.109908071 0.584103408
1403715412.112143040 1.294039626 0.943798128 0.416506293 -0.207372904 -0.777381216 -0.110047256 0.583579065
1403715412.162142992 1.296984477 0.941848715 0.413691997 -0.207486519 -0.779238776 -0.109543813 0.581150950
1403715412.212142944 1.301755303 0.937777088 0.410677687 -0.207551507 -0.779839482 -0.109531186 0.580323766
1403715412.262142897 1.306481096 0.933246990 0.408317610 -0.207620807 -0.780408223 -0.109932585 0.579457879
1403715412.312143087 1.311465396 0.929569723 0.403137673 -0.207846509 -0.780432002 -0.109775927 0.579374632
1403715412.362143040 1.316492987 0.925623321 0.401973972 -0.208135454 -0.781085293 -0.110152202 0.578318157
1403715412.412142992 1.322428151 0.922681028 0.397347362 -0.208956427 -0.781091617 -0.109493089 0.578138704
1403715412.462142944 1.327000271 0.919460111 0.396539621 -0.209542990 -0.782311119 -0.109049308 0.576358653
1403715412.512142897 1.331833209 0.916660361 0.394296853 -0.209868721 -0.783268618 -0.108734208 0.574997621
1403715412.562143087 1.337108300 0.912919821 0.392455763 -0.210402405 -0.784303671 -0.108794900 0.573377929
1403715412.612143040 1.342261214 0.910827652 0.389496372 -0.209935859 -0.784824275 -0.109468312 0.572708024
1403715412.662142992 1.347124397 0.908236993 0.388793913 -0.210026945 -0.785640271 -0.109571172 0.571534955
1403715412.712142944 1.352564796 0.905722713 0.384669515 -0.209933114 -0.786566076 -0.109842138 0.570242580
1403715412.762142897 1.355213143 0.904395036 0.382948736 -0.209563520 -0.787342240 -0.109885973 0.569298166
1403715412.812143087 1.358710003 0.902999973 0.381109121 -0.209536185 -0.788157638 -0.109691753 0.568216371
1403715412.862143040 1.362522631 0.900703372 0.380252883 -0.209342179 -0.788794632 -0.109805499 0.567381383
1403715412.912142992 1.365429633 0.898494590 0.379564044 -0.209290002 -0.788966598 -0.110149086 0.567094861
1403715412.962142944 1.367419059 0.896524692 0.380266055 -0.209483018 -0.788561788 -0.110607310 0.567497308
1403715413.012142897 1.369693920 0.894531819 0.379180616 -0.209340650 -0.787221138 -0.111542055 0.569225564
1403715413.062143087 1.371809374 0.892627253 0.375308519 -0.208810550 -0.786083800 -0.112814281 0.570739302
1403715413.112143040 1.373114303 0.890705197 0.369864385 -0.208244786 -0.785203224 -0.114018764 0.571917589
1403715413.162142992 1.373748968 0.889909758 0.360928078 -0.208140841 -0.784194459 -0.114412071 0.573259381
1403715413.212142944 1.373375887 0.888717648 0.352062751 -0.207539108 -0.784006931 -0.115369779 0.573542035
1403715413.262142897 1.373873716 0.886231162 0.340812077 -0.207955926 -0.783571748 -0.115036366 0.574052510
1403715413.312143087 1.375639261 0.883991655 0.327117589 -0.209700175 -0.782647517 -0.112658455 0.575149349
1403715413.362143040 1.376189132 0.881497872 0.313168576 -0.211821492 -0.781282462 -0.109184494 0.576895239
1403715413.412142992 1.375868654 0.879679571 0.300728794 -0.213516001 -0.780393563 -0.106077047 0.578052302
1403715413.462142944 1.381099576 0.877326618 0.284254893 -0.215605691 -0.779514303 -0.103345697 0.578957083
1403715413.512142897 1.385237148 0.874956277 0.270920356 -0.216405159 -0.778653683 -0.102666724 0.579936887
1403715413.562143087 1.387309334 0.874991932 0.259033232 -0.216322508 -0.779060706 -0.102772213 0.579402158
1403715413.612143040 1.389048754 0.875816968 0.249740648 -0.214881064 -0.779329004 -0.104658987 0.579239957
1403715413.662142992 1.392127545 0.876299443 0.238109309 -0.213604237 -0.778804688 -0.106785526 0.580028741
1403715413.712142944 1.394789788 0.877098900 0.229446825 -0.210959010 -0.778275048 -0.110181383 0.581071690
1403715413.762142897 1.397609816 0.877948353 0.222297999 -0.209856985 -0.779460128 -0.112268505 0.579480575
1403715413.812143087 1.402260564 0.877120404 0.211812491 -0.209576207 -0.780361245 -0.113244523 0.578178016
1403715413.862143040 1.406969415 0.876270679 0.201024117 -0.208709400 -0.780874649 -0.114538100 0.577543239
1403715413.912142992 1.411425441 0.875909644 0.187610763 -0.208151826 -0.780385470 -0.115319765 0.578249675
1403715413.962142944 1.414654976 0.875471855 0.174501757 -0.206536108 -0.780331867 -0.117092375 0.578545062
1403715414.012142897 1.417860971 0.875268888 0.164378874 -0.206451668 -0.781143466 -0.117341503 0.577428407
1403715414.062143087 1.423722839 0.872891995 0.154422515 -0.206663922 -0.781372397 -0.116887677 0.577134708
1403715414.112143040 1.430108966 0.869946898 0.149194574 -0.207129035 -0.782864225 -0.117343009 0.574849359
1403715414.162142992 1.437662486 0.866664313 0.145724498 -0.208038183 -0.785127490 -0.115957829 0.571706849
1403715414.212142944 1.448022383 0.863336572 0.147386521 -0.209330463 -0.789430978 -0.114195204 0.565631455
1403715414.262142897 1.456006209 0.858343220 0.147761620 -0.210584761 -0.791795750 -0.113710094 0.561946228
1403715414.312143087 1.459299803 0.856052544 0.150980603 -0.211357328 -0.794867306 -0.112458014 0.557554698
1403715414.362143040 1.459636110 0.854109197 0.156079951 -0.210970258 -0.797348191 -0.112968819 0.554044636
1403715414.412142992 1.458175124 0.851277453 0.157370585 -0.210768111 -0.797312253 -0.113726823 0.554018216
1403715414.462142944 1.455468263 0.850528140 0.158898802 -0.209771662 -0.797019231 -0.114478120 0.554662920
1403715414.512142897 1.452549681 0.848219411 0.159027427 -0.209108309 -0.796262896 -0.115646042 0.555756339
1403715414.562143087 1.448952730 0.845302026 0.159534931 -0.208385850 -0.794266557 -0.116989150 0.558596019
1403715414.612143040 1.444476226 0.842650178 0.157927565 -0.207492810 -0.791910074 -0.118275570 0.561992934
1403715414.662142992 1.439901222 0.840129525 0.155073329 -0.207936240 -0.789457243 -0.117611048 0.565409075
1403715414.712142944 1.435582155 0.835509925 0.151560187 -0.209274315 -0.786540783 -0.116952663 0.569104501
1403715414.762142897 1.428647135 0.832113176 0.146531961 -0.211153998 -0.784149411 -0.114481991 0.572204128
1403715414.812143087 1.425260787 0.828422549 0.141153182 -0.214121080 -0.782713137 -0.111237848 0.573705891
1403715414.862143040 1.420124994 0.824775622 0.134443197 -0.218376502 -0.781023510 -0.106006368 0.575392588
1403715414.912142992 1.414702785 0.820385898 0.128689445 -0.222647666 -0.779133023 -0.101524451 0.577124368
1403715414.962142944 1.409717707 0.816474408 0.120246849 -0.226321438 -0.777529564 -0.097448900 0.578558636
1403715415.012142897 1.405767325 0.811914856 0.111241827 -0.230079025 -0.775510228 -0.094346641 0.580298406
1403715415.062143087 1.401470234 0.809627290 0.101295282 -0.232658363 -0.773909867 -0.092214309 0.581747475
1403715415.112143040 1.397485571 0.807813450 0.091111322 -0.235334713 -0.772696374 -0.090882269 0.582493175
1403715415.162142992 1.394362424 0.807975764 0.079281969 -0.237724190 -0.771636546 -0.090549625 0.582979430
1403715415.212142944 1.389848165 0.810754925 0.067032083 -0.238979128 -0.770418877 -0.091429731 0.583938639
1403715415.262142897 1.387544691 0.813888463 0.059918000 -0.239339824 -0.770473724 -0.093323485 0.583418731
1403715415.312143087 1.386756581 0.819829742 0.052615023 -0.236140438 -0.772238295 -0.100922085 0.581119989
1403715415.362143040 1.386958658 0.826130164 0.043379538 -0.233843801 -0.773830300 -0.107398514 0.578765326
1403715415.412142992 1.389978391 0.833445961 0.034093924 -0.229759228 -0.774408123 -0.116373359 0.577892721
1403715415.462142944 1.395787348 0.837870841 0.025263314 -0.227085062 -0.776385660 -0.123587800 0.574790168
1403715415.512142897 1.405986499 0.843916299 0.014274902 -0.224453667 -0.776060328 -0.128938954 0.575087528
1403715415.562143087 1.414400682 0.848433838 0.006358123 -0.223687207 -0.776352728 -0.130924728 0.574542592
1403715415.612143040 1.421632770 0.851791654 -0.005847276 -0.221781529 -0.775029794 -0.134314572 0.576282368
1403715415.662142992 1.428284565 0.853748030 -0.017101424 -0.220990782 -0.774385288 -0.136850625 0.576855620
1403715415.712142944 1.436401696 0.856085351 -0.031925988 -0.221473706 -0.774431137 -0.137655347 0.576417225
1403715415.762142897 1.442594597 0.860836983 -0.047350347 -0.220755266 -0.773667337 -0.136449632 0.578002995
1403715415.812143087 1.445789542 0.860591629 -0.048909834 -0.220283219 -0.772558633 -0.137447238 0.579427923
1403715415.862143040 1.454349395 0.862586153 -0.050128480 -0.219564375 -0.771552395 -0.137844019 0.580945276
1403715415.912142992 1.460383211 0.865176591 -0.054011425 -0.219672920 -0.769657682 -0.137357388 0.583527041
1403715415.962142944 1.465475628 0.865948258 -0.055975474 -0.218442036 -0.770850179 -0.136989266 0.582500660
1403715416.012142897 1.468769879 0.865190205 -0.062686405 -0.217800161 -0.772271608 -0.136096677 0.581065700
1403715416.062143087 1.470918796 0.865469213 -0.062534923 -0.216849065 -0.772163863 -0.138199990 0.581068166
1403715416.112143040 1.471418575 0.865335866 -0.063203523 -0.217326452 -0.771853555 -0.138152262 0.581313388
1403715416.162142992 1.471394864 0.864881395 -0.067061460 -0.217502687 -0.771089028 -0.138072453 0.582280250
1403715416.212142944 1.471438330 0.864755997 -0.070300535 -0.218433686 -0.771689584 -0.136957005 0.581398908
1403715416.262142897 1.471331541 0.863802423 -0.074700135 -0.218777695 -0.771946759 -0.136685426 0.580991924
1403715416.312143087 1.471698875 0.863668022 -0.075866903 -0.219138327 -0.772255977 -0.136370822 0.580518819
1403715416.362143040 1.472257005 0.865049480 -0.079878627 -0.219337134 -0.772309411 -0.135867133 0.580490756
1403715416.412142992 1.473513701 0.866039372 -0.083281271 -0.219559916 -0.772092774 -0.135826237 0.580704249
1403715416.462142944 1.475700109 0.867118968 -0.084404837 -0.219477771 -0.772489998 -0.135789881 0.580215322
1403715416.512142897 1.477906605 0.868206068 -0.086271356 -0.219565986 -0.772304028 -0.135543908 0.580486964
1403715416.562143087 1.480593031 0.867797645 -0.086999427 -0.219751492 -0.772046230 -0.135932387 0.580668827
1403715416.612143040 1.483105741 0.868629669 -0.090308327 -0.219722408 -0.771744828 -0.136140790 0.581031556
1403715416.662142992 1.485777176 0.869946370 -0.092252359 -0.219831777 -0.771648489 -0.135704213 0.581220239
1403715416.712142944 1.488499185 0.871615673 -0.092833348 -0.219471017 -0.771950765 -0.135583783 0.580983242
1403715416.762142897 1.491293261 0.873154934 -0.094421234 -0.219257821 -0.771954839 -0.135348521 0.581113167
1403715416.812143087 1.493774187 0.874757294 -0.097451389 -0.218772723 -0.771285489 -0.135625391 0.582119355
1403715416.862143040 1.496197905 0.877188696 -0.098906497 -0.218552380 -0.771717874 -0.135015348 0.581770776
1403715416.912142992 1.498196303 0.878182717 -0.101336908 -0.218627796 -0.771618997 -0.134931349 0.581893067
1403715416.962142944 1.500520008 0.879294012 -0.103328521 -0.218231681 -0.771245661 -0.135150887 0.582485451
1403715417.012142897 1.502718434 0.880342825 -0.105950405 -0.218191369 -0.770832156 -0.134861463 0.583114654
1403715417.062143087 1.504856098 0.881314234 -0.108335568 -0.218044042 -0.770665927 -0.134947868 0.583369435
1403715417.112143040 1.507118647 0.882605570 -0.110761661 -0.218066865 -0.770624247 -0.134705120 0.583472058
1403715417.162142992 1.509632155 0.884169338 -0.111681670 -0.217997282 -0.770691366 -0.134426838 0.583473589
1403715417.212142944 1.512208029 0.885484530 -0.111914069 -0.217785379 -0.770664768 -0.134326198 0.583611015
1403715417.262142897 1.514913171 0.885883215 -0.112995494 -0.217773116 -0.770536489 -0.134349568 0.583779566
1403715417.312143087 1.517573662 0.887395055 -0.113097207 -0.217488082 -0.770613593 -0.134292833 0.583797105
1403715417.362143040 1.520511649 0.888409287 -0.113522665 -0.217412386 -0.770738653 -0.134235694 0.583673335
1403715417.412142992 1.523241694 0.889991364 -0.113966577 -0.217204118 -0.770849467 -0.134129883 0.583628859
1403715417.462142944 1.526181286 0.890962193 -0.115102111 -0.217119193 -0.770706028 -0.134027599 0.583873340
1403715417.512142897 1.529160002 0.892056192 -0.115631397 -0.216922041 -0.770693741 -0.134062198 0.583954890
1403715417.562143087 1.531817764 0.893713133 -0.115553652 -0.216754611 -0.770913390 -0.133839759 0.583778127
1403715417.612143040 1.534891789 0.894956456 -0.116102166 -0.216645858 -0.770983206 -0.133796050 0.583736315
1403715417.662142992 1.537454075 0.896178752 -0.117046161 -0.216460391 -0.770975085 -0.133763646 0.583823264
1403715417.712142944 1.540022453 0.897007040 -0.117380014 -0.216425936 -0.770991165 -0.133651650 0.583840452
1403715417.762142897 1.542091745 0.898271653 -0.118347947 -0.216165883 -0.770912962 -0.133568298 0.584059095
1403715417.812143087 1.544446183 0.899410724 -0.119420179 -0.216123269 -0.770915137 -0.133409088 0.584108380
1403715417.862143040 1.546886455 0.900647298 -0.120467241 -0.216031230 -0.770887053 -0.133323712 0.584198978
1403715417.912142992 1.549471583 0.901669860 -0.120789373 -0.215913495 -0.770951482 -0.133350538 0.584151358
1403715417.962142944 1.551975219 0.902292660 -0.120897675 -0.215776224 -0.770946102 -0.133484831 0.584178508
1403715418.012142897 1.526287360 0.897578138 -0.110914441 -0.215616604 -0.771008314 -0.133439644 0.584165663
1403715418.062143087 1.527756781 0.895330847 -0.109157023 -0.216172393 -0.771204711 -0.133915310 0.583591878
1403715418.112143040 1.528194542 0.894261278 -0.108632497 -0.216534595 -0.771291842 -0.134117494 0.583295947
1403715418.162142992 1.528373426 0.893751753 -0.108486819 -0.216778078 -0.771378815 -0.134152742 0.583082353
1403715418.212142944 1.528703540 0.893281524 -0.108062182 -0.216920468 -0.771483474 -0.134313435 0.582853893
1403715418.262142897 1.529109398 0.892782559 -0.107769245 -0.217013217 -0.771492736 -0.134539807 0.582754890
1403715418.312143087 1.528443215 0.891466031 -0.107987500 -0.217112385 -0.771602554 -0.134666325 0.582543296
1403715418.362143040 1.528647482 0.891033529 -0.108268316 -0.217226901 -0.771523690 -0.134683417 0.582601104
1403715418.412142992 1.528923839 0.890905358 -0.108971031 -0.217278227 -0.771346803 -0.134628421 0.582828852
1403715418.462142944 1.529038226 0.890912842 -0.109564385 -0.217318145 -0.771294098 -0.134539749 0.582904189
1403715418.512142897 1.529168762 0.890869375 -0.109919716 -0.217385841 -0.771305198 -0.134431178 0.582889309
1403715418.562143087 1.529436828 0.891051501 -0.110260493 -0.217392632 -0.771313943 -0.134367353 0.582889920
1403715418.612143040 1.529588963 0.891076017 -0.110614114 -0.217443402 -0.771251919 -0.134333784 0.582960787
1403715418.662142992 1.529794349 0.890796664 -0.110709635 -0.217503757 -0.771249701 -0.134433455 0.582918229
1403715418.712142944 1.529936545 0.890836092 -0.110636798 -0.217383345 -0.771251659 -0.134591848 0.582924003
1403715418.762142897 1.530150135 0.890748471 -0.110530495 -0.217401292 -0.771270705 -0.134607846 0.582888416
1403715418.812143087 1.530281661 0.890782343 -0.110701566 -0.217467811 -0.771288008 -0.134506974 0.582863993
