{
  "active_landmarks_tail": 19,
  "case_id": "case_003_recheck",
  "duration_sec": 142.90499997138977,
  "evo_failed": false,
  "failure_reason": "FEATURE_STARVATION",
  "last10_update_accept_ratio": 0.24216524216524216,
  "launch_exit": 124,
  "mean_num_features": 114.27058823529411,
  "path_length_m": 1736.2357433986626,
  "path_length_ratio": 29.75968203106488,
  "pose_count": 17386,
  "ros_crash": false,
  "rpe1_rot_rmse_deg": 0.195052,
  "rpe1_trans_rmse": 1.088148,
  "se3_ate_median": 213.007891,
  "se3_ate_rmse": 401.323021,
  "stage": 1,
  "status": "FAILED",
  "strong_baseline": false,
  "tail_E_orth_frob": 0.0,
  "timed_out": true,
  "update_accept_ratio": 0.7627274821469707,
  "usable": false
}
