{
  "active_landmarks_tail": 0,
  "duration_sec": 142.90499997138977,
  "first_timestamp": 1403715275.952143,
  "last_timestamp": 1403715418.857143,
  "mean_num_features": 99.41971309578899,
  "path_length_m": 151.39371743478085,
  "pose_count": 8221
}
