{
  "active_landmarks_tail": 14,
  "case_id": "case_011",
  "duration_sec": 142.90499997138977,
  "evo_failed": false,
  "failure_reason": "E_ORTH_COLLAPSE",
  "last10_update_accept_ratio": 0.5088607594936709,
  "launch_exit": 124,
  "mean_num_features": 113.67857142857143,
  "path_length_m": 4185.522989761009,
  "path_length_ratio": 71.74269778052273,
  "pose_count": 18658,
  "ros_crash": false,
  "rpe1_rot_rmse_deg": 0.226652,
  "rpe1_trans_rmse": 2.318258,
  "se3_ate_median": 755.795936,
  "se3_ate_rmse": 1112.178559,
  "stage": 1,
  "status": "FAILED",
  "strong_baseline": false,
  "tail_E_orth_frob": 0.099784,
  "timed_out": true,
  "update_accept_ratio": 0.8095088161209067,
  "usable": false
}
