1413393213.705760479 -0.000003305 -0.000003665 -0.000004417 -0.007629831 -0.797940110 0.000046925 0.602688448
1413393213.755760431 -0.000039136 0.000070998 -0.000066531 -0.007627729 -0.798007103 0.000163956 0.602599746
1413393213.805760384 -0.000026317 0.000378857 -0.000049492 -0.007729653 -0.798009243 0.000070018 0.602595633
1413393213.855760574 -0.003313769 -0.000181222 0.000349424 -0.007770557 -0.797967152 0.000065025 0.602650842
1413393213.905760527 -0.000855704 0.000506013 0.001332935 -0.007651826 -0.798078955 0.000195160 0.602504268
1413393213.955760479 -0.001615548 0.000522262 0.000711186 -0.007305456 -0.798025212 0.000245305 0.602579731
1413393214.005760431 -0.001397283 0.000631395 0.000501717 -0.008735843 -0.797839865 -0.000269406 0.602806073
1413393214.055760384 -0.001009002 0.001224453 0.000174345 -0.010062165 -0.797635585 -0.001011825 0.603054892
1413393214.105760574 -0.000635128 0.001294607 0.000464439 -0.010071562 -0.797809092 -0.000757334 0.602825549
1413393214.155760527 -0.000511803 0.000967175 0.000581521 -0.010140928 -0.797641456 -0.000576638 0.603046380
1413393214.205760479 -0.000441791 0.000517575 0.001045939 -0.010138594 -0.797772150 -0.000200317 0.602873756
1413393214.255760431 -0.000542910 0.000299224 0.001192473 -0.009786567 -0.797730692 -0.000145822 0.602934445
1413393214.305760384 -0.000541736 0.000070713 0.001163128 -0.009469246 -0.797802164 -0.000216445 0.602844917
1413393214.355760574 -0.000547338 -0.000005272 0.000814010 -0.009379495 -0.797601862 0.000180392 0.603111318
1413393214.405760527 -0.000669548 -0.000066983 0.000420205 -0.009302130 -0.797626975 0.000159116 0.603079309
1413393214.455760479 -0.000699738 -0.000078115 0.000032341 -0.009037170 -0.797507328 0.000453198 0.603241399
1413393214.505760431 -0.000658776 0.000109362 -0.000254406 -0.008845876 -0.797415421 0.000219184 0.603365849
1413393214.555760384 -0.000358519 0.000339439 -0.000102334 -0.008757646 -0.797294977 0.000791565 0.603525805
1413393214.605760574 -0.000297518 0.000457077 0.000116429 -0.008642193 -0.797406033 0.000515076 0.603381029
1413393214.655760527 -0.000260796 0.000565634 0.000366704 -0.008666346 -0.797422640 0.000749950 0.603358488
1413393214.705760479 -0.000202947 0.000613717 0.000502822 -0.008530698 -0.797476587 0.000713428 0.603289161
1413393214.755760431 -0.000186272 0.000706839 0.000423426 -0.008508534 -0.797530805 0.000497965 0.603218013
1413393214.805760384 -0.000055189 0.000751855 0.000325907 -0.008730581 -0.797390006 0.000781693 0.603400650
1413393214.855760574 -0.000104281 0.000818705 0.000304346 -0.008780747 -0.797441858 0.000719422 0.603331472
1413393214.905760527 -0.000175668 0.000914757 0.000257225 -0.008572243 -0.797575995 0.000554613 0.603157311
1413393214.955760479 -0.000082011 0.001021322 0.000308768 -0.008597008 -0.797515311 0.000495495 0.603237246
1413393215.005760431 0.000015683 0.001188542 0.000370868 -0.008740251 -0.797532030 0.000384915 0.603213164
1413393215.055760384 0.000010207 0.001335557 0.000530349 -0.008203459 -0.797781121 0.000172641 0.602891331
1413393215.105760574 0.000001053 0.001233326 0.001010236 -0.007054446 -0.798112017 0.001133119 0.602466729
1413393215.155760527 0.000054269 0.001467258 0.001215846 -0.006727778 -0.798164820 0.001433546 0.602399869
1413393215.205760479 0.000298666 0.002074864 0.001443474 -0.006636284 -0.798394318 0.001878763 0.602095460
1413393215.255760431 0.000502335 0.002619422 0.001323062 -0.006652033 -0.798554354 0.002216002 0.601881869
1413393215.305760384 0.000573849 0.003049692 0.000998522 -0.006695426 -0.798648458 0.002472628 0.601755513
1413393215.355760574 0.000693248 0.003386662 0.000612274 -0.006768670 -0.798470657 0.002673541 0.601989739
1413393215.405760527 0.000727917 0.003681429 0.000575877 -0.006780642 -0.798857197 0.002523967 0.601477208
1413393215.455760479 0.000703495 0.004029587 0.000528600 -0.007023527 -0.798742270 0.002648039 0.601626499
1413393215.505760431 0.000685083 0.004324749 0.000775186 -0.007236567 -0.799000288 0.002239558 0.601282925
1413393215.555760384 0.000755549 0.004391897 0.000607507 -0.007141749 -0.798979438 0.001794025 0.601313258
1413393215.605760574 0.000635924 0.004152433 0.000022185 -0.006998226 -0.798512022 0.001598299 0.601936060
1413393215.655760527 0.000757901 0.004347593 0.000137795 -0.007085484 -0.798347966 0.001394753 0.602153117
1413393215.705760479 0.000548478 0.004225946 0.000216685 -0.007081231 -0.799146601 0.001329609 0.601093003
1413393215.755760431 0.000575370 0.003973995 0.000314497 -0.007447762 -0.799939159 0.001584507 0.600032801
1413393215.805760384 0.000535621 0.003367211 -0.001097290 -0.006938611 -0.799778546 0.001171648 0.600253913
1413393215.855760574 0.000591525 0.003107071 -0.001514443 -0.007071567 -0.799674576 0.001337222 0.600390521
1413393215.905760527 0.000512399 0.003059620 -0.001328491 -0.006826610 -0.799564607 0.001756000 0.600538719
1413393215.955760479 0.000388335 0.003329109 -0.001092166 -0.007029803 -0.799218055 0.002093606 0.600996422
1413393216.005760431 0.000682145 0.003686111 -0.000514359 -0.007133045 -0.799233647 0.001887179 0.600975154
1413393216.055760384 0.001243823 0.003414362 0.000438541 -0.006641259 -0.799054574 0.000693287 0.601221425
1413393216.105760574 0.001940328 0.003735440 0.000906036 -0.006564084 -0.798648193 0.000841912 0.601761803
1413393216.155760527 0.002055159 0.004598541 0.001976864 -0.007021023 -0.797862438 0.000963047 0.602797899
1413393216.205760479 0.001764934 0.005162572 0.002264199 -0.007548840 -0.798653966 0.000671852 0.601742808
1413393216.255760431 0.001153910 0.005839906 0.001429531 -0.007459109 -0.799603274 0.000645278 0.600481931
1413393216.305760384 0.000687798 0.005349770 0.000144766 -0.007194959 -0.800367983 0.000518037 0.599465642
1413393216.355760574 0.000520815 0.005348146 -0.000439390 -0.007836116 -0.800451594 0.001110351 0.599345149
1413393216.405760527 0.000482647 0.005498996 0.000404931 -0.007164001 -0.801959959 0.000789532 0.597334310
1413393216.455760479 0.000312855 0.006200070 0.001231723 -0.007169271 -0.801364762 0.000718545 0.598132597
1413393216.505760431 0.000139813 0.007089387 0.001186423 -0.008383598 -0.802173851 0.000853618 0.597031071
1413393216.555760384 0.000794618 0.007780297 0.003385997 -0.008582039 -0.804231129 -0.000281643 0.594254626
1413393216.605760574 0.000778390 0.008282094 0.002794190 -0.009761825 -0.804613471 -0.001223397 0.593717418
1413393216.655760527 0.000156262 0.009440192 0.001793505 -0.009214845 -0.803845836 -0.002236905 0.594762099
1413393216.705760479 0.000123678 0.009716424 0.001371306 -0.009162589 -0.802959160 -0.005360438 0.595939510
1413393216.755760431 0.000886510 0.010507035 0.001298575 -0.008659929 -0.802349894 -0.008955429 0.596723935
1413393216.805760384 0.001776723 0.010938187 0.002772725 -0.008222714 -0.800530601 -0.010330886 0.599146407
1413393216.855760574 0.002750192 0.010685645 0.007060762 -0.008577121 -0.799713045 -0.012810890 0.600184438
1413393216.905760527 0.004116462 0.010466946 0.011871896 -0.008058962 -0.798554896 -0.014711905 0.601688201
1413393216.955760479 0.005603570 0.009692923 0.016014638 -0.007230273 -0.798402169 -0.017381632 0.601830191
1413393217.005760431 0.007805108 0.009127548 0.024289053 -0.007616518 -0.800962277 -0.019175366 0.598359194
1413393217.055760384 0.011881436 0.008057484 0.033447666 -0.007075707 -0.802455099 -0.019268656 0.596359344
1413393217.105760574 0.017169962 0.005926471 0.045334049 -0.008075675 -0.802556859 -0.020381998 0.596172664
1413393217.155760527 0.022621411 0.004108661 0.057708513 -0.009092988 -0.803186295 -0.020249154 0.595314258
1413393217.205760479 0.028339531 0.001687633 0.069419223 -0.008777372 -0.802946589 -0.019820561 0.595656678
1413393217.255760431 0.034345361 -0.000904326 0.079410817 -0.008646223 -0.801505558 -0.021645510 0.597532891
1413393217.305760384 0.040935201 -0.004071038 0.087383194 -0.008338517 -0.800722599 -0.023178159 0.598528664
1413393217.355760574 0.048200448 -0.008324443 0.096711680 -0.007743988 -0.801412922 -0.022548504 0.597636114
1413393217.405760527 0.056733349 -0.012929742 0.105604633 -0.008673402 -0.801807094 -0.023988861 0.597038266
1413393217.455760479 0.065214127 -0.018190539 0.113594515 -0.008704261 -0.803029999 -0.023849619 0.595397558
1413393217.505760431 0.075100191 -0.024565788 0.120683146 -0.007902594 -0.803163674 -0.022836355 0.595268144
1413393217.555760384 0.084857907 -0.032502398 0.126802410 -0.009267114 -0.802852527 -0.025042365 0.595579398
1413393217.605760574 0.095954882 -0.040654787 0.131626377 -0.007949970 -0.802278517 -0.023898080 0.596418361
1413393217.655760527 0.105835077 -0.049890070 0.136879668 -0.008236246 -0.802239134 -0.023776208 0.596472319
1413393217.705760479 0.114654601 -0.061331461 0.142651809 -0.009987718 -0.802323784 -0.024436160 0.596305010
1413393217.755760431 0.123540526 -0.073498835 0.150892567 -0.008994777 -0.802542910 -0.022887726 0.596087345
1413393217.805760384 0.133461032 -0.087997838 0.159896091 -0.009003679 -0.801725113 -0.022959682 0.597183917
1413393217.855760574 0.142753480 -0.102285265 0.171207865 -0.010836502 -0.802243076 -0.023281394 0.596444964
1413393217.905760527 0.153366781 -0.116299558 0.184334781 -0.009498455 -0.802542289 -0.022492202 0.596095424
1413393217.955760479 0.164722263 -0.131672559 0.198801642 -0.010332918 -0.801864880 -0.023410180 0.596957208
1413393218.005760431 0.176150129 -0.146305071 0.210110386 -0.011479272 -0.801669271 -0.022084102 0.597249445
1413393218.055760384 0.188237760 -0.161724504 0.220918833 -0.013112593 -0.801738431 -0.018395568 0.597247981
1413393218.105760574 0.199534656 -0.178385014 0.229373764 -0.016599447 -0.802246468 -0.016065038 0.596545872
1413393218.155760527 0.212380155 -0.194434262 0.237270398 -0.019842327 -0.802499030 -0.010464782 0.596231563
1413393218.205760479 0.225768103 -0.210122986 0.243470175 -0.022372329 -0.802582398 -0.002555531 0.596116132
1413393218.255760431 0.238087854 -0.227841422 0.245166184 -0.028356790 -0.802708597 0.001764273 0.595694291
1413393218.305760384 0.251184910 -0.243616311 0.244844769 -0.030835635 -0.803557039 0.006090710 0.594397302
1413393218.355760574 0.265168100 -0.258325739 0.244882022 -0.029055646 -0.804260087 0.007009653 0.593525355
1413393218.405760527 0.277858510 -0.273292520 0.242732360 -0.028055837 -0.803965139 -0.000249578 0.594014195
1413393218.455760479 0.292394961 -0.284973193 0.239762233 -0.023713001 -0.804476017 -0.005197337 0.593488854
1413393218.505760431 0.307754642 -0.296776032 0.234998261 -0.019159559 -0.803853549 -0.010138839 0.594432155
1413393218.555760384 0.322704191 -0.309678071 0.230103589 -0.018249296 -0.802413216 -0.016929459 0.596249433
1413393218.605760574 0.338715539 -0.320007797 0.228540970 -0.014405987 -0.801966887 -0.018937564 0.596894420
1413393218.655760527 0.353193613 -0.332128224 0.229703564 -0.013792196 -0.802364489 -0.019807036 0.596346110
1413393218.705760479 0.367557335 -0.345692220 0.227326721 -0.015967884 -0.801880637 -0.021520129 0.596883033
1413393218.755760431 0.383017707 -0.356793305 0.226384477 -0.013711766 -0.804132642 -0.020297249 0.593945034
1413393218.805760384 0.399102423 -0.369466343 0.224621119 -0.015373379 -0.807361260 -0.017567654 0.589595482
1413393218.855760574 0.414910606 -0.384146513 0.221060711 -0.019871972 -0.811419051 -0.015312655 0.583926152
1413393218.905760527 0.432972136 -0.396429750 0.218538065 -0.020379285 -0.815929400 -0.010627458 0.577694518
1413393218.955760479 0.448079840 -0.410596276 0.218524500 -0.022345317 -0.820027282 -0.008675760 0.571822241
1413393219.005760431 0.462319106 -0.423335195 0.220686740 -0.024947922 -0.822531398 -0.007733131 0.568119617
1413393219.055760384 0.476361044 -0.434386035 0.223127091 -0.024590073 -0.824047852 -0.005493021 0.565959622
1413393219.105760574 0.486767452 -0.446539608 0.226866349 -0.024858337 -0.824282226 -0.005323693 0.565608109
1413393219.155760527 0.495144477 -0.458531580 0.230707621 -0.026038404 -0.823360458 -0.004966812 0.566899363
1413393219.205760479 0.502739844 -0.468911217 0.234946447 -0.025028736 -0.823166476 -0.004069422 0.567233598
1413393219.255760431 0.508837514 -0.478623651 0.241356860 -0.024563737 -0.822481587 -0.002786830 0.568254252
1413393219.305760384 0.513729520 -0.489184655 0.246976465 -0.024265927 -0.821625676 -0.003027636 0.569502632
1413393219.355760574 0.518257811 -0.497442358 0.251863118 -0.023262748 -0.821763083 -0.001971117 0.569350853
1413393219.405760527 0.522442626 -0.506086393 0.255521017 -0.022646365 -0.820591029 -0.000858183 0.571066343
1413393219.455760479 0.524553604 -0.514428174 0.260134491 -0.022301979 -0.819529850 -0.001571431 0.572600190
1413393219.505760431 0.525734186 -0.521136033 0.262211721 -0.021296851 -0.818691016 -0.001829958 0.573836314
1413393219.555760384 0.525468085 -0.527785223 0.262386470 -0.021006204 -0.817421614 -0.001698936 0.575654200
1413393219.605760574 0.523732218 -0.534296159 0.263398168 -0.021273165 -0.816936855 -0.002437180 0.576329495
1413393219.655760527 0.522652810 -0.539864035 0.262852641 -0.020630220 -0.815517770 -0.002270851 0.578359754
1413393219.705760479 0.520706198 -0.545313910 0.265735523 -0.019738503 -0.813952346 -0.003213158 0.580587328
1413393219.755760431 0.518702912 -0.549306513 0.272009756 -0.018702892 -0.812125529 -0.004126314 0.583168329
1413393219.805760384 0.516241544 -0.552551163 0.282806902 -0.017431496 -0.810280449 -0.005304438 0.585758994
1413393219.855760574 0.511514066 -0.556823220 0.295233415 -0.017340419 -0.809469187 -0.006380106 0.586871570
1413393219.905760527 0.508028166 -0.559526926 0.313446141 -0.016454036 -0.809107774 -0.006827110 0.587390215
1413393219.955760479 0.504141923 -0.562931943 0.330933796 -0.015627127 -0.808020767 -0.007786280 0.588895242
1413393220.005760431 0.502503059 -0.566817083 0.344404940 -0.014577799 -0.806925951 -0.009151254 0.590401772
1413393220.055760384 0.500012913 -0.569780238 0.358287926 -0.014014187 -0.805873647 -0.010164202 0.591834399
1413393220.105760574 0.498573358 -0.574035476 0.366894358 -0.013995791 -0.804276460 -0.011454076 0.593980049
1413393220.155760527 0.495832275 -0.575635578 0.379875315 -0.013983932 -0.804717956 -0.010702175 0.593396094
1413393220.205760479 0.494816258 -0.578303208 0.390063672 -0.012734567 -0.804388982 -0.010970500 0.593865174
1413393220.255760431 0.494014963 -0.583529465 0.399344910 -0.014006028 -0.803317984 -0.012016379 0.595264357
1413393220.305760384 0.493500772 -0.586180583 0.410602626 -0.013039030 -0.803381684 -0.012478967 0.595190834
1413393220.355760574 0.494172181 -0.590713970 0.420059494 -0.012467326 -0.802834364 -0.012124675 0.595948439
1413393220.405760527 0.493460581 -0.597333811 0.429246727 -0.013364935 -0.802034233 -0.014069339 0.596962747
1413393220.455760479 0.494335198 -0.602868764 0.440860070 -0.011991119 -0.803034969 -0.015008671 0.595622189
1413393220.505760431 0.497647802 -0.606995521 0.451595372 -0.012239419 -0.803871411 -0.013521519 0.594523439
1413393220.555760384 0.498832289 -0.613385645 0.461117716 -0.014120161 -0.804707276 -0.014217084 0.593333544
1413393220.605760574 0.502357846 -0.618542385 0.468895070 -0.013578682 -0.805103769 -0.014030823 0.592812514
1413393220.655760527 0.506299691 -0.621737761 0.476184345 -0.012585457 -0.804797925 -0.011729941 0.593299516
1413393220.705760479 0.505522204 -0.628915426 0.478646471 -0.016338456 -0.804122442 -0.012043392 0.594117084
1413393220.755760431 0.509471513 -0.631650521 0.479484934 -0.018195728 -0.804485166 -0.007656869 0.593644596
1413393220.805760384 0.514539988 -0.636722337 0.476865128 -0.019483131 -0.805419396 -0.002556940 0.592379496
1413393220.855760574 0.512286184 -0.645434315 0.475362687 -0.025075699 -0.806538852 -0.001270982 0.590647674
1413393220.905760527 0.516767442 -0.647624989 0.480079556 -0.024806191 -0.807806213 0.003084923 0.588917870
1413393220.955760479 0.521125004 -0.652459897 0.483712246 -0.024495582 -0.808054113 0.004560986 0.588581102
1413393221.005760431 0.518874281 -0.656209460 0.496927321 -0.028453677 -0.808883071 0.002623361 0.587274794
1413393221.055760384 0.523435521 -0.656511360 0.509755061 -0.027540718 -0.809260359 0.002720966 0.586797901
1413393221.105760574 0.525345969 -0.657868906 0.522699382 -0.026772857 -0.810763081 0.002421702 0.584756851
1413393221.155760527 0.522880824 -0.660210221 0.537619619 -0.029805755 -0.811609781 0.000081525 0.583439092
1413393221.205760479 0.525841666 -0.658935838 0.551375764 -0.028164571 -0.812536808 -0.000741312 0.582228601
1413393221.255760431 0.525938470 -0.660089250 0.564250967 -0.026599435 -0.813749615 -0.002087345 0.580602857
1413393221.305760384 0.521394278 -0.659333093 0.579375868 -0.028098762 -0.816004529 -0.005275555 0.577338061
1413393221.355760574 0.521640400 -0.655108854 0.593365739 -0.027605517 -0.817421411 -0.004151980 0.575363306
1413393221.405760527 0.522991899 -0.652669387 0.607120201 -0.026672848 -0.817847014 -0.004685478 0.574798110
1413393221.455760479 0.520495094 -0.651853407 0.620922677 -0.026281638 -0.818099693 -0.008034788 0.574419368
1413393221.505760431 0.518005357 -0.648756617 0.633387733 -0.024750456 -0.819134513 -0.008821475 0.572999342
1413393221.555760384 0.515638130 -0.645441573 0.641771319 -0.023414402 -0.819392657 -0.010370444 0.572660365
1413393221.605760574 0.511066048 -0.645207349 0.647738679 -0.022444869 -0.819320120 -0.013360795 0.572741004
1413393221.655760527 0.508878833 -0.642261198 0.654371365 -0.020164336 -0.818723132 -0.013329602 0.573679488
1413393221.705760479 0.505365525 -0.641414334 0.658761158 -0.019565015 -0.815507237 -0.013961910 0.578247544
1413393221.755760431 0.498875090 -0.642852577 0.663780716 -0.019988925 -0.812314889 -0.014909495 0.582685739
1413393221.805760384 0.494700208 -0.641386034 0.669345612 -0.017165227 -0.809899990 -0.013413830 0.586163314
1413393221.855760574 0.485580088 -0.642203621 0.677165990 -0.017755386 -0.808782983 -0.014404656 0.587662606
1413393221.905760527 0.479065807 -0.640830261 0.685774264 -0.017629238 -0.808470754 -0.012862982 0.588131613
1413393221.955760479 0.475049994 -0.642079610 0.692222924 -0.015720902 -0.807309879 -0.010957607 0.589816534
1413393222.005760431 0.469001415 -0.644623790 0.693234813 -0.016750251 -0.806394212 -0.011691695 0.591025471
1413393222.055760384 0.463549136 -0.644211128 0.693577478 -0.016746978 -0.805629329 -0.010713848 0.592086258
1413393222.105760574 0.461169527 -0.643799609 0.691761259 -0.014928266 -0.804637053 -0.007999231 0.593525376
1413393222.155760527 0.454584383 -0.646021753 0.688772222 -0.015190290 -0.804445439 -0.008537868 0.593770912
1413393222.205760479 0.449134746 -0.647316244 0.682698220 -0.014958259 -0.804510124 -0.008702181 0.593686772
1413393222.255760431 0.447490417 -0.645849780 0.675192802 -0.013876977 -0.805115766 -0.005790019 0.592927068
1413393222.305760384 0.442573715 -0.647186405 0.665465682 -0.014314491 -0.806712806 -0.006024792 0.590739576
1413393222.355760574 0.436658546 -0.648414449 0.656015672 -0.014511015 -0.809995056 -0.006180137 0.586224569
1413393222.405760527 0.433733834 -0.648942093 0.646928492 -0.012859903 -0.813088945 -0.004141593 0.581982678
1413393222.455760479 0.427177108 -0.650714073 0.638241864 -0.012622207 -0.815805729 -0.005668321 0.578160499
1413393222.505760431 0.422101480 -0.652005454 0.629004895 -0.013089121 -0.817477876 -0.004193003 0.575795985
1413393222.555760384 0.417711408 -0.656254826 0.619056641 -0.011695760 -0.817829137 -0.002340158 0.575337497
1413393222.605760574 0.410941406 -0.660034211 0.610626549 -0.012194926 -0.817817672 -0.002345802 0.575343407
1413393222.655760527 0.401227304 -0.661559818 0.610002352 -0.012911430 -0.818931899 -0.000470351 0.573745255
1413393222.705760479 0.391999779 -0.663438751 0.614657815 -0.011792214 -0.819130600 -0.000285164 0.573485764
1413393222.755760431 0.382411787 -0.664734128 0.619799557 -0.013352921 -0.820275410 0.002446107 0.571807632
1413393222.805760384 0.372700377 -0.667344280 0.625279487 -0.012486718 -0.821186320 0.003067302 0.570515295
1413393222.855760574 0.362787694 -0.667333712 0.634298856 -0.013142588 -0.821935623 0.005225368 0.569404777
1413393222.905760527 0.349099486 -0.668149528 0.645941496 -0.013241689 -0.822589418 0.007339273 0.568434202
1413393222.955760479 0.335183510 -0.670455260 0.655304656 -0.011727508 -0.822815027 0.007248736 0.568142018
1413393223.005760431 0.314646840 -0.670486583 0.672689636 -0.010841832 -0.823627745 0.007216423 0.566981230
1413393223.055760384 0.299097264 -0.672293389 0.683527434 -0.009433336 -0.821440664 0.007521902 0.570166351
1413393223.105760574 0.281519581 -0.673843635 0.692951471 -0.009375169 -0.819463390 0.008212395 0.572996000
1413393223.155760527 0.261101660 -0.674929471 0.701999087 -0.008301399 -0.818243994 0.007106693 0.574767211
1413393223.205760479 0.243083513 -0.675629582 0.713456345 -0.005924024 -0.815763571 0.006745707 0.578315828
1413393223.255760431 0.221320754 -0.676952905 0.725585004 -0.006074397 -0.814671192 0.005757568 0.579862743
1413393223.305760384 0.199186907 -0.679067767 0.736807660 -0.005443591 -0.813780693 0.005972999 0.581115887
1413393223.355760574 0.177342381 -0.682530351 0.745660207 -0.003826696 -0.812919461 0.005281051 0.582339606
1413393223.405760527 0.153781754 -0.685577864 0.752282400 -0.003309431 -0.812005084 0.004923997 0.583620206
1413393223.455760479 0.128245897 -0.686805688 0.756468685 -0.003051292 -0.811358507 0.004988470 0.584519614
1413393223.505760431 0.104978297 -0.690941401 0.747523199 -0.003024092 -0.808092439 0.003872115 0.589035204
1413393223.555760384 0.079035985 -0.695454831 0.733565068 -0.003180160 -0.806035881 0.003620594 0.591847055
1413393223.605760574 0.052258326 -0.701170028 0.716908691 -0.003837121 -0.804710403 0.002620176 0.593649373
1413393223.655760527 0.027433437 -0.706173443 0.698856532 -0.004496352 -0.803275590 0.001191559 0.595589363
1413393223.705760479 0.001657077 -0.712064232 0.679305260 -0.005859104 -0.802878562 -0.000311578 0.596113738
1413393223.755760431 -0.023272872 -0.719688488 0.661667079 -0.006598992 -0.802502321 -0.003031102 0.596604803
1413393223.805760384 -0.045336802 -0.726493643 0.647915620 -0.007421938 -0.801432706 -0.003803494 0.598026810
1413393223.855760574 -0.068587558 -0.734507555 0.638645242 -0.007861490 -0.801977632 -0.005526625 0.597276763
1413393223.905760527 -0.094087945 -0.740418194 0.635406565 -0.009717190 -0.802585027 -0.008528927 0.596397609
1413393223.955760479 -0.115405535 -0.748217854 0.636948530 -0.010135013 -0.802693477 -0.010020294 0.596221483
1413393224.005760431 -0.137835909 -0.755318764 0.640592124 -0.011575456 -0.802358047 -0.010373138 0.596640572
1413393224.055760384 -0.159947445 -0.764607931 0.641898236 -0.013591119 -0.802034648 -0.011652628 0.597009146
1413393224.105760574 -0.180897191 -0.772629664 0.642695910 -0.014947574 -0.801426504 -0.010685898 0.597810957
1413393224.155760527 -0.201422284 -0.781697616 0.640343001 -0.016265643 -0.800619419 -0.011116357 0.598849231
1413393224.205760479 -0.223690256 -0.792429431 0.636520455 -0.016940813 -0.800644192 -0.011925244 0.598781826
1413393224.255760431 -0.245285435 -0.804184457 0.630822670 -0.016389979 -0.800330110 -0.013834286 0.599175847
1413393224.305760384 -0.265886840 -0.815872113 0.621596276 -0.016646631 -0.799460240 -0.014250648 0.600319193
1413393224.355760574 -0.287122307 -0.826868325 0.606958512 -0.016995633 -0.798884411 -0.015275097 0.601050345
1413393224.405760527 -0.309116172 -0.837352465 0.591289330 -0.020013235 -0.798598570 -0.016638826 0.601301043
1413393224.455760479 -0.328200718 -0.849095970 0.575604989 -0.023622366 -0.796938760 -0.016915514 0.603360972
1413393224.505760431 -0.347648542 -0.860511335 0.558327721 -0.029200369 -0.795578143 -0.017655388 0.604889283
1413393224.555760384 -0.367833360 -0.872596565 0.537624642 -0.036711236 -0.795245817 -0.017925716 0.604909121
1413393224.605760574 -0.387969004 -0.885005625 0.517411484 -0.044047904 -0.794618899 -0.019194588 0.605204226
1413393224.655760527 -0.409032424 -0.897388862 0.493099751 -0.052718344 -0.793600242 -0.022433373 0.605736062
1413393224.705760479 -0.424784930 -0.908847204 0.470776515 -0.060932646 -0.794141339 -0.023666367 0.604207455
1413393224.755760431 -0.439559789 -0.922102662 0.448395173 -0.067903123 -0.795098614 -0.025956594 0.602107643
1413393224.805760384 -0.457644073 -0.929720500 0.431063462 -0.078062601 -0.795118384 -0.031117353 0.600603609
1413393224.855760574 -0.469109758 -0.939609621 0.415826436 -0.085200029 -0.795091625 -0.033431879 0.599543636
1413393224.905760527 -0.481395606 -0.951651131 0.399903348 -0.089025810 -0.794782523 -0.036608419 0.599211958
1413393224.955760479 -0.497295799 -0.960207490 0.383567545 -0.094521133 -0.794367945 -0.042622812 0.598522029
1413393225.005760431 -0.508103950 -0.968116182 0.374917350 -0.096702734 -0.793571061 -0.045310566 0.599032975
1413393225.055760384 -0.521227425 -0.974878396 0.371941431 -0.098021435 -0.795298630 -0.047530605 0.596349502
1413393225.105760574 -0.538223663 -0.979296642 0.369592008 -0.100411060 -0.794928773 -0.053034190 0.595980906
1413393225.155760527 -0.551496368 -0.984640679 0.367184878 -0.101388305 -0.796389102 -0.054420658 0.593736643
1413393225.205760479 -0.563034182 -0.993185080 0.364324645 -0.101954833 -0.795318106 -0.055170208 0.595004681
1413393225.255760431 -0.578185633 -0.997706332 0.362259766 -0.103786694 -0.794838143 -0.057840080 0.595075772
1413393225.305760384 -0.589063228 -1.003306022 0.363073415 -0.105340168 -0.795892686 -0.056622081 0.593508401
1413393225.355760574 -0.604810281 -1.006183305 0.364588733 -0.109469303 -0.795905750 -0.058974877 0.592513690
1413393225.405760527 -0.620245932 -1.009404291 0.360216025 -0.115890370 -0.795729013 -0.061389546 0.591283421
1413393225.455760479 -0.631515984 -1.013788311 0.360784635 -0.122351237 -0.794908909 -0.062238858 0.590996045
1413393225.505760431 -0.646612249 -1.015250689 0.359333584 -0.132237630 -0.792998968 -0.065725477 0.591054996
1413393225.555760384 -0.659859431 -1.014264198 0.362037622 -0.143698572 -0.791035484 -0.069361985 0.590595038
1413393225.605760574 -0.670458218 -1.015233942 0.364175345 -0.153840315 -0.789133910 -0.074047453 0.590015088
1413393225.655760527 -0.684151148 -1.013657523 0.367163168 -0.165324658 -0.785858644 -0.081459294 0.590303594
1413393225.705760479 -0.697829849 -1.009145105 0.371711045 -0.177454893 -0.781576673 -0.091296452 0.591026754
1413393225.755760431 -0.706456950 -1.005506403 0.378736325 -0.186715391 -0.778700719 -0.100392611 0.590494604
1413393225.805760384 -0.719561260 -0.998430023 0.384839099 -0.197210291 -0.774947453 -0.112614093 0.589815744
1413393225.855760574 -0.732836724 -0.988807012 0.391647361 -0.207849650 -0.772187246 -0.127102499 0.586830756
1413393225.905760527 -0.743269065 -0.980732890 0.395572447 -0.218090307 -0.768269808 -0.139622498 0.585408984
1413393225.955760479 -0.753706725 -0.973078030 0.393779412 -0.227207241 -0.764218127 -0.153304263 0.583819601
1413393226.005760431 -0.767785275 -0.962825102 0.388601477 -0.237798305 -0.761035619 -0.164685463 0.580650886
1413393226.055760384 -0.782138569 -0.954212488 0.376399971 -0.249184583 -0.756171251 -0.174968305 0.579222043
1413393226.105760574 -0.792920219 -0.949672764 0.364695874 -0.259317297 -0.751418680 -0.181683675 0.578891656
1413393226.155760527 -0.806332944 -0.942196033 0.357781778 -0.270441665 -0.746648649 -0.187721532 0.578046475
1413393226.205760479 -0.816115770 -0.938277287 0.360597759 -0.280475800 -0.743390939 -0.192163884 0.576000243
1413393226.255760431 -0.826871816 -0.935244440 0.362173185 -0.289468411 -0.741750874 -0.193720236 0.573137114
1413393226.305760384 -0.838924904 -0.929443887 0.366447204 -0.299042465 -0.739012643 -0.195006002 0.571320029
1413393226.355760574 -0.851661563 -0.924542491 0.367092137 -0.307153448 -0.738804940 -0.193955260 0.567631374
1413393226.405760527 -0.862921954 -0.920783014 0.369920166 -0.313175073 -0.738743912 -0.194330141 0.564282378
1413393226.455760479 -0.874972416 -0.916210522 0.369052137 -0.319256675 -0.738953934 -0.193992192 0.560704279
1413393226.505760431 -0.886602077 -0.912299453 0.366193414 -0.323837150 -0.740145862 -0.193018605 0.556827999
1413393226.555760384 -0.898219394 -0.907998389 0.362202234 -0.327278031 -0.740619886 -0.191894311 0.554569967
1413393226.605760574 -0.913480909 -0.900316269 0.354939801 -0.330839743 -0.741181346 -0.192236749 0.551579830
1413393226.655760527 -0.925656222 -0.895416851 0.347230667 -0.330923083 -0.741435619 -0.194959517 0.550230791
1413393226.705760479 -0.936261677 -0.889992994 0.341341001 -0.327012365 -0.742027483 -0.200395678 0.549817879
1413393226.755760431 -0.950823239 -0.878303711 0.335137541 -0.325001334 -0.740159175 -0.207632321 0.550842399
1413393226.805760384 -0.963083077 -0.870299446 0.328385503 -0.320329220 -0.739831789 -0.212835285 0.552031934
1413393226.855760574 -0.978164743 -0.863041444 0.322888834 -0.315821607 -0.742481173 -0.216259320 0.549736597
1413393226.905760527 -0.995877278 -0.848902812 0.318809427 -0.314954390 -0.743382577 -0.219040333 0.547911863
1413393226.955760479 -1.010143952 -0.840510291 0.316107789 -0.312966548 -0.743127059 -0.219804436 0.549090270
1413393227.005760431 -1.026913498 -0.831625368 0.310696549 -0.311201223 -0.743653172 -0.220419387 0.549134822
1413393227.055760384 -1.045001724 -0.821777449 0.307431347 -0.311148807 -0.743042097 -0.220032807 0.550145823
1413393227.105760574 -1.063235585 -0.812251772 0.308985250 -0.311332649 -0.742068220 -0.218378022 0.552012480
1413393227.155760527 -1.081799693 -0.802869152 0.308487455 -0.312356521 -0.740982815 -0.215823461 0.553893586
1413393227.205760479 -1.100937879 -0.795656818 0.306712129 -0.312282470 -0.738504972 -0.214548011 0.557726829
1413393227.255760431 -1.122316351 -0.788061916 0.301987928 -0.314323105 -0.737363758 -0.211564582 0.559228130
1413393227.305760384 -1.140930467 -0.782111631 0.301440020 -0.315889577 -0.736159362 -0.209796232 0.560596745
1413393227.355760574 -1.159545134 -0.775609763 0.301095437 -0.316551915 -0.735665699 -0.208743112 0.561263910
1413393227.405760527 -1.177902567 -0.767743983 0.300696865 -0.318042738 -0.735489493 -0.207316760 0.561180705
1413393227.455760479 -1.195683341 -0.759262266 0.301200455 -0.319229107 -0.734609663 -0.206615761 0.561917562
1413393227.505760431 -1.213389743 -0.749832856 0.304301608 -0.320006945 -0.734756905 -0.205582035 0.561661707
1413393227.555760384 -1.231286491 -0.739028139 0.306314678 -0.322877267 -0.733190658 -0.205222787 0.562196884
1413393227.605760574 -1.249354485 -0.728324590 0.304468113 -0.325759977 -0.731701631 -0.206404697 0.562041157
1413393227.655760527 -1.266191808 -0.717376907 0.304093315 -0.329273049 -0.729873419 -0.208492470 0.561600340
1413393227.705760479 -1.281725506 -0.703909231 0.299241431 -0.334054557 -0.727052611 -0.212275124 0.561018115
1413393227.755760431 -1.296638519 -0.688120815 0.296241352 -0.340607170 -0.723974955 -0.215806074 0.559709531
1413393227.805760384 -1.310300088 -0.676189157 0.301495314 -0.347219821 -0.721838171 -0.218271271 0.557445695
1413393227.855760574 -1.324158497 -0.656372959 0.300254115 -0.356412992 -0.717699019 -0.221574218 0.555682251
1413393227.905760527 -1.335479115 -0.640135661 0.299790249 -0.363992890 -0.712928075 -0.226182585 0.555053307
1413393227.955760479 -1.347376012 -0.624483907 0.298880104 -0.371935408 -0.707599158 -0.231644152 0.554354102
1413393228.005760431 -1.359881911 -0.608147790 0.295733580 -0.382152605 -0.702251557 -0.238027872 0.551493309
1413393228.055760384 -1.368775311 -0.593192535 0.298116773 -0.391653952 -0.698069365 -0.243484363 0.547742374
1413393228.105760574 -1.377407660 -0.579691118 0.297210579 -0.400721887 -0.692582393 -0.249519967 0.545427708
1413393228.155760527 -1.385520970 -0.560563935 0.299029183 -0.412248919 -0.688037076 -0.256031548 0.539540227
1413393228.205760479 -1.393259639 -0.548910643 0.299384267 -0.420811310 -0.684346206 -0.261641751 0.534912802
1413393228.255760431 -1.401210991 -0.538154123 0.300304007 -0.427441952 -0.681536487 -0.267861095 0.530143215
1413393228.305760384 -1.409877233 -0.524381890 0.301996776 -0.434349391 -0.677985602 -0.274404125 0.525717135
1413393228.355760574 -1.415473836 -0.512970422 0.302601238 -0.439401002 -0.675114065 -0.279262910 0.522647095
1413393228.405760527 -1.422515329 -0.496255326 0.302539213 -0.445651066 -0.670649773 -0.286168654 0.519356824
1413393228.455760479 -1.428503148 -0.477339324 0.301333906 -0.452742828 -0.665605904 -0.292626519 0.516103122
1413393228.505760431 -1.433338960 -0.463960333 0.301136654 -0.457749037 -0.662233611 -0.297116494 0.513453262
1413393228.555760384 -1.440212869 -0.445219659 0.299054516 -0.463628229 -0.656796002 -0.304201591 0.511008092
1413393228.605760574 -1.447223316 -0.427477821 0.296149521 -0.469770428 -0.652386737 -0.309521674 0.507842126
1413393228.655760527 -1.454168120 -0.415377971 0.293676628 -0.474206601 -0.649096741 -0.311858272 0.506503640
1413393228.705760479 -1.461837950 -0.398479915 0.293811398 -0.478709603 -0.646304644 -0.315744885 0.503420888
1413393228.755760431 -1.467990414 -0.381284594 0.296144384 -0.483053753 -0.643897896 -0.316795043 0.501692607
1413393228.805760384 -1.473455643 -0.365679863 0.297536487 0.486908547 0.643835475 0.314820058 -0.499283766
1413393228.855760574 -1.479881425 -0.346582337 0.298202099 0.491586180 0.643554644 0.313225388 -0.496054740
1413393228.905760527 -1.485670683 -0.328564205 0.296047218 0.495271300 0.643772466 0.311277134 -0.493325346
1413393228.955760479 -1.491985467 -0.312978249 0.294807630 0.496825177 0.645381913 0.308842239 -0.491185710
1413393229.005760431 -1.499382972 -0.292266471 0.293263861 0.496761598 0.645578240 0.312104978 -0.488924466
1413393229.055760384 -1.505352383 -0.272795780 0.294265570 0.493681881 0.646699229 0.316975835 -0.487426535
1413393229.105760574 -1.512612471 -0.253118249 0.292307855 0.489897872 0.647889596 0.321696314 -0.486570270
1413393229.155760527 -1.520144416 -0.228646863 0.287840272 0.487489997 0.647712333 0.326853998 -0.485786681
1413393229.205760479 -1.527433034 -0.207819289 0.283880404 0.484513225 0.649109028 0.330010959 -0.484765068
1413393229.255760431 -1.536131295 -0.186996881 0.278785468 0.481573737 0.650884611 0.331742385 -0.484131127
1413393229.305760384 -1.545488443 -0.159730634 0.274295817 0.481053854 0.650531472 0.334233521 -0.483408674
1413393229.355760574 -1.555894459 -0.139930777 0.268637385 0.478322471 0.650668028 0.335703992 -0.484913973
1413393229.405760527 -1.566626382 -0.121146725 0.263866654 0.476662033 0.649226455 0.335147274 -0.488850305
1413393229.455760479 -1.578928439 -0.095666183 0.256761366 0.478269891 0.646363356 0.333513447 -0.492179951
1413393229.505760431 -1.592631285 -0.075021393 0.247432413 0.479439002 0.645102242 0.329401837 -0.495455114
1413393229.555760384 -1.607352663 -0.056906924 0.241551986 0.480156149 0.644209974 0.325016604 -0.498806364
1413393229.605760574 -1.622421285 -0.029671459 0.236170587 -0.484011387 -0.642354375 -0.321008209 0.500067560
1413393229.655760527 -1.636431639 -0.009430629 0.231337530 -0.485979786 -0.643104501 -0.315665399 0.500595250
1413393229.705760479 -1.652581139 0.012354810 0.226641264 0.487691602 0.644696375 0.312300942 -0.498990588
1413393229.755760431 -1.666688539 0.035019802 0.222473839 0.489405740 0.646690607 0.308721780 -0.496954870
1413393229.805760384 -1.679433450 0.056120827 0.216280395 0.490314255 0.649154411 0.305978915 -0.494537548
1413393229.855760574 -1.691336734 0.078375350 0.215372624 0.490843188 0.651376985 0.303926896 -0.492350922
1413393229.905760527 -1.701539409 0.105027464 0.210386851 0.492130361 0.653924804 0.301855617 -0.488951168
1413393229.955760479 -1.711805209 0.128803293 0.210268886 0.490602846 0.655608582 0.301625726 -0.488372969
1413393230.005760431 -1.721646416 0.161086339 0.209082147 0.488701362 0.656936870 0.305010832 -0.486388034
1413393230.055760384 -1.732287544 0.190680096 0.211540107 0.483756690 0.658195292 0.310717847 -0.486017327
1413393230.105760574 -1.743226807 0.222692608 0.215540533 0.479469596 0.659041329 0.315873633 -0.485795514
1413393230.155760527 -1.753576323 0.255252497 0.219186458 0.476718849 0.659636849 0.319076406 -0.485601290
1413393230.205760479 -1.764329567 0.284112771 0.216663954 0.473750334 0.662360065 0.320658962 -0.483753653
1413393230.255760431 -1.775701495 0.314452666 0.215281748 0.470926750 0.662736742 0.323311968 -0.484228643
1413393230.305760384 -1.787865263 0.347286334 0.214217356 0.469076795 0.661734439 0.324375802 -0.486677338
1413393230.355760574 -1.802265605 0.380142167 0.207672360 0.470070266 0.662469807 0.321534195 -0.486604009
1413393230.405760527 -1.817346175 0.410731688 0.202488051 0.471052198 0.661883251 0.319758896 -0.487621409
1413393230.455760479 -1.835696459 0.441637300 0.199951775 0.473680777 0.659907752 0.318263028 -0.488729911
1413393230.505760431 -1.852541244 0.471198800 0.197567039 0.476829354 0.656736992 0.317247507 -0.490595872
1413393230.555760384 -1.870008764 0.500942566 0.194206394 0.481829677 0.654099099 0.316288620 -0.489853081
1413393230.605760574 -1.883169186 0.535330952 0.190233703 0.487866894 0.649459683 0.317694940 -0.489140000
1413393230.655760527 -1.896756286 0.569019850 0.190443778 0.495179023 0.645191926 0.318146707 -0.487142471
1413393230.705760479 -1.905693251 0.603004832 0.185609515 0.502009198 0.641029795 0.321597499 -0.483365923
1413393230.755760431 -1.916055615 0.635226720 0.186617413 0.509808069 0.635180501 0.325229000 -0.480486797
1413393230.805760384 -1.924240179 0.665901477 0.193669170 0.517362644 0.628634366 0.327929867 -0.479183400
1413393230.855760574 -1.932186399 0.702866608 0.194736907 0.525576117 0.622654055 0.334026066 -0.473812474
1413393230.905760527 -1.943426953 0.735971327 0.201335320 0.531012015 0.617376058 0.342398106 -0.468654009
1413393230.955760479 -1.956905925 0.767090723 0.213027330 0.535585431 0.612853204 0.351325156 -0.462741646
1413393231.005760431 -1.966235859 0.804244342 0.223071347 0.539692087 0.608525609 0.361586276 -0.455724039
1413393231.055760384 -1.978082400 0.832444441 0.233604258 0.542265764 0.605521779 0.371753497 -0.448431213
1413393231.105760574 -1.995547849 0.861838357 0.249309808 0.545075535 0.604642196 0.377466349 -0.441383769
1413393231.155760527 -1.995940005 0.903894974 0.272043987 0.546177691 0.602369802 0.384786287 -0.436783773
1413393231.205760479 -2.000350201 0.948668322 0.277223303 0.549019641 0.599305495 0.389794591 -0.432978677
1413393231.255760431 -2.007708213 0.986307530 0.282949331 0.550692978 0.598198172 0.391793585 -0.430574010
1413393231.305760384 -2.021969050 1.022402255 0.300873725 0.553366249 0.595912110 0.392256079 -0.429895012
1413393231.355760574 -2.037489764 1.057638360 0.303657498 0.555894628 0.592569717 0.392460188 -0.431065301
1413393231.405760527 -2.054214947 1.089411816 0.304282119 0.556719449 0.588626197 0.392391257 -0.435444322
1413393231.455760479 -2.069768276 1.127482502 0.307734175 0.558442774 0.581964225 0.393286086 -0.441344949
1413393231.505760431 -2.088963663 1.160953423 0.309028653 0.558640428 0.576060182 0.394039034 -0.448116926
1413393231.555760384 -2.111303751 1.191331034 0.309171444 0.556604204 0.570573825 0.395484249 -0.456321683
1413393231.605760574 -2.128457417 1.232669737 0.304796284 0.556612044 0.564548410 0.397289697 -0.462200197
1413393231.655760527 -2.146208416 1.267354944 0.295179924 0.556491940 0.560496851 0.398567281 -0.466158903
1413393231.705760479 -2.161385220 1.299235595 0.287256369 0.557196237 0.558343138 0.399177452 -0.467378493
1413393231.755760431 -2.174845915 1.334869175 0.281156490 0.560384040 0.554753695 0.401701129 -0.465676140
1413393231.805760384 -2.189673841 1.360989802 0.276279154 0.564487204 0.553933089 0.399682003 -0.463429202
1413393231.855760574 -2.204064950 1.388255677 0.266996239 0.570366582 0.552065203 0.397182751 -0.460599431
1413393231.905760527 -2.215511397 1.417186761 0.256537715 0.579084531 0.548894058 0.394793493 -0.455537612
1413393231.955760479 -2.226706251 1.438989778 0.250004507 0.586834011 0.545831101 0.391568924 -0.452070824
1413393232.005760431 -2.232401589 1.464499288 0.242900530 0.594424202 0.541960976 0.390825789 -0.447429739
1413393232.055760384 -2.236240656 1.491154929 0.232818621 0.600672341 0.538806840 0.393398744 -0.440587513
1413393232.105760574 -2.240630264 1.514333893 0.229941457 0.606270812 0.535256451 0.396638277 -0.434297492
1413393232.155760527 -2.241645687 1.538823643 0.227595003 0.611919352 0.530258391 0.401544273 -0.427952032
1413393232.205760479 -2.236096732 1.564509981 0.229777731 0.616660133 0.524288332 0.408512490 -0.421864399
1413393232.255760431 -2.234484540 1.586285617 0.226099376 0.621327655 0.519340618 0.414157993 -0.415584437
1413393232.305760384 -2.229110414 1.610857995 0.218234084 0.626397415 0.513137581 0.420480329 -0.409282780
1413393232.355760574 -2.222949532 1.634263052 0.212369794 0.633118343 0.505745274 0.424029783 -0.404452254
1413393232.405760527 -2.217174110 1.657395043 0.206065349 0.639394069 0.499555964 0.427123927 -0.398978964
1413393232.455760479 -2.211285405 1.682328819 0.196181168 0.645718097 0.493175856 0.430836289 -0.392690471
1413393232.505760431 -2.200383318 1.707835867 0.186878025 0.651950362 0.487295600 0.433269354 -0.387016008
1413393232.555760384 -2.188392952 1.732454390 0.176433355 0.656613225 0.481742160 0.436227772 -0.382738677
1413393232.605760574 -2.178802980 1.753262627 0.167659435 0.659353775 0.477703747 0.438876668 -0.380051311
1413393232.655760527 -2.164861004 1.780516699 0.152532756 0.663101926 0.472986845 0.441240719 -0.376677459
1413393232.705760479 -2.157655805 1.802229653 0.142119701 0.665769769 0.470341595 0.442043490 -0.374335345
1413393232.755760431 -2.150719645 1.821641512 0.130565261 0.666400175 0.469815660 0.443860940 -0.371714296
1413393232.805760384 -2.134324364 1.850227970 0.119558293 0.668400922 0.467752433 0.445778890 -0.368414237
1413393232.855760574 -2.121478070 1.872625861 0.111598685 0.668594530 0.466932039 0.447002347 -0.367620358
1413393232.905760527 -2.108814698 1.896461388 0.099275409 0.669434722 0.467892293 0.447153778 -0.364674449
1413393232.955760479 -2.094119124 1.921389888 0.088767793 0.670033518 0.469142143 0.448629261 -0.360128476
1413393233.005760431 -2.079298664 1.943840105 0.079177707 0.669548467 0.471809734 0.449620588 -0.356288862
1413393233.055760384 -2.066717844 1.963679848 0.076357045 0.667581019 0.474804598 0.451180524 -0.354023039
1413393233.105760574 -2.045564912 1.992013697 0.071269288 0.668110337 0.476081374 0.451478206 -0.350916704
1413393233.155760527 -2.026625278 2.018145110 0.061270121 0.666963968 0.477693993 0.453111072 -0.348794884
1413393233.205760479 -2.011112238 2.040632016 0.058748951 0.664801800 0.478702113 0.455192024 -0.348831012
1413393233.255760431 -1.986987640 2.073413300 0.057124643 0.664237599 0.476776269 0.459512939 -0.346872686
1413393233.305760384 -1.966406578 2.098647829 0.064042917 0.662649474 0.474047840 0.464122619 -0.347511890
1413393233.355760574 -1.944198565 2.129034544 0.070263215 0.661322828 0.470101697 0.470651737 -0.346617157
1413393233.405760527 -1.924010357 2.158533649 0.086860062 0.662082801 0.462857141 0.476151737 -0.347403448
1413393233.455760479 -1.905754247 2.187324325 0.105356639 0.663154199 0.454740810 0.481547233 -0.348639593
1413393233.505760431 -1.884958206 2.215093162 0.127427970 0.665254347 0.448799694 0.486416206 -0.345564412
1413393233.555760384 -1.865565390 2.242221304 0.139014789 0.669904341 0.442984338 0.488654020 -0.340896317
1413393233.605760574 -1.847834918 2.266259594 0.156797205 0.675029021 0.438092366 0.490759412 -0.334015118
1413393233.655760527 -1.831342306 2.289292886 0.178918760 0.681432895 0.432825089 0.492060527 -0.325865141
1413393233.705760479 -1.814261165 2.312720252 0.198192048 0.687830909 0.427135966 0.493945760 -0.316955981
1413393233.755760431 -1.802383316 2.332290258 0.229106780 0.691556131 0.420188709 0.499039339 -0.310082738
1413393233.805760384 -1.783602179 2.357455696 0.257572924 0.694895349 0.411821216 0.504146273 -0.305549137
1413393233.855760574 -1.775419825 2.378513144 0.289450638 0.696731053 0.404548832 0.508641523 -0.303627869
1413393233.905760527 -1.772222168 2.399295957 0.309521976 0.697812754 0.397175619 0.512950076 -0.303629886
1413393233.955760479 -1.758484282 2.426210830 0.330413967 0.700414647 0.388410107 0.517906759 -0.300548666
1413393234.005760431 -1.748469631 2.448032962 0.348274290 0.705285158 0.379457502 0.518655926 -0.299300653
1413393234.055760384 -1.745398492 2.464846266 0.362780308 0.709948129 0.371079231 0.519211657 -0.297813892
1413393234.105760574 -1.735772069 2.484923444 0.379340008 0.715832826 0.362691331 0.519475160 -0.293570984
1413393234.155760527 -1.731003283 2.502600991 0.398699777 0.722436156 0.356046212 0.517227482 -0.289469907
1413393234.205760479 -1.717090787 2.519178061 0.421345864 0.727202153 0.348039953 0.516534144 -0.288509442
1413393234.255760431 -1.703338271 2.535704223 0.444345947 0.728933693 0.335666344 0.520321012 -0.291975719
1413393234.305760384 -1.685826547 2.549954391 0.461659181 0.729181703 0.321322867 0.524898462 -0.299211068
1413393234.355760574 -1.672524530 2.562280788 0.474776700 0.728786866 0.305716419 0.529763331 -0.307827855
1413393234.405760527 -1.653024944 2.574987205 0.483140957 0.729340478 0.290063855 0.534678747 -0.313119889
1413393234.455760479 -1.642583438 2.579583851 0.496757474 0.729535674 0.278536365 0.538584681 -0.316420188
1413393234.505760431 -1.631843219 2.583017294 0.505416022 0.730783900 0.269228328 0.542084660 -0.315618790
1413393234.555760384 -1.614449673 2.584921537 0.504024714 0.731788169 0.262523358 0.548002759 -0.308643059
1413393234.605760574 -1.599420482 2.580435529 0.506881713 0.732415933 0.261681205 0.555484522 -0.294154369
1413393234.655760527 -1.581458058 2.573246479 0.510729121 0.735425753 0.265916875 0.560934087 -0.271643384
1413393234.705760479 -1.565957046 2.562021717 0.517535135 0.737297608 0.270731988 0.567646902 -0.246725398
1413393234.755760431 -1.558699471 2.545101223 0.528889314 0.741977350 0.274061312 0.568890184 -0.225219821
1413393234.805760384 -1.550627667 2.527014589 0.546335542 0.748591776 0.275652015 0.566911645 -0.205517656
1413393234.855760574 -1.541952273 2.507755413 0.566882795 0.756463000 0.271821648 0.562843507 -0.192571823
1413393234.905760527 -1.536756081 2.488693248 0.575843786 0.763597064 0.263673125 0.559541807 -0.185226816
1413393234.955760479 -1.527598946 2.475026522 0.584999296 0.770177883 0.253483654 0.556661139 -0.180832635
1413393235.005760431 -1.527962624 2.458604011 0.581471253 0.776196395 0.240458207 0.554328802 -0.180051622
1413393235.055760384 -1.525427839 2.446093321 0.573554140 0.781569112 0.226796547 0.552773577 -0.179316543
1413393235.105760574 -1.520815404 2.432773199 0.562084842 0.786104857 0.212919897 0.552287315 -0.177997171
1413393235.155760527 -1.516414646 2.417922067 0.546709874 0.790304576 0.200879916 0.552203476 -0.173600856
1413393235.205760479 -1.513415135 2.402928969 0.531234738 0.793097567 0.192251626 0.554013945 -0.164633257
1413393235.255760431 -1.511505155 2.385881775 0.512910928 0.796170985 0.187060054 0.554990933 -0.152004485
1413393235.305760384 -1.507929041 2.367020741 0.496362785 0.799065511 0.183518867 0.555735382 -0.137743673
1413393235.355760574 -1.502972271 2.349837646 0.484987919 0.803181561 0.180106859 0.553813990 -0.125502840
1413393235.405760527 -1.501054139 2.332197441 0.474819780 0.806569227 0.178576421 0.551574680 -0.115420610
1413393235.455760479 -1.493141840 2.315986126 0.457912542 0.809454860 0.176993844 0.549665851 -0.106411748
1413393235.505760431 -1.482695620 2.302805769 0.440356912 0.811921921 0.176210565 0.547802261 -0.098210559
1413393235.555760384 -1.474605697 2.293238320 0.417626826 0.810287339 0.178819032 0.551439491 -0.085864251
1413393235.605760574 -1.468660342 2.282563493 0.410461702 0.807749071 0.180895392 0.555971845 -0.075588382
1413393235.655760527 -1.460868232 2.277349867 0.403848116 0.805394669 0.179921323 0.560728947 -0.067459561
1413393235.705760479 -1.455406813 2.274262716 0.406384978 0.803365971 0.178180598 0.564602077 -0.063869282
1413393235.755760431 -1.453564137 2.273265524 0.402007430 0.802081454 0.174319887 0.567592593 -0.064160474
1413393235.805760384 -1.453202185 2.274755027 0.401101895 0.800863126 0.169192985 0.570297440 -0.068940676
1413393235.855760574 -1.448205062 2.284088890 0.399405638 0.800873946 0.160351429 0.571574358 -0.078683515
1413393235.905760527 -1.441582670 2.296761063 0.399158882 0.801652854 0.149089420 0.571921460 -0.089615230
1413393235.955760479 -1.438519655 2.308726581 0.395322786 0.801971915 0.137912336 0.572540619 -0.100092332
1413393236.005760431 -1.434677773 2.321697760 0.390748644 0.801290582 0.127912665 0.574791833 -0.105764374
1413393236.055760384 -1.430632132 2.335282402 0.390429486 0.801944891 0.116564813 0.575380101 -0.110610920
1413393236.105760574 -1.431886774 2.345710989 0.390037415 0.802673832 0.107249225 0.575888338 -0.112093464
1413393236.155760527 -1.427908420 2.357720175 0.392302756 0.804077729 0.097290157 0.576164997 -0.109670086
1413393236.205760479 -1.424783614 2.367685881 0.385623447 0.806010185 0.090630741 0.576209845 -0.100577654
1413393236.255760431 -1.431387055 2.370726580 0.384209117 0.807800302 0.087323817 0.575986335 -0.089849680
1413393236.305760384 -1.425450152 2.379625146 0.388258537 0.810110122 0.081888092 0.575603620 -0.075474517
1413393236.355760574 -1.417838911 2.388120286 0.395725381 0.812259331 0.074145049 0.575136467 -0.062891456
1413393236.405760527 -1.422350617 2.390644470 0.402376412 0.814419752 0.066800883 0.573766797 -0.055224748
1413393236.455760479 -1.423084720 2.392723845 0.418531793 0.816932697 0.056555509 0.571769416 -0.050021780
1413393236.505760431 -1.419359941 2.399709871 0.423518918 0.820160698 0.045596640 0.568639313 -0.043665854
1413393236.555760384 -1.418246365 2.404197058 0.427470448 0.824304949 0.035878328 0.563765468 -0.037451217
1413393236.605760574 -1.419126234 2.408158503 0.421050035 0.828143426 0.026198841 0.559008229 -0.031652579
1413393236.655760527 -1.418855528 2.412553411 0.417607157 0.831701239 0.016532820 0.554333115 -0.026730361
1413393236.705760479 -1.417830702 2.415647471 0.418038405 0.833425422 0.006942002 0.552030415 -0.024825288
1413393236.755760431 -1.414485152 2.420265742 0.412700899 0.833453097 -0.003472018 0.552042271 -0.024355916
1413393236.805760384 -1.409529955 2.425181698 0.408119277 0.832139257 -0.014217661 0.553791803 -0.025627221
1413393236.855760574 -1.404863152 2.427908373 0.404080315 0.830440901 -0.022037378 0.556123603 -0.024673916
1413393236.905760527 -1.401627453 2.431181433 0.397919223 0.828134796 -0.026321963 0.559470278 -0.022201856
1413393236.955760479 -1.388895379 2.437249643 0.400408164 0.825932698 -0.029488976 0.562729886 -0.017339379
1413393237.005760431 -1.382163848 2.437222173 0.404466396 0.823752950 -0.027975291 0.566133354 -0.011894802
1413393237.055760384 -1.371073317 2.440108072 0.401989370 0.820737011 -0.026394616 0.570672994 -0.005139782
1413393237.105760574 -1.355975750 2.443599031 0.401512518 0.818478494 -0.022502324 0.574082576 0.003974446
1413393237.155760527 -1.345634067 2.442136211 0.414111456 0.816621455 -0.016826501 0.576807004 0.011829947
1413393237.205760479 -1.337462406 2.439438937 0.424474060 0.815080620 -0.010409364 0.578946069 0.018885903
1413393237.255760431 -1.322924489 2.442778586 0.425444799 0.813374231 -0.006520744 0.581158741 0.025186457
1413393237.305760384 -1.310715877 2.444547594 0.426555517 0.812937058 -0.003679044 0.581619763 0.028952644
1413393237.355760574 -1.303883808 2.444600963 0.431023266 0.813434073 0.000080272 0.580873053 0.030191038
1413393237.405760527 -1.289443414 2.451005225 0.431639653 0.812759096 0.000609038 0.581778580 0.030918669
1413393237.455760479 -1.281755139 2.454606413 0.429805520 0.812211625 0.000483392 0.582718845 0.027400541
1413393237.505760431 -1.269762215 2.460795970 0.431583746 0.812851861 -0.002673902 0.582126304 0.019841086
1413393237.555760384 -1.258314167 2.469308067 0.430109634 0.813481322 -0.007387205 0.581448307 0.010556218
1413393237.605760574 -1.248853527 2.477153795 0.432180663 0.813211948 -0.012988805 0.581822647 0.000160781
1413393237.655760527 -1.240007008 2.486543546 0.426361539 0.814157446 -0.017611888 0.580311172 -0.008741741
1413393237.705760479 -1.231250047 2.495703630 0.421364654 0.815010558 -0.020489149 0.578881620 -0.015298881
1413393237.755760431 -1.223138650 2.504036662 0.416385179 0.816096658 -0.021895330 0.577153804 -0.020008148
1413393237.805760384 -1.214484681 2.513226770 0.405688979 0.816292425 -0.021899384 0.576799343 -0.022127162
1413393237.855760574 -1.206028920 2.519782850 0.405140050 0.819137139 -0.019528069 0.572868689 -0.021318231
1413393237.905760527 -1.198906435 2.523938795 0.404248337 0.820465454 -0.017466751 0.571064944 -0.020400502
1413393237.955760479 -1.186475848 2.531326518 0.390367106 0.821979933 -0.014188254 0.569132016 -0.015376346
1413393238.005760431 -1.177309085 2.536004362 0.373460627 0.823260720 -0.008986164 0.567539183 -0.007766087
1413393238.055760384 -1.171752314 2.536736677 0.366537991 0.825553363 -0.002792037 0.564315298 -0.001447271
1413393238.105760574 -1.164514681 2.538383478 0.363801778 0.827688447 0.000950892 0.561177607 0.003259358
1413393238.155760527 -1.143793019 2.544845455 0.368823157 0.828886547 0.001196071 0.559341767 0.009080181
1413393238.205760479 -1.133330112 2.545898254 0.368788296 0.829214194 0.002998213 0.558771751 0.012998521
1413393238.255760431 -1.121931568 2.547159619 0.376127188 0.829717326 0.003630424 0.557982602 0.014539430
1413393238.305760384 -1.098179843 2.555525324 0.379477608 0.830469988 0.001510993 0.556751606 0.018573246
1413393238.355760574 -1.084575881 2.559899886 0.389210459 0.831270891 0.000567108 0.555546744 0.018873250
1413393238.405760527 -1.068338538 2.565982428 0.402722690 0.830621417 -0.001648756 0.556544296 0.017994166
1413393238.455760479 -1.049957394 2.573805039 0.415707462 0.829144917 -0.005732545 0.558800573 0.015091867
1413393238.505760431 -1.031090447 2.582672421 0.428488728 0.828274484 -0.011888645 0.560122369 0.009108875
1413393238.555760384 -1.012133269 2.590220381 0.444464133 0.826550428 -0.019344234 0.562529330 0.000971909
1413393238.605760574 -0.992105491 2.598327180 0.452176205 0.824685614 -0.026579221 0.564919709 -0.007273585
1413393238.655760527 -0.969451629 2.608098334 0.452379557 0.822919832 -0.033460557 0.566997969 -0.014022973
1413393238.705760479 -0.948937399 2.615623766 0.451257921 0.821216118 -0.038543174 0.568969003 -0.019818801
1413393238.755760431 -0.927585641 2.622174281 0.445689003 0.820184574 -0.042308431 0.570059058 -0.023236426
1413393238.805760384 -0.907211078 2.624542595 0.440270082 0.820054124 -0.043225636 0.570152467 -0.023852510
1413393238.855760574 -0.884378880 2.625874574 0.435225099 0.820219635 -0.042215420 0.570095504 -0.021183112
1413393238.905760527 -0.864429566 2.626815908 0.421712426 0.820418683 -0.037291877 0.570373971 -0.014001226
1413393238.955760479 -0.843160311 2.623742891 0.421368803 0.821508978 -0.031430832 0.569301438 -0.005565536
1413393239.005760431 -0.814342412 2.621575560 0.417398228 0.821509589 -0.026747083 0.569544123 0.005106970
1413393239.055760384 -0.800084297 2.614091672 0.416716213 0.821228669 -0.020099647 0.570127501 0.011580632
1413393239.105760574 -0.772956002 2.612286693 0.417351881 0.821646707 -0.016761534 0.569442509 0.018734166
1413393239.155760527 -0.748395088 2.610193579 0.412946137 0.820905854 -0.014018692 0.570378718 0.024190377
1413393239.205760479 -0.735625741 2.602875531 0.410016688 0.820523298 -0.010555172 0.570940714 0.025628255
1413393239.255760431 -0.704479944 2.601724144 0.411083559 0.821009605 -0.011080206 0.570094929 0.028499646
1413393239.305760384 -0.679343518 2.600460150 0.412111312 0.820685127 -0.010651059 0.570444624 0.030909680
1413393239.355760574 -0.656574036 2.601277739 0.414712746 0.821370372 -0.009901129 0.569427441 0.031702809
1413393239.405760527 -0.627266439 2.604917478 0.416502152 0.821655853 -0.011053458 0.568904734 0.033269866
1413393239.455760479 -0.604934808 2.605757110 0.425856118 0.822684801 -0.011618606 0.567502104 0.031560885
1413393239.505760431 -0.580380398 2.609431437 0.428630615 0.822402800 -0.009914222 0.567809767 0.033873454
1413393239.555760384 -0.547366214 2.614596191 0.436101760 0.823361746 -0.013512545 0.566471535 0.031667770
1413393239.605760574 -0.528242760 2.618598238 0.441161403 0.823740894 -0.014595991 0.566161168 0.026446719
1413393239.655760527 -0.503723978 2.624437582 0.445739292 0.822849372 -0.020122396 0.567613354 0.018140561
1413393239.705760479 -0.475686735 2.631976549 0.445117390 0.821831221 -0.028182115 0.568971910 0.008377282
1413393239.755760431 -0.454589836 2.637578643 0.448600391 0.822041903 -0.032231996 0.568513834 -0.000478630
1413393239.805760384 -0.425405130 2.643799957 0.451054226 0.822106730 -0.036049736 0.568169438 -0.004942754
1413393239.855760574 -0.398459526 2.648893198 0.448715797 0.822559844 -0.037318475 0.567418569 -0.006229112
1413393239.905760527 -0.374397450 2.652276393 0.448028196 0.823061827 -0.034898837 0.566864039 -0.004057221
1413393239.955760479 -0.349026073 2.653648598 0.450847655 0.823434490 -0.033361208 0.566423959 -0.002563036
1413393240.005760431 -0.323567909 2.654578875 0.452179636 0.822204598 -0.029312140 0.568431389 0.002480395
1413393240.055760384 -0.296284197 2.655032096 0.454668136 0.822064911 -0.024414234 0.568808467 0.008375878
1413393240.105760574 -0.265215573 2.655432131 0.454845599 0.820130761 -0.019273822 0.571602122 0.016883986
1413393240.155760527 -0.238525873 2.654167537 0.459496134 0.819494053 -0.013986976 0.572468938 0.022653392
1413393240.205760479 -0.212242339 2.653958432 0.461561824 0.819161034 -0.009638303 0.572866886 0.026567542
1413393240.255760431 -0.182287601 2.653134379 0.474181223 0.820015847 -0.009019007 0.571606919 0.027535391
1413393240.305760384 -0.154880831 2.652920793 0.477340385 0.820816383 -0.009210843 0.570531192 0.025880202
1413393240.355760574 -0.126084477 2.655229056 0.477866314 0.821147323 -0.010587219 0.570124263 0.023734152
1413393240.405760527 -0.101691603 2.658519431 0.471407226 0.820201158 -0.013206633 0.571595133 0.019355845
1413393240.455760479 -0.074405321 2.661240549 0.455557305 0.818659354 -0.015384232 0.573862850 0.015544022
1413393240.505760431 -0.045791066 2.664176965 0.437543665 0.818647097 -0.019064547 0.573890777 0.010141453
1413393240.555760384 -0.016964014 2.667176726 0.421385313 0.818072857 -0.021999185 0.574656575 0.006531215
1413393240.605760574 0.011068964 2.669753039 0.412310871 0.818565615 -0.024430567 0.573883868 0.003284369
1413393240.655760527 0.038127924 2.671038062 0.407543812 0.819131410 -0.025621751 0.573028785 0.002295847
1413393240.705760479 0.065538389 2.672523636 0.398837622 0.817948689 -0.025487058 0.574706645 0.004756523
1413393240.755760431 0.094529186 2.671218015 0.404200585 0.816721197 -0.024610633 0.576444249 0.008534115
1413393240.805760384 0.123826328 2.671494499 0.402379493 0.815425467 -0.022196250 0.578255208 0.014475810
1413393240.855760574 0.146674490 2.669094976 0.413930518 0.813753256 -0.020302912 0.580572686 0.018132448
1413393240.905760527 0.173522426 2.667961785 0.417529510 0.810647904 -0.020422349 0.584774926 0.021706877
1413393240.955760479 0.197581696 2.666902292 0.415493407 0.807719613 -0.020182512 0.588676534 0.025330442
1413393241.005760431 0.216721705 2.665381559 0.414371584 0.805022671 -0.019900438 0.592306229 0.026754490
1413393241.055760384 0.241711638 2.664257132 0.406499864 0.802185034 -0.021830728 0.596035888 0.027637115
1413393241.105760574 0.261948291 2.663571334 0.397432218 0.800916738 -0.025267620 0.597729639 0.024762982
1413393241.155760527 0.283262812 2.663524175 0.385627748 0.800919337 -0.029572577 0.597680311 0.020782784
1413393241.205760479 0.303817879 2.662875416 0.371507848 0.801610774 -0.034131280 0.596646905 0.016361344
1413393241.255760431 0.324387588 2.662233681 0.355075966 0.802909865 -0.038207271 0.594728311 0.013198076
1413393241.305760384 0.345060565 2.660566798 0.341221678 0.805433889 -0.042021521 0.591096017 0.010767552
1413393241.355760574 0.360915918 2.657772091 0.331158284 0.809849163 -0.043667353 0.584917106 0.010463026
1413393241.405760527 0.379929220 2.653955161 0.318893341 0.813492147 -0.045239822 0.579708221 0.011057279
1413393241.455760479 0.400975947 2.648654597 0.304194212 0.816001120 -0.044878168 0.576100654 0.015367435
1413393241.505760431 0.411907201 2.643935809 0.297300318 0.816826499 -0.041874707 0.575040083 0.019232324
1413393241.555760384 0.430248365 2.637684027 0.289011222 0.815920699 -0.039070638 0.576280788 0.025443103
1413393241.605760574 0.449945251 2.631116830 0.281385653 0.815290173 -0.035613494 0.577079466 0.031826133
1413393241.655760527 0.459978992 2.626558843 0.273894115 0.814347006 -0.031033642 0.578454623 0.035582521
1413393241.705760479 0.475888087 2.619932256 0.270135610 0.813251743 -0.028413268 0.579914288 0.038906398
1413393241.755760431 0.497676440 2.612969642 0.264101037 0.813496813 -0.028082300 0.579420090 0.041311971
1413393241.805760384 0.510559357 2.609140815 0.260496907 0.814419462 -0.025286021 0.578155598 0.042634028
1413393241.855760574 0.528541563 2.605224737 0.254887752 0.814789332 -0.024092396 0.577588974 0.043918992
1413393241.905760527 0.550889994 2.600862627 0.247399714 0.813949140 -0.023885660 0.578659507 0.045491196
1413393241.955760479 0.561633291 2.600743021 0.242074360 0.812490529 -0.020689894 0.580845224 0.045275759
1413393242.005760431 0.581477744 2.599601962 0.234403658 0.810834654 -0.019940365 0.583126895 0.045962708
1413393242.055760384 0.594610674 2.599649530 0.229153226 0.808883756 -0.017882226 0.585969088 0.045028020
1413393242.105760574 0.605659663 2.601699683 0.230289336 0.805623716 -0.016325861 0.590626668 0.043174460
1413393242.155760527 0.625265576 2.602148990 0.228081623 0.801836591 -0.017843717 0.595854572 0.041194819
1413393242.205760479 0.632408307 2.607059144 0.224507798 0.798488845 -0.017317376 0.600621151 0.037012236
1413393242.255760431 0.642066648 2.611840994 0.220614371 0.796153279 -0.017091614 0.603845658 0.034903508
1413393242.305760384 0.657886589 2.614279518 0.216831359 0.795575237 -0.019149650 0.604629296 0.033417762
1413393242.355760574 0.661444628 2.619866701 0.215455970 0.796476618 -0.020695936 0.603628983 0.028787614
1413393242.405760527 0.666581981 2.625601676 0.213117657 0.800573787 -0.023951317 0.598324331 0.022714306
1413393242.455760479 0.673132752 2.629716498 0.210700040 0.805244493 -0.028477747 0.592032445 0.016367894
1413393242.505760431 0.674480825 2.634747175 0.210400516 0.811619444 -0.033031886 0.583189596 0.008524540
1413393242.555760384 0.677408856 2.638237235 0.211758808 0.816711933 -0.036907119 0.575858380 0.002570716
1413393242.605760574 0.683004628 2.640383740 0.208067476 0.820150029 -0.039185666 0.570804892 0.000434330
1413393242.655760527 0.683253279 2.642297491 0.210309913 0.822680211 -0.039853897 0.567102038 -0.002053354
1413393242.705760479 0.688492234 2.642240346 0.209252127 0.823461544 -0.041149104 0.565869678 -0.003056877
1413393242.755760431 0.686919128 2.642106788 0.211651264 0.823019463 -0.041781493 0.566421910 -0.007713037
1413393242.805760384 0.693607998 2.638011044 0.216490780 0.822109292 -0.041085119 0.567767318 -0.009412566
1413393242.855760574 0.699944625 2.634223837 0.211875035 0.820960571 -0.035141332 0.569858281 -0.007096915
1413393242.905760527 0.700682252 2.629840359 0.220287008 0.820994637 -0.024350011 0.570406282 -0.003399649
1413393242.955760479 0.713562682 2.620849849 0.227717744 0.821635916 -0.015626567 0.569797774 0.000854152
1413393243.005760431 0.716988852 2.614403708 0.234450981 0.822985154 -0.004390938 0.568040679 0.002437578
1413393243.055760384 0.718184720 2.609810115 0.239966217 0.825261189 0.008333894 0.564688373 0.001248372
1413393243.105760574 0.732429102 2.600494871 0.244204257 0.826086643 0.018167339 0.563250214 -0.000053775
1413393243.155760527 0.735643843 2.594851591 0.249680535 0.825313725 0.029981946 0.563846857 -0.005921195
1413393243.205760479 0.741501151 2.590338728 0.258302339 0.821743415 0.041238972 0.568205263 -0.013412173
1413393243.255760431 0.765343626 2.580064609 0.261694920 0.817392875 0.048622663 0.573768258 -0.017167149
1413393243.305760384 0.771017715 2.574738747 0.270977740 0.812609731 0.057533776 0.579460467 -0.024100973
1413393243.355760574 0.783070839 2.570348172 0.271164813 0.808715702 0.063772710 0.584011423 -0.029027796
1413393243.405760527 0.799733225 2.563618111 0.267967764 0.805638192 0.068110305 0.587624972 -0.031701444
1413393243.455760479 0.804127435 2.560837602 0.264986534 0.803861965 0.073639982 0.589103840 -0.036602747
1413393243.505760431 0.814241297 2.555883602 0.259349877 0.802669961 0.076881454 0.590093690 -0.039995150
1413393243.555760384 0.823475946 2.550416477 0.250628462 0.802465737 0.079696606 0.589797583 -0.042848596
1413393243.605760574 0.833426764 2.545049398 0.237285962 0.802565120 0.082369904 0.589244036 -0.043541864
1413393243.655760527 0.840272439 2.539939855 0.231356211 0.802509710 0.084453477 0.588960984 -0.044392967
1413393243.705760479 0.841324767 2.536516244 0.223650841 0.803667784 0.087178399 0.586899242 -0.045467573
1413393243.755760431 0.843130680 2.532574810 0.219063834 0.803964214 0.088931423 0.586231876 -0.045441535
1413393243.805760384 0.848207355 2.527286227 0.213547763 0.805696514 0.089910885 0.583714643 -0.045236888
1413393243.855760574 0.848057345 2.523566440 0.211736619 0.807186396 0.089828828 0.581459575 -0.047808641
1413393243.905760527 0.852583412 2.517905739 0.211998021 0.807158356 0.089708509 0.581561856 -0.047260753
1413393243.955760479 0.853328203 2.514605528 0.208100155 0.806954419 0.090280932 0.581771087 -0.047077821
1413393244.005760431 0.853136575 2.512861891 0.199546470 0.807749943 0.091368647 0.580583030 -0.045990704
1413393244.055760384 0.850914239 2.511353639 0.200730409 0.807284315 0.092076422 0.581206592 -0.044864961
1413393244.105760574 0.847610891 2.510262350 0.200530429 0.807496519 0.093147828 0.580835174 -0.043627454
1413393244.155760527 0.844712694 2.510166219 0.201267085 0.808128677 0.094420988 0.579784446 -0.043159177
1413393244.205760479 0.835453510 2.511838458 0.202477998 0.807330435 0.097640760 0.580152907 -0.045896126
1413393244.255760431 0.832284762 2.512257968 0.202464982 0.807538834 0.101767230 0.578926021 -0.048673645
1413393244.305760384 0.830221587 2.513253361 0.201398056 0.807451720 0.107156601 0.577858400 -0.051174719
1413393244.355760574 0.815401817 2.520322409 0.203531987 0.806935421 0.115195370 0.576489159 -0.056969308
1413393244.405760527 0.812957426 2.523524433 0.206884806 0.805311826 0.119614976 0.577444975 -0.061011655
1413393244.455760479 0.808095798 2.526805421 0.206962758 0.803868236 0.123009091 0.578095425 -0.066860317
1413393244.505760431 0.794987074 2.532662010 0.205141941 0.801931196 0.126944001 0.579086519 -0.073826702
1413393244.555760384 0.791197620 2.535045291 0.193247561 0.800223613 0.128724959 0.580549076 -0.077684132
1413393244.605760574 0.781042539 2.539600478 0.183440027 0.800211161 0.130894512 0.579388804 -0.082688200
1413393244.655760527 0.771904737 2.544313421 0.172003505 0.801045968 0.132599481 0.577228199 -0.086892700
1413393244.705760479 0.763273661 2.548546715 0.165539218 0.800651874 0.134150980 0.576948880 -0.089944880
1413393244.755760431 0.752055195 2.551815580 0.158553608 0.800834843 0.133595526 0.576090182 -0.094529848
1413393244.805760384 0.741461856 2.554743943 0.158724529 0.800413175 0.131784212 0.576226995 -0.099670061
1413393244.855760574 0.725627688 2.559085729 0.160529442 0.801179844 0.131601840 0.574499334 -0.103645207
1413393244.905760527 0.718943226 2.560239886 0.168085420 0.801717626 0.129503091 0.573863046 -0.105636177
1413393244.955760479 0.706841727 2.561997288 0.177328139 0.801671015 0.129913837 0.573805700 -0.105796967
1413393245.005760431 0.694733565 2.561960894 0.187376185 0.802729621 0.131825132 0.572470729 -0.102589253
1413393245.055760384 0.684275221 2.559804558 0.200269831 0.805244554 0.131916637 0.569280710 -0.100492199
1413393245.105760574 0.670681326 2.557949285 0.209148917 0.809167164 0.133094615 0.563698367 -0.098886175
1413393245.155760527 0.660260216 2.555114561 0.214955209 0.812736805 0.133133093 0.558844177 -0.097096095
1413393245.205760479 0.647333472 2.551898666 0.218614795 0.815258908 0.133862740 0.555337358 -0.095047880
1413393245.255760431 0.636538731 2.548461664 0.218794998 0.816285697 0.134850284 0.553972113 -0.092779088
1413393245.305760384 0.627525692 2.545070761 0.215257724 0.816726247 0.135661514 0.553523744 -0.090364017
1413393245.355760574 0.616297098 2.542560374 0.213141411 0.816261354 0.137027963 0.554125283 -0.088802644
1413393245.405760527 0.609430060 2.540073510 0.206067493 0.815551917 0.137808247 0.555383502 -0.086215570
1413393245.455760479 0.600743660 2.537707838 0.200135823 0.813657633 0.138982555 0.558183049 -0.084123656
1413393245.505760431 0.588893849 2.536134560 0.192043686 0.811426572 0.140447022 0.561259301 -0.082762009
1413393245.555760384 0.582778370 2.534213723 0.180052433 0.810134699 0.140674430 0.563347802 -0.080819106
1413393245.605760574 0.575380449 2.532809855 0.167322520 0.808454003 0.141140196 0.565987794 -0.078354239
1413393245.655760527 0.565964998 2.532863945 0.155322222 0.807997145 0.141649133 0.566706562 -0.076940294
1413393245.705760479 0.558439223 2.532689181 0.143593137 0.807120726 0.141991414 0.568238941 -0.074155768
1413393245.755760431 0.550651168 2.532740826 0.132998277 0.807604491 0.141131722 0.568019593 -0.072184243
1413393245.805760384 0.540427333 2.534194040 0.120245067 0.808633202 0.139977040 0.567007283 -0.070862646
1413393245.855760574 0.530788590 2.536209209 0.109312785 0.809267481 0.137213411 0.566708417 -0.071415646
1413393245.905760527 0.524084642 2.538162087 0.101244128 0.811554737 0.132900308 0.564266532 -0.072936263
1413393245.955760479 0.515916753 2.541398411 0.091245837 0.814301811 0.128146751 0.560959034 -0.076262266
1413393246.005760431 0.503553488 2.545270628 0.087812398 0.816716399 0.122567990 0.557832409 -0.082306829
1413393246.055760384 0.495090809 2.548286531 0.081909693 0.819441374 0.116420507 0.554290814 -0.087885116
1413393246.105760574 0.489172555 2.549893844 0.078499498 0.822448068 0.110130934 0.550370988 -0.092423638
1413393246.155760527 0.471367658 2.554367298 0.067208686 0.823340457 0.109410626 0.548515464 -0.096283919
1413393246.205760479 0.463776423 2.556672396 0.058655754 0.823501978 0.110412364 0.547667599 -0.098558629
1413393246.255760431 0.459230358 2.557009109 0.047809457 0.821709301 0.115706896 0.549388380 -0.097868011
1413393246.305760384 0.446749634 2.558690954 0.041671985 0.817870533 0.126258501 0.552954059 -0.096893705
1413393246.355760574 0.443190159 2.558404490 0.039215481 0.813509857 0.136442055 0.557194052 -0.095499045
1413393246.405760527 0.441816176 2.557624691 0.037398148 0.809691067 0.144703427 0.560650638 -0.095562316
1413393246.455760479 0.435432808 2.557503529 0.034585524 0.805908339 0.152836232 0.563638264 -0.097286909
1413393246.505760431 0.435167112 2.556244625 0.030816088 0.802603527 0.158573403 0.566575338 -0.098358733
1413393246.555760384 0.432295882 2.555544881 0.030846522 0.800267350 0.163521395 0.568223456 -0.099774879
1413393246.605760574 0.426996523 2.555366994 0.026299580 0.800128722 0.168349228 0.566749150 -0.101232236
1413393246.655760527 0.427623593 2.553885298 0.021163398 0.800750641 0.170804489 0.565101136 -0.101414707
1413393246.705760479 0.423048066 2.552951997 0.017837723 0.800661101 0.173763244 0.564260404 -0.101775895
1413393246.755760431 0.416691097 2.553239644 0.012873580 0.800588234 0.175974152 0.563527224 -0.102609188
1413393246.805760384 0.414050617 2.552781297 0.006843310 0.799423824 0.177665209 0.564840270 -0.101548475
1413393246.855760574 0.409694290 2.553416646 -0.001361137 0.799517244 0.179309538 0.564175718 -0.101617054
1413393246.905760527 0.401249079 2.554985087 -0.008219576 0.798374388 0.181236021 0.565055184 -0.102296044
1413393246.955760479 0.391330286 2.557546419 -0.016053980 0.797226970 0.182974324 0.565842399 -0.103787934
1413393247.005760431 0.384915275 2.559687653 -0.024851753 0.797729418 0.183976335 0.564615100 -0.104834500
1413393247.055760384 0.377267920 2.562318868 -0.031965482 0.797266764 0.184937195 0.564771558 -0.105816009
1413393247.105760574 0.367243754 2.565921073 -0.040558956 0.797195101 0.186063970 0.564228837 -0.107265977
1413393247.155760527 0.357810949 2.569612351 -0.048400647 0.797664869 0.186172237 0.563088483 -0.109553705
1413393247.205760479 0.343992985 2.574128453 -0.056221312 0.800477339 0.185912295 0.558294593 -0.113928907
1413393247.255760431 0.334942972 2.578674311 -0.068596277 0.803997210 0.185662504 0.552903447 -0.115826161
1413393247.305760384 0.322170653 2.584141735 -0.080403306 0.808679455 0.185901966 0.545375494 -0.118505567
1413393247.355760574 0.312678846 2.588979002 -0.091822525 0.812457269 0.185961146 0.539402392 -0.119902868
1413393247.405760527 0.301611724 2.594372138 -0.101601394 0.816217726 0.185285275 0.533197605 -0.123119071
1413393247.455760479 0.287040067 2.600231344 -0.113549733 0.819507036 0.186479188 0.527116344 -0.125626787
1413393247.505760431 0.281835027 2.605712432 -0.125103687 0.822392300 0.183881208 0.522550078 -0.129614903
1413393247.555760384 0.275326357 2.611017229 -0.133683667 0.822535359 0.183960111 0.521639130 -0.132237964
1413393247.605760574 0.264259898 2.617562529 -0.139893908 0.824108309 0.182417764 0.518133900 -0.138226320
1413393247.655760527 0.263295574 2.622818231 -0.152005847 0.824346062 0.182195692 0.517165943 -0.140704255
1413393247.705760479 0.267822586 2.627361209 -0.160211634 0.823990589 0.181801053 0.517296035 -0.142803004
1413393247.755760431 0.262141803 2.633306386 -0.166768737 0.822543381 0.182507566 0.517678003 -0.148737551
1413393247.805760384 0.270244242 2.637211826 -0.172616337 0.821792483 0.181506313 0.518128052 -0.152498835
1413393247.855760574 0.282532094 2.640371468 -0.175232691 0.818909439 0.179956471 0.522012543 -0.156543620
1413393247.905760527 0.287502790 2.644717102 -0.181880431 0.812812035 0.179961939 0.529529945 -0.162936598
1413393247.955760479 0.299860813 2.646313524 -0.189638412 0.804175364 0.182043862 0.541801444 -0.163135562
1413393248.005760431 0.316980821 2.644828924 -0.198858822 0.796736644 0.183422463 0.552269914 -0.162987306
1413393248.055760384 0.325191563 2.642496295 -0.207824116 0.790127592 0.187448438 0.560601081 -0.162135434
1413393248.105760574 0.344860649 2.637161262 -0.215663060 0.787105257 0.189744230 0.564994666 -0.158881935
1413393248.155760527 0.356759672 2.630672357 -0.223277989 0.785473040 0.192187018 0.566879511 -0.157301856
1413393248.205760479 0.368346029 2.624234123 -0.225276825 0.785846249 0.195395625 0.565918641 -0.154926805
1413393248.255760431 0.388185668 2.614440890 -0.232588136 0.787957541 0.196026868 0.563954947 -0.150503153
1413393248.305760384 0.393737759 2.606753374 -0.235354029 0.790909025 0.199285477 0.559545060 -0.147165004
1413393248.355760574 0.402744588 2.598510494 -0.233652141 0.791301706 0.199810602 0.558999415 -0.146413757
1413393248.405760527 0.424757448 2.587038879 -0.230467570 0.789934827 0.197775081 0.562526964 -0.143008397
1413393248.455760479 0.427884665 2.578828109 -0.225326459 0.786798484 0.197639305 0.566696112 -0.144022106
1413393248.505760431 0.436320250 2.568679673 -0.220198592 0.784386847 0.194926245 0.570638325 -0.145302909
1413393248.555760384 0.449440866 2.556397970 -0.213801390 0.781898296 0.191725363 0.575349213 -0.144394333
1413393248.605760574 0.451446971 2.545514754 -0.207421558 0.780070374 0.190474291 0.578054048 -0.145131917
1413393248.655760527 0.454186200 2.532439157 -0.203631033 0.779742362 0.188738645 0.579302378 -0.144181582
1413393248.705760479 0.459798440 2.517573237 -0.195755134 0.780305353 0.187763997 0.579734171 -0.140629042
1413393248.755760431 0.457802830 2.503949720 -0.185945626 0.783353155 0.188230969 0.576105666 -0.137946363
1413393248.805760384 0.459008230 2.488347052 -0.177739673 0.786400483 0.188465529 0.572960680 -0.133308227
1413393248.855760574 0.459864625 2.472984132 -0.166198039 0.792224883 0.188460063 0.566098764 -0.128041898
1413393248.905760527 0.455135997 2.458304573 -0.156982791 0.799588596 0.189101806 0.556381993 -0.123845315
1413393248.955760479 0.456410612 2.442228153 -0.149107679 0.806733729 0.187910019 0.547522120 -0.118701487
1413393249.005760431 0.453116171 2.426919871 -0.144737980 0.811900445 0.187037409 0.540758204 -0.115824177
1413393249.055760384 0.451927303 2.412600066 -0.141821153 0.814797418 0.185779481 0.537383493 -0.113181862
1413393249.105760574 0.450673806 2.399052562 -0.141037590 0.816540882 0.183979293 0.535669213 -0.111674092
1413393249.155760527 0.452024398 2.386156773 -0.143710622 0.817093584 0.181723216 0.535884336 -0.110284750
1413393249.205760479 0.452191221 2.374576632 -0.146243830 0.815760642 0.180365127 0.538633314 -0.108982332
1413393249.255760431 0.453749630 2.363564532 -0.149234372 0.814514696 0.178937755 0.541253697 -0.107663947
1413393249.305760384 0.455649429 2.353557065 -0.156245820 0.813248826 0.177773705 0.543814723 -0.106246896
1413393249.355760574 0.452301664 2.345874585 -0.157229325 0.811071746 0.179087555 0.546851422 -0.105089453
1413393249.405760527 0.456801180 2.337362802 -0.163464976 0.810198052 0.180146580 0.548437668 -0.101697838
1413393249.455760479 0.461040327 2.329615568 -0.166156061 0.808459939 0.183053291 0.550894098 -0.096952109
1413393249.505760431 0.459636108 2.324510398 -0.173263369 0.807572259 0.188240547 0.551232007 -0.092389486
1413393249.555760384 0.462938453 2.319566673 -0.172592747 0.805801213 0.192997603 0.553149836 -0.086380493
1413393249.605760574 0.464294269 2.316818081 -0.167354465 0.802453240 0.197636061 0.556896188 -0.082918161
1413393249.655760527 0.465073676 2.315587829 -0.175236418 0.800225579 0.201505539 0.559064563 -0.080506864
1413393249.705760479 0.467413294 2.316165053 -0.180607888 0.799276683 0.200665359 0.560196114 -0.084086328
1413393249.755760431 0.466862308 2.318477835 -0.192490654 0.799246719 0.200257964 0.559783125 -0.088001606
1413393249.805760384 0.465240752 2.322579659 -0.204565383 0.798397327 0.199236141 0.560640729 -0.092458864
1413393249.855760574 0.467562984 2.327295265 -0.212883010 0.797097843 0.196960515 0.562691701 -0.096018923
1413393249.905760527 0.462366049 2.333951532 -0.225870695 0.797322059 0.196366721 0.561853324 -0.100192254
1413393249.955760479 0.458278349 2.341431659 -0.233083941 0.798125051 0.195358383 0.560459229 -0.103522746
1413393250.005760431 0.465231212 2.346558946 -0.246702208 0.800170610 0.193250567 0.558455826 -0.102510016
1413393250.055760384 0.459846018 2.354879110 -0.255622015 0.803037206 0.193062867 0.554294736 -0.103030680
1413393250.105760574 0.454987513 2.364980168 -0.262005619 0.805847814 0.193040222 0.550245960 -0.102830722
1413393250.155760527 0.456007538 2.373559682 -0.270763511 0.807250681 0.191528669 0.548983865 -0.101389461
1413393250.205760479 0.451627576 2.384730143 -0.276340157 0.808645227 0.189733842 0.547346854 -0.102495789
1413393250.255760431 0.449873068 2.396302909 -0.283337107 0.807456776 0.188356316 0.549692938 -0.101848549
1413393250.305760384 0.446351029 2.409537483 -0.288915197 0.806428108 0.186625442 0.551829503 -0.101630951
1413393250.355760574 0.445304380 2.422862742 -0.291299812 0.803961280 0.183224951 0.556382373 -0.102535519
1413393250.405760527 0.441665228 2.437293973 -0.295821439 0.802471412 0.179274574 0.559318731 -0.105179926
1413393250.455760479 0.436724919 2.453447426 -0.294053365 0.798900347 0.174938404 0.564721164 -0.110656213
1413393250.505760431 0.438249831 2.467474494 -0.296582267 0.797033392 0.168566493 0.568170968 -0.116210414
1413393250.555760384 0.433961298 2.482228874 -0.301255699 0.794234250 0.164220509 0.572147472 -0.121946096
1413393250.605760574 0.426294304 2.496268040 -0.312011633 0.792130157 0.162357666 0.574750718 -0.125822947
1413393250.655760527 0.426680349 2.507350107 -0.319822311 0.792810145 0.160556661 0.574186843 -0.126424295
1413393250.705760479 0.420411838 2.518135772 -0.327345593 0.794558017 0.160250729 0.571614240 -0.127492834
1413393250.755760431 0.414168972 2.529203870 -0.328998405 0.796428530 0.161100221 0.568600326 -0.128226300
1413393250.805760384 0.412397060 2.537157486 -0.335542564 0.800902810 0.160965095 0.562466888 -0.127577146
1413393250.855760574 0.403006311 2.545748029 -0.338357053 0.804607847 0.162420927 0.556684437 -0.127781426
1413393250.905760527 0.396623910 2.552254801 -0.344444936 0.807889707 0.164614497 0.551955217 -0.124746650
1413393250.955760479 0.394216764 2.557190439 -0.347217053 0.810429936 0.165138260 0.548828705 -0.121324879
1413393251.005760431 0.390446467 2.561938890 -0.348647065 0.812806054 0.164692364 0.546360303 -0.117103216
1413393251.055760384 0.390177995 2.565766142 -0.347506565 0.814373562 0.161998622 0.545930260 -0.111858389
1413393251.105760574 0.391038374 2.568590946 -0.344907836 0.815726768 0.156140940 0.546609961 -0.106899007
1413393251.155760527 0.389146049 2.572453030 -0.341087602 0.814682363 0.149740902 0.551029676 -0.101176115
1413393251.205760479 0.395863928 2.573027258 -0.344622702 0.814472963 0.139640081 0.555453683 -0.092766621
1413393251.255760431 0.400264079 2.573079731 -0.347758340 0.814038954 0.128690222 0.560286697 -0.082814407
1413393251.305760384 0.395056262 2.574884129 -0.347439491 0.813650213 0.118176912 0.564335952 -0.074380658
1413393251.355760574 0.400958940 2.574522139 -0.340721650 0.812658973 0.103590149 0.569798451 -0.064685399
1413393251.405760527 0.401147541 2.575759823 -0.325358255 0.811305600 0.089101197 0.575022047 -0.056514121
1413393251.455760479 0.395602126 2.577810801 -0.314704262 0.809821987 0.075755665 0.579779065 -0.048017342
1413393251.505760431 0.399187062 2.577176507 -0.309979589 0.808358334 0.061642423 0.584245605 -0.037604354
1413393251.555760384 0.396903263 2.576144674 -0.308722055 0.805978208 0.050190867 0.589206158 -0.026760212
1413393251.605760574 0.391017319 2.576261842 -0.300445410 0.804341922 0.037790036 0.592656880 -0.019073739
1413393251.655760527 0.391025503 2.575321149 -0.292491577 0.801201471 0.025361612 0.597777124 -0.009772441
1413393251.705760479 0.382982742 2.574481569 -0.285812884 0.799485745 0.014100661 0.600518455 -0.001140113
1413393251.755760431 0.376155389 2.573430138 -0.277760623 0.798974977 0.002523373 0.601314262 0.007333289
1413393251.805760384 0.369979390 2.570961873 -0.269251268 0.800439230 -0.009537538 0.599119864 0.016169828
1413393251.855760574 0.358841771 2.568637403 -0.267861795 0.803699846 -0.020254010 0.594152702 0.025276447
1413393251.905760527 0.346614860 2.565893860 -0.266999637 0.808826772 -0.030898388 0.586253056 0.033939616
1413393251.955760479 0.336152556 2.563030945 -0.266088400 0.812836138 -0.040656588 0.579301978 0.045317471
1413393252.005760431 0.322534205 2.561306572 -0.256821738 0.816148308 -0.049337967 0.573033143 0.055684125
1413393252.055760384 0.309854790 2.559824993 -0.247733989 0.818188657 -0.058465264 0.568259242 0.065042825
1413393252.105760574 0.301412072 2.558135229 -0.238274718 0.818978100 -0.069504323 0.564946541 0.072659658
1413393252.155760527 0.284782619 2.557421252 -0.230308422 0.818198107 -0.078765258 0.564067256 0.078587678
1413393252.205760479 0.272230016 2.556833633 -0.223865088 0.817218746 -0.088836940 0.563145779 0.084429563
1413393252.255760431 0.267594089 2.555020930 -0.220868078 0.814712668 -0.099332342 0.563627146 0.093278049
1413393252.305760384 0.253977066 2.555260277 -0.210404175 0.812449168 -0.108431623 0.564199040 0.099238981
1413393252.355760574 0.242437547 2.555516084 -0.200893474 0.811002493 -0.117692034 0.563354085 0.105146163
1413393252.405760527 0.241560878 2.554390836 -0.194670230 0.809537150 -0.130137272 0.561390550 0.112047064
1413393252.455760479 0.226969374 2.555356384 -0.183466995 0.809252896 -0.140688242 0.558790917 0.114320950
1413393252.505760431 0.218574252 2.555095418 -0.182612550 0.808476640 -0.150292099 0.557082711 0.115916613
1413393252.555760384 0.214152850 2.553786494 -0.184961503 0.807047355 -0.157453042 0.556207577 0.120483352
1413393252.605760574 0.202169703 2.553423217 -0.185634326 0.806523972 -0.161416349 0.555295407 0.122926221
1413393252.655760527 0.198005704 2.552098685 -0.185885708 0.805439867 -0.166295722 0.554718156 0.126095684
1413393252.705760479 0.194032867 2.549583285 -0.201825592 0.802515922 -0.169063800 0.556679186 0.132264545
1413393252.755760431 0.183008849 2.547257596 -0.214148459 0.800900451 -0.169885848 0.557176236 0.138751247
1413393252.805760384 0.181348880 2.545103835 -0.213279658 0.800076119 -0.173733590 0.555452464 0.145490216
1413393252.855760574 0.177784620 2.542825873 -0.212694786 0.798477001 -0.176541942 0.554969486 0.152565694
1413393252.905760527 0.168211364 2.541014560 -0.218148562 0.796486541 -0.177993030 0.555553980 0.159020272
1413393252.955760479 0.166658000 2.538763057 -0.217105216 0.794532423 -0.179993614 0.555830800 0.165446820
1413393253.005760431 0.161984150 2.537228239 -0.216421306 0.794159872 -0.181403013 0.554288126 0.170785589
1413393253.055760384 0.158894458 2.536213045 -0.216468598 0.794076209 -0.182156421 0.552529046 0.175993370
1413393253.105760574 0.159783977 2.535773964 -0.211533115 0.795716115 -0.184681167 0.548203896 0.179446984
1413393253.155760527 0.155234799 2.536567112 -0.210995480 0.799375057 -0.187817938 0.542266726 0.177962744
1413393253.205760479 0.154064922 2.537804856 -0.206037164 0.801690883 -0.192155676 0.538253814 0.175073576
1413393253.255760431 0.158809640 2.538544178 -0.211149062 0.803858233 -0.196578720 0.533880692 0.173609202
1413393253.305760384 0.154570070 2.541050579 -0.211142569 0.806218633 -0.198258253 0.530816563 0.170114542
1413393253.355760574 0.162342714 2.542772365 -0.209758524 0.806927010 -0.201278071 0.529204426 0.168221918
1413393253.405760527 0.174467489 2.542710744 -0.209568569 0.806265898 -0.204989036 0.529197008 0.166929098
1413393253.455760479 0.172585610 2.544076646 -0.210578033 0.805595621 -0.203931250 0.531274064 0.164850268
1413393253.505760431 0.186798416 2.544102640 -0.209625567 0.804256868 -0.204984184 0.532690216 0.165509843
1413393253.555760384 0.202384958 2.542119197 -0.212430318 0.802765258 -0.205433306 0.534317202 0.166943777
1413393253.605760574 0.205851706 2.543155980 -0.200714979 0.801463475 -0.203215117 0.537586537 0.165410490
1413393253.655760527 0.224968765 2.541223342 -0.196702640 0.798747944 -0.202295892 0.541218329 0.167811841
1413393253.705760479 0.238209180 2.538485595 -0.193198468 0.797234860 -0.200696630 0.543791882 0.168605547
1413393253.755760431 0.245067751 2.537306748 -0.184910943 0.796279253 -0.196877803 0.546594046 0.168562841
1413393253.805760384 0.268748821 2.533819876 -0.177608634 0.794147060 -0.198322061 0.548549791 0.170563579
1413393253.855760574 0.282168924 2.531088633 -0.170594527 0.794072690 -0.199292020 0.548206712 0.170881989
1413393253.905760527 0.297358218 2.528992822 -0.166146604 0.793112098 -0.201115996 0.548396260 0.172589391
1413393253.955760479 0.315497376 2.526861061 -0.153674433 0.792367420 -0.205721861 0.547381602 0.173798070
1413393254.005760431 0.328287205 2.524985173 -0.148763929 0.790380030 -0.209474130 0.548210126 0.175743151
1413393254.055760384 0.347922588 2.522071570 -0.139456320 0.788905278 -0.215553759 0.546660288 0.179798691
1413393254.105760574 0.363761003 2.519002253 -0.133883102 0.786524222 -0.221617209 0.546261629 0.184020908
1413393254.155760527 0.379589087 2.516349105 -0.128602905 0.783322336 -0.228541585 0.546329204 0.188942486
1413393254.205760479 0.396753160 2.511683942 -0.123036900 0.780144492 -0.236139031 0.545592680 0.194785926
1413393254.255760431 0.405791851 2.509487592 -0.114736304 0.777317447 -0.242002251 0.545613218 0.198793142
1413393254.305760384 0.428296556 2.504767632 -0.107417049 0.774888520 -0.247249628 0.543316759 0.207899742
1413393254.355760574 0.441472252 2.501064622 -0.094944990 0.774793043 -0.250342644 0.539050561 0.215519822
1413393254.405760527 0.451020818 2.498950208 -0.081209899 0.775592847 -0.251550144 0.534496172 0.222468206
1413393254.455760479 0.468264452 2.495958056 -0.071035766 0.776138300 -0.255197170 0.529367756 0.228590293
1413393254.505760431 0.481937258 2.494113196 -0.056944309 0.777353164 -0.257268755 0.524613830 0.233056163
1413393254.555760384 0.497511579 2.493674717 -0.038312987 0.778368711 -0.261527511 0.521012184 0.233006040
1413393254.605760574 0.520428827 2.490359571 -0.028369055 0.778075872 -0.265966821 0.518747920 0.234008938
1413393254.655760527 0.534689257 2.489959204 -0.018891217 0.777308387 -0.268638426 0.519446979 0.231948062
1413393254.705760479 0.554668989 2.488872333 -0.010071611 0.773898798 -0.270224221 0.524031952 0.231192633
1413393254.755760431 0.583896690 2.485007644 -0.003242840 0.769737435 -0.272161247 0.528692432 0.232200020
1413393254.805760384 0.601955456 2.485121075 0.006045687 0.766405239 -0.271450949 0.534343579 0.231115407
1413393254.855760574 0.622162668 2.486437835 0.012473125 0.764148752 -0.270214448 0.538455779 0.230491240
1413393254.905760527 0.651749343 2.483378822 0.024341141 0.762099225 -0.271091248 0.540712602 0.230963607
1413393254.955760479 0.669554060 2.484505220 0.036897148 0.761970667 -0.269769053 0.542341870 0.229108394
1413393255.005760431 0.690660860 2.485747610 0.042385323 0.760961282 -0.268029672 0.544654798 0.229017844
1413393255.055760384 0.713504511 2.485843011 0.054450046 0.760111885 -0.268797210 0.546392502 0.226788923
1413393255.105760574 0.734103743 2.485938922 0.065939157 0.759896310 -0.269737915 0.547455860 0.223810491
1413393255.155760527 0.752653108 2.486211034 0.071343094 0.758610321 -0.270991268 0.550086293 0.220179890
1413393255.205760479 0.773569999 2.485554195 0.078376838 0.758244334 -0.272842556 0.551195334 0.216347343
1413393255.255760431 0.791999883 2.486874958 0.086904440 0.758760529 -0.273915440 0.551181510 0.213194123
1413393255.305760384 0.808508128 2.486702490 0.090565890 0.758843160 -0.274815371 0.551679780 0.210435241
1413393255.355760574 0.826209734 2.485472237 0.096460882 0.758717114 -0.276149377 0.551937181 0.208459132
1413393255.405760527 0.841839228 2.483387111 0.098201169 0.758120934 -0.276515072 0.552970867 0.207401265
1413393255.455760479 0.855815264 2.480967672 0.098200104 0.757638468 -0.276440740 0.553752937 0.207176627
1413393255.505760431 0.872025870 2.476441283 0.097731140 0.757291444 -0.277034076 0.553634149 0.207968795
1413393255.555760384 0.886377398 2.472695092 0.094374494 0.756963183 -0.276546295 0.553311771 0.210653673
1413393255.605760574 0.899190489 2.467569350 0.096280674 0.757580669 -0.276898198 0.551481391 0.212760883
1413393255.655760527 0.910823594 2.460741613 0.100415591 0.757223295 -0.277689821 0.550796237 0.214766732
1413393255.705760479 0.921002603 2.451899153 0.103460608 0.757401549 -0.278564466 0.549139916 0.217232786
1413393255.755760431 0.928171925 2.444075906 0.106013095 0.759111012 -0.279875946 0.545446959 0.218877914
1413393255.805760384 0.937364931 2.435447035 0.106903085 0.760037328 -0.281242087 0.542250843 0.221833656
1413393255.855760574 0.945422999 2.427643060 0.100200791 0.761468327 -0.281951667 0.538418356 0.225332905
1413393255.905760527 0.950501361 2.419831862 0.099386835 0.764240846 -0.281155198 0.533289768 0.229106322
1413393255.955760479 0.956868142 2.410787876 0.103649505 0.765660964 -0.279731247 0.529946315 0.233817495
1413393256.005760431 0.964974782 2.401322594 0.105214259 0.766914745 -0.278540378 0.526869849 0.238044520
1413393256.055760384 0.972093719 2.392351239 0.106750954 0.766750420 -0.276928578 0.526317823 0.241648309
1413393256.105760574 0.986505673 2.380793376 0.107421156 0.765497976 -0.277774906 0.526061238 0.245180593
1413393256.155760527 0.993326927 2.371577047 0.115702317 0.766481136 -0.278869845 0.524330512 0.244572671
1413393256.205760479 1.002735198 2.360594285 0.112069573 0.766538188 -0.279868322 0.524048672 0.243856348
1413393256.255760431 1.018423095 2.348718871 0.107088532 0.766615589 -0.282275003 0.522678734 0.243779209
1413393256.305760384 1.025414704 2.341643022 0.107995198 0.766285563 -0.283114681 0.523715619 0.241608080
1413393256.355760574 1.036722534 2.333230947 0.105858967 0.766122510 -0.284588849 0.524302680 0.239107061
1413393256.405760527 1.052834490 2.321346468 0.104631055 0.765763953 -0.287334695 0.524006521 0.237616301
1413393256.455760479 1.062973689 2.311162423 0.108249441 0.765418746 -0.290225590 0.525246990 0.232419557
1413393256.505760431 1.076724061 2.300000967 0.109423090 0.765508806 -0.292247368 0.525699460 0.228534071
1413393256.555760384 1.092759777 2.288283438 0.107307167 0.766311302 -0.291995639 0.525004991 0.227761486
1413393256.605760574 1.103909709 2.278769006 0.111397869 0.767694069 -0.287932803 0.524752455 0.228856677
1413393256.655760527 1.122466720 2.265140484 0.118083614 0.768346352 -0.283975805 0.524314216 0.232585958
1413393256.705760479 1.141287958 2.250510492 0.119048595 0.768852972 -0.279558134 0.524192244 0.236505494
1413393256.755760431 1.157583145 2.237965006 0.117608315 0.769429632 -0.275131548 0.524593697 0.238918658
1413393256.805760384 1.175840999 2.223649565 0.118140497 0.769415083 -0.272028343 0.525562242 0.240385815
1413393256.855760574 1.194697416 2.209473898 0.117184964 0.769565453 -0.269356514 0.526462654 0.240942222
1413393256.905760527 1.214969643 2.195066894 0.116126499 0.769355320 -0.268828115 0.527958420 0.238922045
1413393256.955760479 1.235036179 2.181364057 0.112917726 0.769424417 -0.269163677 0.529024362 0.235945346
1413393257.005760431 1.255332797 2.168005943 0.106385258 0.768796089 -0.269639613 0.531141943 0.232669915
1413393257.055760384 1.277639566 2.153412276 0.104436537 0.768888671 -0.270213471 0.531594758 0.230655384
1413393257.105760574 1.299045142 2.139278347 0.098970123 0.768063591 -0.270835193 0.533480325 0.228309793
1413393257.155760527 1.318876081 2.125788021 0.092378652 0.767831749 -0.271764557 0.534347909 0.225944116
1413393257.205760479 1.338409265 2.112756957 0.086527593 0.766943698 -0.271967581 0.535964473 0.224884597
1413393257.255760431 1.359956750 2.100116093 0.081140602 0.766986698 -0.272431232 0.535967168 0.224169185
1413393257.305760384 1.384033930 2.083689307 0.074265894 0.767442563 -0.272652188 0.535135018 0.224328350
1413393257.355760574 1.405945689 2.072343028 0.075372486 0.767091829 -0.272634764 0.535543414 0.224574404
1413393257.405760527 1.430673085 2.058414893 0.069699180 0.766262373 -0.272881370 0.535846269 0.226376920
1413393257.455760479 1.449995581 2.046446271 0.066715773 0.766247500 -0.272854410 0.535872078 0.226398664
1413393257.505760431 1.471674397 2.031300762 0.063115641 0.766259648 -0.274500869 0.535497901 0.225249691
1413393257.555760384 1.493444965 2.015432767 0.057824161 0.765041907 -0.274721272 0.536377251 0.227021031
1413393257.605760574 1.514214695 1.999632708 0.055658950 0.764612110 -0.276335137 0.536375029 0.226514993
1413393257.655760527 1.536362406 1.983037112 0.048752267 0.763635163 -0.278068374 0.536843224 0.226580384
1413393257.705760479 1.555727737 1.968774175 0.035647178 0.763045009 -0.277638844 0.536958850 0.228810359
1413393257.755760431 1.578109986 1.950452687 0.035855286 0.762941238 -0.279833426 0.536054412 0.228603563
1413393257.805760384 1.598455057 1.933744089 0.022248901 0.762470713 -0.278157922 0.535646346 0.233129951
1413393257.855760574 1.618171647 1.917366509 0.016037495 0.762860546 -0.276573043 0.534132835 0.237177685
1413393257.905760527 1.640361974 1.899294761 0.010230293 0.763205171 -0.274918526 0.532343665 0.241966719
1413393257.955760479 1.663127726 1.881564109 0.012792194 0.763356372 -0.274030567 0.531294578 0.244786376
1413393258.005760431 1.685758982 1.865003740 0.011392069 0.763369641 -0.273394064 0.530501590 0.247165007
1413393258.055760384 1.707046421 1.850654167 0.014616880 0.763233905 -0.272876963 0.530340488 0.248497758
1413393258.105760574 1.729799616 1.836725676 0.013178870 0.763778945 -0.272769063 0.529563474 0.248598650
1413393258.155760527 1.751985917 1.824205259 0.006533662 0.763910398 -0.270792680 0.530429150 0.248509849
1413393258.205760479 1.774584147 1.810808233 0.003219063 0.764586004 -0.268811506 0.531527874 0.246224969
1413393258.255760431 1.798679933 1.797126296 -0.003737480 0.763269504 -0.264333072 0.536280653 0.244848427
1413393258.305760384 1.823814267 1.785936292 -0.007273923 0.761999463 -0.258247026 0.541930700 0.242850589
1413393258.355760574 1.850791140 1.774916237 -0.006963187 0.760434579 -0.251506587 0.548634095 0.239758874
1413393258.405760527 1.876129287 1.768767599 -0.010246405 0.761050247 -0.244487757 0.553466634 0.233886603
1413393258.455760479 1.901485842 1.761394010 -0.010661678 0.762597644 -0.238321693 0.557359559 0.225827205
1413393258.505760431 1.927624346 1.752777287 -0.017681193 0.763912655 -0.232226078 0.561655587 0.216913590
1413393258.555760384 1.948928185 1.748027025 -0.023178592 0.766779540 -0.223288507 0.565303971 0.206452898
1413393258.605760574 1.971647215 1.742701535 -0.026910067 0.770997788 -0.213225423 0.566844293 0.196938768
1413393258.655760527 1.993096168 1.735767791 -0.033803041 0.776592103 -0.202520186 0.566110327 0.188173795
1413393258.705760479 2.008735478 1.736427218 -0.033404056 0.783508375 -0.190819725 0.564386795 0.176550288
1413393258.755760431 2.032488879 1.725101775 -0.032996686 0.789671129 -0.181926114 0.561836652 0.166318891
1413393258.805760384 2.048609583 1.722674946 -0.035773825 0.796122554 -0.170419137 0.559816390 0.154116211
1413393258.855760574 2.062653039 1.721784025 -0.039163516 0.801349985 -0.158064917 0.559220097 0.141868131
1413393258.905760527 2.083149991 1.713073173 -0.039571918 0.805511468 -0.145980787 0.558546649 0.133665723
1413393258.955760479 2.096342326 1.711403682 -0.036860536 0.810151463 -0.131215792 0.557672156 0.124252923
1413393259.005760431 2.112974159 1.708870952 -0.032569727 0.814581827 -0.117904382 0.556202641 0.114863506
1413393259.055760384 2.131435802 1.701856408 -0.032412901 0.818138656 -0.105369244 0.555082236 0.106911989
1413393259.105760574 2.142699115 1.710025170 -0.026847422 0.821110526 -0.090680022 0.555381402 0.095426077
1413393259.155760527 2.164613912 1.705495120 -0.028678429 0.823171034 -0.077202992 0.555804433 0.086663599
1413393259.205760479 2.188736559 1.695065365 -0.028602744 0.824947387 -0.064785384 0.556025262 0.078106149
1413393259.255760431 2.204845871 1.692508568 -0.019014403 0.827482701 -0.049999361 0.555305080 0.066398122
1413393259.305760384 2.227011746 1.686266005 -0.009567438 0.829166362 -0.037243580 0.554902882 0.056381299
1413393259.355760574 2.245755394 1.664243864 0.004370209 0.828635761 -0.025541300 0.557165197 0.047721694
1413393259.405760527 2.254702059 1.671416513 0.002771779 0.829426460 -0.011470256 0.557331390 0.036081895
1413393259.455760479 2.272640300 1.669413983 -0.001397650 0.830840944 0.001453381 0.555912611 0.025736780
1413393259.505760431 2.292689558 1.662930166 0.002383304 0.831258052 0.014721743 0.555442584 0.016638993
1413393259.555760384 2.307821090 1.664503548 0.004676034 0.831492312 0.030670491 0.554655680 0.006077206
1413393259.605760574 2.327215375 1.661421028 0.009695926 0.831809904 0.045154650 0.553205745 -0.004092009
1413393259.655760527 2.350311996 1.651541846 0.017443010 0.831301680 0.058194769 0.552567074 -0.014849736
1413393259.705760479 2.369171329 1.648265373 0.020706518 0.829929499 0.073690356 0.552383303 -0.025679640
1413393259.755760431 2.391925538 1.641360071 0.021713474 0.828871773 0.087784104 0.551379813 -0.035296418
1413393259.805760384 2.412214876 1.637725158 0.022165389 0.827626386 0.101760988 0.550097825 -0.045515376
1413393259.855760574 2.430679656 1.638316088 0.024824712 0.825804554 0.115729263 0.549082089 -0.056235544
1413393259.905760527 2.451459628 1.635162426 0.033047039 0.823335507 0.128300740 0.549083958 -0.064531927
1413393259.955760479 2.468226283 1.637961173 0.038219918 0.820651995 0.142078658 0.548500923 -0.074099229
1413393260.005760431 2.490798293 1.637587970 0.032897029 0.820226208 0.154702558 0.544313274 -0.083780348
1413393260.055760384 2.517195261 1.628073964 0.043211870 0.818146029 0.165437285 0.543166414 -0.090762470
1413393260.105760574 2.536076267 1.632038619 0.049535582 0.815272292 0.177809917 0.541797894 -0.100845253
1413393260.155760527 2.557280267 1.627722319 0.054144660 0.812893158 0.188267949 0.540062032 -0.109967697
1413393260.205760479 2.583984667 1.603781937 0.044578866 0.810046952 0.198398553 0.538929072 -0.118395124
1413393260.255760431 2.604936723 1.600179057 0.044224968 0.806528437 0.211023616 0.537429822 -0.127083046
1413393260.305760384 2.629593664 1.592016000 0.050270829 0.800066495 0.221428975 0.540867331 -0.135371128
1413393260.355760574 2.654223389 1.585569212 0.058629175 0.791602618 0.232082777 0.547487376 -0.140571882
1413393260.405760527 2.674037164 1.586479937 0.067927752 0.782394209 0.243589360 0.555033737 -0.143042215
1413393260.455760479 2.694077521 1.585141871 0.067262610 0.773014773 0.254383359 0.563464528 -0.142284898
1413393260.505760431 2.715011606 1.578831406 0.062545084 0.763789858 0.262208586 0.572519686 -0.141749498
1413393260.555760384 2.734178222 1.570268127 0.069295368 0.754463521 0.270547304 0.581617610 -0.138960095
1413393260.605760574 2.747016116 1.563092876 0.060110596 0.747318736 0.277638387 0.588275289 -0.135513163
1413393260.655760527 2.757258218 1.554691908 0.054603798 0.743934136 0.285497403 0.590100269 -0.129749398
1413393260.705760479 2.761065735 1.553536707 0.044096590 0.742394375 0.293994904 0.588629578 -0.126225225
1413393260.755760431 2.760407905 1.550041363 0.033917129 0.747458721 0.297203609 0.580845096 -0.124877739
1413393260.805760384 2.758808894 1.544418570 0.029265519 0.755567219 0.298854608 0.569425803 -0.124733137
1413393260.855760574 2.752723070 1.543481470 0.028090434 0.764212717 0.296922491 0.557592322 -0.130026000
1413393260.905760527 2.745867190 1.539481821 0.024344842 0.772382487 0.292353561 0.546905915 -0.137290236
1413393260.955760479 2.734895793 1.539983635 0.022814278 0.779901903 0.287084835 0.536989191 -0.144837593
1413393261.005760431 2.722278514 1.542071317 0.019367666 0.785849644 0.283299951 0.529024658 -0.149380005
1413393261.055760384 2.709902617 1.545970273 0.017646311 0.791211756 0.279303928 0.521951343 -0.153427730
1413393261.105760574 2.695547866 1.552840118 0.023116018 0.795354220 0.276060168 0.516838027 -0.155180221
1413393261.155760527 2.684697076 1.558011938 0.017585690 0.799888883 0.274869941 0.510752291 -0.154131071
1413393261.205760479 2.670464481 1.569063208 0.017527754 0.802439523 0.274714743 0.506855771 -0.154012497
1413393261.255760431 2.661371361 1.574414915 0.021009398 0.803449637 0.273280836 0.506523124 -0.152383041
1413393261.305760384 2.651113055 1.585236063 0.021926672 0.801983066 0.274068102 0.508080168 -0.153506938
1413393261.355760574 2.638873734 1.601744035 0.023725647 0.798816348 0.276718262 0.510405108 -0.157499432
1413393261.405760527 2.634077837 1.608226503 0.032838698 0.795458476 0.278640414 0.513771691 -0.160137388
1413393261.455760479 2.627966672 1.619732528 0.039157044 0.791526107 0.283355005 0.515927859 -0.164361818
1413393261.505760431 2.618952804 1.637459373 0.037962901 0.790039590 0.287209698 0.513147648 -0.173284523
1413393261.555760384 2.615188574 1.649156307 0.032377937 0.790063177 0.289731073 0.508379440 -0.182774250
1413393261.605760574 2.608076904 1.663922853 0.033280221 0.789747343 0.292647014 0.503009236 -0.194006617
1413393261.655760527 2.599220156 1.684444396 0.037703366 0.788807333 0.298723836 0.496597569 -0.204787491
1413393261.705760479 2.593179378 1.701610628 0.042732252 0.787752622 0.305058124 0.489878684 -0.215416393
1413393261.755760431 2.592056736 1.713570960 0.049858259 0.785687929 0.312428150 0.484439959 -0.224501796
1413393261.805760384 2.590984364 1.729713147 0.048512924 0.782924391 0.322543247 0.477868940 -0.233744578
1413393261.855760574 2.591976884 1.743645202 0.059916483 0.776702448 0.333871857 0.477201395 -0.239878551
1413393261.905760527 2.596273768 1.756332379 0.063240215 0.769322285 0.344959505 0.479409859 -0.243541269
1413393261.955760479 2.599607249 1.772041435 0.061349169 0.762319307 0.355866777 0.480725157 -0.247247718
1413393262.005760431 2.602850924 1.788417213 0.068686657 0.756104455 0.364914838 0.482647972 -0.249387549
1413393262.055760384 2.611152660 1.797596667 0.065383102 0.751335639 0.371923408 0.483409982 -0.251957387
1413393262.105760574 2.619693199 1.808237821 0.065462310 0.747435018 0.377961965 0.483643401 -0.254115540
1413393262.155760527 2.630392736 1.817492349 0.072834696 0.743746150 0.381303851 0.485103233 -0.257145663
1413393262.205760479 2.637835835 1.830132995 0.075401076 0.740882723 0.385255334 0.485904218 -0.258008158
1413393262.255760431 2.649413831 1.837107034 0.081967043 0.739320564 0.386572120 0.486576624 -0.259249472
1413393262.305760384 2.656391627 1.850216920 0.093413392 0.738240187 0.389204240 0.486037636 -0.259401044
1413393262.355760574 2.664156439 1.865124271 0.089021531 0.738606278 0.391923810 0.484189749 -0.257714533
1413393262.405760527 2.670793810 1.878102034 0.093679062 0.738409734 0.392440017 0.483823945 -0.258178790
1413393262.455760479 2.680337669 1.887617283 0.090126765 0.738769503 0.392931437 0.482770188 -0.258374638
1413393262.505760431 2.689683873 1.899184505 0.099657079 0.738632239 0.393017677 0.483115401 -0.257990367
1413393262.555760384 2.698763652 1.912066478 0.099599793 0.739110570 0.393502936 0.482086711 -0.257804981
1413393262.605760574 2.705555228 1.927127177 0.100394830 0.738805991 0.394615755 0.482139051 -0.256877496
1413393262.655760527 2.713627428 1.937571452 0.093434274 0.738713778 0.394578062 0.482352668 -0.256799553
1413393262.705760479 2.721325724 1.950102413 0.083256363 0.738920823 0.394559225 0.482064380 -0.256774160
1413393262.755760431 2.729765194 1.961970767 0.073031481 0.738488149 0.395472419 0.482174201 -0.256407604
1413393262.805760384 2.741302752 1.970775331 0.066455224 0.738209543 0.395286793 0.482807102 -0.256305140
1413393262.855760574 2.750575545 1.984340746 0.054997253 0.738534725 0.395633071 0.481969940 -0.256409652
1413393262.905760527 2.758523580 1.998260714 0.042892177 0.737892958 0.396271003 0.481156536 -0.258788838
1413393262.955760479 2.770939458 2.005634036 0.037049347 0.738824896 0.394665032 0.480603307 -0.259610760
1413393263.005760431 2.778758602 2.020743673 0.027939711 0.739743862 0.394061606 0.478839324 -0.261165410
1413393263.055760384 2.784361266 2.036165011 0.017702970 0.740660464 0.392973840 0.476615022 -0.264256996
1413393263.105760574 2.794437968 2.048794375 0.011722931 0.741537950 0.392384316 0.474661236 -0.266181757
1413393263.155760527 2.805128078 2.062785896 0.005021030 0.742313856 0.391110257 0.473386708 -0.268156540
1413393263.205760479 2.822383064 2.069549387 -0.005606551 0.743046262 0.389950685 0.472026740 -0.270206354
1413393263.255760431 2.840823300 2.078499280 -0.011083588 0.743245514 0.389395365 0.471865736 -0.270739879
1413393263.305760384 2.852740886 2.096671262 -0.021098835 0.743372235 0.390599612 0.471003434 -0.270158155
1413393263.355760574 2.864228157 2.114157228 -0.033365866 0.744666365 0.390766957 0.468369825 -0.270929689
1413393263.405760527 2.880210506 2.122699966 -0.029892251 0.745075790 0.389272593 0.468992492 -0.270878122
1413393263.455760479 2.893336483 2.135558721 -0.038611360 0.744481935 0.389824058 0.469956292 -0.270046173
1413393263.505760431 2.905510975 2.150979677 -0.044327860 0.742878019 0.390685442 0.472231904 -0.269247402
1413393263.555760384 2.919720182 2.162605764 -0.051540546 0.740857212 0.389160589 0.476994367 -0.268627996
1413393263.605760574 2.929917027 2.180771171 -0.059404964 0.737137800 0.390331036 0.481957866 -0.268302371
1413393263.655760527 2.944320114 2.192592903 -0.064746769 0.732829314 0.388942958 0.489100864 -0.269193085
1413393263.705760479 2.960042906 2.202817748 -0.072551929 0.728769333 0.388213344 0.494914285 -0.270639077
1413393263.755760431 2.973879350 2.216176786 -0.091503694 0.724995370 0.391180362 0.497347583 -0.272038635
1413393263.805760384 2.992164533 2.220197399 -0.111679103 0.721253998 0.392836410 0.499674849 -0.275313041
1413393263.855760574 3.001326784 2.232597183 -0.128971196 0.717375969 0.397425747 0.499461414 -0.279218178
1413393263.905760527 3.010401486 2.240225912 -0.138501847 0.713708621 0.402606479 0.499180824 -0.281685166
1413393263.955760479 3.016683936 2.250615053 -0.149245141 0.709589263 0.408070366 0.498262423 -0.285825491
1413393264.005760431 3.028399264 2.250858796 -0.159175821 0.706960204 0.413051046 0.496130958 -0.288877441
1413393264.055760384 3.038738458 2.250018647 -0.181287682 0.707638784 0.417199758 0.489659481 -0.292276077
1413393264.105760574 3.047191344 2.252215595 -0.189465749 0.708862419 0.422164881 0.483089145 -0.293113907
1413393264.155760527 3.055051865 2.251515620 -0.205283964 0.711714921 0.425181717 0.476325167 -0.292910762
1413393264.205760479 3.060647565 2.253725605 -0.220148899 0.715125337 0.429146111 0.468314369 -0.291737929
1413393264.255760431 3.065553264 2.254628547 -0.225494782 0.717114852 0.431838310 0.463888459 -0.289947342
1413393264.305760384 3.070354560 2.255652217 -0.238895509 0.720226959 0.433408958 0.458761201 -0.288041599
1413393264.355760574 3.074155994 2.259887482 -0.245901258 0.722132903 0.435611390 0.456224563 -0.283947064
1413393264.405760527 3.076440576 2.266246888 -0.249841423 0.723352126 0.437461622 0.454287228 -0.281090991
1413393264.455760479 3.079357735 2.272915013 -0.255770860 0.724833223 0.436420430 0.453128883 -0.280763641
1413393264.505760431 3.086226941 2.275735619 -0.237972749 0.723087235 0.434525386 0.457796950 -0.280632309
1413393264.555760384 3.088681930 2.283469335 -0.246752595 0.723957163 0.433306965 0.458020052 -0.279908436
1413393264.605760574 3.088764851 2.292954630 -0.263892495 0.724328714 0.430324122 0.458769689 -0.282310887
1413393264.655760527 3.092059510 2.300961330 -0.263372804 0.724274372 0.426804169 0.460925323 -0.284275713
1413393264.705760479 3.092257990 2.315091450 -0.266874122 0.723340962 0.425126617 0.461753836 -0.287799595
1413393264.755760431 3.090274190 2.330066856 -0.272304522 0.722895069 0.425603391 0.461004980 -0.289411265
1413393264.805760384 3.093968282 2.339432877 -0.276285738 0.722028558 0.425667744 0.462406518 -0.289243746
1413393264.855760574 3.093912970 2.354810154 -0.276067252 0.720140392 0.427833698 0.462862458 -0.290024976
1413393264.905760527 3.098580370 2.364146552 -0.290893986 0.720058074 0.429634414 0.462095726 -0.288787432
1413393264.955760479 3.105744996 2.367783973 -0.301383766 0.719887519 0.430332580 0.462974452 -0.286758587
1413393265.005760431 3.106169195 2.381887808 -0.310236540 0.718630475 0.431516977 0.463477904 -0.287317894
1413393265.055760384 3.112716663 2.389034615 -0.313303337 0.717019639 0.431368709 0.466557151 -0.286580355
1413393265.105760574 3.118702487 2.397746166 -0.319263945 0.715846467 0.430955063 0.468774490 -0.286517099
1413393265.155760527 3.119809423 2.414031571 -0.313090223 0.710505785 0.429639876 0.475608497 -0.290495548
1413393265.205760479 3.125803679 2.423958655 -0.314047349 0.705865967 0.425475399 0.484189894 -0.293741498
1413393265.255760431 3.128570808 2.434679405 -0.323223448 0.701829783 0.423496407 0.490782420 -0.295327555
1413393265.305760384 3.124016831 2.453391536 -0.328865920 0.698559574 0.420784949 0.493742622 -0.301948292
1413393265.355760574 3.131241930 2.454519579 -0.330598906 0.699591015 0.414668139 0.494449743 -0.306826005
1413393265.405760527 3.131720424 2.461017428 -0.341926226 0.703112667 0.411698025 0.490305606 -0.309415136
1413393265.455760479 3.125860884 2.473533224 -0.341768733 0.706281607 0.410579250 0.484777259 -0.312381145
1413393265.505760431 3.132236214 2.469071918 -0.340011946 0.710628991 0.408952158 0.479875973 -0.312223669
1413393265.555760384 3.132289556 2.471410596 -0.339153344 0.712546610 0.412340317 0.475283661 -0.310416227
1413393265.605760574 3.130148682 2.475514571 -0.333939881 0.710205202 0.420727293 0.473727646 -0.306886354
1413393265.655760527 3.134682918 2.469915590 -0.335868728 0.707998385 0.428605564 0.472893860 -0.302335831
1413393265.705760479 3.134387875 2.470573301 -0.338184437 0.704644885 0.437460572 0.470611433 -0.301046031
1413393265.755760431 3.128004327 2.479443531 -0.331901921 0.700180436 0.446349312 0.468930529 -0.301037884
1413393265.805760384 3.128619406 2.477473048 -0.328920771 0.696636354 0.452926764 0.467347292 -0.301896745
1413393265.855760574 3.122413285 2.484776211 -0.325454943 0.691771577 0.461563482 0.463870147 -0.305345253
1413393265.905760527 3.120046769 2.485899020 -0.315457947 0.687166873 0.468772305 0.461162113 -0.308842549
1413393265.955760479 3.120364120 2.483728657 -0.303182724 0.683104883 0.475435680 0.457453668 -0.313152957
1413393266.005760431 3.114257508 2.488181191 -0.300810055 0.678198218 0.483965244 0.451392530 -0.319483338
1413393266.055760384 3.109453044 2.490234177 -0.294745557 0.674053284 0.491931478 0.443757521 -0.326703004
1413393266.105760574 3.100536824 2.496338749 -0.286673074 0.667176336 0.501160008 0.438577858 -0.333712219
1413393266.155760527 3.080909834 2.513484057 -0.283634763 0.658054355 0.512095275 0.432642957 -0.342845399
1413393266.205760479 3.068028973 2.521655274 -0.282678221 0.649200072 0.523267305 0.425157363 -0.352096309
1413393266.255760431 3.060679541 2.523533755 -0.280401572 0.640185276 0.535454246 0.416187535 -0.360887099
1413393266.305760384 3.048921604 2.532697965 -0.272459664 0.628361729 0.548954171 0.405586465 -0.373243184
1413393266.355760574 3.039829855 2.541000786 -0.244519326 0.615215154 0.563319743 0.396011743 -0.383869615
1413393266.405760527 3.033121309 2.544497662 -0.224514996 0.602484181 0.577086588 0.385348699 -0.394322535
1413393266.455760479 3.029518567 2.546559087 -0.214317274 0.586721034 0.592961851 0.371613157 -0.407502556
1413393266.505760431 3.028930718 2.543795569 -0.200678517 0.569042315 0.606529584 0.360387793 -0.422413714
1413393266.555760384 3.030334689 2.536806865 -0.183766741 0.552122353 0.618956852 0.349623249 -0.435679821
1413393266.605760574 3.022284092 2.544617090 -0.169269593 0.534316944 0.631120603 0.336836074 -0.450259533
1413393266.655760527 3.017089908 2.541529054 -0.161812347 0.518467659 0.640801154 0.325990254 -0.462920643
1413393266.705760479 3.011383361 2.536726540 -0.160289551 0.503894027 0.648844510 0.316073008 -0.474541320
1413393266.755760431 3.003414676 2.542789960 -0.156787703 0.489233080 0.657322714 0.305263474 -0.485172191
1413393266.805760384 3.002413063 2.538904244 -0.155487237 0.476744143 0.663483161 0.296562303 -0.494525953
1413393266.855760574 2.995032030 2.538854596 -0.159657697 -0.464921390 -0.668746624 -0.290739260 0.502092359
1413393266.905760527 2.987368109 2.544126181 -0.149522894 -0.454168666 -0.674375624 -0.285820450 0.507203126
1413393266.955760479 2.988274227 2.539477278 -0.137987326 -0.449744749 -0.680608094 -0.279239313 0.506485626
1413393267.005760431 2.990684747 2.534939355 -0.124225776 -0.446901261 -0.685018294 -0.273186158 0.506358097
1413393267.055760384 2.987133269 2.537442580 -0.105569522 -0.444502200 -0.689750774 -0.267006496 0.505340672
1413393267.105760574 2.990335312 2.534651574 -0.075138055 -0.443926722 -0.692483133 -0.264256424 0.503552100
1413393267.155760527 2.996014478 2.528945390 -0.046262220 -0.444261024 -0.693939608 -0.262419279 0.502211196
1413393267.205760479 2.999559076 2.524594805 -0.027294704 -0.445219057 -0.694428492 -0.260807585 0.501526135
1413393267.255760431 2.998801513 2.525360255 -0.011523234 -0.446402417 -0.694542257 -0.258738061 0.501388623
1413393267.305760384 3.007393588 2.517651691 -0.002027977 -0.448994567 -0.693563171 -0.258705515 0.500445264
1413393267.355760574 3.015725512 2.514949473 0.004566364 0.451419554 0.692668564 0.258507242 -0.499604497
1413393267.405760527 3.023056070 2.513554262 0.003623144 0.452774107 0.691957074 0.259168364 -0.499021818
1413393267.455760479 3.033234928 2.508715531 0.006486334 0.454557047 0.691362657 0.261038848 -0.497246706
1413393267.505760431 3.042085578 2.505342572 0.008064489 0.454321631 0.690745295 0.265719166 -0.495838802
1413393267.555760384 3.052242766 2.499939284 -0.000010829 0.454846086 0.690438433 0.269920082 -0.493510848
1413393267.605760574 3.062306478 2.495563420 -0.009120219 0.454750258 0.690311153 0.274118169 -0.491458995
1413393267.655760527 3.071521176 2.493240134 -0.026605334 0.454616699 0.690104050 0.277121193 -0.490187618
1413393267.705760479 3.082878047 2.487649586 -0.040173514 0.454535869 0.689683424 0.280433243 -0.488969442
1413393267.755760431 3.095900783 2.478584986 -0.047603381 0.453944975 0.689801705 0.284756989 -0.486848051
1413393267.805760384 3.100119264 2.477809774 -0.059497747 0.453339815 0.691468255 0.285251932 -0.484753546
1413393267.855760574 3.104936729 2.475536232 -0.073525854 0.451876171 0.692958741 0.287183179 -0.482847731
1413393267.905760527 3.112452508 2.468033187 -0.078846468 0.451017624 0.693370391 0.289475251 -0.481689405
1413393267.955760479 3.115499126 2.468219353 -0.099008041 0.451118784 0.691996284 0.286903618 -0.485097206
1413393268.005760431 3.122736230 2.461493496 -0.110416149 0.453772378 0.690245155 0.283122615 -0.487333397
1413393268.055760384 3.131216849 2.454237398 -0.113035370 0.456909481 0.688308115 0.279235483 -0.489380435
1413393268.105760574 3.132283420 2.455149752 -0.124805291 0.458814574 0.688310230 0.274292296 -0.490389589
1413393268.155760527 3.138822570 2.450201673 -0.119443647 0.460830726 0.688700619 0.271286995 -0.489622166
1413393268.205760479 3.146164299 2.444718291 -0.120462857 0.461356846 0.689085633 0.270477920 -0.489032254
1413393268.255760431 3.150102142 2.443440997 -0.129391304 0.459847585 0.690723678 0.271024383 -0.487838890
1413393268.305760384 3.156791019 2.438592270 -0.128000341 0.456625303 0.693023002 0.275509185 -0.485084674
1413393268.355760574 3.164468004 2.433454440 -0.136162503 0.454415255 0.696342309 0.278944161 -0.480420981
1413393268.405760527 3.169061328 2.431581914 -0.139466383 0.450366346 0.699380330 0.283907690 -0.476900127
1413393268.455760479 3.171512383 2.432170789 -0.144092784 0.449567403 0.701605209 0.284520492 -0.474011994
1413393268.505760431 3.178341948 2.426388207 -0.145112756 0.449960071 0.701672690 0.285978003 -0.472660505
1413393268.555760384 3.179757147 2.424908472 -0.153661921 0.452620517 0.699470569 0.283190516 -0.475056547
1413393268.605760574 3.182836293 2.419676968 -0.149312021 0.455369128 0.696480115 0.282346365 -0.477320581
1413393268.655760527 3.178995239 2.424471869 -0.142234949 0.457015540 0.694525168 0.280657024 -0.479586512
1413393268.705760479 3.180048658 2.422057990 -0.131049178 0.459204419 0.693064168 0.280187995 -0.479883369
1413393268.755760431 3.175228633 2.422616605 -0.129735861 0.461702346 0.691333939 0.278425435 -0.481006867
1413393268.805760384 3.171004418 2.424411026 -0.131485038 0.463832273 0.691122031 0.275922801 -0.480704241
1413393268.855760574 3.173216287 2.420067591 -0.131094846 0.466229859 0.688991922 0.275415091 -0.481732682
1413393268.905760527 3.169237497 2.424112371 -0.125919412 0.466556853 0.688129839 0.274833764 -0.482978706
1413393268.955760479 3.166746942 2.427192922 -0.119345300 0.465718337 0.687092533 0.276843920 -0.484115405
1413393269.005760431 3.167216158 2.428356992 -0.111562289 0.463447194 0.686442944 0.281630805 -0.484455232
1413393269.055760384 3.165870463 2.432209243 -0.100117442 0.458624618 0.687464197 0.288524112 -0.483539320
1413393269.105760574 3.161059086 2.439476517 -0.096359519 0.452343532 0.689322472 0.296012903 -0.482282303
1413393269.155760527 3.159061721 2.441825103 -0.096788624 0.448534106 0.691808907 0.299066918 -0.480392101
1413393269.205760479 3.157030633 2.440825285 -0.098004137 0.445204605 0.692276031 0.299380012 -0.482616168
1413393269.255760431 3.144215814 2.450282100 -0.098560753 0.440564345 0.691607492 0.295039010 -0.490442776
1413393269.305760384 3.136768245 2.450037949 -0.099923978 0.437196295 0.690412898 0.289577747 -0.498331373
1413393269.355760574 3.130228129 2.448728854 -0.090802985 -0.433390976 -0.689173118 -0.284695459 0.506123671
1413393269.405760527 3.120490752 2.451621449 -0.083511391 -0.429246944 -0.688907188 -0.277958182 0.513705359
1413393269.455760479 3.116717860 2.446371361 -0.081030948 -0.426562086 -0.688639815 -0.273283716 0.518783195
1413393269.505760431 3.114482178 2.439860036 -0.080603007 -0.424850734 -0.688868793 -0.268024220 0.522613296
1413393269.555760384 3.110439519 2.435868679 -0.084140515 -0.423474874 -0.690712763 -0.262468110 0.524113920
1413393269.605760574 3.108019139 2.426365399 -0.091595489 -0.423939082 -0.692843741 -0.257596419 0.523342422
1413393269.655760527 3.107199064 2.415921565 -0.104623129 -0.424409468 -0.694015231 -0.253594548 0.523363418
1413393269.705760479 3.102761372 2.411926697 -0.115089121 -0.423409164 -0.695853643 -0.250626905 0.523162061
1413393269.755760431 3.102718305 2.406046529 -0.125666693 -0.423572703 -0.698236825 -0.247958841 0.521121786
1413393269.805760384 3.107324417 2.400689663 -0.138316681 -0.424047497 -0.701874100 -0.245616423 0.516942010
1413393269.855760574 3.114179564 2.393078260 -0.150667899 -0.423322128 -0.705569653 -0.245841378 0.512378627
1413393269.905760527 3.116357954 2.393310794 -0.170102245 -0.419927982 -0.708655726 -0.247461907 0.510127588
1413393269.955760479 3.123796694 2.382156379 -0.189810926 -0.418333615 -0.711522528 -0.250200498 0.506095237
1413393270.005760431 3.130020770 2.374087830 -0.208251231 -0.416589956 -0.714957272 -0.252168630 0.501697010
1413393270.055760384 3.129349072 2.376122346 -0.217358409 -0.414947304 -0.716097208 -0.251869047 0.501583001
1413393270.105760574 3.135591897 2.370881037 -0.232110866 -0.416538819 -0.716741145 -0.249497267 0.500528378
1413393270.155760527 3.141715846 2.365612233 -0.248295015 -0.416758828 -0.716780102 -0.248554203 0.500758598
1413393270.205760479 3.141972071 2.370276156 -0.259952211 -0.417215365 -0.717389577 -0.244985314 0.501264132
1413393270.255760431 3.149423632 2.363385825 -0.264064550 -0.417229769 -0.717523107 -0.245475703 0.500820916
1413393270.305760384 3.152589031 2.362633083 -0.271007550 -0.416720989 -0.718162480 -0.244259859 0.500922539
1413393270.355760574 3.156717529 2.358822523 -0.277333034 -0.417506524 -0.717996120 -0.243844706 0.500709131
1413393270.405760527 3.162740389 2.351528570 -0.299125728 -0.421451795 -0.715902559 -0.242042746 0.501275593
1413393270.455760479 3.166470407 2.350161553 -0.305264066 -0.424483411 -0.714002729 -0.242788891 0.501066354
1413393270.505760431 3.170621854 2.349652957 -0.307635008 0.428112307 0.712283589 0.244061326 -0.499805973
1413393270.555760384 3.181125693 2.342074859 -0.318123731 0.433265708 0.710438484 0.247384916 -0.496345334
1413393270.605760574 3.181260323 2.347468529 -0.332446678 0.436703838 0.709019883 0.250584937 -0.493748675
1413393270.655760527 3.187023793 2.343831904 -0.337320916 0.441334862 0.706533094 0.256932845 -0.489918401
1413393270.705760479 3.190401031 2.344359605 -0.356369563 0.445342922 0.704621528 0.263481194 -0.485546953
1413393270.755760431 3.188070248 2.353605292 -0.358544660 0.447569124 0.702639225 0.268789927 -0.483458347
1413393270.805760384 3.192527881 2.352976396 -0.366528786 0.451156709 0.699966339 0.273918719 -0.481116705
1413393270.855760574 3.194537836 2.356019949 -0.364627676 0.453332572 0.698376904 0.279169862 -0.478354959
1413393270.905760527 3.188828482 2.367674492 -0.365014246 0.454282575 0.698258296 0.282086187 -0.475909737
1413393270.955760479 3.190455789 2.365957492 -0.358538491 0.454682966 0.697006918 0.288700569 -0.473388570
1413393271.005760431 3.182575647 2.374118631 -0.353550210 0.454645557 0.695935942 0.293063096 -0.472318329
1413393271.055760384 3.176713616 2.381209533 -0.343685489 0.455962061 0.694498733 0.295187829 -0.471841344
1413393271.105760574 3.172295545 2.386209062 -0.340013024 0.457786489 0.693087176 0.296214506 -0.471506800
1413393271.155760527 3.166457292 2.391819317 -0.334118125 0.459251604 0.691376067 0.296864589 -0.472184830
1413393271.205760479 3.158821653 2.397836493 -0.332687820 0.458733436 0.690381198 0.299638220 -0.472392182
1413393271.255760431 3.155549049 2.396173328 -0.335684941 0.458047034 0.689266305 0.304408622 -0.471635734
1413393271.305760384 3.149932189 2.396961437 -0.345359592 0.457622727 0.688423907 0.309031474 -0.470269617
1413393271.355760574 3.141708256 2.399956764 -0.350012660 0.457818307 0.686931323 0.314554630 -0.468596992
1413393271.405760527 3.131405608 2.400685723 -0.362921817 0.461625266 0.683785816 0.317814215 -0.467261379
1413393271.455760479 3.124203148 2.397416101 -0.371048158 0.467606145 0.678102512 0.320456389 -0.467791812
1413393271.505760431 3.117368595 2.394133148 -0.373644911 0.475423674 0.672259447 0.322064396 -0.467240933
1413393271.555760384 3.107348121 2.394280084 -0.371033646 0.482636731 0.665705810 0.323374208 -0.468323267
1413393271.605760574 3.095890660 2.395225917 -0.367128704 0.487681668 0.660666765 0.325215020 -0.468957574
1413393271.655760527 3.086751898 2.391972663 -0.361098058 0.493303715 0.657527654 0.327062060 -0.466196565
1413393271.705760479 3.078212029 2.386636630 -0.360722570 0.499756935 0.654468232 0.328827014 -0.462371208
1413393271.755760431 3.069268791 2.376751280 -0.356139112 0.507461884 0.651976179 0.331050546 -0.455867344
1413393271.805760384 3.053837055 2.374083766 -0.354103602 0.514850527 0.649025498 0.331802995 -0.451222351
1413393271.855760574 3.040758347 2.368944483 -0.352468053 0.522123485 0.646984929 0.333274483 -0.444663566
1413393271.905760527 3.028863499 2.363132510 -0.347707596 0.526480109 0.643275232 0.337894344 -0.441410333
1413393271.955760479 3.008977501 2.366774601 -0.337876419 0.529444699 0.641527156 0.342010678 -0.437218384
1413393272.005760431 2.988620503 2.371625439 -0.327481389 0.532221781 0.638782810 0.345092601 -0.435439542
1413393272.055760384 2.974855147 2.368248626 -0.320531283 0.534992632 0.635813466 0.348357783 -0.433786784
1413393272.105760574 2.959092624 2.367780430 -0.310539371 0.536321235 0.633389406 0.351242503 -0.433366008
1413393272.155760527 2.945370811 2.364568057 -0.302585311 0.539578440 0.629962165 0.353505341 -0.432477458
1413393272.205760479 2.935763985 2.355464852 -0.293824027 0.544010154 0.624762609 0.356157323 -0.432292257
1413393272.255760431 2.919852926 2.354724341 -0.281532481 0.549288047 0.619045339 0.356061409 -0.433919097
1413393272.305760384 2.906731846 2.349147732 -0.275704115 0.555790129 0.612619500 0.356775452 -0.434172727
1413393272.355760574 2.893352827 2.344999972 -0.267079955 0.561666471 0.606462081 0.358074834 -0.434185367
1413393272.405760527 2.878702925 2.342985751 -0.251898062 0.566910505 0.602889788 0.360642144 -0.430201845
1413393272.455760479 2.867775209 2.336789315 -0.240444278 0.571318918 0.599082151 0.366018896 -0.425118146
1413393272.505760431 2.857566343 2.331584966 -0.233294472 0.575807717 0.594470617 0.371331596 -0.420907359
1413393272.555760384 2.850051304 2.323018717 -0.228018985 0.580146023 0.590883070 0.377503190 -0.414462460
1413393272.605760574 2.841073816 2.316393066 -0.215573361 0.583101559 0.587329170 0.385538082 -0.407918380
1413393272.655760527 2.831614098 2.309647450 -0.209655005 0.588367415 0.583025340 0.390946963 -0.401329927
1413393272.705760479 2.822275488 2.300125263 -0.205696089 0.593465038 0.578451448 0.396665873 -0.394777604
1413393272.755760431 2.810691634 2.292871474 -0.195981997 0.598237449 0.574271236 0.402083477 -0.388140926
1413393272.805760384 2.799960180 2.282606183 -0.190105947 0.603675990 0.568802733 0.407476262 -0.382101879
1413393272.855760574 2.785001331 2.275651151 -0.182928448 0.609100846 0.563168495 0.413879730 -0.374887951
1413393272.905760527 2.767880143 2.272376557 -0.177325843 0.614850937 0.556985718 0.418264598 -0.369837750
1413393272.955760479 2.751274442 2.269049422 -0.169491372 0.620978539 0.550539469 0.422024937 -0.364947804
1413393273.005760431 2.738204608 2.257778320 -0.175063865 0.629518606 0.542101111 0.424382268 -0.360183844
1413393273.055760384 2.722830043 2.249900549 -0.174172529 0.638482540 0.533888174 0.425250144 -0.355620274
1413393273.105760574 2.700731717 2.246125961 -0.172533219 0.647446580 0.526514293 0.426294586 -0.349096766
1413393273.155760527 2.679659782 2.244670584 -0.151261529 0.655499834 0.518818842 0.428961428 -0.342255856
1413393273.205760479 2.653949625 2.234017601 -0.170302877 0.664291423 0.510126079 0.431572845 -0.335012191
1413393273.255760431 2.635792942 2.223853867 -0.172050024 0.672750777 0.501385775 0.434264466 -0.327769842
1413393273.305760384 2.615139119 2.217907863 -0.170579300 0.680375538 0.492314145 0.437735994 -0.321096729
1413393273.355760574 2.600205670 2.208716001 -0.154366153 0.686823798 0.482472457 0.444279094 -0.313224338
1413393273.405760527 2.580406226 2.209619119 -0.145775042 0.692918955 0.473817360 0.448964904 -0.306253076
1413393273.455760479 2.561054141 2.208266183 -0.138564031 0.698394315 0.465441507 0.454399418 -0.298547740
1413393273.505760431 2.543293181 2.205633484 -0.120155649 0.702717334 0.454772730 0.462938830 -0.291646621
1413393273.555760384 2.526547659 2.206446663 -0.101359535 0.705917069 0.444853079 0.470685070 -0.286779348
1413393273.605760574 2.506176913 2.210695676 -0.087651141 0.708855176 0.435525370 0.477265082 -0.282948817
1413393273.655760527 2.497559667 2.201516360 -0.066831506 0.712708090 0.423769589 0.485459286 -0.277120543
1413393273.705760479 2.485429465 2.199527859 -0.054372269 0.716322369 0.414758480 0.490719346 -0.272125321
1413393273.755760431 2.464632478 2.204078542 -0.042734841 0.718919084 0.407319094 0.495377921 -0.268043319
1413393273.805760384 2.457087978 2.193399127 -0.020210745 0.723418885 0.396326042 0.501502317 -0.260933346
1413393273.855760574 2.442640437 2.191100165 -0.014010316 0.729816938 0.387098106 0.501832308 -0.256294026
1413393273.905760527 2.421671434 2.195050251 -0.002283235 0.735580188 0.379388325 0.501998893 -0.250964933
1413393273.955760479 2.414569025 2.182307954 0.015097448 0.741799185 0.367598099 0.505036794 -0.244015251
1413393274.005760431 2.394892012 2.186023680 0.014393833 0.748019179 0.359887430 0.504229851 -0.238118883
1413393274.055760384 2.371349019 2.192863149 0.030545827 0.751633702 0.352725068 0.506194490 -0.233235810
1413393274.105760574 2.363535446 2.183292488 0.045486438 0.756826338 0.341604168 0.509213965 -0.226321950
1413393274.155760527 2.349862971 2.180656571 0.052460711 0.761351454 0.332052221 0.511046108 -0.221172245
1413393274.205760479 2.329531642 2.183076863 0.065592616 0.764397300 0.323520713 0.513688909 -0.217151608
1413393274.255760431 2.315827594 2.178678369 0.069995037 0.769083180 0.313538798 0.515685930 -0.210410328
1413393274.305760384 2.300901852 2.177755962 0.079877955 0.772154081 0.304756474 0.518597951 -0.204835867
1413393274.355760574 2.284199814 2.180201767 0.094026489 0.774819960 0.297012164 0.520965952 -0.200080688
1413393274.405760527 2.275319528 2.177333417 0.105094967 0.778155548 0.287961303 0.523971021 -0.192370996
1413393274.455760479 2.268453631 2.177327674 0.131783066 0.780746483 0.279084055 0.526921275 -0.186818065
1413393274.505760431 2.254988802 2.181181763 0.162993920 0.781685821 0.270778714 0.531819713 -0.181146235
1413393274.555760384 2.246162635 2.181017379 0.187073273 0.784463956 0.260707183 0.534804184 -0.175021576
1413393274.605760574 2.234583967 2.183042171 0.204576459 0.786766901 0.251436421 0.537786612 -0.169006300
1413393274.655760527 2.224785780 2.184249142 0.210869899 0.789583713 0.242328711 0.539821199 -0.162565154
1413393274.705760479 2.219784743 2.180806398 0.208930942 0.791998350 0.233294416 0.542494128 -0.154959514
1413393274.755760431 2.211974819 2.180078335 0.201349003 0.793081084 0.225840469 0.546387244 -0.146558709
1413393274.805760384 2.204384740 2.178148670 0.193236239 0.793158404 0.218133168 0.551150129 -0.139825617
1413393274.855760574 2.195613227 2.177041640 0.199497500 0.792118081 0.209745679 0.557903127 -0.131528688
1413393274.905760527 2.182716678 2.182253147 0.198970620 0.791438782 0.202481177 0.563369591 -0.123453356
1413393274.955760479 2.169373935 2.187095301 0.197909373 0.791620070 0.195394585 0.566814502 -0.117813159
1413393275.005760431 2.162144379 2.185068783 0.200691971 0.791392811 0.186498619 0.571644931 -0.110171489
1413393275.055760384 2.148861946 2.186912409 0.205345337 0.791239999 0.179152921 0.575191007 -0.104875163
1413393275.105760574 2.142112423 2.183930240 0.199776940 0.793176191 0.170537333 0.576325861 -0.098168480
1413393275.155760527 2.135534607 2.178541250 0.197781309 0.795061081 0.161494575 0.577362451 -0.091923770
1413393275.205760479 2.122712196 2.177323412 0.199517972 0.796737464 0.153172884 0.578021822 -0.087397108
1413393275.255760431 2.115685279 2.170971906 0.199916959 0.799357592 0.142414539 0.578113385 -0.080811226
1413393275.305760384 2.107276212 2.164934035 0.194906312 0.802740054 0.132396878 0.576635715 -0.074637293
1413393275.355760574 2.094153845 2.162708816 0.193934305 0.804853786 0.122675459 0.576432622 -0.069903842
1413393275.405760527 2.085916259 2.155614007 0.191744717 0.807053201 0.111084493 0.576496858 -0.063061387
1413393275.455760479 2.091025082 2.144772726 0.220052831 0.808297091 0.100091904 0.577364910 -0.057333964
1413393275.505760431 2.092898086 2.134126100 0.248685632 0.809437824 0.090334872 0.577922938 -0.051527641
1413393275.555760384 2.089016083 2.126536621 0.251977328 0.811886181 0.080412365 0.576653698 -0.042955726
1413393275.605760574 2.076069173 2.124608865 0.259284839 0.812111230 0.069908745 0.578132026 -0.036762465
1413393275.655760527 2.060310420 2.124180867 0.267993107 0.812934025 0.061044408 0.578300076 -0.031318889
1413393275.705760479 2.058353947 2.109012290 0.276970368 0.813576463 0.050162436 0.578829688 -0.023092450
1413393275.755760431 2.054537403 2.090483845 0.289975972 0.815984041 0.041469338 0.576376340 -0.015513018
1413393275.805760384 2.045500902 2.078149538 0.302052679 0.819629440 0.033975012 0.571782617 -0.010859023
1413393275.855760574 2.040556187 2.066638580 0.311562296 0.824230111 0.025101405 0.565660779 -0.006521341
1413393275.905760527 2.033501748 2.055208132 0.317702401 0.829260818 0.017934081 0.558556339 -0.004436248
1413393275.955760479 2.030474854 2.036349355 0.322726276 0.833701866 0.011849172 0.552073820 -0.003910496
1413393276.005760431 2.031111158 2.015322017 0.329933685 0.836455719 0.006979123 0.547984104 -0.002558172
1413393276.055760384 2.023657706 1.999601369 0.342752377 0.834049939 0.008206618 0.551618877 0.003156756
1413393276.105760574 2.018316903 1.987245334 0.349927923 0.829435016 0.013348659 0.558334269 0.011054882
1413393276.155760527 2.021787360 1.967780374 0.358569268 0.824893122 0.018251222 0.564654929 0.019571453
1413393276.205760479 2.023762615 1.951390377 0.372586515 0.821114248 0.023539150 0.569678064 0.026157290
1413393276.255760431 2.024715544 1.937249699 0.388698549 0.817904217 0.028048092 0.573831358 0.031041410
1413393276.305760384 2.029822975 1.921296684 0.409287349 0.815698474 0.032043900 0.576528022 0.034994679
1413393276.355760574 2.030680829 1.911702566 0.422731540 0.814348680 0.035489283 0.578134651 0.036565885
1413393276.405760527 2.031858027 1.900202697 0.435591409 0.813608193 0.036704411 0.579191528 0.035095130
1413393276.455760479 2.036271003 1.887782236 0.443373623 0.813794433 0.036581291 0.579025765 0.033609424
1413393276.505760431 2.035795843 1.881807677 0.448431149 0.815673598 0.036504590 0.576649293 0.028628448
1413393276.555760384 2.036947129 1.873509060 0.446679859 0.818299843 0.034008785 0.573297846 0.023629439
1413393276.605760574 2.036353538 1.869378557 0.443424251 0.820318609 0.032533889 0.570665382 0.018972285
1413393276.655760527 2.037440697 1.864056967 0.443426982 0.822499471 0.031277863 0.567709347 0.014913529
1413393276.705760479 2.041045342 1.855841271 0.441980074 0.823308112 0.030232395 0.566646708 0.012698954
1413393276.755760431 2.041877230 1.849229325 0.439232196 0.824346804 0.030959996 0.565120590 0.011512792
1413393276.805760384 2.043106003 1.842751789 0.435111687 0.823901558 0.030917070 0.565804536 0.009776727
1413393276.855760574 2.046485832 1.836304842 0.429290723 0.822906058 0.032320146 0.567141518 0.011468503
1413393276.905760527 2.047546962 1.831804367 0.427191885 0.822225502 0.033525640 0.568067989 0.010955174
1413393276.955760479 2.048990757 1.830692219 0.421945953 0.821439322 0.034510092 0.569131008 0.011678560
1413393277.005760431 2.052626663 1.826840154 0.418823030 0.821122858 0.034281015 0.569588443 0.012290989
1413393277.055760384 2.055570872 1.824890429 0.417208134 0.820902025 0.034974048 0.569863798 0.012326148
1413393277.105760574 2.060307648 1.822086125 0.420649273 0.820415239 0.035264648 0.570548388 0.012238363
1413393277.155760527 2.068552744 1.815274870 0.422435161 0.819141693 0.034614084 0.572404684 0.012713408
1413393277.205760479 2.077362044 1.808814221 0.424801870 0.817848045 0.034167809 0.574265199 0.013289723
1413393277.255760431 2.085114442 1.805193899 0.427955157 0.816636817 0.034873467 0.575942686 0.013348184
1413393277.305760384 2.097101992 1.798138998 0.426989428 0.816105251 0.034437951 0.576692601 0.014556510
1413393277.355760574 2.108504609 1.792958861 0.423387101 0.816065879 0.035470642 0.576600567 0.017609710
1413393277.405760527 2.114686163 1.791264520 0.427162885 0.815319010 0.036529156 0.577568500 0.018307401
1413393277.455760479 2.129256486 1.780468255 0.428103929 0.815819038 0.035819474 0.576857470 0.019791958
1413393277.505760431 2.136013075 1.776609341 0.433750258 0.815268073 0.037135883 0.577514309 0.020883446
1413393277.555760384 2.141734923 1.774564975 0.443580358 0.814103062 0.036947201 0.579224880 0.019226240
1413393277.605760574 2.156652562 1.766130653 0.445931149 0.812197915 0.034457292 0.582046450 0.019213835
1413393277.655760527 2.166456542 1.762100458 0.449748402 0.811377116 0.031864422 0.583400045 0.017211086
1413393277.705760479 2.174921106 1.761111396 0.450501483 0.810015512 0.027997449 0.585532206 0.015590052
1413393277.755760431 2.188813164 1.753262375 0.450195391 0.808521805 0.021980087 0.587814956 0.016820944
1413393277.805760384 2.197058928 1.749586475 0.448063648 0.806900411 0.016461156 0.590188487 0.017841152
1413393277.855760574 2.208132810 1.741724490 0.438559377 0.805611492 0.010499263 0.591956522 0.021618648
1413393277.905760527 2.216682880 1.730976434 0.429831517 0.803087157 0.003549434 0.595315455 0.025257256
1413393277.955760479 2.224422372 1.717718627 0.425578693 0.800091536 -0.004587751 0.599146508 0.029256599
1413393278.005760431 2.234319272 1.707589298 0.416404046 0.799455015 -0.014096380 0.599630345 0.033412891
1413393278.055760384 2.240151287 1.698979142 0.409091185 0.799857763 -0.023054252 0.598492323 0.038768551
1413393278.105760574 2.246219906 1.686483020 0.406503112 0.800523451 -0.033066827 0.596591526 0.046339412
1413393278.155760527 2.247610991 1.677534995 0.405675166 0.801152196 -0.042611911 0.594504855 0.053882846
1413393278.205760479 2.246428840 1.672987122 0.399690192 0.802103372 -0.051112488 0.591850623 0.061078099
1413393278.255760431 2.251747862 1.656416251 0.396789906 0.802942287 -0.063748145 0.588728149 0.067963399
1413393278.305760384 2.250183348 1.645191546 0.395810605 0.803307401 -0.076237771 0.586419425 0.070691448
1413393278.355760574 2.248546728 1.634723922 0.393960799 0.804326194 -0.088112044 0.583360259 0.070614794
1413393278.405760527 2.249182202 1.619984725 0.394558999 0.805499216 -0.099145873 0.580007400 0.070231938
1413393278.455760479 2.250751962 1.604425994 0.394326855 0.807376323 -0.108764039 0.575719039 0.069724061
1413393278.505760431 2.249940992 1.591436736 0.390194585 0.810060652 -0.114409767 0.570927131 0.068951842
1413393278.555760384 2.257092009 1.567719368 0.387207840 0.811476226 -0.121682634 0.567267583 0.070051124
1413393278.605760574 2.259346001 1.548082984 0.392447154 0.811887977 -0.125896759 0.565719501 0.070351724
1413393278.655760527 2.259534180 1.531335084 0.389049549 0.812883742 -0.125366634 0.564063003 0.073049011
1413393278.705760479 2.266145394 1.498953975 0.391310438 0.811655428 -0.121887405 0.565369873 0.081950189
1413393278.755760431 2.269789942 1.468976817 0.394342720 0.810169472 -0.113972341 0.567393830 0.093273649
1413393278.805760384 2.277516914 1.434496456 0.401249717 0.807773339 -0.106973386 0.570278048 0.104124327
1413393278.855760574 2.282133076 1.403064995 0.414325292 0.806324094 -0.100204753 0.571947977 0.112587629
1413393278.905760527 2.285694844 1.373726782 0.426791740 0.806330873 -0.094800932 0.571910028 0.117312518
1413393278.955760479 2.292928819 1.340859760 0.435741087 0.806074221 -0.091025687 0.571695778 0.122974028
1413393279.005760431 2.296479537 1.313120572 0.447773032 0.806085327 -0.087292086 0.571589808 0.126062004
1413393279.055760384 2.299451000 1.287351027 0.459668442 0.807121083 -0.084697289 0.570515404 0.126071809
1413393279.105760574 2.304453433 1.262291354 0.472598834 0.808157953 -0.083551420 0.569100797 0.126586597
1413393279.155760527 2.309224691 1.239539929 0.482764629 0.808852465 -0.081804302 0.568420513 0.126348194
1413393279.205760479 2.313005215 1.221189949 0.486814947 0.810857132 -0.079215249 0.566038260 0.125842539
1413393279.255760431 2.318850307 1.196583386 0.489448056 0.813026075 -0.078700751 0.563318949 0.124364606
1413393279.305760384 2.324960485 1.169128538 0.481333400 0.814979309 -0.078370354 0.560896188 0.122728479
1413393279.355760574 2.331580685 1.144011625 0.470956199 0.818132480 -0.077850496 0.556782498 0.120796501
1413393279.405760527 2.337033333 1.119763937 0.461625936 0.821420984 -0.077075239 0.552505328 0.118595268
1413393279.455760479 2.344779037 1.095086232 0.454222001 0.822477522 -0.075740845 0.551152740 0.118425954
1413393279.505760431 2.354533844 1.071401940 0.447987848 0.822680169 -0.074736167 0.551037957 0.118190590
1413393279.555760384 2.362829927 1.056072334 0.445517860 0.822019653 -0.071948589 0.552636626 0.117046357
1413393279.605760574 2.373474105 1.037533762 0.450068283 0.819649211 -0.069284109 0.556366208 0.117607504
1413393279.655760527 2.386994751 1.018018337 0.453448748 0.817245535 -0.067251304 0.560138400 0.117609397
1413393279.705760479 2.398948443 1.005119159 0.455655963 0.815572901 -0.064770806 0.563139308 0.116274267
1413393279.755760431 2.413534650 0.985957471 0.458558096 0.813170309 -0.064008797 0.566615730 0.116634199
1413393279.805760384 2.427319656 0.969511956 0.462736114 0.810854469 -0.063711800 0.570248433 0.115206601
1413393279.855760574 2.440255027 0.961608453 0.458146970 0.809897472 -0.062280706 0.572546190 0.111256727
1413393279.905760527 2.456386111 0.941112839 0.458418184 0.807830387 -0.063537721 0.575428816 0.110700955
1413393279.955760479 2.470665743 0.929152951 0.458209540 0.806778306 -0.063707773 0.577551779 0.107163556
1413393280.005760431 2.483097774 0.918453207 0.455952582 0.805660186 -0.063108277 0.579740223 0.104068652
1413393280.055760384 2.495450806 0.906523349 0.458545801 0.804988737 -0.064351665 0.581122963 0.100737767
1413393280.105760574 2.508949104 0.898543655 0.451112350 0.805920616 -0.064715930 0.580531363 0.096369839
1413393280.155760527 2.519996601 0.890723715 0.459900769 0.805478419 -0.066468196 0.581828166 0.090898185
1413393280.205760479 2.531561183 0.879850876 0.462799371 0.805370282 -0.068757800 0.582697947 0.084345580
1413393280.255760431 2.540149650 0.871561904 0.470775325 0.805057107 -0.070068089 0.583658609 0.079474174
1413393280.305760384 2.551763173 0.862630323 0.470384428 0.805732964 -0.070282742 0.583079380 0.076636567
1413393280.355760574 2.559127175 0.858739086 0.477967652 0.804839747 -0.070297207 0.584892051 0.072059507
1413393280.405760527 2.568490896 0.844929198 0.483119476 0.802839984 -0.071961219 0.587856210 0.068517291
1413393280.455760479 2.576319028 0.834721929 0.483375260 0.801560404 -0.074401690 0.589930055 0.062831816
1413393280.505760431 2.583299347 0.824486474 0.474796298 0.802550338 -0.075525709 0.588977998 0.057565099
1413393280.555760384 2.587727807 0.808691721 0.481192333 0.804047346 -0.077159224 0.586865429 0.056065031
1413393280.605760574 2.588175256 0.801424186 0.486347836 0.805669602 -0.076313795 0.585031851 0.053013491
1413393280.655760527 2.590874856 0.787895421 0.485359216 0.807952577 -0.077093049 0.582044878 0.049930493
1413393280.705760479 2.595246308 0.763309231 0.481980811 0.809336759 -0.080305038 0.579836739 0.048108908
1413393280.755760431 2.594896055 0.750778825 0.476627632 0.810837050 -0.081322120 0.577983885 0.043181238
1413393280.805760384 2.595213506 0.732051792 0.472921282 0.811737156 -0.083062937 0.576718187 0.039742558
1413393280.855760574 2.597385096 0.704294055 0.467252863 0.812767397 -0.084292983 0.575007678 0.040865886
1413393280.905760527 2.597481385 0.686489100 0.460600546 0.814781397 -0.082117357 0.572572108 0.039359837
1413393280.955760479 2.598185632 0.658052361 0.461124763 0.814878823 -0.080201043 0.572534266 0.041770936
1413393281.005760431 2.600471912 0.620416684 0.464532287 0.814909686 -0.076283852 0.572333633 0.050370526
1413393281.055760384 2.602212177 0.590567925 0.468848451 0.815361546 -0.069065535 0.571773141 0.059084487
1413393281.105760574 2.602726360 0.555744006 0.477407160 0.814445309 -0.062920750 0.572639303 0.069311228
1413393281.155760527 2.607090850 0.518125872 0.481038439 0.815320649 -0.058381528 0.570908231 0.076861093
1413393281.205760479 2.611963576 0.486594216 0.481349278 0.816611283 -0.054191602 0.568926495 0.080820339
1413393281.255760431 2.614555987 0.453623883 0.485627333 0.816657289 -0.050796849 0.568437849 0.085842674
1413393281.305760384 2.618338544 0.419486531 0.490804014 0.816216403 -0.048824068 0.568500362 0.090632956
1413393281.355760574 2.622904067 0.385565165 0.500072328 0.815734635 -0.047887221 0.568759759 0.093787827
1413393281.405760527 2.627867810 0.355445423 0.506369594 0.815160304 -0.046203997 0.569126381 0.097334642
1413393281.455760479 2.633660114 0.327451928 0.513379299 0.814618735 -0.046795509 0.569530318 0.099205410
1413393281.505760431 2.639264991 0.300700056 0.518379546 0.814980880 -0.047412319 0.568756195 0.100372446
1413393281.555760384 2.643752940 0.267017906 0.531529682 0.814080425 -0.048686443 0.569826337 0.100998204
1413393281.605760574 2.650683781 0.229231832 0.541667990 0.813567081 -0.051805488 0.570079880 0.102145615
1413393281.655760527 2.656227300 0.202653156 0.553649345 0.811080943 -0.052591563 0.573088990 0.104646266
1413393281.705760479 2.662995450 0.181431276 0.563607702 0.808779568 -0.052674440 0.576002744 0.106404194
1413393281.755760431 2.669202616 0.156577363 0.580242197 0.805410325 -0.053962710 0.580115557 0.108941153
1413393281.805760384 2.678299539 0.135077489 0.592290593 0.802150215 -0.054884734 0.584226607 0.110553024
1413393281.855760574 2.684567785 0.117818035 0.607614405 0.797703067 -0.057584840 0.590441751 0.108315934
1413393281.905760527 2.691820084 0.094881724 0.617921291 0.796634031 -0.063560328 0.592122212 0.103564426
1413393281.955760479 2.702347998 0.083950750 0.617777456 0.798528530 -0.065516669 0.589591574 0.102183796
1413393282.005760431 2.706899335 0.068686057 0.628432956 0.800198527 -0.068279757 0.586961830 0.102449999
1413393282.055760384 2.710876608 0.048199796 0.640029631 0.802628936 -0.071944932 0.583725628 0.099373587
1413393282.105760574 2.714238632 0.025578421 0.648054995 0.805388385 -0.076133913 0.580006688 0.095631683
1413393282.155760527 2.716250315 0.004749479 0.662683005 0.806866491 -0.080437757 0.577950673 0.092028546
1413393282.205760479 2.718782013 -0.012672642 0.676070698 0.808933850 -0.083287910 0.575346537 0.087552916
1413393282.255760431 2.721026365 -0.034041911 0.691402390 0.810069041 -0.085976523 0.573648136 0.085580382
1413393282.305760384 2.723558296 -0.054165809 0.707656264 0.810419447 -0.086317313 0.573066154 0.085818555
1413393282.355760574 2.728748281 -0.073590940 0.721053956 0.809890525 -0.083685104 0.573713953 0.089030560
1413393282.405760527 2.732389290 -0.094779980 0.742165079 0.808227016 -0.079460330 0.575777780 0.094525628
1413393282.455760479 2.740205965 -0.119176051 0.752782105 0.808024307 -0.075246472 0.575585112 0.100680020
1413393282.505760431 2.746417037 -0.138479467 0.762446752 0.808060259 -0.070667730 0.575334025 0.105049749
1413393282.555760384 2.751011452 -0.157465304 0.771780080 0.807283888 -0.067342240 0.576083062 0.109023175
1413393282.605760574 2.752944046 -0.181908635 0.778454672 0.805643887 -0.064457156 0.578161470 0.111859360
1413393282.655760527 2.755187667 -0.204611560 0.786665846 0.803687707 -0.061960553 0.580749964 0.113914175
1413393282.705760479 2.758938120 -0.221278956 0.792206635 0.802111881 -0.059488923 0.583041893 0.114628747
1413393282.755760431 2.762902792 -0.237887526 0.797915139 0.800664536 -0.057652548 0.585679018 0.112216634
1413393282.805760384 2.767340258 -0.249035428 0.803264874 0.799220623 -0.054640538 0.588935458 0.106844906
1413393282.855760574 2.772424166 -0.255447664 0.805687358 0.799458963 -0.050390069 0.590294678 0.099390149
1413393282.905760527 2.780334933 -0.270289155 0.797412212 0.803894325 -0.046454641 0.585542726 0.093464414
1413393282.955760479 2.783718844 -0.276886806 0.798793843 0.808186159 -0.039216309 0.581205332 0.086588534
1413393283.005760431 2.783865575 -0.289602125 0.804883034 0.811963302 -0.032323835 0.577126037 0.081217630
1413393283.055760384 2.783276595 -0.299835719 0.815248599 0.815057267 -0.023022567 0.573911053 0.076011284
1413393283.105760574 2.784802071 -0.302774050 0.823424593 0.818249495 -0.012523566 0.570487148 0.069680252
1413393283.155760527 2.788415397 -0.309525275 0.827372206 0.820686187 -0.001421464 0.567633596 0.065301320
1413393283.205760479 2.790698119 -0.314462973 0.835149995 0.821963730 0.009968923 0.566318924 0.059658393
1413393283.255760431 2.796856738 -0.316065329 0.835048994 0.823614454 0.023295022 0.564104663 0.053874866
1413393283.305760384 2.799304482 -0.325734563 0.840041778 0.823958512 0.033986792 0.563595445 0.047931647
1413393283.355760574 2.803327932 -0.331925607 0.842283072 0.824526691 0.045292026 0.562507297 0.041108507
1413393283.405760527 2.810583127 -0.328377025 0.840834022 0.825096146 0.058108987 0.561021990 0.033076019
1413393283.455760479 2.816227998 -0.334399635 0.839663784 0.825526679 0.068393564 0.559579074 0.026443964
1413393283.505760431 2.823944706 -0.335376944 0.828715599 0.825682658 0.080021596 0.558162283 0.017307728
1413393283.555760384 2.831248718 -0.332390563 0.821239211 0.825424476 0.091236337 0.557050286 0.006733789
1413393283.605760574 2.834321948 -0.340850321 0.819776824 0.824705593 0.099647011 0.556712577 -0.001505167
1413393283.655760527 2.838710035 -0.344204296 0.806321128 0.822647637 0.111213833 0.557453374 -0.011317404
1413393283.705760479 2.842905537 -0.347223051 0.798521605 0.819527883 0.121879054 0.559530287 -0.021104580
1413393283.755760431 2.850568898 -0.352611401 0.786538634 0.816893485 0.131880409 0.560796288 -0.028286311
1413393283.805760384 2.860514078 -0.345583132 0.769487755 0.814364271 0.143649597 0.561015468 -0.037911383
1413393283.855760574 2.869577273 -0.341773611 0.756863653 0.812192628 0.155394117 0.560524503 -0.044811662
1413393283.905760527 2.876682131 -0.342303829 0.746937574 0.810147433 0.166443751 0.559709272 -0.051799087
1413393283.955760479 2.889438897 -0.338267941 0.730216015 0.809244027 0.180069492 0.555966912 -0.059998962
1413393284.005760431 2.896702995 -0.340715963 0.718736430 0.808971834 0.191264352 0.551677195 -0.068079302
1413393284.055760384 2.903768947 -0.338885472 0.711404631 0.807702765 0.203090841 0.548356773 -0.075333941
1413393284.105760574 2.912795747 -0.325954586 0.703575681 0.806279744 0.216406865 0.544005062 -0.084495775
1413393284.155760527 2.922015299 -0.316371084 0.692409207 0.804705035 0.228442056 0.539921730 -0.093533731
1413393284.205760479 2.925816095 -0.308092768 0.694090560 0.801766205 0.239463749 0.538123333 -0.101248925
1413393284.255760431 2.933569571 -0.289571048 0.687744926 0.797824806 0.253135223 0.535735825 -0.111289104
1413393284.305760384 2.940227845 -0.277939001 0.678379068 0.794349722 0.264873911 0.533056236 -0.121249247
1413393284.355760574 2.944593937 -0.265853248 0.675379503 0.789537926 0.276835282 0.532067245 -0.129986676
1413393284.405760527 2.948940079 -0.248543464 0.676238749 0.783918619 0.289797516 0.530798657 -0.140505461
1413393284.455760479 2.952557114 -0.237787689 0.673310558 0.778133704 0.301267587 0.530010915 -0.151109925
1413393284.505760431 2.957362421 -0.225111828 0.667659423 0.772994318 0.313357494 0.527359693 -0.161798082
1413393284.555760384 2.962224085 -0.209415634 0.658390374 0.768906497 0.326086572 0.522396659 -0.171907177
1413393284.605760574 2.966321762 -0.197213875 0.649245757 0.765808603 0.337781581 0.516347272 -0.181180248
1413393284.655760527 2.968380006 -0.184378133 0.642836495 0.762313340 0.348464926 0.509800540 -0.193788482
1413393284.705760479 2.970512586 -0.167420559 0.634838841 0.759877218 0.359029568 0.500818901 -0.207038187
1413393284.755760431 2.971460963 -0.156730463 0.632252680 0.757067599 0.368339756 0.492896932 -0.219606669
1413393284.805760384 2.971706345 -0.139258443 0.628166741 0.752829754 0.379483757 0.485118880 -0.232161821
1413393284.855760574 2.971736542 -0.120825671 0.627432793 0.747430969 0.391833806 0.477628767 -0.244303043
1413393284.905760527 2.971785416 -0.110143760 0.630465485 0.741829208 0.403407467 0.471506493 -0.254231131
1413393284.955760479 2.974655661 -0.090721455 0.625086304 0.735517879 0.416450459 0.464509426 -0.264222365
1413393285.005760431 2.977683285 -0.070753292 0.623769529 0.728882307 0.429031182 0.457457210 -0.274582826
1413393285.055760384 2.981314738 -0.063153643 0.627582367 0.721768008 0.440024334 0.452645928 -0.283797800
1413393285.105760574 2.988473902 -0.044315456 0.623812622 0.714973679 0.451692241 0.445173227 -0.294291618
1413393285.155760527 2.993605499 -0.021594983 0.624561114 0.706965091 0.464120042 0.438910677 -0.303562785
1413393285.205760479 3.000137595 -0.006444236 0.625188000 0.700349770 0.474684671 0.432089046 -0.312223827
1413393285.255760431 3.006437542 0.006437977 0.631043941 0.691623685 0.484522956 0.427606928 -0.322562394
1413393285.305760384 3.013868228 0.026206119 0.634020009 0.683118842 0.495803481 0.421251324 -0.331775342
1413393285.355760574 3.022933421 0.039195925 0.636622068 0.675030285 0.505558392 0.416236246 -0.339841454
1413393285.405760527 3.033665769 0.058293468 0.637158194 0.666343703 0.516590389 0.409800178 -0.348115288
1413393285.455760479 3.043973731 0.070019881 0.637997026 0.657967724 0.526329925 0.404579192 -0.355486936
1413393285.505760431 3.055201324 0.089031805 0.644473270 0.648677800 0.537679665 0.398572955 -0.362294478
1413393285.555760384 3.067651835 0.106578428 0.646620062 0.638784259 0.549281671 0.393061336 -0.368438737
1413393285.605760574 3.079424643 0.118762783 0.649481626 0.628963153 0.559607937 0.388699421 -0.374375573
1413393285.655760527 3.092637219 0.138331235 0.646123489 0.617412515 0.569661722 0.384568800 -0.382614882
1413393285.705760479 3.102751367 0.152839897 0.651743890 0.605827881 0.579994616 0.382603361 -0.387548051
1413393285.755760431 3.115601215 0.166420055 0.649734427 0.593811288 0.590934226 0.381393703 -0.390798846
1413393285.805760384 3.127207848 0.186104363 0.649868324 0.581513133 0.601571125 0.379059793 -0.395307894
1413393285.855760574 3.139890434 0.200317827 0.645485060 0.574243771 0.609273520 0.372919293 -0.399951335
1413393285.905760527 3.149328189 0.212974592 0.645976457 0.569714509 0.614680722 0.366028796 -0.404494633
1413393285.955760479 3.159028732 0.229441234 0.645079891 0.565949133 0.619297377 0.358919297 -0.409083458
1413393286.005760431 3.169892242 0.239996610 0.649312550 0.564126376 0.621401846 0.353708532 -0.412930324
1413393286.055760384 3.180342586 0.253832960 0.655229320 0.563254541 0.623492533 0.348371274 -0.415498302
1413393286.105760574 3.190344308 0.267481470 0.661787285 0.562308150 0.624514560 0.344623821 -0.418360528
1413393286.155760527 3.201542684 0.277151605 0.669894340 0.561965436 0.624436130 0.343090904 -0.420194003
1413393286.205760479 3.213481924 0.286445135 0.674033718 0.562358372 0.623999035 0.342123130 -0.421105723
1413393286.255760431 3.225870831 0.300863304 0.673867904 0.562034972 0.623630859 0.341928444 -0.422239482
1413393286.305760384 3.237372472 0.309520505 0.676769696 0.562810647 0.623110878 0.342760772 -0.421298068
1413393286.355760574 3.249121627 0.318077849 0.679784912 0.562199284 0.622742352 0.345900514 -0.420091375
1413393286.405760527 3.262378209 0.328644079 0.678441129 0.561781468 0.622306199 0.348816164 -0.418884065
1413393286.455760479 3.276162677 0.336782650 0.673353238 0.561977515 0.621423754 0.352152019 -0.417136364
1413393286.505760431 3.290406497 0.347008906 0.662089582 0.562927531 0.620069670 0.353869746 -0.416416141
1413393286.555760384 3.304273705 0.355161460 0.652288810 0.565113856 0.618626748 0.355058528 -0.414584995
1413393286.605760574 3.318206731 0.365270344 0.642885861 0.567375341 0.617446201 0.354931991 -0.413362665
1413393286.655760527 3.332050652 0.371043202 0.637888522 0.568857174 0.616686822 0.356652008 -0.410972291
1413393286.705760479 3.345422902 0.379873730 0.632547489 0.569533789 0.616743410 0.358563195 -0.408278416
1413393286.755760431 3.358819777 0.390491857 0.630621991 0.569049810 0.618342678 0.361212718 -0.404178202
1413393286.805760384 3.370390643 0.401085205 0.634899176 0.565944216 0.620612491 0.366929494 -0.399887518
1413393286.855760574 3.383497459 0.409371337 0.635889450 0.563701989 0.623529304 0.371147903 -0.394589038
1413393286.905760527 3.395933347 0.419809591 0.632140664 0.560501450 0.627589631 0.373427900 -0.390539350
1413393286.955760479 3.406527925 0.430521403 0.629692287 0.556764013 0.632347610 0.373927553 -0.387722219
1413393287.005760431 3.414046532 0.442493367 0.633604721 0.551737925 0.636653523 0.374483818 -0.387323409
1413393287.055760384 3.419676262 0.453761825 0.633601497 0.546891912 0.640067994 0.373406982 -0.389601624
1413393287.105760574 3.422954709 0.470491401 0.629713563 0.541793893 0.644335837 0.369823833 -0.393091642
1413393287.155760527 3.424014769 0.480750522 0.626947668 0.537652405 0.647996364 0.364608299 -0.397607081
1413393287.205760479 3.424367162 0.489229643 0.628826183 0.535077715 0.651633397 0.356316075 -0.402622167
1413393287.255760431 3.421468666 0.502912105 0.630753509 0.531133608 0.655469220 0.346152463 -0.410409143
1413393287.305760384 3.415507985 0.513492721 0.638570352 0.526605621 0.658683441 0.337046366 -0.418595738
1413393287.355760574 3.408495608 0.527130619 0.648173509 0.520852008 0.663092331 0.326875656 -0.426818523
1413393287.405760527 3.401675723 0.538686301 0.657511605 0.514221436 0.668106227 0.316837357 -0.434539381
1413393287.455760479 3.393417562 0.549264824 0.666935741 0.506271159 0.673552609 0.307650810 -0.442003819
1413393287.505760431 3.386153086 0.560115363 0.674626969 0.497316756 0.680234060 0.298685793 -0.448045159
1413393287.555760384 3.379170205 0.569452255 0.675552786 0.487302629 0.686665140 0.290394603 -0.454640636
1413393287.605760574 3.370441281 0.580760736 0.681266699 0.477317340 0.693816169 0.281129595 -0.460166744
1413393287.655760527 3.364160774 0.587646880 0.685528588 0.468844579 0.700280831 0.271009368 -0.465129488
1413393287.705760479 3.359262178 0.600610159 0.691585685 0.458414874 0.706399301 0.260768078 -0.472076096
1413393287.755760431 3.353815895 0.607676191 0.697667651 0.448220640 0.711462265 0.251973716 -0.478987421
1413393287.805760384 3.352196710 0.616990360 0.706499252 0.437917704 0.716579869 0.242981550 -0.485490825
1413393287.855760574 3.347398861 0.627990198 0.712601901 0.427476168 0.721307569 0.233512611 -0.492393518
1413393287.905760527 3.344333734 0.634408472 0.717717451 0.416530185 0.726134208 0.225584180 -0.498340742
1413393287.955760479 3.340812804 0.642808985 0.723655668 -0.404946471 -0.731004849 -0.218179120 0.504031881
1413393288.005760431 3.334026454 0.654540204 0.731396761 -0.393554336 -0.735330747 -0.211058161 0.509762818
1413393288.055760384 3.330965201 0.663028427 0.727306731 -0.383561221 -0.738749650 -0.204841543 0.514946295
1413393288.105760574 3.328458850 0.673299366 0.724472234 -0.375413563 -0.742683096 -0.199700245 0.517306764
1413393288.155760527 3.324349587 0.690954260 0.725501707 -0.368823459 -0.747733871 -0.193644244 0.517073709
1413393288.205760479 3.323743209 0.698536322 0.727959100 -0.365198272 -0.751800222 -0.190228593 0.515014301
1413393288.255760431 3.321521311 0.711174069 0.733535085 -0.362944890 -0.757009070 -0.186353736 0.510372961
1413393288.305760384 3.320941447 0.728275149 0.726461440 -0.360856516 -0.761416684 -0.182417321 0.506706156
1413393288.355760574 3.323410646 0.733677839 0.720080841 -0.361021565 -0.763261450 -0.181010161 0.504312116
1413393288.405760527 3.323835791 0.747053290 0.714350830 -0.360781311 -0.763900765 -0.180209102 0.503802685
1413393288.455760479 3.322321531 0.766345180 0.709207896 -0.358837092 -0.762248888 -0.181530376 0.507207350
1413393288.505760431 3.323130103 0.772015844 0.705366983 -0.358746528 -0.758291582 -0.185810383 0.511633958
1413393288.555760384 3.320619029 0.791075261 0.705396343 -0.358294134 -0.755112541 -0.189031147 0.515458621
1413393288.605760574 3.315666248 0.818115634 0.706047933 -0.355690741 -0.753048750 -0.190434901 0.519746308
1413393288.655760527 3.314051456 0.832719872 0.708189880 -0.355366135 -0.750722309 -0.191538901 0.522918516
1413393288.705760479 3.311571506 0.853539260 0.707751211 -0.351439885 -0.749286124 -0.191699089 0.527552624
1413393288.755760431 3.308912512 0.876122964 0.701463882 -0.347737251 -0.750009294 -0.189546099 0.529751960
1413393288.805760384 3.308688608 0.886449901 0.699761386 -0.345367063 -0.750742443 -0.189819622 0.530165905
1413393288.855760574 3.308811889 0.899496542 0.696516989 -0.343138194 -0.752814499 -0.189287808 0.528863533
1413393288.905760527 3.309040585 0.917679090 0.687990862 -0.340812672 -0.754003659 -0.186985899 0.529491718
1413393288.955760479 3.312521951 0.925432878 0.680915857 -0.340193069 -0.755465451 -0.186305690 0.528044333
1413393289.005760431 3.313630281 0.939906304 0.672767567 -0.339102128 -0.756659227 -0.184800541 0.527565466
1413393289.055760384 3.314984586 0.955078804 0.659382155 -0.337950598 -0.757894061 -0.183621827 0.526943081
1413393289.105760574 3.316335224 0.968284259 0.653826934 -0.338107537 -0.758393905 -0.182340620 0.526568017
1413393289.155760527 3.316705634 0.985846458 0.640001738 -0.336899093 -0.757982255 -0.180381139 0.528606230
1413393289.205760479 3.317270220 0.999817767 0.628747923 -0.335825530 -0.757801316 -0.178525048 0.530176561
1413393289.255760431 3.317891885 1.014307772 0.616973964 -0.333849197 -0.758128441 -0.177810163 0.531196317
1413393289.305760384 3.319910172 1.023832436 0.608574394 -0.331774948 -0.757917002 -0.179246555 0.532313700
1413393289.355760574 3.320062716 1.038759072 0.606138809 -0.329319194 -0.759167137 -0.179535147 0.531959827
1413393289.405760527 3.322711139 1.049131601 0.598995982 -0.327292675 -0.760091915 -0.181403216 0.531255738
1413393289.455760479 3.325607011 1.059962247 0.591952545 -0.327116957 -0.760932450 -0.181240695 0.530215158
1413393289.505760431 3.328251442 1.072111412 0.588515184 -0.327201805 -0.762086061 -0.180520964 0.528749465
1413393289.555760384 3.331456304 1.084975696 0.582017000 -0.325956539 -0.762404227 -0.181276310 0.528801502
1413393289.605760574 3.336502997 1.090372352 0.581378825 -0.326274003 -0.762543359 -0.182801899 0.527879122
1413393289.655760527 3.337590321 1.107158202 0.577956172 -0.326359690 -0.763200375 -0.181654463 0.527272412
1413393289.705760479 3.340326403 1.118297708 0.573846386 -0.327129342 -0.763263710 -0.181072621 0.526903794
1413393289.755760431 3.341252837 1.132096038 0.574932707 -0.327666500 -0.762846811 -0.181768543 0.526934156
1413393289.805760384 3.341160847 1.148995544 0.572893661 -0.327766291 -0.762208093 -0.181493509 0.527890318
1413393289.855760574 3.342294115 1.156638827 0.578090954 -0.328205897 -0.760706220 -0.183524299 0.529080115
1413393289.905760527 3.343616235 1.167114962 0.578464248 -0.328932915 -0.759340252 -0.185079688 0.530048138
1413393289.955760479 3.343452912 1.179834615 0.580196825 -0.329124416 -0.758074830 -0.186275968 0.531319992
1413393290.005760431 3.344506256 1.191656765 0.583853392 -0.329508846 -0.757436200 -0.187454172 0.531578082
1413393290.055760384 3.346622756 1.198817726 0.584036350 -0.331085448 -0.756486837 -0.188117832 0.531715876
1413393290.105760574 3.347268852 1.207336967 0.586683516 -0.332410361 -0.755881414 -0.188822348 0.531500480
1413393290.155760527 3.347833349 1.216331246 0.584429589 -0.334148038 -0.755404464 -0.188602745 0.531166819
1413393290.205760479 3.349515350 1.221864729 0.579188465 -0.336894291 -0.754826204 -0.188219582 0.530389505
1413393290.255760431 3.350625798 1.230113629 0.566960374 -0.338270200 -0.754234918 -0.188202473 0.530360999
1413393290.305760384 3.351268228 1.238668259 0.554640793 -0.339421292 -0.754886140 -0.188379905 0.528633251
1413393290.355760574 3.352563021 1.242793909 0.545358273 -0.340044683 -0.755898878 -0.189533353 0.526368320
1413393290.405760527 3.352051167 1.251513412 0.537768642 -0.339614114 -0.758178173 -0.188788667 0.523628638
1413393290.455760479 3.349960103 1.261210240 0.528302038 -0.338258045 -0.760939565 -0.186587354 0.521284599
1413393290.505760431 3.348521717 1.267924720 0.518901254 -0.336248179 -0.763682790 -0.184334696 0.519371233
1413393290.555760384 3.346980049 1.275894802 0.505695889 -0.334358161 -0.765586537 -0.182335730 0.518493544
1413393290.605760574 3.344895722 1.282684395 0.488268408 -0.332722457 -0.766616298 -0.180452782 0.518682959
1413393290.655760527 3.340394587 1.292782149 0.477481613 -0.331217094 -0.768227573 -0.178162788 0.518053717
1413393290.705760479 3.336410734 1.302461565 0.459000781 -0.329784613 -0.769148807 -0.176374099 0.518212697
1413393290.755760431 3.332230978 1.312117286 0.446084514 -0.328183191 -0.769558617 -0.175516858 0.518911516
1413393290.805760384 3.327920845 1.323325473 0.431236865 -0.326246657 -0.770062888 -0.174885596 0.519597243
1413393290.855760574 3.324584666 1.328848943 0.420439210 -0.325847057 -0.770362268 -0.174913761 0.519394694
1413393290.905760527 3.321178925 1.337504650 0.398999752 -0.326892312 -0.769173276 -0.172187403 0.521407121
1413393290.955760479 3.314296771 1.349880869 0.381462986 -0.328341886 -0.766847194 -0.168019629 0.525267924
1413393291.005760431 3.311160821 1.355279723 0.361918474 -0.330666636 -0.763709734 -0.165030649 0.529312670
1413393291.055760384 3.306567069 1.364132094 0.351257512 -0.333020589 -0.760586093 -0.162224048 0.533187998
1413393291.105760574 3.301821425 1.375830016 0.335875688 -0.333568312 -0.757160575 -0.160496668 0.538220090
1413393291.155760527 3.300179916 1.382024553 0.326766215 -0.335499480 -0.754028776 -0.160115884 0.541519720
1413393291.205760479 3.296463512 1.395784721 0.315707151 -0.335625566 -0.752003215 -0.159579614 0.544408845
1413393291.255760431 3.292968427 1.408722764 0.307136165 -0.335763919 -0.750711940 -0.160209168 0.545918672
1413393291.305760384 3.291965285 1.419658825 0.296345458 -0.335759980 -0.751452951 -0.162705056 0.544160605
1413393291.355760574 3.290284454 1.436441334 0.278464322 -0.334145426 -0.753131372 -0.165031207 0.542129756
1413393291.405760527 3.290521985 1.450208962 0.264447441 -0.330946780 -0.755156216 -0.168522695 0.540197575
1413393291.455760479 3.292055762 1.463294816 0.246668523 -0.327624705 -0.757690371 -0.170417440 0.538075506
1413393291.505760431 3.293302866 1.474923863 0.231616219 -0.324288131 -0.760089297 -0.171510352 0.536363373
1413393291.555760384 3.296244057 1.484205837 0.215497069 -0.321843411 -0.761550873 -0.172831011 0.535337770
1413393291.605760574 3.295649741 1.501559237 0.207787613 -0.318074624 -0.763561114 -0.173253049 0.534589880
1413393291.655760527 3.297967913 1.513251309 0.203794071 -0.315828320 -0.765517330 -0.173708454 0.532973792
1413393291.705760479 3.301381460 1.525476491 0.193207331 -0.314139093 -0.766656134 -0.173193553 0.532502578
1413393291.755760431 3.302307389 1.539783249 0.185784771 -0.311889255 -0.767687036 -0.173098007 0.532370911
1413393291.805760384 3.302548892 1.553370519 0.184176910 -0.308539296 -0.768359787 -0.173754135 0.533138107
1413393291.855760574 3.301869091 1.567742186 0.181091173 -0.304434324 -0.769327045 -0.172486037 0.534513057
1413393291.905760527 3.300979801 1.581295331 0.188982435 -0.301012748 -0.771143603 -0.170745889 0.534391906
1413393291.955760479 3.304390959 1.587988369 0.187350032 -0.298427051 -0.770507732 -0.170554360 0.536814996
1413393292.005760431 3.304148976 1.600255019 0.189326247 -0.294810174 -0.769501446 -0.170408300 0.540292048
1413393292.055760384 3.304427910 1.609570786 0.200834429 -0.290880480 -0.768412103 -0.172115411 0.543422186
1413393292.105760574 3.303352718 1.620940156 0.209759549 -0.287051187 -0.766337154 -0.172655125 0.548196307
1413393292.155760527 3.304859438 1.625225960 0.219537827 -0.284413968 -0.764388817 -0.174228074 0.551781669
1413393292.205760479 3.302984732 1.635857508 0.232593609 -0.281021127 -0.764172007 -0.173439699 0.554064022
1413393292.255760431 3.301432357 1.643586619 0.249286035 -0.277715015 -0.764272479 -0.173107382 0.555693964
1413393292.305760384 3.302517210 1.645889680 0.266717004 -0.275570289 -0.764010140 -0.172536335 0.557297707
1413393292.355760574 3.302081409 1.652087373 0.279120304 -0.273345976 -0.763747752 -0.170561055 0.559357019
1413393292.405760527 3.303046111 1.652047109 0.292037365 -0.272886811 -0.763060760 -0.168304547 0.561199291
1413393292.455760479 3.303417777 1.652918346 0.309124950 -0.270952781 -0.762878010 -0.167641145 0.562581708
1413393292.505760431 3.303834912 1.654628432 0.312731145 -0.269291430 -0.763402302 -0.165536600 0.563290941
1413393292.555760384 3.306361557 1.649243933 0.324742172 -0.267976203 -0.764415418 -0.165264799 0.562623648
1413393292.605760574 3.305125795 1.651324275 0.334339729 -0.265867471 -0.766870958 -0.163374476 0.560831706
1413393292.655760527 3.308308424 1.645358722 0.337093796 -0.263781755 -0.768777527 -0.163172697 0.559262881
1413393292.705760479 3.312758809 1.635644652 0.343707090 -0.261654069 -0.770177308 -0.163650877 0.558195712
1413393292.755760431 3.309801298 1.637099094 0.357778840 -0.257467953 -0.772533823 -0.162385078 0.557254727
1413393292.805760384 3.313791962 1.624565359 0.371839507 -0.255941619 -0.773006213 -0.162295021 0.557328995
1413393292.855760574 3.314408606 1.617564826 0.385606474 -0.254054437 -0.773322624 -0.160521771 0.558266265
1413393292.905760527 3.315485978 1.610764053 0.389105452 -0.251598277 -0.772326376 -0.158177257 0.561418055
1413393292.955760479 3.317577310 1.598862932 0.400617801 -0.250488904 -0.771384062 -0.155518629 0.563946711
1413393293.005760431 3.318113579 1.586807204 0.421261500 -0.248960551 -0.772759728 -0.152714154 0.563506375
1413393293.055760384 3.318359678 1.575283903 0.435938039 -0.247803601 -0.773313692 -0.149669615 0.564072970
1413393293.105760574 3.321366542 1.561244885 0.440584596 -0.246994052 -0.773478446 -0.146576486 0.565013598
1413393293.155760527 3.326129281 1.543409751 0.450278393 -0.246513229 -0.773009051 -0.143505785 0.566651855
1413393293.205760479 3.329862695 1.527664440 0.457472430 -0.246070928 -0.773252015 -0.140740198 0.567205973
1413393293.255760431 3.331964837 1.509313364 0.479530402 -0.247217954 -0.774443408 -0.136908104 0.566018429
1413393293.305760384 3.335836302 1.491940425 0.485606249 -0.247701715 -0.774890799 -0.133349951 0.566044081
1413393293.355760574 3.340347237 1.472429732 0.492795543 -0.249135378 -0.773869925 -0.129521502 0.567698056
1413393293.405760527 3.343821035 1.456327188 0.501887824 -0.249983411 -0.773901651 -0.125731131 0.568133973
1413393293.455760479 3.349333299 1.435279757 0.508213404 -0.251281580 -0.773181917 -0.123184510 0.569098294
1413393293.505760431 3.354985524 1.413202756 0.512193578 -0.250778295 -0.773141077 -0.123856049 0.569230008
1413393293.555760384 3.358654041 1.397601077 0.514010317 -0.249095470 -0.774220283 -0.125078352 0.568233936
1413393293.605760574 3.363316380 1.380153071 0.512997771 -0.246260436 -0.775763598 -0.128168426 0.566674061
1413393293.655760527 3.370758522 1.356700398 0.511513586 -0.244380398 -0.777717004 -0.132370428 0.563837346
1413393293.705760479 3.376660006 1.342261611 0.501365137 -0.240994239 -0.779555928 -0.135203291 0.562080423
1413393293.755760431 3.381202315 1.326324667 0.500760749 -0.238345151 -0.781874365 -0.137619944 0.559396834
1413393293.805760384 3.388997823 1.303829466 0.499193312 -0.236658391 -0.782687521 -0.140409654 0.558281451
1413393293.855760574 3.393717859 1.287337475 0.496051777 -0.235815340 -0.783948506 -0.139803020 0.557019731
1413393293.905760527 3.397348990 1.268615881 0.501396891 -0.233308079 -0.784952377 -0.141218368 0.556304304
1413393293.955760479 3.401722299 1.248000416 0.501761714 -0.231735462 -0.785770293 -0.142547097 0.555467414
1413393294.005760431 3.406017650 1.225575181 0.505360091 -0.230160154 -0.785678415 -0.143239401 0.556073922
1413393294.055760384 3.409554612 1.203931229 0.506377802 -0.230008933 -0.785691231 -0.142646997 0.556270631
1413393294.105760574 3.412660969 1.181435447 0.507198625 -0.229439941 -0.783013339 -0.142623835 0.560273028
1413393294.155760527 3.415303488 1.156807577 0.514177020 -0.230276773 -0.780106366 -0.141387873 0.564283736
1413393294.205760479 3.417124788 1.130327408 0.529274366 -0.230575105 -0.777579236 -0.141373094 0.567643639
1413393294.255760431 3.420239537 1.102600517 0.537638396 -0.231749766 -0.776845740 -0.141394522 0.568164000
1413393294.305760384 3.420894982 1.078676731 0.547559489 -0.232590988 -0.778425471 -0.141171772 0.565708184
1413393294.355760574 3.424233331 1.049613884 0.551597933 -0.232869381 -0.779284873 -0.142561082 0.564059639
1413393294.405760527 3.425793702 1.023448669 0.555391922 -0.233007409 -0.780710686 -0.143647051 0.561750742
1413393294.455760479 3.429569422 0.992110977 0.552566670 -0.233692744 -0.781452335 -0.145691137 0.559905386
1413393294.505760431 3.432696921 0.964228505 0.552497190 -0.234553425 -0.782707710 -0.146257541 0.557639726
1413393294.555760384 3.434061340 0.934057230 0.553233407 -0.236195641 -0.783233101 -0.146190093 0.556224762
1413393294.605760574 3.437922701 0.895521638 0.554183075 -0.239823180 -0.782802714 -0.145467294 0.555467389
1413393294.655760527 3.440896876 0.862068069 0.561525039 -0.243529361 -0.782670359 -0.142729314 0.554751207
1413393294.705760479 3.441188950 0.836629780 0.563399515 -0.245901627 -0.782344655 -0.138901666 0.555135621
1413393294.755760431 3.443977195 0.797476672 0.569611230 -0.250202429 -0.781100389 -0.136887565 0.555466221
1413393294.805760384 3.444883198 0.766012621 0.577971723 -0.253426119 -0.780232677 -0.133736446 0.555991669
1413393294.855760574 3.444161724 0.740585318 0.580603976 -0.254245748 -0.780202900 -0.131429294 0.556209381
1413393294.905760527 3.446506746 0.698655255 0.586354542 -0.255663678 -0.779850544 -0.133673198 0.555518397
1413393294.955760479 3.444560789 0.674064351 0.598458333 -0.254076441 -0.781707664 -0.135240805 0.553252397
1413393295.005760431 3.442474539 0.653385244 0.603267022 -0.250530019 -0.783257200 -0.137610133 0.552092674
1413393295.055760384 3.446969821 0.609675767 0.603842791 -0.249698686 -0.782836291 -0.143629529 0.551532833
1413393295.105760574 3.447104252 0.585321803 0.604951915 -0.247454545 -0.783598635 -0.146083015 0.550816830
1413393295.155760527 3.445265514 0.566040656 0.607265746 -0.246344359 -0.784031115 -0.144736632 0.551054421
1413393295.205760479 3.444854995 0.526288619 0.609717280 -0.247825732 -0.782145599 -0.146091530 0.552709628
1413393295.255760431 3.441354709 0.503819926 0.611592443 -0.249432607 -0.781674364 -0.142476142 0.553596525
1413393295.305760384 3.435747909 0.475124794 0.621214444 -0.251693105 -0.781414777 -0.139289159 0.553750898
1413393295.355760574 3.433669247 0.439926764 0.627210512 -0.254400542 -0.780390714 -0.137750861 0.554342312
1413393295.405760527 3.429431568 0.419285182 0.631792579 -0.255766670 -0.780134949 -0.132454120 0.555363645
1413393295.455760479 3.425148567 0.384746506 0.647662276 -0.258999163 -0.779579282 -0.130234239 0.555170802
1413393295.505760431 3.421408523 0.354481598 0.650971915 -0.262290856 -0.778068347 -0.126583504 0.556587613
1413393295.555760384 3.414676409 0.334341151 0.658010960 -0.263095007 -0.777458907 -0.122967604 0.557868832
1413393295.605760574 3.412251232 0.300933703 0.660992450 -0.265766126 -0.776433104 -0.121701244 0.558308883
1413393295.655760527 3.409212321 0.280298173 0.660390986 -0.266051178 -0.775963277 -0.119769709 0.559243221
1413393295.705760479 3.406211585 0.261726268 0.658273895 -0.265560576 -0.776167974 -0.118582421 0.559445320
1413393295.755760431 3.402373871 0.231752893 0.658053634 -0.264890163 -0.776409749 -0.121749663 0.558746923
1413393295.805760384 3.399582203 0.219003238 0.651218658 -0.261269129 -0.777357914 -0.123952480 0.558649173
1413393295.855760574 3.398188301 0.201987935 0.639967325 -0.256008222 -0.778638155 -0.130035633 0.557918585
1413393295.905760527 3.394375031 0.183476336 0.640116766 -0.252137264 -0.781171509 -0.136611931 0.554558432
1413393295.955760479 3.391398121 0.170310472 0.633875960 -0.245730323 -0.783252449 -0.143621877 0.552725036
1413393296.005760431 3.388662396 0.153167604 0.629902374 -0.241995642 -0.784317270 -0.148677352 0.551524772
1413393296.055760384 3.385976764 0.134239789 0.624399720 -0.239065318 -0.785086876 -0.153162561 0.550479428
1413393296.105760574 3.381330849 0.123480853 0.624225699 -0.236822114 -0.786609867 -0.154032103 0.549030340
1413393296.155760527 3.377023593 0.100134320 0.620352787 -0.236365238 -0.786129862 -0.156049668 0.549344897
1413393296.205760479 3.369872833 0.083388144 0.622104176 -0.235451461 -0.787096964 -0.157061717 0.548062583
1413393296.255760431 3.359790282 0.070080280 0.628114259 -0.235833048 -0.788793747 -0.155420224 0.545922845
1413393296.305760384 3.351551014 0.047643293 0.628720374 -0.235799930 -0.788739892 -0.156677959 0.545655380
1413393296.355760574 3.343272846 0.028492997 0.625055322 -0.238777395 -0.788160081 -0.153394411 0.546131117
1413393296.405760527 3.332792532 0.009438295 0.626390272 -0.242064113 -0.787429813 -0.149419792 0.546839081
1413393296.455760479 3.321162899 -0.014765506 0.626429746 -0.247077634 -0.786291545 -0.145843793 0.547199998
1413393296.505760431 3.308212207 -0.032811219 0.625901914 -0.251932318 -0.785052968 -0.143069708 0.547497035
1413393296.555760384 3.295133814 -0.055659676 0.619359562 -0.257906488 -0.782720059 -0.142454639 0.548215495
1413393296.605760574 3.281301863 -0.077368348 0.611851599 -0.264078472 -0.780229026 -0.142383928 0.548846103
1413393296.655760527 3.267372585 -0.095541735 0.600385489 -0.269794431 -0.777989332 -0.143750066 0.548889317
1413393296.705760479 3.252151459 -0.112508782 0.589814854 -0.275421611 -0.775535912 -0.145086391 0.549214825
1413393296.755760431 3.236392404 -0.129704947 0.578753783 -0.280437644 -0.773748597 -0.146538763 0.548811651
1413393296.805760384 3.221313011 -0.143949081 0.570563344 -0.284490649 -0.772081436 -0.147891931 0.548710583
1413393296.855760574 3.206296810 -0.161218217 0.563275977 -0.287819415 -0.770574614 -0.150838768 0.548290447
1413393296.905760527 3.192739137 -0.174215246 0.553118122 -0.288860373 -0.769286205 -0.154361367 0.548571770
1413393296.955760479 3.177549473 -0.187566688 0.544248107 -0.290832343 -0.767988808 -0.157600432 0.548426698
1413393297.005760431 3.161093194 -0.204643363 0.541981962 -0.292966380 -0.767433982 -0.161815567 0.546837733
1413393297.055760384 3.146434596 -0.213277477 0.533555191 -0.295287660 -0.766267575 -0.164691164 0.546366197
1413393297.105760574 3.131940601 -0.225076520 0.523152043 -0.298144755 -0.764324294 -0.167978570 0.546535707
1413393297.155760527 3.116295866 -0.237647266 0.516315946 -0.301215930 -0.762953434 -0.170600444 0.545954677
1413393297.205760479 3.100608786 -0.244706894 0.509609267 -0.304757496 -0.761429844 -0.170085167 0.546276942
1413393297.255760431 3.083946676 -0.250831672 0.503738459 -0.307813137 -0.759704861 -0.169613602 0.547111344
1413393297.305760384 3.066872173 -0.258790688 0.497348105 -0.310135757 -0.758120423 -0.170420046 0.547746514
1413393297.355760574 3.051122182 -0.261007277 0.491764378 -0.310632730 -0.757655654 -0.171565658 0.547750346
1413393297.405760527 3.034229127 -0.262851733 0.493268883 -0.311159728 -0.757554051 -0.172762660 0.547215266
1413393297.455760479 3.016698157 -0.271331891 0.494840134 -0.311743105 -0.757826040 -0.175891900 0.545507075
1413393297.505760431 3.001081631 -0.266541764 0.494434881 -0.310467291 -0.759046408 -0.176694240 0.544277279
1413393297.555760384 2.984403693 -0.267229710 0.491943336 -0.310313088 -0.758916231 -0.177199498 0.544382475
1413393297.605760574 2.969197380 -0.271878316 0.482693977 -0.310538438 -0.757726651 -0.177804691 0.545712097
1413393297.655760527 2.953222995 -0.270739916 0.477648183 -0.310989534 -0.756928992 -0.175768348 0.547219790
1413393297.705760479 2.936995502 -0.270857703 0.469358946 -0.312869093 -0.755594314 -0.172467820 0.549040085
1413393297.755760431 2.919866379 -0.268739367 0.467383594 -0.313091231 -0.754413495 -0.170721760 0.551079160
1413393297.805760384 2.904280124 -0.265567673 0.464185981 -0.313995137 -0.753306320 -0.167921614 0.552936681
1413393297.855760574 2.889022421 -0.267902862 0.461105711 -0.315268023 -0.751436214 -0.166739924 0.555110338
1413393297.905760527 2.875949817 -0.259478719 0.454074432 -0.314138025 -0.751301551 -0.164682194 0.556545646
1413393297.955760479 2.863093172 -0.259123036 0.447603254 -0.313746700 -0.750847035 -0.164326841 0.557484015
1413393298.005760431 2.850517980 -0.255977550 0.444923921 -0.313327863 -0.751002709 -0.163872066 0.557643729
1413393298.055760384 2.838733502 -0.243987896 0.443375045 -0.311780635 -0.752239284 -0.162414027 0.557270651
1413393298.105760574 2.826933463 -0.244349768 0.438419561 -0.311595241 -0.753085675 -0.163874433 0.555801711
1413393298.155760527 2.816719904 -0.230280393 0.434558083 -0.309507736 -0.756034758 -0.162983714 0.553220313
1413393298.205760479 2.806615647 -0.224188154 0.426701711 -0.306960123 -0.758469025 -0.165341912 0.550601737
1413393298.255760431 2.795570518 -0.219080976 0.428174860 -0.305129844 -0.761437697 -0.168800364 0.546456631
1413393298.305760384 2.785231459 -0.204170356 0.426509992 -0.301161601 -0.765385182 -0.171068802 0.542422969
1413393298.355760574 2.774157296 -0.196113174 0.422826512 -0.296230948 -0.768281135 -0.176849429 0.539180491
1413393298.405760527 2.762490843 -0.186973153 0.418299913 -0.292350200 -0.770472361 -0.182022277 0.536443466
1413393298.455760479 2.749963254 -0.171634607 0.416196147 -0.286557115 -0.772007477 -0.186722701 0.535746309
1413393298.505760431 2.736535440 -0.160743013 0.411543089 -0.282572876 -0.772056769 -0.190663990 0.536402981
1413393298.555760384 2.721384435 -0.154653909 0.409697675 -0.281292988 -0.771378706 -0.193172810 0.537153063
1413393298.605760574 2.707302517 -0.140607680 0.403184935 -0.280805132 -0.770254958 -0.190813879 0.539857242
1413393298.655760527 2.691087500 -0.131298249 0.395711438 -0.282445518 -0.768801507 -0.186607136 0.542537141
1413393298.705760479 2.672890948 -0.122935762 0.394398767 -0.285198717 -0.767293822 -0.181679997 0.544898396
1413393298.755760431 2.653925172 -0.115628107 0.394468114 -0.288655446 -0.766008472 -0.176168074 0.546693575
1413393298.805760384 2.634968458 -0.108652385 0.396721169 -0.291320803 -0.764955771 -0.172516482 0.547916893
1413393298.855760574 2.615511069 -0.097573181 0.398643265 -0.293037567 -0.764264055 -0.168833388 0.549112671
1413393298.905760527 2.596256582 -0.089333830 0.398784494 -0.294604420 -0.763194314 -0.167294265 0.550232045
1413393298.955760479 2.576788693 -0.083265512 0.400203203 -0.297218513 -0.762808106 -0.166061897 0.549734840
1413393299.005760431 2.558517447 -0.071644086 0.399962977 -0.298995844 -0.762241046 -0.164307628 0.550084609
1413393299.055760384 2.540672849 -0.062759543 0.402094615 -0.299749485 -0.762447330 -0.165519994 0.549024085
1413393299.105760574 2.522456027 -0.050779198 0.408016568 -0.299918168 -0.763019944 -0.167257993 0.547607908
1413393299.155760527 2.505252185 -0.042362966 0.409773981 -0.298054447 -0.762605992 -0.173029482 0.547408848
1413393299.205760479 2.489700530 -0.035483841 0.406354220 -0.294457659 -0.760295582 -0.181671297 0.549764363
1413393299.255760431 2.473265125 -0.025692703 0.406314153 -0.291477909 -0.757531253 -0.188229818 0.552952588
1413393299.305760384 2.456323162 -0.016156034 0.408698621 -0.289651151 -0.754218473 -0.193472534 0.556619335
1413393299.355760574 2.439899098 -0.008961786 0.410644221 -0.289164521 -0.749731792 -0.196976627 0.561681697
1413393299.405760527 2.424479840 0.000515750 0.409821305 -0.289154319 -0.745975280 -0.197893987 0.566346742
1413393299.455760479 2.408677927 0.006300888 0.412519517 -0.290461693 -0.743857096 -0.197402641 0.568630655
1413393299.505760431 2.393541031 0.007336812 0.412907065 -0.292632902 -0.741961795 -0.196804502 0.570198797
1413393299.555760384 2.379040863 0.011535381 0.415792909 -0.295160122 -0.742210077 -0.193850053 0.569584814
1413393299.605760574 2.365859959 0.014066346 0.418580628 -0.298784126 -0.743137827 -0.189497199 0.567948085
1413393299.655760527 2.353919252 0.014576132 0.418605783 -0.301280813 -0.743619503 -0.186202003 0.567087930
1413393299.705760479 2.343381159 0.013046333 0.416730982 -0.302208011 -0.744296140 -0.185156279 0.566048343
1413393299.755760431 2.332810259 0.014543029 0.422665869 -0.303163160 -0.745515570 -0.183312696 0.564530857
1413393299.805760384 2.323934195 0.012802499 0.424276674 -0.302480266 -0.745857644 -0.184159513 0.564169600
1413393299.855760574 2.316243032 0.012865958 0.425380346 -0.300960017 -0.746875147 -0.185186662 0.563299639
1413393299.905760527 2.309487793 0.010936639 0.425907556 -0.297867242 -0.749040177 -0.187961492 0.561145612
1413393299.955760479 2.301591611 0.004825969 0.431659800 -0.296021248 -0.752380452 -0.191938535 0.556286504
1413393300.005760431 2.294878564 0.005030230 0.435008520 -0.291683653 -0.754853130 -0.195696411 0.553913633
1413393300.055760384 2.288154534 0.002556204 0.438197997 -0.288234456 -0.757334184 -0.198767190 0.551232652
1413393300.105760574 2.280856555 -0.006915320 0.443269508 -0.288264727 -0.758569668 -0.200696989 0.548813470
1413393300.155760527 2.273931222 -0.006263265 0.444131600 -0.288256953 -0.759136833 -0.197409350 0.549225588
1413393300.205760479 2.264384893 -0.014107087 0.448918312 -0.290047061 -0.759054647 -0.193331506 0.549846955
1413393300.255760431 2.254215005 -0.019260209 0.455822903 -0.292525145 -0.759274701 -0.185075479 0.551069900
1413393300.305760384 2.243592970 -0.019458627 0.461888629 -0.291937397 -0.760027159 -0.174195272 0.553883815
1413393300.355760574 2.232757608 -0.030426216 0.467642337 -0.290995796 -0.760018600 -0.165649402 0.557003995
1413393300.405760527 2.223332067 -0.037359002 0.473317298 -0.288108153 -0.761162559 -0.155225409 0.559937785
1413393300.455760479 2.213252425 -0.042582968 0.480648492 -0.283168462 -0.762952785 -0.144814715 0.562803134
1413393300.505760431 2.204342093 -0.052877036 0.487036078 -0.277151187 -0.764411494 -0.137312292 0.565692162
1413393300.555760384 2.195760707 -0.054354033 0.494207294 -0.267990075 -0.767018826 -0.128692979 0.568596128
1413393300.605760574 2.186534293 -0.057385588 0.501235846 -0.257590675 -0.770072746 -0.121762668 0.570796691
1413393300.655760527 2.176156625 -0.062001458 0.513287370 -0.246362719 -0.774277927 -0.117036392 0.571053049
1413393300.705760479 2.167695590 -0.059008701 0.522101423 -0.232684668 -0.779226623 -0.111661997 0.571135110
1413393300.755760431 2.160577246 -0.060276565 0.527157518 -0.218888302 -0.783041032 -0.107732024 0.572126265
1413393300.805760384 2.153792811 -0.067135987 0.533969186 -0.206846633 -0.786287593 -0.106937845 0.572302882
1413393300.855760574 2.149249778 -0.066028866 0.535633578 -0.194757495 -0.788001811 -0.105231898 0.574498835
1413393300.905760527 2.144546567 -0.066141588 0.533069272 -0.184338160 -0.788204124 -0.104685539 0.577749634
1413393300.955760479 2.139888351 -0.067880299 0.525283506 -0.176624413 -0.786990392 -0.103767720 0.581964088
1413393301.005760431 2.134591954 -0.069164555 0.518281164 -0.169919940 -0.785265623 -0.102637455 0.586473076
1413393301.055760384 2.128518215 -0.069756728 0.511368875 -0.164645259 -0.783708808 -0.100419424 0.590430675
1413393301.105760574 2.121541797 -0.069123779 0.504106081 -0.159592820 -0.783158997 -0.096939884 0.593122901
1413393301.155760527 2.115749026 -0.070177008 0.495109160 -0.154183338 -0.782915129 -0.093323535 0.595451188
1413393301.205760479 2.111769481 -0.072328875 0.480444027 -0.147976731 -0.782690695 -0.089011198 0.597975894
1413393301.255760431 2.109562598 -0.076320059 0.463780862 -0.141749002 -0.782907726 -0.083763800 0.599955281
1413393301.305760384 2.106813764 -0.082043469 0.453471157 -0.134728989 -0.783999155 -0.078727492 0.600828932
1413393301.355760574 2.105176283 -0.085181617 0.436959762 -0.126102419 -0.784940556 -0.072677504 0.602232915
1413393301.405760527 2.106006775 -0.091899668 0.417828668 -0.117239003 -0.785103564 -0.066278603 0.604544917
1413393301.455760479 2.106470828 -0.099286800 0.407787677 -0.108521489 -0.787040043 -0.059437134 0.604366019
1413393301.505760431 2.107058582 -0.107401634 0.398964718 -0.098849044 -0.789986637 -0.052572908 0.602815120
1413393301.555760384 2.110006505 -0.117740855 0.388833982 -0.088987637 -0.793891188 -0.046169635 0.599738565
1413393301.605760574 2.113218588 -0.125854171 0.381063715 -0.077506650 -0.798544387 -0.040019200 0.595582105
1413393301.655760527 2.117293440 -0.135101648 0.372269544 -0.065900278 -0.802486780 -0.034662190 0.592005620
1413393301.705760479 2.122300496 -0.148007301 0.363871664 -0.056248923 -0.804870793 -0.030662141 0.589982117
1413393301.755760431 2.125880546 -0.159223749 0.358335872 -0.047704880 -0.807513304 -0.026256220 0.587330503
1413393301.805760384 2.130964851 -0.168920543 0.348292216 -0.039585720 -0.808310591 -0.022985838 0.586974114
1413393301.855760574 2.133811782 -0.186623225 0.343688725 -0.034397163 -0.808830387 -0.021616116 0.586637012
1413393301.905760527 2.137411245 -0.198359770 0.337711753 -0.029499201 -0.809113037 -0.019013899 0.586604093
1413393301.955760479 2.140525295 -0.211354704 0.333260852 -0.025410193 -0.809465357 -0.017148183 0.586366863
1413393302.005760431 2.142641276 -0.226790936 0.332841640 -0.022056986 -0.809548394 -0.016954529 0.586393581
1413393302.055760384 2.146036647 -0.240216347 0.328910813 -0.020071882 -0.808746672 -0.015043750 0.587622009
1413393302.105760574 2.148783097 -0.255089383 0.324674001 -0.018054964 -0.808298940 -0.013937313 0.588330343
1413393302.155760527 2.150135626 -0.276731858 0.319237770 -0.019494548 -0.807209029 -0.012963559 0.589801231
1413393302.205760479 2.151745858 -0.293429571 0.314763298 -0.019525477 -0.806634380 -0.012207751 0.590601983
1413393302.255760431 2.152535436 -0.308176769 0.318932376 -0.020788252 -0.807261075 -0.009680721 0.589748836
1413393302.305760384 2.152522057 -0.330290515 0.323578137 -0.023544556 -0.807028207 -0.009160799 0.589972209
1413393302.355760574 2.153665403 -0.349582574 0.324380781 -0.026209782 -0.806962324 -0.007498652 0.589973411
1413393302.405760527 2.153574284 -0.371346160 0.330342204 -0.029456740 -0.807553003 -0.007125203 0.589015856
1413393302.455760479 2.154496139 -0.391820827 0.333520100 -0.033203375 -0.807451280 -0.006226955 0.588966206
1413393302.505760431 2.155060637 -0.409685080 0.339738109 -0.037313849 -0.808155088 -0.004415913 0.587769964
1413393302.555760384 2.156462114 -0.433228984 0.339482830 -0.041381685 -0.807688900 -0.004472930 0.588137900
1413393302.605760574 2.157114233 -0.451673518 0.344134014 -0.045606447 -0.808149930 -0.002489393 0.587203155
1413393302.655760527 2.156891817 -0.473100229 0.350587752 -0.049127047 -0.808987109 -0.003033151 0.585762060
1413393302.705760479 2.157575643 -0.493050654 0.353978115 -0.051764266 -0.809021494 -0.003677779 0.585483695
1413393302.755760431 2.158223821 -0.509651393 0.359369896 -0.053858263 -0.809276406 -0.003182469 0.584945175
1413393302.805760384 2.158347400 -0.530265559 0.362758507 -0.055936193 -0.808518021 -0.004320240 0.585790992
1413393302.855760574 2.157772035 -0.544560246 0.372258658 -0.057271942 -0.809081578 -0.003522556 0.584888465
1413393302.905760527 2.158023694 -0.558118537 0.378751850 -0.057353419 -0.808918625 -0.003508877 0.585105914
1413393302.955760479 2.156829756 -0.575237778 0.384974107 -0.058074893 -0.809086410 -0.004618689 0.584794968
1413393303.005760431 2.154315899 -0.589108004 0.399530151 -0.056673042 -0.810220589 -0.006989587 0.583336874
1413393303.055760384 2.154184189 -0.599279924 0.405272457 -0.054685069 -0.809388091 -0.008073630 0.584666809
1413393303.105760574 2.151024875 -0.613614254 0.416710956 -0.054712365 -0.809313228 -0.009596408 0.584744872
1413393303.155760527 2.150452794 -0.623965810 0.422459949 -0.053344707 -0.808829397 -0.010247569 0.585529108
1413393303.205760479 2.148709625 -0.633937026 0.432439594 -0.052554811 -0.808399860 -0.010255911 0.586193205
1413393303.255760431 2.145926053 -0.646361217 0.441614894 -0.051758673 -0.808720363 -0.011926881 0.585790205
1413393303.305760384 2.144583121 -0.656145871 0.447688250 -0.049539711 -0.808574828 -0.014924963 0.586114161
1413393303.355760574 2.141592559 -0.665701978 0.456858674 -0.045501743 -0.809493727 -0.020561724 0.585001464
1413393303.405760527 2.136580140 -0.675694331 0.470575440 -0.044081353 -0.810382428 -0.024264210 0.583736587
1413393303.455760479 2.133880382 -0.682671323 0.478058515 -0.041669763 -0.810565763 -0.027056379 0.583536397
1413393303.505760431 2.129135802 -0.690228727 0.493358416 -0.040027374 -0.810968155 -0.029379296 0.582979690
1413393303.555760384 2.125248775 -0.705844319 0.500749986 -0.041220939 -0.809870905 -0.032284924 0.584266750
1413393303.605760574 2.121810026 -0.714019601 0.516318059 -0.041093181 -0.809009366 -0.032886820 0.585434585
1413393303.655760527 2.117259995 -0.723759292 0.532280848 -0.041939474 -0.808174116 -0.032854793 0.586528978
1413393303.705760479 2.111667733 -0.739446449 0.547872803 -0.045093761 -0.807698111 -0.033085655 0.586937521
1413393303.755760431 2.108712119 -0.750662073 0.555520608 -0.045391499 -0.806822620 -0.032630294 0.588142955
1413393303.805760384 2.103096006 -0.758378174 0.576427756 -0.046785390 -0.807208609 -0.030516617 0.587617328
1413393303.855760574 2.095149454 -0.776197582 0.595582547 -0.049946331 -0.807934069 -0.030087879 0.586380955
1413393303.905760527 2.091648800 -0.785317666 0.609970430 -0.051053193 -0.807802818 -0.027021032 0.586615754
1413393303.955760479 2.086494714 -0.798703164 0.622720790 -0.053877471 -0.807405499 -0.023820507 0.587048687
1413393304.005760431 2.081496701 -0.811886698 0.633832271 -0.056968395 -0.807784616 -0.020940986 0.586344686
1413393304.055760384 2.077732565 -0.821491537 0.647028578 -0.058151974 -0.808370711 -0.018147708 0.585513281
1413393304.105760574 2.072759225 -0.835815261 0.655349724 -0.059332143 -0.810029794 -0.017550033 0.583115277
1413393304.155760527 2.067480195 -0.848945049 0.659770377 -0.060146875 -0.812662516 -0.018159008 0.579337759
1413393304.205760479 2.063519609 -0.855724782 0.660513722 -0.058721414 -0.815092549 -0.017924408 0.576068267
1413393304.255760431 2.059648209 -0.867665992 0.654207825 -0.056761628 -0.816943744 -0.021389489 0.573518550
1413393304.305760384 2.053327986 -0.873318039 0.655182448 -0.054136126 -0.819642113 -0.023708785 0.569819252
1413393304.355760574 2.047751397 -0.878044019 0.654797795 -0.051091420 -0.821727428 -0.025539961 0.567010945
1413393304.405760527 2.041165141 -0.886242433 0.650095533 -0.049103264 -0.822666677 -0.027628310 0.565725272
1413393304.455760479 2.035595027 -0.894584554 0.639430138 -0.046620239 -0.821881928 -0.030087775 0.566949182
1413393304.505760431 2.028486649 -0.901041230 0.631505534 -0.043734921 -0.821310295 -0.031382307 0.567936446
1413393304.555760384 2.018286024 -0.907778012 0.631557423 -0.041032982 -0.820797396 -0.032479546 0.568817200
1413393304.605760574 2.007798400 -0.917708024 0.627377135 -0.039166040 -0.819393731 -0.035036358 0.570817299
1413393304.655760527 1.998691890 -0.920346268 0.623611307 -0.037432937 -0.817989846 -0.033639777 0.573026834
1413393304.705760479 1.988809934 -0.927740052 0.618194790 -0.034654546 -0.816050797 -0.034959747 0.575880175
1413393304.755760431 1.976433074 -0.934940566 0.620114198 -0.034379519 -0.816781602 -0.032811532 0.574986318
1413393304.805760384 1.966760710 -0.941987050 0.613393512 -0.033899779 -0.815207596 -0.030029278 0.577395552
1413393304.855760574 1.953914393 -0.953414397 0.614066689 -0.035101697 -0.815590164 -0.026712335 0.576946277
1413393304.905760527 1.942799032 -0.964251463 0.608658531 -0.033573600 -0.815516982 -0.026784528 0.577137293
1413393304.955760479 1.930019322 -0.973709595 0.611754637 -0.033099938 -0.816144636 -0.025305987 0.576343591
1413393305.005760431 1.917343621 -0.983043170 0.613084492 -0.032316009 -0.816771000 -0.025463576 0.575493194
1413393305.055760384 1.905407113 -0.991441287 0.611190036 -0.032014108 -0.817268512 -0.024017579 0.574865578
1413393305.105760574 1.890054166 -1.000709742 0.617050328 -0.032474427 -0.818247651 -0.023226366 0.573477749
1413393305.155760527 1.876508832 -1.014420841 0.613313048 -0.033707518 -0.818157739 -0.023607457 0.573519316
1413393305.205760479 1.861670567 -1.023306891 0.616819707 -0.032717136 -0.818468061 -0.025109358 0.573069928
1413393305.255760431 1.848265524 -1.032996046 0.618100265 -0.031531337 -0.818027766 -0.028795572 0.573591461
1413393305.305760384 1.832443499 -1.045603021 0.623430981 -0.031514586 -0.817822964 -0.032562916 0.573682915
1413393305.355760574 1.816587141 -1.055957702 0.628480043 -0.033464582 -0.817163426 -0.034734050 0.574384543
1413393305.405760527 1.800602266 -1.066698038 0.636086180 -0.036076935 -0.817599584 -0.036102798 0.573520674
1413393305.455760479 1.784021173 -1.077147973 0.642055177 -0.040113199 -0.818001139 -0.034850852 0.572756916
1413393305.505760431 1.766631584 -1.090641753 0.647561257 -0.043520634 -0.817814798 -0.035164881 0.572755045
1413393305.555760384 1.750248389 -1.105689716 0.646374299 -0.046135960 -0.816760149 -0.036501990 0.573970327
1413393305.605760574 1.733435729 -1.119159894 0.650185146 -0.048530588 -0.817232993 -0.036640143 0.573090322
1413393305.655760527 1.714995990 -1.134824541 0.653203497 -0.051292610 -0.816810507 -0.039328319 0.573273885
1413393305.705760479 1.698510694 -1.150271139 0.654265276 -0.053564832 -0.815839462 -0.043645401 0.574135750
1413393305.755760431 1.677378604 -1.164865703 0.664737869 -0.055408708 -0.815789797 -0.050039471 0.573509314
1413393305.805760384 1.656646111 -1.181833033 0.669363199 -0.056868589 -0.814949294 -0.058173734 0.573793890
1413393305.855760574 1.637414340 -1.196605011 0.676969515 -0.057009146 -0.813873722 -0.066229523 0.574432913
1413393305.905760527 1.617788902 -1.212924749 0.680445557 -0.057433076 -0.813244839 -0.074213150 0.574305391
1413393305.955760479 1.597778213 -1.230811084 0.687474614 -0.060101439 -0.811834193 -0.078272358 0.575488052
1413393306.005760431 1.576119906 -1.250194658 0.696342883 -0.064330273 -0.811555520 -0.078262211 0.575425304
1413393306.055760384 1.555718317 -1.270404171 0.704016081 -0.068379698 -0.810415047 -0.076171090 0.576844548
1413393306.105760574 1.534425616 -1.293664784 0.708812585 -0.072246568 -0.809869196 -0.074861707 0.577311046
1413393306.155760527 1.513933086 -1.315144887 0.719470153 -0.074664047 -0.810131029 -0.072422689 0.576947094
1413393306.205760479 1.495290686 -1.340798882 0.728448313 -0.077024911 -0.809938007 -0.070281823 0.577172464
1413393306.255760431 1.475368782 -1.367821835 0.737541966 -0.078676056 -0.810321808 -0.069320581 0.576526931
1413393306.305760384 1.453524603 -1.391761647 0.748978624 -0.081129553 -0.811978586 -0.066762677 0.574152869
1413393306.355760574 1.431970285 -1.418394711 0.758298805 -0.085587877 -0.813549036 -0.065551003 0.571415565
1413393306.405760527 1.411062039 -1.443414071 0.765799488 -0.091635025 -0.814895070 -0.064567786 0.568665147
1413393306.455760479 1.388599797 -1.472498550 0.768224436 -0.099785070 -0.815199966 -0.066204949 0.566664681
1413393306.505760431 1.369307532 -1.499871595 0.769765002 -0.108578430 -0.814422155 -0.068537260 0.565888612
1413393306.555760384 1.349588126 -1.524395270 0.767616558 -0.118138934 -0.812877389 -0.073006527 0.565635563
1413393306.605760574 1.327949069 -1.547290144 0.765145278 -0.128053537 -0.810121332 -0.078860751 0.566645128
1413393306.655760527 1.306884842 -1.569375529 0.762600752 -0.138560396 -0.807334507 -0.084685292 0.567309803
1413393306.705760479 1.285522739 -1.590332823 0.755904663 -0.151687162 -0.803536495 -0.085480092 0.569221626
1413393306.755760431 1.262193954 -1.612088617 0.747476987 -0.163823228 -0.800192455 -0.086840763 0.570361873
1413393306.805760384 1.240763343 -1.629920637 0.747140274 -0.173405432 -0.797655138 -0.086502478 0.571134099
1413393306.855760574 1.218226977 -1.651242076 0.737080164 -0.181962169 -0.795260153 -0.088284460 0.571539074
1413393306.905760527 1.195952094 -1.669136702 0.733887988 -0.190162275 -0.793164831 -0.090850078 0.571379142
1413393306.955760479 1.175644602 -1.685977395 0.730711442 -0.198309949 -0.791175846 -0.093441376 0.570948907
1413393307.005760431 1.155638091 -1.700586265 0.730241461 -0.206130846 -0.789626882 -0.098237527 0.569516330
1413393307.055760384 1.135071882 -1.715983483 0.733039943 -0.213148910 -0.788544988 -0.105230090 0.567178078
1413393307.105760574 1.117255027 -1.726601159 0.734994869 -0.219171078 -0.787546075 -0.113706224 0.564629182
1413393307.155760527 1.098818351 -1.736970097 0.728451550 -0.223773415 -0.786244795 -0.124919274 0.562263066
1413393307.205760479 1.080265471 -1.747787569 0.722360115 -0.230181140 -0.783977366 -0.135318194 0.560432975
1413393307.255760431 1.062649981 -1.752013793 0.725911949 -0.237161304 -0.782419549 -0.143815569 0.557576225
1413393307.305760384 1.044815905 -1.758258751 0.719773414 -0.243588781 -0.779008623 -0.154364260 0.556760044
1413393307.355760574 1.028114345 -1.762086599 0.717077119 -0.252977809 -0.776304820 -0.161948789 0.554189177
1413393307.405760527 1.016891230 -1.764616331 0.717870010 -0.261962692 -0.773511053 -0.169863410 0.551545665
1413393307.455760479 0.997018483 -1.767809978 0.722239448 -0.272419146 -0.770407012 -0.179465205 0.547771015
1413393307.505760431 0.981006371 -1.770832219 0.726699960 -0.282911425 -0.767674572 -0.187782556 0.543483752
1413393307.555760384 0.964613883 -1.771817605 0.731725574 -0.294572999 -0.765778986 -0.194709188 0.537491977
1413393307.605760574 0.949413453 -1.773564482 0.738328316 -0.307019464 -0.762716118 -0.200975476 0.532552373
1413393307.655760527 0.934179881 -1.776941546 0.739882193 -0.319515608 -0.759509327 -0.207099902 0.527413490
1413393307.705760479 0.919297797 -1.779026067 0.740133003 -0.331193157 -0.756045537 -0.213364206 0.522668112
1413393307.755760431 0.900726152 -1.782181186 0.736786206 -0.341212485 -0.751196855 -0.223508228 0.518961846
1413393307.805760384 0.884291670 -1.781268243 0.744585706 -0.349108051 -0.745406397 -0.234244392 0.517322373
1413393307.855760574 0.865957261 -1.780139893 0.748550235 -0.356088648 -0.739681913 -0.245242287 0.515681843
1413393307.905760527 0.846385603 -1.777548530 0.758794583 -0.363533024 -0.734039476 -0.255782354 0.513424946
1413393307.955760479 0.826887977 -1.774352890 0.767424441 -0.371578233 -0.728540739 -0.265130221 0.510748445
1413393308.005760431 0.805127161 -1.773550026 0.773041385 -0.380220310 -0.722049111 -0.274616199 0.508589757
1413393308.055760384 0.785796602 -1.769097297 0.782905548 -0.388453460 -0.717404544 -0.282284318 0.504727841
1413393308.105760574 0.765832753 -1.765996334 0.789465917 -0.396883418 -0.711871362 -0.289923597 0.501664254
1413393308.155760527 0.743664677 -1.765134507 0.791570764 0.406134185 0.705911707 0.297426375 -0.498278272
1413393308.205760479 0.721859004 -1.762510692 0.796677836 0.414076498 0.701200074 0.304838779 -0.493895159
1413393308.255760431 0.700193152 -1.761544866 0.799957898 0.423013193 0.694716047 0.312100756 -0.490940496
1413393308.305760384 0.675661619 -1.760375215 0.808874695 0.433429935 0.687545039 0.318695592 -0.487702195
1413393308.355760574 0.653541218 -1.758211157 0.816175858 0.442855370 0.680837978 0.323563727 -0.485433089
1413393308.405760527 0.626713196 -1.753572419 0.828752469 0.454152241 0.674154635 0.327725796 -0.481515392
1413393308.455760479 0.600194474 -1.754046612 0.834280961 0.465312952 0.667224006 0.331534414 -0.477892158
1413393308.505760431 0.574701530 -1.758193280 0.831968982 0.476048779 0.659723516 0.335200732 -0.475166195
1413393308.555760384 0.549894454 -1.761044813 0.830074903 0.486851918 0.652431189 0.338840635 -0.471694582
1413393308.605760574 0.524645619 -1.760358420 0.831071962 0.498610706 0.644902932 0.341808566 -0.467605043
1413393308.655760527 0.499755290 -1.758481002 0.827079736 0.510536358 0.637331884 0.344149579 -0.463380798
1413393308.705760479 0.475890596 -1.756627012 0.819311130 0.521974652 0.628859237 0.346983419 -0.460088068
1413393308.755760431 0.449991600 -1.754499215 0.810696395 0.532662511 0.619757578 0.352076138 -0.456304271
1413393308.805760384 0.428536970 -1.751470604 0.801395165 0.541125837 0.610477299 0.358454883 -0.453883677
1413393308.855760574 0.406943330 -1.747933313 0.791174396 0.548400941 0.601423060 0.367138561 -0.450284341
1413393308.905760527 0.386291126 -1.743010589 0.779044575 0.555441388 0.592749371 0.375141224 -0.446544634
1413393308.955760479 0.367546907 -1.736858020 0.767308690 0.561708303 0.585014257 0.383310243 -0.441944972
1413393309.005760431 0.349068307 -1.732255364 0.755560814 0.568240706 0.576817979 0.391822689 -0.436873550
1413393309.055760384 0.330707156 -1.728436724 0.745007602 0.575251906 0.569738568 0.398103447 -0.431273526
1413393309.105760574 0.316168247 -1.722948396 0.736512948 0.581576115 0.562066769 0.404332515 -0.427042605
1413393309.155760527 0.300502000 -1.721247579 0.719523706 0.587346412 0.554447648 0.411021512 -0.422697662
1413393309.205760479 0.287839553 -1.720365633 0.705350960 0.591536817 0.547802308 0.416629293 -0.420020067
1413393309.255760431 0.273037366 -1.720979341 0.690496888 0.594601005 0.542953131 0.422855818 -0.415745714
1413393309.305760384 0.264755395 -1.716988083 0.684904194 0.596663163 0.541230895 0.426206046 -0.411595183
1413393309.355760574 0.251075669 -1.715620756 0.677565662 0.597228393 0.540352637 0.431514946 -0.406364523
1413393309.405760527 0.239957618 -1.712201099 0.674136857 0.597828832 0.541591199 0.433997508 -0.401155611
1413393309.455760479 0.226791374 -1.711855173 0.669345149 0.598304549 0.542584719 0.435966616 -0.396946596
1413393309.505760431 0.215907942 -1.712451007 0.663821519 0.598777326 0.544752515 0.435678920 -0.393566118
1413393309.555760384 0.204027136 -1.710700861 0.660777902 0.600391707 0.547263554 0.432751414 -0.390843464
1413393309.605760574 0.186407251 -1.711125967 0.656219474 0.602635771 0.550593559 0.429957077 -0.385763881
1413393309.655760527 0.177379279 -1.709104052 0.656318382 0.603301420 0.555314678 0.425135068 -0.383292551
1413393309.705760479 0.161700309 -1.709229301 0.651516130 0.604395352 0.557318265 0.422020583 -0.382101083
1413393309.755760431 0.146094046 -1.707704776 0.648608948 0.606378081 0.557088605 0.418463037 -0.383205683
1413393309.805760384 0.135461139 -1.701840602 0.650786319 0.608342538 0.557039014 0.412225751 -0.386906738
1413393309.855760574 0.121369198 -1.698367274 0.648564328 0.609918050 0.556017468 0.408284496 -0.390061940
1413393309.905760527 0.106373474 -1.694853632 0.642057836 0.610580887 0.554235480 0.406576051 -0.393331829
1413393309.955760479 0.097210440 -1.690771589 0.634974519 0.610747096 0.553537472 0.403377768 -0.397329369
1413393310.005760431 0.083376242 -1.684198769 0.635239551 0.612684973 0.551955059 0.400366907 -0.399586131
1413393310.055760384 0.072017796 -1.676051922 0.638331393 0.613221433 0.551657514 0.399001740 -0.400538477
1413393310.105760574 0.065636206 -1.670036038 0.635068934 0.610951200 0.551051678 0.400004669 -0.403827865
1413393310.155760527 0.054535966 -1.662265145 0.637217950 0.608547905 0.550936597 0.404069985 -0.403566303
1413393310.205760479 0.049867604 -1.653579054 0.638290522 0.603360861 0.553734415 0.409873698 -0.401668297
1413393310.255760431 0.047162309 -1.642968441 0.642698804 0.599165226 0.556660861 0.414505429 -0.399142791
1413393310.305760384 0.041572610 -1.633362636 0.645855756 0.596145550 0.558825422 0.419369658 -0.395542312
1413393310.355760574 0.042588538 -1.623058996 0.646369248 0.593364967 0.561319616 0.421613708 -0.393802217
1413393310.405760527 0.038429959 -1.612943875 0.644355362 0.591021025 0.562336703 0.425244870 -0.391967321
1413393310.455760479 0.035688006 -1.601511453 0.642992090 0.590787316 0.562168971 0.426099105 -0.391632414
1413393310.505760431 0.032843402 -1.590346827 0.643146662 0.592008693 0.561053090 0.424037376 -0.393620937
1413393310.555760384 0.029767217 -1.579581926 0.641961942 0.593430860 0.558976672 0.422321205 -0.396269724
1413393310.605760574 0.024814655 -1.570250075 0.639421896 0.595283220 0.556782366 0.419817398 -0.399230056
1413393310.655760527 0.018631317 -1.561019984 0.637740670 0.597683293 0.553821678 0.417078520 -0.402618600
1413393310.705760479 0.013943081 -1.550606323 0.637808270 0.600499742 0.551100883 0.413511647 -0.405827542
1413393310.755760431 0.011115173 -1.540418118 0.635804152 0.602870546 0.549535272 0.409599239 -0.408395093
1413393310.805760384 0.006643948 -1.531486694 0.632190001 0.604468528 0.547370878 0.408016628 -0.410518394
1413393310.855760574 0.003278249 -1.519953786 0.633894683 0.606700859 0.546527757 0.406303126 -0.410047862
1413393310.905760527 0.001517612 -1.508681268 0.634093034 0.606114959 0.548373723 0.408419872 -0.406330068
1413393310.955760479 0.001640277 -1.496525050 0.636077728 0.605361802 0.552144610 0.411595494 -0.399077145
1413393311.005760431 0.004492937 -1.485885665 0.632858579 0.604366522 0.554317598 0.415081465 -0.393929543
1413393311.055760384 0.006334772 -1.474664776 0.630070863 0.604432794 0.555745514 0.417846633 -0.388860016
1413393311.105760574 0.010135470 -1.463195557 0.623976490 0.604445737 0.556739137 0.419574165 -0.385544296
1413393311.155760527 0.015288201 -1.450162073 0.615375418 0.603609923 0.556491322 0.422259070 -0.384278215
1413393311.205760479 0.019354264 -1.436731399 0.604571526 0.605202367 0.554326073 0.422006444 -0.385179517
1413393311.255760431 0.023812150 -1.421128700 0.594291501 0.606824191 0.552714201 0.420492119 -0.386597712
1413393311.305760384 0.026013720 -1.406828626 0.578906587 0.607057374 0.551767680 0.421462481 -0.386527035
1413393311.355760574 0.027161860 -1.390787847 0.566451188 0.606940910 0.552185612 0.423211458 -0.384195060
1413393311.405760527 0.032806671 -1.374293108 0.556921454 0.606983776 0.552998669 0.423578160 -0.382550271
1413393311.455760479 0.038305032 -1.356849198 0.545947123 0.606763084 0.553896385 0.424247434 -0.380856231
1413393311.505760431 0.041854944 -1.337991058 0.535438567 0.606812374 0.554704468 0.424938267 -0.378826036
1413393311.555760384 0.045530300 -1.319232949 0.525689951 0.605125363 0.556635574 0.427220712 -0.376115136
1413393311.605760574 0.047127603 -1.299001487 0.518992375 0.604841985 0.557566697 0.428454574 -0.373780993
1413393311.655760527 0.052849709 -1.279354634 0.509331533 0.602938863 0.557150181 0.430132573 -0.375545432
1413393311.705760479 0.054120098 -1.256840654 0.505244915 0.601364306 0.556453677 0.432514284 -0.376366404
1413393311.755760431 0.056869112 -1.234311039 0.500659651 0.598386337 0.556213158 0.435356434 -0.378187110
1413393311.805760384 0.060176226 -1.211567827 0.499710124 0.595632040 0.556536192 0.436498357 -0.380734980
1413393311.855760574 0.060684178 -1.189672483 0.496849704 0.593527031 0.555994276 0.437514345 -0.383636843
1413393311.905760527 0.062611324 -1.167848573 0.493328138 0.590169658 0.557001144 0.438403262 -0.386331567
1413393311.955760479 0.061136681 -1.144465443 0.491422654 0.587886908 0.558169598 0.437595529 -0.389031921
1413393312.005760431 0.060045800 -1.120601405 0.491068040 0.583303670 0.559159842 0.439196205 -0.392687908
1413393312.055760384 0.058507304 -1.096697135 0.492870049 0.578854840 0.560970574 0.440863612 -0.394814341
1413393312.105760574 0.056003190 -1.075978991 0.492576865 0.574214823 0.561699252 0.443383607 -0.397721339
1413393312.155760527 0.053165218 -1.054282441 0.493233829 0.572162112 0.562951883 0.442636856 -0.399735298
1413393312.205760479 0.049179425 -1.034351403 0.492112461 0.570727643 0.564351977 0.441251155 -0.401340530
1413393312.255760431 0.044227537 -1.015399050 0.491011508 0.571233357 0.565374342 0.438670284 -0.402010805
1413393312.305760384 0.038578574 -0.997917667 0.488837675 0.573391933 0.562721123 0.434937828 -0.406688719
1413393312.355760574 0.034427737 -0.979327696 0.490596487 0.577224664 0.561412019 0.428056029 -0.410361144
1413393312.405760527 0.028200869 -0.962656361 0.488931892 0.581429677 0.559959383 0.421531240 -0.413154249
1413393312.455760479 0.023189171 -0.945340114 0.487962130 0.584776642 0.558520433 0.415378700 -0.416595416
1413393312.505760431 0.018292008 -0.928193399 0.485950941 0.588347535 0.557598884 0.410201048 -0.417930332
1413393312.555760384 0.013646096 -0.911719772 0.482136427 0.588387276 0.556931321 0.410446172 -0.418523424
1413393312.605760574 0.011353392 -0.895130895 0.482967602 0.585793348 0.558687907 0.413584034 -0.416727996
1413393312.655760527 0.008860066 -0.879916919 0.484398467 0.582740097 0.561527615 0.418186046 -0.412578655
1413393312.705760479 0.009486339 -0.863668076 0.485671909 0.581315697 0.564267802 0.420694285 -0.408277145
1413393312.755760431 0.009635751 -0.848037970 0.486258087 0.579883228 0.565495865 0.422573878 -0.406670858
1413393312.805760384 0.008950056 -0.831872515 0.486887865 0.579060609 0.566617899 0.423719258 -0.405086359
1413393312.855760574 0.009367619 -0.816515050 0.487487932 0.577698325 0.566835131 0.423811842 -0.406627719
1413393312.905760527 0.007956648 -0.801125222 0.487743737 0.575056696 0.566355241 0.425478729 -0.409291326
1413393312.955760479 0.007573330 -0.787422715 0.487660520 0.573725405 0.565356831 0.424829431 -0.413195799
1413393313.005760431 0.006312423 -0.772666664 0.494031370 0.570594965 0.563880791 0.425795145 -0.418519216
1413393313.055760384 0.004472216 -0.760002441 0.495079536 0.568596896 0.567561884 0.424427050 -0.417651477
1413393313.105760574 0.002246856 -0.747331031 0.499861599 0.566353105 0.573415074 0.423701797 -0.413420005
1413393313.155760527 0.001212453 -0.735436428 0.503971183 0.565351895 0.579243271 0.421315344 -0.409081713
1413393313.205760479 -0.001526135 -0.724433523 0.507938910 0.562441381 0.584492465 0.420828549 -0.406117696
1413393313.255760431 -0.001449240 -0.713486423 0.512400240 0.561325127 0.588780853 0.418276433 -0.404099039
1413393313.305760384 -0.000856002 -0.702863665 0.517303943 0.560443948 0.591217899 0.414184985 -0.405973859
1413393313.355760574 -0.001030904 -0.690146686 0.523670304 0.560383229 0.593400481 0.410206143 -0.406912063
1413393313.405760527 -0.000055261 -0.678088854 0.529228328 0.560444393 0.593421286 0.407752160 -0.409257176
1413393313.455760479 -0.000696020 -0.666790966 0.534760599 0.560885178 0.591915161 0.406088173 -0.412476247
1413393313.505760431 0.000912259 -0.656607721 0.538642666 0.560564628 0.588980189 0.404776489 -0.418360644
1413393313.555760384 0.000248347 -0.647661641 0.538326561 0.559760048 0.583817710 0.407195643 -0.424284431
1413393313.605760574 0.002648896 -0.639498134 0.535966638 0.561333181 0.576308446 0.407941026 -0.431691735
1413393313.655760527 0.003931849 -0.631298632 0.534664261 0.561394477 0.570359865 0.410683034 -0.436881346
1413393313.705760479 0.005372890 -0.623428178 0.533504509 0.560861682 0.565006898 0.416761355 -0.438761157
1413393313.755760431 0.010251194 -0.616264830 0.533487275 0.560526435 0.560660597 0.423942965 -0.437883743
1413393313.805760384 0.014282671 -0.609279361 0.535885853 0.559554556 0.559617233 0.430685170 -0.433863499
1413393313.855760574 0.020735541 -0.605258292 0.535704350 0.561289874 0.558426921 0.435777286 -0.428031783
1413393313.905760527 0.029318814 -0.602542456 0.533131007 0.567033514 0.559686778 0.436266153 -0.418205151
1413393313.955760479 0.039911531 -0.602622619 0.529980027 0.573379642 0.560691029 0.434865828 -0.409576693
1413393314.005760431 0.051035574 -0.603481497 0.530887860 0.581166009 0.560757570 0.431976639 -0.401488731
1413393314.055760384 0.063346807 -0.604017632 0.532268624 0.589715184 0.559996557 0.427830498 -0.394462828
1413393314.105760574 0.074508674 -0.607614734 0.530377385 0.592291895 0.559086833 0.427524887 -0.392217663
1413393314.155760527 0.084768453 -0.610363479 0.529912094 0.592911405 0.558687523 0.428836726 -0.390414370
1413393314.205760479 0.093831579 -0.610308578 0.532233384 0.592364270 0.559891190 0.430373793 -0.387820610
1413393314.255760431 0.105455076 -0.608214185 0.535791542 0.591230704 0.562826692 0.429373777 -0.386407206
1413393314.305760384 0.116241516 -0.608006214 0.536568294 0.587928214 0.565575950 0.428663526 -0.388216230
1413393314.355760574 0.126812168 -0.607583442 0.536799357 0.582922942 0.570364028 0.427573542 -0.389957159
1413393314.405760527 0.137479650 -0.604901862 0.537740585 0.577953756 0.577240875 0.424214592 -0.390902045
1413393314.455760479 0.144637350 -0.603403764 0.538304848 0.571677971 0.584353423 0.421485238 -0.392511871
1413393314.505760431 0.153058932 -0.601939084 0.537350874 0.564201003 0.592436769 0.416677156 -0.396328211
1413393314.555760384 0.159153185 -0.598636754 0.538835918 0.555917948 0.601048925 0.411496024 -0.400457795
1413393314.605760574 0.163943443 -0.594645870 0.541590986 0.548273033 0.610540874 0.405114651 -0.403136008
1413393314.655760527 0.169521340 -0.590713451 0.542226113 0.538634546 0.620877191 0.397926718 -0.407478424
1413393314.705760479 0.174057856 -0.585956597 0.541261998 0.530094962 0.629678733 0.391360247 -0.411510852
1413393314.755760431 0.176767584 -0.581077763 0.539995745 0.524355898 0.636479506 0.384692468 -0.414676302
1413393314.805760384 0.179610928 -0.574673051 0.539008931 0.517471983 0.643963547 0.378095449 -0.417824759
1413393314.855760574 0.180586561 -0.568129297 0.537157088 0.510868600 0.650517801 0.371642319 -0.421570694
1413393314.905760527 0.178472538 -0.561732383 0.534201584 0.505139918 0.655966396 0.366690572 -0.424358075
1413393314.955760479 0.179306176 -0.552168497 0.531146585 0.498064576 0.662009475 0.359235349 -0.429680227
1413393315.005760431 0.177655148 -0.540440980 0.529060470 0.492861365 0.667587139 0.351608035 -0.433343832
1413393315.055760384 0.173892844 -0.529572354 0.525767677 0.488977083 0.670644300 0.346900773 -0.436803719
1413393315.105760574 0.171882934 -0.516801551 0.522259323 0.484162646 0.673985989 0.341907199 -0.440940909
1413393315.155760527 0.168947488 -0.503812482 0.517658412 0.480524847 0.677142077 0.339041676 -0.442295401
1413393315.205760479 0.163975121 -0.486437810 0.515621546 0.476590822 0.680276186 0.338946090 -0.441815626
1413393315.255760431 0.160121003 -0.470326939 0.510131733 0.472555669 0.682120779 0.340896455 -0.441805376
1413393315.305760384 0.156110140 -0.453582950 0.503081258 0.468166743 0.683164592 0.344840853 -0.441804060
1413393315.355760574 0.149876023 -0.436586603 0.498432308 0.463787262 0.683266327 0.350951379 -0.441453997
1413393315.405760527 0.143786772 -0.417861107 0.493123833 0.459636585 0.683575752 0.356448853 -0.440911120
1413393315.455760479 0.136006642 -0.402237982 0.486032866 0.454533453 0.681938806 0.364559785 -0.442102893
1413393315.505760431 0.126292168 -0.382360340 0.480760863 0.453909712 0.680541198 0.366879618 -0.442977423
1413393315.555760384 0.114426002 -0.363406027 0.476959114 0.453851547 0.678772667 0.369724348 -0.443385101
1413393315.605760574 0.101464356 -0.346389621 0.471793872 0.454643535 0.675613659 0.370631296 -0.446629469
1413393315.655760527 0.085468792 -0.330980885 0.470167140 0.454483509 0.672331548 0.371223324 -0.451229734
1413393315.705760479 0.069540996 -0.316347316 0.470311925 0.456134750 0.669844182 0.370639117 -0.453736164
1413393315.755760431 0.051429422 -0.304632181 0.472517701 0.458621924 0.665949558 0.369800524 -0.457629424
1413393315.805760384 0.033717427 -0.291802325 0.481399130 0.461933342 0.665120348 0.364458263 -0.459785476
1413393315.855760574 0.010795767 -0.280801246 0.498080267 0.465293672 0.663270738 0.360973531 -0.461813638
1413393315.905760527 -0.008150452 -0.271279072 0.514704370 0.467971909 0.662529773 0.357719037 -0.462702586
1413393315.955760479 -0.028492065 -0.260997323 0.532446063 0.468687420 0.662685397 0.355035704 -0.463820888
1413393316.005760431 -0.050829353 -0.249274776 0.547449820 0.470378819 0.662666562 0.354959431 -0.462191083
1413393316.055760384 -0.070293304 -0.240212332 0.560358775 0.469917848 0.662501419 0.355250709 -0.462672692
1413393316.105760574 -0.089658570 -0.231200021 0.574334600 0.467844636 0.664610021 0.355768506 -0.461349853
1413393316.155760527 -0.108719928 -0.224216341 0.589501527 0.466031623 0.664360431 0.359839222 -0.460386228
1413393316.205760479 -0.126640450 -0.213012848 0.607622464 0.463787672 0.665669199 0.361031007 -0.459828363
1413393316.255760431 -0.146149111 -0.205044895 0.625903067 0.461109171 0.666882598 0.362472432 -0.459629926
1413393316.305760384 -0.165563748 -0.197711128 0.644248929 0.460280296 0.666871792 0.362923939 -0.460119851
1413393316.355760574 -0.185618132 -0.191971488 0.661918759 0.459563158 0.667760212 0.361156416 -0.460938224
1413393316.405760527 -0.206078116 -0.187397905 0.679457022 0.459049962 0.668272055 0.359846020 -0.461731995
1413393316.455760479 -0.228225137 -0.181902556 0.695724889 0.460560576 0.669053657 0.357473295 -0.460938178
1413393316.505760431 -0.251903814 -0.179443289 0.713262027 0.460219387 0.669570905 0.355683950 -0.461911081
1413393316.555760384 -0.274880440 -0.173470513 0.732964007 0.461108247 0.671058924 0.353346715 -0.460657361
1413393316.605760574 -0.296964344 -0.169338039 0.749563985 0.461264520 0.672312253 0.351574671 -0.460028833
1413393316.655760527 -0.321124670 -0.169035561 0.764903411 0.460993903 0.673588831 0.349784598 -0.459797175
1413393316.705760479 -0.345187577 -0.168749409 0.776223621 0.460472575 0.674962244 0.348739793 -0.459098611
1413393316.755760431 -0.367711269 -0.167044932 0.785665064 0.459933232 0.677043915 0.347073020 -0.457835426
1413393316.805760384 -0.391030918 -0.164517941 0.793362848 0.459434424 0.678413801 0.345392381 -0.457579312
1413393316.855760574 -0.413414824 -0.160637406 0.798124910 0.458323029 0.680541802 0.343971744 -0.456602996
1413393316.905760527 -0.435938612 -0.157365123 0.801042051 0.456923685 0.681771260 0.343813831 -0.456290198
1413393316.955760479 -0.461562539 -0.156710277 0.798200800 0.455654577 0.682954758 0.342506533 -0.456772350
1413393317.005760431 -0.486008004 -0.153301380 0.794502036 0.453770567 0.683879760 0.341913394 -0.457707305
1413393317.055760384 -0.511284083 -0.149741828 0.787160257 0.452099061 0.683283534 0.344040365 -0.458657038
1413393317.105760574 -0.533822507 -0.148765101 0.777429262 0.449394490 0.682491521 0.345007181 -0.461757470
1413393317.155760527 -0.558229339 -0.144833365 0.767550603 0.446993280 0.682086991 0.346199060 -0.463789343
1413393317.205760479 -0.582734020 -0.143227283 0.757072713 0.444500623 0.680100889 0.349797302 -0.466394494
1413393317.255760431 -0.606787978 -0.142568243 0.747815869 0.443157241 0.678599015 0.351159629 -0.468830407
1413393317.305760384 -0.629780025 -0.143964077 0.741888820 0.441765031 0.677063807 0.351657878 -0.471979868
1413393317.355760574 -0.653702649 -0.139799788 0.738920333 0.443552966 0.675499212 0.351348536 -0.472774563
1413393317.405760527 -0.675968912 -0.142688041 0.734508838 0.443200019 0.673262402 0.353871562 -0.474411634
1413393317.455760479 -0.700206297 -0.142803453 0.730126201 0.442405045 0.673902470 0.353904252 -0.474220431
1413393317.505760431 -0.723239880 -0.143789601 0.724879319 0.442874396 0.673042980 0.355197800 -0.474035800
1413393317.555760384 -0.744958263 -0.144778779 0.718709731 0.443601022 0.671883432 0.355633001 -0.474674579
1413393317.605760574 -0.767255919 -0.147508903 0.707596919 0.443915211 0.672344177 0.355149717 -0.474089940
1413393317.655760527 -0.790809212 -0.147937481 0.694351062 0.445598804 0.671752863 0.355269618 -0.473258171
1413393317.705760479 -0.813480861 -0.151388527 0.679775253 0.447335476 0.670874239 0.354514064 -0.473432684
1413393317.755760431 -0.838693970 -0.164431456 0.665633040 0.447722996 0.670820462 0.354246327 -0.473342969
1413393317.805760384 -0.863231215 -0.171779416 0.652359782 0.450304242 0.670379488 0.353940500 -0.471745222
1413393317.855760574 -0.885957621 -0.182070574 0.641315612 0.451029894 0.670959366 0.354276172 -0.469972295
1413393317.905760527 -0.907774823 -0.191901661 0.628891202 0.451333574 0.671242239 0.355948821 -0.468008866
1413393317.955760479 -0.929534134 -0.202676828 0.618283042 0.453065270 0.671374904 0.356346059 -0.465838047
1413393318.005760431 -0.953062151 -0.211414186 0.606189047 0.454903751 0.672198534 0.357264442 -0.462140483
1413393318.055760384 -0.975502195 -0.225048693 0.593435974 0.457554606 0.671624708 0.356788312 -0.460723490
1413393318.105760574 -0.995707355 -0.235405316 0.582955666 0.460938265 0.670759330 0.355139724 -0.459884348
1413393318.155760527 -1.017650860 -0.247195883 0.568864912 0.464626313 0.670073608 0.353408261 -0.458504472
1413393318.205760479 -1.041026180 -0.260980685 0.555665144 0.468769856 0.667835033 0.351728405 -0.458844549
1413393318.255760431 -1.063968612 -0.277140969 0.542638318 0.472342757 0.665851610 0.348391387 -0.460605466
1413393318.305760384 -1.088404449 -0.287983132 0.529245984 0.476699013 0.663397757 0.345837038 -0.461582290
1413393318.355760574 -1.111303768 -0.300779235 0.514821450 0.479576529 0.661254607 0.344313760 -0.462813929
1413393318.405760527 -1.132912367 -0.316462776 0.500350325 0.480823440 0.660162643 0.342825108 -0.464182130
1413393318.455760479 -1.151957501 -0.327298408 0.485064221 0.482247636 0.657918702 0.342527367 -0.466106428
1413393318.505760431 -1.172527845 -0.336061249 0.468372084 0.483840833 0.656931644 0.342437661 -0.465913417
1413393318.555760384 -1.191112499 -0.347746787 0.452180872 0.484031127 0.656496717 0.342193074 -0.466508123
1413393318.605760574 -1.210061340 -0.358640418 0.435458750 0.484817263 0.655951314 0.341916200 -0.466661984
1413393318.655760527 -1.227626135 -0.369411123 0.419848799 0.485289213 0.654540586 0.342964245 -0.467382636
1413393318.705760479 -1.242932651 -0.382459789 0.404937079 0.484989524 0.654220946 0.342437681 -0.468525933
1413393318.755760431 -1.258440628 -0.393478169 0.392127352 0.484756378 0.654385943 0.342512320 -0.468482232
1413393318.805760384 -1.272657835 -0.406064491 0.379696748 0.482905557 0.654680295 0.344255286 -0.468704846
1413393318.855760574 -1.285070746 -0.413948914 0.368963920 0.481131995 0.653134162 0.347539845 -0.470259318
1413393318.905760527 -1.294988429 -0.423127104 0.360085803 0.478118730 0.651660803 0.350319371 -0.473304359
1413393318.955760479 -1.305724450 -0.436230276 0.354064406 0.474822285 0.650095148 0.353495336 -0.476404391
1413393319.005760431 -1.315710817 -0.447223387 0.348560727 0.472857261 0.648251411 0.356657569 -0.478509663
1413393319.055760384 -1.323858110 -0.459573000 0.342868216 0.471832619 0.649045220 0.356826630 -0.478318970
1413393319.105760574 -1.332342059 -0.471125862 0.337861145 0.473343081 0.650070046 0.354652755 -0.477049983
1413393319.155760527 -1.339167846 -0.485281103 0.333859396 0.475347357 0.652957246 0.351055934 -0.473763080
1413393319.205760479 -1.346383651 -0.502797060 0.331492802 0.476331304 0.655792896 0.347716147 -0.471314807
1413393319.255760431 -1.352649730 -0.516360881 0.329739865 0.478662235 0.658220676 0.344580583 -0.467859197
1413393319.305760384 -1.357001920 -0.530141241 0.327778277 0.480950696 0.660471253 0.340925345 -0.465009743
1413393319.355760574 -1.360844239 -0.544465533 0.325143645 0.482691404 0.662705281 0.338226517 -0.461988683
1413393319.405760527 -1.364531256 -0.558560145 0.322265819 0.483507814 0.664738301 0.336679607 -0.459336507
1413393319.455760479 -1.367567859 -0.572592121 0.318833204 0.483893914 0.666089885 0.335086345 -0.458135445
1413393319.505760431 -1.369221310 -0.586303923 0.314648741 0.485914586 0.668487180 0.330532203 -0.455807381
1413393319.555760384 -1.372664932 -0.597144559 0.307546031 0.489659131 0.669611006 0.325751696 -0.453586672
1413393319.605760574 -1.373148692 -0.607181183 0.299700190 0.492655526 0.671249753 0.319892822 -0.452087253
1413393319.655760527 -1.374000829 -0.615366933 0.290073651 0.495749285 0.672546347 0.315282722 -0.450012070
1413393319.705760479 -1.375279222 -0.622453967 0.281708468 0.496667541 0.673390016 0.313605693 -0.448908353
1413393319.755760431 -1.377324766 -0.630506227 0.269782099 0.492641752 0.674986088 0.317897054 -0.447927838
1413393319.805760384 -1.378210980 -0.633790630 0.258390375 0.487194257 0.676403231 0.325082179 -0.446589299
1413393319.855760574 -1.378994901 -0.636001131 0.245938170 0.480774577 0.677542944 0.331888063 -0.446812800
1413393319.905760527 -1.379772580 -0.634971408 0.231767656 0.475338287 0.678102238 0.338539046 -0.446790982
1413393319.955760479 -1.380892925 -0.632762863 0.217107904 0.471167706 0.678558794 0.342976767 -0.447130734
1413393320.005760431 -1.382953839 -0.629289154 0.203510876 0.467802192 0.678756153 0.346732813 -0.447467932
1413393320.055760384 -1.384612465 -0.626950474 0.189506391 0.465032543 0.678372767 0.349850433 -0.448508413
1413393320.105760574 -1.388019019 -0.624188657 0.170893985 0.461753722 0.676295893 0.353750340 -0.451960245
1413393320.155760527 -1.390867376 -0.620489043 0.153135048 0.458432002 0.673430317 0.358466893 -0.455887260
1413393320.205760479 -1.394851272 -0.615108455 0.137067607 0.457348879 0.670717570 0.360805588 -0.459117928
1413393320.255760431 -1.399085377 -0.612500650 0.118655447 0.456753525 0.669005859 0.362373017 -0.460969820
1413393320.305760384 -1.404330061 -0.610507007 0.102892117 0.458296494 0.668071486 0.362225743 -0.460909236
1413393320.355760574 -1.409731095 -0.607109655 0.093023612 0.460584309 0.668464927 0.361109926 -0.458929578
1413393320.405760527 -1.413248439 -0.605906066 0.086087687 0.463550818 0.670060389 0.357721906 -0.456261715
1413393320.455760479 -1.408596613 -0.609243617 0.080340615 0.466752208 0.671498719 0.355532751 -0.452579617
1413393320.505760431 -1.405885931 -0.611920140 0.083196645 0.468288801 0.673683972 0.355267262 -0.447929323
1413393320.555760384 -1.406745808 -0.613711304 0.093284173 0.470098851 0.675205527 0.353706858 -0.444967444
1413393320.605760574 -1.409428347 -0.614255604 0.094420701 0.471012240 0.675168460 0.354357114 -0.443538111
1413393320.655760527 -1.412845223 -0.614450280 0.088373583 0.470883925 0.676235687 0.355855023 -0.440841045
1413393320.705760479 -1.418756832 -0.614699357 0.072037237 0.471304403 0.676285624 0.355989154 -0.440206356
1413393320.755760431 -1.427541518 -0.613969204 0.049923714 0.471479107 0.675014794 0.357060967 -0.441100834
1413393320.805760384 -1.436650484 -0.612917880 0.019875609 0.471607143 0.673025782 0.357246654 -0.443844372
1413393320.855760574 -1.442759411 -0.614094605 0.000953966 0.465626496 0.664439511 0.365594037 -0.456128384
1413393320.905760527 -1.441525646 -0.615300803 0.006598578 0.466388048 0.664642970 0.366743537 -0.454126733
1413393320.955760479 -1.440322751 -0.618100041 -0.005364754 0.469838958 0.674769430 0.362852952 -0.438492080
1413393321.005760431 -1.440167270 -0.620957182 -0.025659605 0.470115267 0.682337852 0.361380708 -0.427563650
1413393321.055760384 -1.442751777 -0.623690867 -0.054188637 0.469168219 0.683832408 0.360457138 -0.426995400
1413393321.105760574 -1.446907548 -0.625478288 -0.093230713 0.468776043 0.676606278 0.361106894 -0.438240547
1413393321.155760527 -1.450726236 -0.626179558 -0.130937287 0.466609812 0.659962177 0.363603872 -0.463160266
1413393321.205760479 -1.457012747 -0.626896264 -0.139703882 0.459823707 0.655871774 0.373975803 -0.467478847
1413393321.255760431 -1.466684147 -0.625543241 -0.161055188 0.461661424 0.661593202 0.375266448 -0.456440859
1413393321.305760384 -1.476478434 -0.622918394 -0.198412684 0.471888799 0.665468882 0.369600693 -0.444822950
1413393321.355760574 -1.486315276 -0.618816570 -0.231204119 0.475467504 0.661011471 0.364520483 -0.451795646
1413393321.405760527 -1.496496525 -0.617701112 -0.253002639 0.472124887 0.658663772 0.368556759 -0.455440492
1413393321.455760479 -1.511054358 -0.616553506 -0.280892421 0.470110270 0.658097876 0.370789861 -0.456528640
1413393321.505760431 -1.525392575 -0.612669639 -0.309808088 0.470257220 0.660182642 0.370619352 -0.453495670
1413393321.555760384 -1.539489716 -0.608411426 -0.336837896 0.472826364 0.659886917 0.367350359 -0.453914310
1413393321.605760574 -1.555369283 -0.604501520 -0.365071682 0.472005689 0.659943837 0.368356897 -0.453869979
1413393321.655760527 -1.572963045 -0.601124817 -0.391989309 0.471036477 0.659339613 0.369773654 -0.454602417
1413393321.705760479 -1.590745744 -0.596338631 -0.419513439 0.471390874 0.659170115 0.369514102 -0.454691908
1413393321.755760431 -1.610243183 -0.591554693 -0.447736232 0.471798506 0.659930243 0.368564522 -0.453936601
1413393321.805760384 -1.630428729 -0.586642964 -0.474507859 0.471504582 0.659643577 0.368939245 -0.454354063
1413393321.855760574 -1.652072690 -0.581692579 -0.502090447 0.471400907 0.659579181 0.369262149 -0.454292805
1413393321.905760527 -1.674309473 -0.576077335 -0.529381933 0.471660152 0.659493032 0.368728969 -0.454581774
1413393321.955760479 -1.698833440 -0.570386987 -0.557437776 0.471757755 0.659842369 0.368855915 -0.453870006
1413393322.005760431 -1.723291811 -0.564307292 -0.584742825 0.471376963 0.659331312 0.369547359 -0.454445518
1413393322.055760384 -1.749406450 -0.558049154 -0.612368801 0.471369587 0.659622654 0.369250294 -0.454271821
1413393322.105760574 -1.776107939 -0.551120306 -0.639973678 0.471438837 0.659618575 0.369481997 -0.454017414
1413393322.155760527 -1.804004141 -0.544066467 -0.667591862 0.471312783 0.659702166 0.369231323 -0.454230715
1413393322.205760479 -1.833768650 -0.536815203 -0.695061042 0.471184870 0.659566196 0.369296215 -0.454508038
1413393322.255760431 -1.864746878 -0.529105583 -0.722835418 0.471287429 0.659598284 0.369547203 -0.454150996
1413393322.305760384 -1.897269620 -0.521220935 -0.750612881 0.471302741 0.659631610 0.369225695 -0.454348161
1413393322.355760574 -1.931366446 -0.513278513 -0.778616334 0.470949281 0.659760235 0.369155256 -0.454585090
1413393322.405760527 -1.966455531 -0.504866923 -0.806757744 0.471217842 0.659599217 0.369408251 -0.454334857
1413393322.455760479 -2.002899294 -0.496201748 -0.834826633 0.471445848 0.659561191 0.369389491 -0.454168747
1413393322.505760431 -2.041296291 -0.487500943 -0.863022682 0.471186986 0.659706391 0.369255347 -0.454335549
1413393322.555760384 -2.080949124 -0.478324289 -0.891331574 0.471154805 0.659748334 0.369300505 -0.454271310
1413393322.605760574 -2.121561311 -0.468861250 -0.919679354 0.471310474 0.659532236 0.369728936 -0.454075083
1413393322.655760527 -2.163490333 -0.458936071 -0.948294038 0.471418556 0.659513726 0.369725723 -0.453992379
1413393322.705760479 -2.207262059 -0.448862219 -0.976809981 0.471372106 0.659590044 0.369659632 -0.453983555
1413393322.755760431 -2.252649113 -0.438505087 -1.005320052 0.471322358 0.659690571 0.369550719 -0.453977810
1413393322.805760384 -2.299069137 -0.427947090 -1.034009863 0.471172328 0.659734586 0.369741877 -0.453913932
1413393322.855760574 -2.346638401 -0.416913783 -1.062753241 0.471267458 0.659665339 0.369919571 -0.453771015
1413393322.905760527 -2.395663875 -0.405548993 -1.091709307 0.471408632 0.659540537 0.369968719 -0.453765721
1413393322.955760479 -2.446095991 -0.394004372 -1.120462619 0.471449959 0.659400549 0.370034071 -0.453872932
1413393323.005760431 -2.498252462 -0.382237373 -1.149478715 0.471293516 0.659553397 0.369957396 -0.453875823
1413393323.055760384 -2.551587744 -0.370202372 -1.178739653 0.471101768 0.659733799 0.369854078 -0.453896904
1413393323.105760574 -2.606136145 -0.357939281 -1.207873347 0.470996527 0.659886209 0.369759588 -0.453861553
1413393323.155760527 -2.661845376 -0.345391595 -1.236913027 0.470943133 0.659948936 0.369672071 -0.453897045
1413393323.205760479 -2.718763855 -0.332453729 -1.266022617 0.470887577 0.660014000 0.369647676 -0.453879946
1413393323.255760431 -2.776996729 -0.319140537 -1.295147267 0.470889101 0.660011261 0.369660772 -0.453871681
1413393323.305760384 -2.836520209 -0.305485849 -1.324373946 0.470809670 0.660010576 0.369627607 -0.453982077
1413393323.355760574 -2.897285416 -0.291344586 -1.353853949 0.470687599 0.660081412 0.369668215 -0.453972602
1413393323.405760527 -2.959487773 -0.276846470 -1.383264405 0.470685345 0.660095972 0.369636016 -0.453979988
1413393323.455760479 -3.023082575 -0.262114235 -1.412862996 0.470649520 0.660196284 0.369546352 -0.453944258
1413393323.505760431 -3.088017530 -0.247037189 -1.443064342 0.470575066 0.660162506 0.369612313 -0.454016862
1413393323.555760384 -3.154572236 -0.231642119 -1.473676047 0.470631147 0.660161808 0.369635772 -0.453940643
1413393323.605760574 -3.159111222 -0.230550719 -1.479877994 0.470538151 0.660182182 0.369631869 -0.454010590
1413393323.655760527 -3.162302071 -0.229813317 -1.483181653 0.470554972 0.660215237 0.369690627 -0.453897234
1413393323.705760479 -3.164878236 -0.229280445 -1.484874344 0.470535292 0.660208821 0.369723970 -0.453899811
1413393323.755760431 -3.167273856 -0.228792137 -1.485773352 0.470543716 0.660237144 0.369728161 -0.453846463
1413393323.805760384 -3.169399084 -0.228372186 -1.486220392 0.470529314 0.660281447 0.369728060 -0.453797021
1413393323.855760574 -3.171387520 -0.227965330 -1.486451425 0.470460159 0.660303218 0.369814250 -0.453766812
1413393323.905760527 -3.173373614 -0.227529242 -1.486697861 0.470524926 0.660306065 0.369833821 -0.453679556
1413393323.955760479 -3.175286880 -0.227139528 -1.486859606 0.470521176 0.660344787 0.369835817 -0.453625456
1413393324.005760431 -3.177098294 -0.226766925 -1.487040262 0.470485354 0.660378167 0.369881724 -0.453576585
1413393324.055760384 -3.178921449 -0.226410151 -1.487093446 0.470557188 0.660337803 0.369894583 -0.453550345
1413393324.105760574 -3.180730146 -0.226014050 -1.487213045 0.470572868 0.660411942 0.369833239 -0.453476150
1413393324.155760527 -3.182628451 -0.225635046 -1.487309430 0.470587299 0.660415198 0.369854606 -0.453439003
1413393324.205760479 -3.184503653 -0.225240044 -1.487411026 0.470517666 0.660423673 0.369916790 -0.453448196
1413393324.255760431 -3.186357048 -0.224807835 -1.487553239 0.470530746 0.660443593 0.369869163 -0.453444462
1413393324.305760384 -3.188175624 -0.224337098 -1.487629035 0.470518417 0.660473344 0.369831447 -0.453444684
1413393324.355760574 -3.190038759 -0.223895672 -1.487658103 0.470424612 0.660447723 0.369925705 -0.453502439
1413393324.405760527 -3.191886539 -0.223506014 -1.487816497 0.470457576 0.660462788 0.369824840 -0.453528569
1413393324.455760479 -3.193736816 -0.223091802 -1.488061933 0.470418307 0.660490096 0.369870658 -0.453492167
1413393324.505760431 -3.195502720 -0.222736762 -1.488188650 0.470364679 0.660539540 0.369909359 -0.453444209
1413393324.555760384 -3.197384414 -0.222371504 -1.488222590 0.470369284 0.660556801 0.369945387 -0.453384892
1413393324.605760574 -3.199260406 -0.222019149 -1.488234959 0.470380520 0.660593809 0.369904297 -0.453352839
1413393324.655760527 -3.201198729 -0.221660203 -1.488238343 0.470351784 0.660600764 0.369953430 -0.453332427
1413393324.705760479 -3.203202936 -0.221303348 -1.488343375 0.470348092 0.660670434 0.369951017 -0.453236688
1413393324.755760431 -3.205075323 -0.220956687 -1.488435126 0.470342009 0.660738098 0.369899554 -0.453186364
1413393324.805760384 -3.206857546 -0.220600541 -1.488528048 0.470321458 0.660666258 0.369948405 -0.453272545
1413393324.855760574 -3.208698626 -0.220168235 -1.488824041 0.470293922 0.660699428 0.369946754 -0.453254114
1413393324.905760527 -3.210571279 -0.219805088 -1.489009379 0.470295965 0.660645443 0.369991563 -0.453294106
1413393324.955760479 -3.212408889 -0.219458347 -1.489296274 0.470146393 0.660704244 0.370040325 -0.453323758
1413393325.005760431 -3.214365471 -0.218920970 -1.489833527 0.470056536 0.660767496 0.370095765 -0.453279487
1413393325.055760384 -3.216302941 -0.218469720 -1.490249215 0.469981641 0.660757222 0.370291877 -0.453211955
1413393325.105760574 -3.218268882 -0.218098508 -1.490555492 0.469833788 0.660673753 0.370274934 -0.453500692
1413393325.155760527 -3.221463112 -0.217595820 -1.490783317 0.469759390 0.660819201 0.370378600 -0.453281141
1413393325.205760479 -3.225897892 -0.216963106 -1.491085257 0.469805143 0.660963934 0.370155413 -0.453205004
1413393325.255760431 -3.231545207 -0.216030527 -1.491374854 0.469726006 0.660896938 0.370365698 -0.453212938
1413393325.305760384 -3.238163553 -0.214706133 -1.491735441 0.469730751 0.660827217 0.370487927 -0.453209782
1413393325.355760574 -3.245559087 -0.212962484 -1.492004931 0.469785852 0.660730144 0.370628191 -0.453179517
1413393325.405760527 -3.253596425 -0.210829150 -1.492386039 0.469698210 0.660857675 0.370496882 -0.453191775
1413393325.455760479 -3.262286901 -0.208145663 -1.492497061 0.469826046 0.660727998 0.370771885 -0.453023409
1413393325.505760431 -3.272254882 -0.205102451 -1.492685060 0.469734917 0.660806321 0.370790490 -0.452988439
1413393325.555760384 -3.284158387 -0.201802776 -1.492981229 0.469506918 0.661027136 0.370441705 -0.453187955
1413393325.605760574 -3.297786315 -0.198250788 -1.493423211 0.469384477 0.661154655 0.370408455 -0.453155947
1413393325.655760527 -3.313203049 -0.194520460 -1.493943853 0.469215930 0.661345692 0.370208710 -0.453214957
1413393325.705760479 -3.330519355 -0.190604106 -1.494513687 0.468888393 0.661602194 0.369978285 -0.453367710
1413393325.755760431 -3.349712011 -0.186493330 -1.495051324 0.468881999 0.661580735 0.370064289 -0.453335443
1413393325.805760384 -3.370533758 -0.182108699 -1.495844457 0.469101893 0.661409405 0.370225993 -0.453225912
1413393325.855760574 -3.393194393 -0.177550349 -1.496845665 0.469158974 0.661352826 0.370340679 -0.453155689
1413393325.905760527 -3.417370875 -0.172678432 -1.497974225 0.469196554 0.661291991 0.370460782 -0.453107388
1413393325.955760479 -3.442949740 -0.167475565 -1.499130158 0.469263126 0.661265670 0.370517710 -0.453030307
1413393326.005760431 -3.470140937 -0.161996116 -1.500302573 0.469203038 0.661299917 0.370534946 -0.453028458
1413393326.055760384 -3.498601216 -0.156199895 -1.501571619 0.469319666 0.661189683 0.370662298 -0.452964363
1413393326.105760574 -3.528447254 -0.150137007 -1.502994401 0.469257505 0.661245175 0.370606547 -0.452993378
1413393326.155760527 -3.559800192 -0.143730472 -1.504483665 0.469219064 0.661248384 0.370627028 -0.453011756
1413393326.205760479 -3.592488419 -0.137025659 -1.506067556 0.469146845 0.661308895 0.370595492 -0.453024023
