timestamp_ns,tx,ty,tz,qx,qy,qz,qw
1413393213705760512,-0.000003305131,-0.000003664949,-0.000004416654,-0.007629830940,-0.797940109516,0.000046924965,0.602688447794
1413393213755760384,-0.000039136301,0.000070998412,-0.000066530871,-0.007627729043,-0.798007103343,0.000163955823,0.602599746003
1413393213805760256,-0.000026316641,0.000378856763,-0.000049492338,-0.007729652949,-0.798009242538,0.000070017801,0.602595632565
1413393213855760640,-0.003313769300,-0.000181222412,0.000349424073,-0.007770556738,-0.797967152410,0.000065024615,0.602650842441
1413393213905760512,-0.000855704291,0.000506013382,0.001332934716,-0.007651826075,-0.798078955153,0.000195159658,0.602504267879
1413393213955760384,-0.001615547906,0.000522261501,0.000711185660,-0.007305456051,-0.798025211610,0.000245304551,0.602579730636
1413393214005760512,-0.001397283067,0.000631395149,0.000501717248,-0.008735843050,-0.797839865106,-0.000269406242,0.602806073389
1413393214055760384,-0.001009001585,0.001224452780,0.000174344861,-0.010062165476,-0.797635584893,-0.001011824599,0.603054891986
1413393214105760512,-0.000635128469,0.001294607310,0.000464439100,-0.010071562000,-0.797809091885,-0.000757333698,0.602825549384
1413393214155760640,-0.000511802931,0.000967174957,0.000581521211,-0.010140927651,-0.797641456240,-0.000576637975,0.603046379943
1413393214205760512,-0.000441790620,0.000517574748,0.001045938778,-0.010138594151,-0.797772149749,-0.000200316860,0.602873756160
1413393214255760384,-0.000542909510,0.000299224176,0.001192472839,-0.009786566668,-0.797730692303,-0.000145822110,0.602934444534
1413393214305760256,-0.000541736213,0.000070713273,0.001163127856,-0.009469245928,-0.797802164160,-0.000216445362,0.602844916536
1413393214355760640,-0.000547337572,-0.000005271858,0.000814010247,-0.009379495004,-0.797601862056,0.000180392141,0.603111318230
1413393214405760512,-0.000669548349,-0.000066982754,0.000420205010,-0.009302130397,-0.797626975276,0.000159116305,0.603079309348
1413393214455760384,-0.000699738019,-0.000078114687,0.000032341185,-0.009037170322,-0.797507328002,0.000453197617,0.603241399398
1413393214505760512,-0.000658775950,0.000109362443,-0.000254405820,-0.008845876066,-0.797415421398,0.000219184097,0.603365849342
1413393214555760384,-0.000358518683,0.000339438598,-0.000102334163,-0.008757645740,-0.797294976706,0.000791564827,0.603525804904
1413393214605760512,-0.000297518129,0.000457077402,0.000116428676,-0.008642193220,-0.797406032531,0.000515075760,0.603381029265
1413393214655760640,-0.000260795826,0.000565633554,0.000366704453,-0.008666345979,-0.797422639922,0.000749949844,0.603358488266
1413393214705760512,-0.000202947344,0.000613716670,0.000502822161,-0.008530697751,-0.797476586741,0.000713427881,0.603289161030
1413393214755760384,-0.000186271832,0.000706839354,0.000423425601,-0.008508533693,-0.797530805122,0.000497965414,0.603218013463
1413393214805760256,-0.000055188712,0.000751855380,0.000325907063,-0.008730581275,-0.797390006081,0.000781693269,0.603400649741
1413393214855760640,-0.000104281451,0.000818705302,0.000304345752,-0.008780746776,-0.797441857567,0.000719421978,0.603331471679
1413393214905760512,-0.000175668084,0.000914757463,0.000257225027,-0.008572242951,-0.797575994809,0.000554612763,0.603157310790
1413393214955760384,-0.000082011499,0.001021321792,0.000308767876,-0.008597008254,-0.797515310808,0.000495495383,0.603237245998
1413393215005760512,0.000015682854,0.001188541656,0.000370868375,-0.008740250974,-0.797532030073,0.000384914940,0.603213163700
1413393215055760384,0.000010206556,0.001335556741,0.000530349074,-0.008203458712,-0.797781120917,0.000172640950,0.602891330646
1413393215105760512,0.000001053129,0.001233325936,0.001010236400,-0.007054446129,-0.798112016949,0.001133118560,0.602466728736
1413393215155760640,0.000054268565,0.001467258020,0.001215846227,-0.006727778173,-0.798164819599,0.001433546071,0.602399869440
1413393215205760512,0.000298665809,0.002074863851,0.001443474453,-0.006636284062,-0.798394318103,0.001878762671,0.602095459878
1413393215255760384,0.000502334924,0.002619422452,0.001323062055,-0.006652032598,-0.798554353815,0.002216001701,0.601881868643
1413393215305760256,0.000573848713,0.003049691908,0.000998521838,-0.006695425930,-0.798648458393,0.002472627769,0.601755512887
1413393215355760640,0.000693248043,0.003386662319,0.000612273944,-0.006768669525,-0.798470657465,0.002673540979,0.601989739496
1413393215405760512,0.000727917048,0.003681429381,0.000575877118,-0.006780642260,-0.798857197069,0.002523966583,0.601477207528
1413393215455760384,0.000703495409,0.004029586529,0.000528600033,-0.007023526950,-0.798742269841,0.002648039224,0.601626499023
1413393215505760512,0.000685082872,0.004324748615,0.000775186105,-0.007236566990,-0.799000288455,0.002239557920,0.601282924693
1413393215555760384,0.000755549307,0.004391897442,0.000607507060,-0.007141749031,-0.798979438402,0.001794025171,0.601313257716
1413393215605760512,0.000635924182,0.004152433013,0.000022185333,-0.006998225610,-0.798512022146,0.001598298511,0.601936060366
1413393215655760640,0.000757900787,0.004347593016,0.000137795151,-0.007085484230,-0.798347965597,0.001394753402,0.602153117075
1413393215705760512,0.000548477927,0.004225946084,0.000216684603,-0.007081230560,-0.799146600867,0.001329608912,0.601093003317
1413393215755760384,0.000575369606,0.003973995367,0.000314497365,-0.007447761516,-0.799939159068,0.001584506662,0.600032800751
1413393215805760256,0.000535621367,0.003367210837,-0.001097290268,-0.006938611354,-0.799778545900,0.001171647539,0.600253913300
1413393215855760640,0.000591525138,0.003107070675,-0.001514442950,-0.007071567487,-0.799674575651,0.001337221732,0.600390521102
1413393215905760512,0.000512399327,0.003059620407,-0.001328491359,-0.006826609586,-0.799564607199,0.001755999891,0.600538718802
1413393215955760384,0.000388334708,0.003329109265,-0.001092166255,-0.007029802587,-0.799218055364,0.002093606342,0.600996421511
1413393216005760512,0.000682145065,0.003686110655,-0.000514359094,-0.007133045117,-0.799233647301,0.001887179190,0.600975153600
1413393216055760384,0.001243822958,0.003414362413,0.000438541289,-0.006641258934,-0.799054573581,0.000693287044,0.601221424661
1413393216105760512,0.001940327809,0.003735440101,0.000906036366,-0.006564084242,-0.798648193213,0.000841912442,0.601761802924
1413393216155760640,0.002055158651,0.004598541215,0.001976864160,-0.007021023079,-0.797862438399,0.000963047424,0.602797899105
1413393216205760512,0.001764933624,0.005162571912,0.002264199062,-0.007548840430,-0.798653965808,0.000671851511,0.601742807621
1413393216255760384,0.001153910205,0.005839905736,0.001429530727,-0.007459109263,-0.799603274320,0.000645277903,0.600481930620
1413393216305760256,0.000687798164,0.005349769560,0.000144765507,-0.007194959089,-0.800367983384,0.000518037023,0.599465641530
1413393216355760640,0.000520815370,0.005348146313,-0.000439389715,-0.007836116298,-0.800451594183,0.001110350688,0.599345149119
1413393216405760512,0.000482647191,0.005498995890,0.000404930871,-0.007164001290,-0.801959959346,0.000789531761,0.597334309520
1413393216455760384,0.000312855408,0.006200070329,0.001231723320,-0.007169270617,-0.801364762069,0.000718544820,0.598132596809
1413393216505760512,0.000139812540,0.007089386521,0.001186423481,-0.008383597531,-0.802173850531,0.000853617710,0.597031071346
1413393216555760384,0.000794617607,0.007780296894,0.003385996947,-0.008582038825,-0.804231129030,-0.000281642566,0.594254625886
1413393216605760512,0.000778390153,0.008282094129,0.002794190043,-0.009761825329,-0.804613471054,-0.001223396836,0.593717417856
1413393216655760640,0.000156261729,0.009440191709,0.001793505180,-0.009214845395,-0.803845836007,-0.002236904832,0.594762099343
1413393216705760512,0.000123677621,0.009716424232,0.001371306092,-0.009162588819,-0.802959159970,-0.005360438093,0.595939510429
1413393216755760384,0.000886509727,0.010507035258,0.001298574904,-0.008659929251,-0.802349893646,-0.008955429305,0.596723934561
1413393216805760256,0.001776722543,0.010938187239,0.002772724787,-0.008222714056,-0.800530601057,-0.010330886271,0.599146406593
1413393216855760640,0.002750192406,0.010685645286,0.007060761585,-0.008577121225,-0.799713044797,-0.012810889856,0.600184438380
1413393216905760512,0.004116462224,0.010466946404,0.011871896457,-0.008058961771,-0.798554896082,-0.014711905446,0.601688200746
1413393216955760384,0.005603570344,0.009692923068,0.016014637880,-0.007230272660,-0.798402168779,-0.017381632148,0.601830191093
1413393217005760512,0.007805107704,0.009127547589,0.024289052784,-0.007616517878,-0.800962276704,-0.019175366115,0.598359194202
1413393217055760384,0.011881436307,0.008057483566,0.033447666114,-0.007075707434,-0.802455099362,-0.019268656184,0.596359343652
1413393217105760512,0.017169961955,0.005926471466,0.045334049354,-0.008075675410,-0.802556859062,-0.020381998258,0.596172664240
1413393217155760640,0.022621410864,0.004108660686,0.057708513415,-0.009092987864,-0.803186294513,-0.020249153817,0.595314257890
1413393217205760512,0.028339530989,0.001687633284,0.069419222689,-0.008777372278,-0.802946589386,-0.019820561354,0.595656677690
1413393217255760384,0.034345360708,-0.000904325923,0.079410816767,-0.008646223459,-0.801505557711,-0.021645509942,0.597532890875
1413393217305760256,0.040935201307,-0.004071038331,0.087383193561,-0.008338516787,-0.800722598866,-0.023178158688,0.598528664111
1413393217355760640,0.048200447923,-0.008324443490,0.096711679947,-0.007743987888,-0.801412921885,-0.022548504147,0.597636113574
1413393217405760512,0.056733349465,-0.012929742373,0.105604632796,-0.008673402359,-0.801807093561,-0.023988860542,0.597038266258
1413393217455760384,0.065214127144,-0.018190539322,0.113594515242,-0.008704261238,-0.803029999381,-0.023849618812,0.595397557614
1413393217505760512,0.075100191050,-0.024565788279,0.120683145607,-0.007902594295,-0.803163673928,-0.022836354781,0.595268143601
1413393217555760384,0.084857907113,-0.032502398376,0.126802410425,-0.009267114135,-0.802852527348,-0.025042364614,0.595579398486
1413393217605760512,0.095954882482,-0.040654787299,0.131626377004,-0.007949970354,-0.802278517056,-0.023898079743,0.596418360571
1413393217655760640,0.105835076613,-0.049890069604,0.136879667657,-0.008236245761,-0.802239134476,-0.023776208119,0.596472318971
1413393217705760512,0.114654601349,-0.061331460628,0.142651808926,-0.009987718366,-0.802323784172,-0.024436159655,0.596305009987
1413393217755760384,0.123540526375,-0.073498835461,0.150892567371,-0.008994776926,-0.802542910271,-0.022887726286,0.596087345234
1413393217805760256,0.133461031908,-0.087997837639,0.159896090652,-0.009003678525,-0.801725112777,-0.022959681744,0.597183916670
1413393217855760640,0.142753480263,-0.102285265125,0.171207864795,-0.010836501833,-0.802243075509,-0.023281393916,0.596444963700
1413393217905760512,0.153366781386,-0.116299558180,0.184334781107,-0.009498454930,-0.802542289029,-0.022492202296,0.596095423996
1413393217955760384,0.164722262974,-0.131672558982,0.198801642083,-0.010332917886,-0.801864880145,-0.023410179857,0.596957208078
1413393218005760512,0.176150128758,-0.146305070569,0.210110385808,-0.011479272073,-0.801669270587,-0.022084102192,0.597249444822
1413393218055760384,0.188237760428,-0.161724504090,0.220918833237,-0.013112593415,-0.801738431394,-0.018395568354,0.597247980813
1413393218105760512,0.199534656120,-0.178385013622,0.229373763516,-0.016599446897,-0.802246468197,-0.016065038120,0.596545871814
1413393218155760640,0.212380155162,-0.194434262176,0.237270397536,-0.019842327061,-0.802499030221,-0.010464782411,0.596231563137
1413393218205760512,0.225768102641,-0.210122985988,0.243470174576,-0.022372328911,-0.802582397654,-0.002555530666,0.596116132257
1413393218255760384,0.238087853503,-0.227841421789,0.245166183561,-0.028356790099,-0.802708597158,0.001764273358,0.595694290591
1413393218305760256,0.251184910155,-0.243616311018,0.244844769110,-0.030835635184,-0.803557038691,0.006090710074,0.594397301831
1413393218355760640,0.265168100154,-0.258325738644,0.244882021735,-0.029055645624,-0.804260086854,0.007009653167,0.593525354903
1413393218405760512,0.277858509825,-0.273292519536,0.242732360475,-0.028055837376,-0.803965138579,-0.000249578120,0.594014194821
1413393218455760384,0.292394960545,-0.284973193003,0.239762233006,-0.023713001147,-0.804476016797,-0.005197336702,0.593488853868
1413393218505760512,0.307754641683,-0.296776031756,0.234998260652,-0.019159559157,-0.803853548981,-0.010138838712,0.594432155114
1413393218555760384,0.322704190810,-0.309678071150,0.230103589448,-0.018249295672,-0.802413216442,-0.016929459378,0.596249433285
1413393218605760512,0.338715538976,-0.320007796775,0.228540970246,-0.014405987470,-0.801966887054,-0.018937564454,0.596894419681
1413393218655760640,0.353193612796,-0.332128223867,0.229703564310,-0.013792195814,-0.802364489349,-0.019807035577,0.596346109997
1413393218705760512,0.367557335083,-0.345692220118,0.227326721115,-0.015967884426,-0.801880636608,-0.021520128609,0.596883033235
1413393218755760384,0.383017706874,-0.356793305486,0.226384476877,-0.013711766378,-0.804132641804,-0.020297249342,0.593945034087
1413393218805760256,0.399102422856,-0.369466342546,0.224621118957,-0.015373378943,-0.807361260031,-0.017567654345,0.589595482125
1413393218855760640,0.414910605661,-0.384146513378,0.221060710851,-0.019871971794,-0.811419051085,-0.015312654950,0.583926151900
1413393218905760512,0.432972135560,-0.396429749710,0.218538065338,-0.020379285111,-0.815929400174,-0.010627458018,0.577694517721
1413393218955760384,0.448079839657,-0.410596276426,0.218524499789,-0.022345316658,-0.820027281770,-0.008675760022,0.571822240879
1413393219005760512,0.462319106385,-0.423335194660,0.220686739810,-0.024947922031,-0.822531397991,-0.007733131299,0.568119616969
1413393219055760384,0.476361044393,-0.434386035106,0.223127091465,-0.024590072628,-0.824047851547,-0.005493021218,0.565959621710
1413393219105760512,0.486767451587,-0.446539607943,0.226866348550,-0.024858336948,-0.824282226298,-0.005323693107,0.565608108839
1413393219155760640,0.495144477418,-0.458531580384,0.230707620641,-0.026038403945,-0.823360458383,-0.004966811504,0.566899363093
1413393219205760512,0.502739844239,-0.468911216847,0.234946447353,-0.025028735664,-0.823166476163,-0.004069422071,0.567233598015
1413393219255760384,0.508837513722,-0.478623651002,0.241356859988,-0.024563736700,-0.822481587402,-0.002786830337,0.568254251898
1413393219305760256,0.513729519618,-0.489184654784,0.246976465127,-0.024265926749,-0.821625675651,-0.003027636141,0.569502631539
1413393219355760640,0.518257811332,-0.497442358120,0.251863117789,-0.023262747623,-0.821763083403,-0.001971117165,0.569350853188
1413393219405760512,0.522442626077,-0.506086392523,0.255521016951,-0.022646365281,-0.820591029165,-0.000858182943,0.571066343357
1413393219455760384,0.524553603720,-0.514428173838,0.260134491046,-0.022301979322,-0.819529849694,-0.001571431049,0.572600190170
1413393219505760512,0.525734185921,-0.521136032872,0.262211720725,-0.021296851045,-0.818691015998,-0.001829957744,0.573836314392
1413393219555760384,0.525468084803,-0.527785223227,0.262386469901,-0.021006204405,-0.817421614092,-0.001698935584,0.575654199854
1413393219605760512,0.523732218304,-0.534296159347,0.263398167863,-0.021273164778,-0.816936855174,-0.002437180271,0.576329495403
1413393219655760640,0.522652809608,-0.539864035490,0.262852640919,-0.020630220104,-0.815517769641,-0.002270851430,0.578359753658
1413393219705760512,0.520706197752,-0.545313909885,0.265735523115,-0.019738503341,-0.813952345792,-0.003213158440,0.580587328383
1413393219755760384,0.518702911843,-0.549306513433,0.272009756159,-0.018702892243,-0.812125529316,-0.004126314296,0.583168329032
1413393219805760256,0.516241544491,-0.552551163329,0.282806902332,-0.017431495664,-0.810280449428,-0.005304438219,0.585758994099
1413393219855760640,0.511514065965,-0.556823219957,0.295233414747,-0.017340419352,-0.809469187117,-0.006380105509,0.586871569611
1413393219905760512,0.508028165505,-0.559526926217,0.313446141188,-0.016454035925,-0.809107774157,-0.006827109522,0.587390215339
1413393219955760384,0.504141923456,-0.562931943137,0.330933795552,-0.015627126771,-0.808020767391,-0.007786280103,0.588895242141
1413393220005760512,0.502503059239,-0.566817083241,0.344404940363,-0.014577798503,-0.806925950879,-0.009151253815,0.590401771798
1413393220055760384,0.500012913269,-0.569780238158,0.358287926184,-0.014014186827,-0.805873647171,-0.010164201910,0.591834399442
1413393220105760512,0.498573358059,-0.574035476215,0.366894358213,-0.013995791364,-0.804276459577,-0.011454075769,0.593980048943
1413393220155760640,0.495832275473,-0.575635578495,0.379875315368,-0.013983932480,-0.804717956108,-0.010702175385,0.593396093846
1413393220205760512,0.494816257591,-0.578303208280,0.390063671782,-0.012734567040,-0.804388982070,-0.010970499877,0.593865173637
1413393220255760384,0.494014963406,-0.583529465024,0.399344909601,-0.014006028206,-0.803317983596,-0.012016378676,0.595264357281
1413393220305760256,0.493500771903,-0.586180583013,0.410602626240,-0.013039030194,-0.803381684144,-0.012478966897,0.595190833816
1413393220355760640,0.494172180927,-0.590713970300,0.420059493980,-0.012467326464,-0.802834364389,-0.012124674942,0.595948438528
1413393220405760512,0.493460580704,-0.597333810713,0.429246726691,-0.013364934950,-0.802034233222,-0.014069338744,0.596962746711
1413393220455760384,0.494335198116,-0.602868763606,0.440860069810,-0.011991119311,-0.803034968592,-0.015008671218,0.595622189030
1413393220505760512,0.497647801996,-0.606995520687,0.451595372376,-0.012239419025,-0.803871411060,-0.013521519332,0.594523439081
1413393220555760384,0.498832288623,-0.613385645293,0.461117716263,-0.014120160652,-0.804707276382,-0.014217084212,0.593333544406
1413393220605760512,0.502357845770,-0.618542384653,0.468895070278,-0.013578681869,-0.805103768990,-0.014030823185,0.592812513833
1413393220655760640,0.506299691453,-0.621737760533,0.476184344886,-0.012585456553,-0.804797924621,-0.011729940531,0.593299515679
1413393220705760512,0.505522204090,-0.628915425996,0.478646470992,-0.016338455949,-0.804122442039,-0.012043392162,0.594117084229
1413393220755760384,0.509471512525,-0.631650521334,0.479484934243,-0.018195727879,-0.804485165676,-0.007656868608,0.593644595744
1413393220805760256,0.514539988038,-0.636722336587,0.476865128479,-0.019483130934,-0.805419395528,-0.002556940000,0.592379495740
1413393220855760640,0.512286184291,-0.645434315392,0.475362687376,-0.025075699237,-0.806538851508,-0.001270982391,0.590647674100
1413393220905760512,0.516767441673,-0.647624989017,0.480079556412,-0.024806191433,-0.807806213304,0.003084922566,0.588917870222
1413393220955760384,0.521125003678,-0.652459896573,0.483712245673,-0.024495582378,-0.808054113256,0.004560985818,0.588581102230
1413393221005760512,0.518874280991,-0.656209459845,0.496927320601,-0.028453676518,-0.808883071254,0.002623361271,0.587274793693
1413393221055760384,0.523435521362,-0.656511359708,0.509755060604,-0.027540718197,-0.809260359241,0.002720966455,0.586797900596
1413393221105760512,0.525345968561,-0.657868906413,0.522699381881,-0.026772857226,-0.810763081474,0.002421702332,0.584756851343
1413393221155760640,0.522880824418,-0.660210221079,0.537619618599,-0.029805754764,-0.811609780758,0.000081525430,0.583439092034
1413393221205760512,0.525841666193,-0.658935837533,0.551375764092,-0.028164571333,-0.812536807509,-0.000741312249,0.582228600998
1413393221255760384,0.525938469879,-0.660089249817,0.564250967131,-0.026599434736,-0.813749614839,-0.002087344807,0.580602856876
1413393221305760256,0.521394277754,-0.659333093470,0.579375867662,-0.028098761925,-0.816004529245,-0.005275554888,0.577338060715
1413393221355760640,0.521640399834,-0.655108854335,0.593365739216,-0.027605517057,-0.817421410757,-0.004151979945,0.575363305858
1413393221405760512,0.522991898772,-0.652669387124,0.607120200530,-0.026672847889,-0.817847014080,-0.004685478272,0.574798109808
1413393221455760384,0.520495094360,-0.651853406551,0.620922677230,-0.026281637894,-0.818099693088,-0.008034788383,0.574419367583
1413393221505760512,0.518005356865,-0.648756616832,0.633387733076,-0.024750456484,-0.819134513006,-0.008821475169,0.572999342130
1413393221555760384,0.515638129714,-0.645441573257,0.641771318717,-0.023414402291,-0.819392657025,-0.010370443536,0.572660364683
1413393221605760512,0.511066048165,-0.645207349060,0.647738679376,-0.022444869264,-0.819320120277,-0.013360794737,0.572741003873
1413393221655760640,0.508878832630,-0.642261198460,0.654371364825,-0.020164336259,-0.818723131549,-0.013329602274,0.573679488141
1413393221705760512,0.505365525044,-0.641414333945,0.658761157665,-0.019565014930,-0.815507236819,-0.013961909776,0.578247543844
1413393221755760384,0.498875089581,-0.642852577227,0.663780716286,-0.019988924549,-0.812314889238,-0.014909494794,0.582685739128
1413393221805760256,0.494700207660,-0.641386034283,0.669345611927,-0.017165226864,-0.809899989738,-0.013413830238,0.586163314075
1413393221855760640,0.485580087703,-0.642203621492,0.677165990008,-0.017755385861,-0.808782983380,-0.014404655981,0.587662605543
1413393221905760512,0.479065807431,-0.640830260708,0.685774264311,-0.017629237686,-0.808470753867,-0.012862981940,0.588131612665
1413393221955760384,0.475049993887,-0.642079609943,0.692222924427,-0.015720901602,-0.807309878945,-0.010957607257,0.589816533723
1413393222005760512,0.469001414846,-0.644623789916,0.693234812976,-0.016750250548,-0.806394212402,-0.011691694776,0.591025471181
1413393222055760384,0.463549136220,-0.644211128106,0.693577478040,-0.016746977862,-0.805629328811,-0.010713848072,0.592086257864
1413393222105760512,0.461169526770,-0.643799609041,0.691761258576,-0.014928266055,-0.804637052809,-0.007999230992,0.593525376394
1413393222155760640,0.454584383127,-0.646021752877,0.688772221559,-0.015190289765,-0.804445439104,-0.008537868372,0.593770911551
1413393222205760512,0.449134746156,-0.647316244032,0.682698220421,-0.014958258959,-0.804510123548,-0.008702180629,0.593686772338
1413393222255760384,0.447490416596,-0.645849779919,0.675192801610,-0.013876977380,-0.805115766306,-0.005790018631,0.592927068052
1413393222305760256,0.442573715200,-0.647186404684,0.665465682408,-0.014314490819,-0.806712805800,-0.006024792455,0.590739575605
1413393222355760640,0.436658546497,-0.648414448972,0.656015672128,-0.014511015294,-0.809995056151,-0.006180137432,0.586224569041
1413393222405760512,0.433733833727,-0.648942093494,0.646928492445,-0.012859902514,-0.813088945266,-0.004141592768,0.581982677752
1413393222455760384,0.427177107777,-0.650714073201,0.638241863881,-0.012622206819,-0.815805728753,-0.005668320571,0.578160499317
1413393222505760512,0.422101479705,-0.652005454356,0.629004895438,-0.013089120930,-0.817477875912,-0.004193002586,0.575795984734
1413393222555760384,0.417711408488,-0.656254826147,0.619056640812,-0.011695760401,-0.817829136765,-0.002340158467,0.575337497391
1413393222605760512,0.410941406406,-0.660034210565,0.610626548532,-0.012194926270,-0.817817672445,-0.002345802428,0.575343406690
1413393222655760640,0.401227303603,-0.661559818121,0.610002351967,-0.012911430216,-0.818931899288,-0.000470350813,0.573745255378
1413393222705760512,0.391999778610,-0.663438751321,0.614657814700,-0.011792214425,-0.819130600281,-0.000285164087,0.573485764464
1413393222755760384,0.382411787444,-0.664734127892,0.619799556558,-0.013352920766,-0.820275409972,0.002446107268,0.571807631867
1413393222805760256,0.372700376600,-0.667344280419,0.625279486711,-0.012486718412,-0.821186319973,0.003067301881,0.570515294635
1413393222855760640,0.362787694236,-0.667333711881,0.634298856214,-0.013142587827,-0.821935622623,0.005225367850,0.569404777096
1413393222905760512,0.349099485777,-0.668149527518,0.645941496264,-0.013241689385,-0.822589418107,0.007339273244,0.568434201951
1413393222955760384,0.335183510168,-0.670455259824,0.655304655623,-0.011727508414,-0.822815026729,0.007248736015,0.568142018479
1413393223005760512,0.314646839853,-0.670486582968,0.672689636089,-0.010841832461,-0.823627745240,0.007216422952,0.566981230006
1413393223055760384,0.299097263968,-0.672293388892,0.683527433667,-0.009433335649,-0.821440664417,0.007521901943,0.570166351175
1413393223105760512,0.281519580677,-0.673843635148,0.692951471023,-0.009375168677,-0.819463389666,0.008212395389,0.572995999786
1413393223155760640,0.261101660219,-0.674929470675,0.701999087161,-0.008301398694,-0.818243994355,0.007106692598,0.574767211488
1413393223205760512,0.243083512837,-0.675629581678,0.713456344504,-0.005924024275,-0.815763571260,0.006745707058,0.578315828227
1413393223255760384,0.221320754409,-0.676952905210,0.725585003587,-0.006074396547,-0.814671192301,0.005757567575,0.579862742861
1413393223305760256,0.199186906572,-0.679067766530,0.736807659678,-0.005443590811,-0.813780693311,0.005972998733,0.581115886721
1413393223355760640,0.177342380650,-0.682530351159,0.745660207074,-0.003826696053,-0.812919461133,0.005281050511,0.582339605913
1413393223405760512,0.153781754140,-0.685577864470,0.752282399757,-0.003309431265,-0.812005084230,0.004923997419,0.583620206211
1413393223455760384,0.128245896633,-0.686805687566,0.756468685387,-0.003051292448,-0.811358506560,0.004988470344,0.584519613538
1413393223505760512,0.104978296823,-0.690941400539,0.747523198844,-0.003024091999,-0.808092439344,0.003872114886,0.589035203591
1413393223555760384,0.079035984721,-0.695454831097,0.733565068242,-0.003180160325,-0.806035881206,0.003620593909,0.591847054643
1413393223605760512,0.052258326170,-0.701170027823,0.716908690520,-0.003837120987,-0.804710403397,0.002620176470,0.593649372814
1413393223655760640,0.027433436824,-0.706173443175,0.698856532136,-0.004496352085,-0.803275590461,0.001191558502,0.595589362544
1413393223705760512,0.001657077070,-0.712064232347,0.679305260366,-0.005859103646,-0.802878561634,-0.000311578172,0.596113738386
1413393223755760384,-0.023272871858,-0.719688488026,0.661667079219,-0.006598992185,-0.802502320520,-0.003031102346,0.596604803266
1413393223805760256,-0.045336801866,-0.726493642888,0.647915620306,-0.007421938392,-0.801432706451,-0.003803493907,0.598026809847
1413393223855760640,-0.068587557513,-0.734507555308,0.638645242033,-0.007861489827,-0.801977631718,-0.005526625453,0.597276762994
1413393223905760512,-0.094087945455,-0.740418194340,0.635406564576,-0.009717190335,-0.802585027346,-0.008528927376,0.596397608554
1413393223955760384,-0.115405534692,-0.748217853501,0.636948530163,-0.010135012988,-0.802693477400,-0.010020293582,0.596221482814
1413393224005760512,-0.137835908638,-0.755318763879,0.640592123826,-0.011575455765,-0.802358046786,-0.010373137979,0.596640571525
1413393224055760384,-0.159947444759,-0.764607931241,0.641898236050,-0.013591119090,-0.802034648234,-0.011652627970,0.597009146308
1413393224105760512,-0.180897191458,-0.772629663861,0.642695909797,-0.014947573638,-0.801426504154,-0.010685897766,0.597810956801
1413393224155760640,-0.201422284277,-0.781697616358,0.640343001457,-0.016265642666,-0.800619419065,-0.011116357345,0.598849230845
1413393224205760512,-0.223690256172,-0.792429431147,0.636520454905,-0.016940813334,-0.800644191764,-0.011925244420,0.598781826363
1413393224255760384,-0.245285434928,-0.804184456825,0.630822669835,-0.016389978916,-0.800330110391,-0.013834285536,0.599175846923
1413393224305760256,-0.265886839829,-0.815872112940,0.621596275755,-0.016646630518,-0.799460240224,-0.014250648135,0.600319192615
1413393224355760640,-0.287122307498,-0.826868324641,0.606958511865,-0.016995632959,-0.798884411283,-0.015275097096,0.601050345045
1413393224405760512,-0.309116172077,-0.837352465438,0.591289329867,-0.020013234903,-0.798598569608,-0.016638825912,0.601301043174
1413393224455760384,-0.328200718187,-0.849095969889,0.575604988857,-0.023622365797,-0.796938759873,-0.016915514117,0.603360971748
1413393224505760512,-0.347648542190,-0.860511334994,0.558327720996,-0.029200368707,-0.795578142824,-0.017655387634,0.604889282775
1413393224555760384,-0.367833360485,-0.872596564883,0.537624641907,-0.036711236318,-0.795245816999,-0.017925715761,0.604909120768
1413393224605760512,-0.387969003512,-0.885005625038,0.517411483640,-0.044047904384,-0.794618899352,-0.019194587967,0.605204225617
1413393224655760640,-0.409032423631,-0.897388861873,0.493099750513,-0.052718343678,-0.793600241605,-0.022433372744,0.605736061789
1413393224705760512,-0.424784929506,-0.908847203827,0.470776515469,-0.060932645771,-0.794141339444,-0.023666366789,0.604207455058
1413393224755760384,-0.439559788766,-0.922102661899,0.448395172654,-0.067903123161,-0.795098614490,-0.025956593563,0.602107643493
1413393224805760256,-0.457644072664,-0.929720499545,0.431063462181,-0.078062601227,-0.795118384244,-0.031117353162,0.600603609429
1413393224855760640,-0.469109757796,-0.939609621367,0.415826435562,-0.085200028894,-0.795091625243,-0.033431878887,0.599543636460
1413393224905760512,-0.481395606433,-0.951651131104,0.399903347983,-0.089025809672,-0.794782522909,-0.036608418672,0.599211957635
1413393224955760384,-0.497295798823,-0.960207490230,0.383567544735,-0.094521133182,-0.794367944882,-0.042622811888,0.598522029196
1413393225005760512,-0.508103950400,-0.968116181782,0.374917350175,-0.096702733848,-0.793571060841,-0.045310565616,0.599032975140
1413393225055760384,-0.521227425145,-0.974878396397,0.371941430521,-0.098021434550,-0.795298630207,-0.047530604612,0.596349502209
1413393225105760512,-0.538223662644,-0.979296642337,0.369592008177,-0.100411060259,-0.794928772689,-0.053034189565,0.595980905790
1413393225155760640,-0.551496367796,-0.984640679206,0.367184877511,-0.101388305345,-0.796389102150,-0.054420658418,0.593736643179
1413393225205760512,-0.563034182405,-0.993185079888,0.364324645177,-0.101954833409,-0.795318105835,-0.055170207728,0.595004681204
1413393225255760384,-0.578185632819,-0.997706332464,0.362259765623,-0.103786694124,-0.794838142844,-0.057840079909,0.595075771612
1413393225305760256,-0.589063228391,-1.003306021984,0.363073414727,-0.105340167695,-0.795892685853,-0.056622081403,0.593508400592
1413393225355760640,-0.604810281119,-1.006183305449,0.364588732738,-0.109469303354,-0.795905750044,-0.058974876831,0.592513689777
1413393225405760512,-0.620245931927,-1.009404290970,0.360216025315,-0.115890369779,-0.795729012717,-0.061389545976,0.591283421176
1413393225455760384,-0.631515984347,-1.013788311266,0.360784635128,-0.122351237486,-0.794908909320,-0.062238858026,0.590996044928
1413393225505760512,-0.646612248993,-1.015250688996,0.359333584292,-0.132237630262,-0.792998967519,-0.065725477054,0.591054996022
1413393225555760384,-0.659859430990,-1.014264197891,0.362037622075,-0.143698571659,-0.791035483542,-0.069361984658,0.590595038384
1413393225605760512,-0.670458217524,-1.015233941682,0.364175345477,-0.153840314799,-0.789133910272,-0.074047452900,0.590015087876
1413393225655760640,-0.684151147551,-1.013657522944,0.367163168011,-0.165324657778,-0.785858643896,-0.081459293734,0.590303593763
1413393225705760512,-0.697829849495,-1.009145104832,0.371711045255,-0.177454892817,-0.781576672718,-0.091296452479,0.591026753577
1413393225755760384,-0.706456950466,-1.005506403266,0.378736325081,-0.186715391212,-0.778700718641,-0.100392611245,0.590494603768
1413393225805760256,-0.719561260026,-0.998430022644,0.384839099252,-0.197210290752,-0.774947453248,-0.112614093207,0.589815744057
1413393225855760640,-0.732836724434,-0.988807012495,0.391647361072,-0.207849649514,-0.772187245726,-0.127102498505,0.586830755506
1413393225905760512,-0.743269065112,-0.980732889787,0.395572447499,-0.218090307200,-0.768269807661,-0.139622497852,0.585408984075
1413393225955760384,-0.753706724618,-0.973078029984,0.393779412247,-0.227207241220,-0.764218127125,-0.153304262575,0.583819601236
1413393226005760512,-0.767785275401,-0.962825101895,0.388601476932,-0.237798305468,-0.761035618510,-0.164685462926,0.580650886141
1413393226055760384,-0.782138568916,-0.954212488341,0.376399970985,-0.249184582986,-0.756171250778,-0.174968305249,0.579222043139
1413393226105760512,-0.792920219230,-0.949672763545,0.364695873672,-0.259317296897,-0.751418679674,-0.181683674502,0.578891656346
1413393226155760640,-0.806332943665,-0.942196032540,0.357781777676,-0.270441664622,-0.746648649127,-0.187721532486,0.578046474805
1413393226205760512,-0.816115769981,-0.938277286908,0.360597759083,-0.280475799882,-0.743390938942,-0.192163883660,0.576000242532
1413393226255760384,-0.826871816055,-0.935244440342,0.362173185404,-0.289468410758,-0.741750873525,-0.193720235655,0.573137113697
1413393226305760256,-0.838924903712,-0.929443887106,0.366447204192,-0.299042465486,-0.739012643315,-0.195006002225,0.571320029365
1413393226355760640,-0.851661563308,-0.924542491114,0.367092137106,-0.307153447865,-0.738804940467,-0.193955260097,0.567631373769
1413393226405760512,-0.862921954483,-0.920783014120,0.369920165777,-0.313175073440,-0.738743912126,-0.194330140557,0.564282378020
1413393226455760384,-0.874972416265,-0.916210522320,0.369052137374,-0.319256675387,-0.738953933997,-0.193992192238,0.560704278566
1413393226505760512,-0.886602076998,-0.912299453392,0.366193413757,-0.323837149694,-0.740145862394,-0.193018605290,0.556827999360
1413393226555760384,-0.898219393933,-0.907998389363,0.362202234380,-0.327278031334,-0.740619886046,-0.191894310874,0.554569966779
1413393226605760512,-0.913480909058,-0.900316269030,0.354939800919,-0.330839742627,-0.741181346015,-0.192236749147,0.551579830392
1413393226655760640,-0.925656222419,-0.895416851128,0.347230667355,-0.330923083193,-0.741435618900,-0.194959516673,0.550230790573
1413393226705760512,-0.936261676695,-0.889992993924,0.341341001370,-0.327012365397,-0.742027482523,-0.200395677934,0.549817879233
1413393226755760384,-0.950823238537,-0.878303710928,0.335137541132,-0.325001334029,-0.740159174576,-0.207632320603,0.550842399068
1413393226805760256,-0.963083077162,-0.870299446143,0.328385502761,-0.320329220326,-0.739831789361,-0.212835284788,0.552031933502
1413393226855760640,-0.978164743143,-0.863041444074,0.322888833728,-0.315821607215,-0.742481173121,-0.216259320353,0.549736597233
1413393226905760512,-0.995877278160,-0.848902811991,0.318809427036,-0.314954390149,-0.743382576900,-0.219040332726,0.547911862554
1413393226955760384,-1.010143952150,-0.840510290529,0.316107788965,-0.312966547589,-0.743127059025,-0.219804435977,0.549090269592
1413393227005760512,-1.026913497884,-0.831625367978,0.310696548597,-0.311201222605,-0.743653172075,-0.220419386972,0.549134821842
1413393227055760384,-1.045001723912,-0.821777448816,0.307431347204,-0.311148806933,-0.743042096685,-0.220032807323,0.550145822668
1413393227105760512,-1.063235585019,-0.812251772172,0.308985250196,-0.311332649425,-0.742068219575,-0.218378022172,0.552012480231
1413393227155760640,-1.081799692702,-0.802869151986,0.308487454792,-0.312356521277,-0.740982815246,-0.215823461253,0.553893586078
1413393227205760512,-1.100937878523,-0.795656817596,0.306712129429,-0.312282470340,-0.738504972086,-0.214548010567,0.557726829266
1413393227255760384,-1.122316350507,-0.788061915645,0.301987927572,-0.314323104992,-0.737363757839,-0.211564582224,0.559228130410
1413393227305760256,-1.140930466787,-0.782111630806,0.301440020336,-0.315889576650,-0.736159362022,-0.209796232317,0.560596744529
1413393227355760640,-1.159545133955,-0.775609763482,0.301095436570,-0.316551915117,-0.735665699327,-0.208743111750,0.561263910443
1413393227405760512,-1.177902566942,-0.767743983109,0.300696865312,-0.318042738381,-0.735489493104,-0.207316759597,0.561180704664
1413393227455760384,-1.195683340532,-0.759262266305,0.301200455278,-0.319229107075,-0.734609663323,-0.206615761195,0.561917562436
1413393227505760512,-1.213389742642,-0.749832855939,0.304301607987,-0.320006944873,-0.734756904585,-0.205582034988,0.561661707159
1413393227555760384,-1.231286491132,-0.739028139258,0.306314678115,-0.322877267062,-0.733190658257,-0.205222786833,0.562196884396
1413393227605760512,-1.249354484894,-0.728324589538,0.304468112574,-0.325759976592,-0.731701630642,-0.206404697199,0.562041157159
1413393227655760640,-1.266191808040,-0.717376906722,0.304093315129,-0.329273048537,-0.729873418956,-0.208492470209,0.561600339811
1413393227705760512,-1.281725505881,-0.703909230810,0.299241431493,-0.334054557087,-0.727052611277,-0.212275123786,0.561018114812
1413393227755760384,-1.296638518838,-0.688120815295,0.296241352409,-0.340607170351,-0.723974954860,-0.215806073779,0.559709530704
1413393227805760256,-1.310300087554,-0.676189157117,0.301495313590,-0.347219820855,-0.721838171231,-0.218271271409,0.557445694787
1413393227855760640,-1.324158496869,-0.656372958713,0.300254114536,-0.356412991541,-0.717699018507,-0.221574218262,0.555682251018
1413393227905760512,-1.335479115351,-0.640135661391,0.299790249346,-0.363992890303,-0.712928075144,-0.226182584581,0.555053307270
1413393227955760384,-1.347376011956,-0.624483906631,0.298880103998,-0.371935407595,-0.707599158387,-0.231644151899,0.554354102103
1413393228005760512,-1.359881911374,-0.608147789959,0.295733579760,-0.382152605316,-0.702251556581,-0.238027872060,0.551493308801
1413393228055760384,-1.368775311198,-0.593192535293,0.298116773472,-0.391653951542,-0.698069365378,-0.243484363394,0.547742373881
1413393228105760512,-1.377407659647,-0.579691118232,0.297210578657,-0.400721887099,-0.692582392995,-0.249519966998,0.545427707568
1413393228155760640,-1.385520969935,-0.560563934919,0.299029182692,-0.412248919423,-0.688037076101,-0.256031548241,0.539540227092
1413393228205760512,-1.393259638887,-0.548910643378,0.299384266662,-0.420811309777,-0.684346206372,-0.261641750749,0.534912801915
1413393228255760384,-1.401210990558,-0.538154122733,0.300304007216,-0.427441952142,-0.681536486706,-0.267861094861,0.530143215271
1413393228305760256,-1.409877232790,-0.524381890454,0.301996776211,-0.434349391013,-0.677985602031,-0.274404124641,0.525717135297
1413393228355760640,-1.415473836428,-0.512970422167,0.302601238440,-0.439401001636,-0.675114065312,-0.279262910143,0.522647094699
1413393228405760512,-1.422515328582,-0.496255325896,0.302539213052,-0.445651066198,-0.670649772929,-0.286168654001,0.519356824095
1413393228455760384,-1.428503147793,-0.477339324404,0.301333905745,-0.452742827802,-0.665605904334,-0.292626518903,0.516103121889
1413393228505760512,-1.433338960418,-0.463960332713,0.301136654197,-0.457749037451,-0.662233611214,-0.297116494119,0.513453261568
1413393228555760384,-1.440212869318,-0.445219658763,0.299054516457,-0.463628228776,-0.656796001703,-0.304201590955,0.511008091609
1413393228605760512,-1.447223316448,-0.427477821125,0.296149521026,-0.469770427505,-0.652386736634,-0.309521673525,0.507842125983
1413393228655760640,-1.454168120055,-0.415377970839,0.293676628227,-0.474206601488,-0.649096741268,-0.311858271935,0.506503640467
1413393228705760512,-1.461837949635,-0.398479915121,0.293811397744,-0.478709602842,-0.646304644223,-0.315744884934,0.503420888164
1413393228755760384,-1.467990413826,-0.381284593648,0.296144384245,-0.483053753010,-0.643897895843,-0.316795042888,0.501692607314
1413393228805760256,-1.473455642989,-0.365679863098,0.297536487384,0.486908547433,0.643835475016,0.314820057860,-0.499283765726
1413393228855760640,-1.479881424507,-0.346582337317,0.298202099185,0.491586179598,0.643554643760,0.313225387549,-0.496054740042
1413393228905760512,-1.485670683172,-0.328564205039,0.296047218000,0.495271300058,0.643772465997,0.311277133612,-0.493325346453
1413393228955760384,-1.491985466514,-0.312978249420,0.294807629503,0.496825177026,0.645381912667,0.308842239178,-0.491185709864
1413393229005760512,-1.499382972428,-0.292266470522,0.293263860507,0.496761598438,0.645578239661,0.312104977570,-0.488924466324
1413393229055760384,-1.505352382657,-0.272795780479,0.294265570407,0.493681880940,0.646699229337,0.316975835298,-0.487426535021
1413393229105760512,-1.512612470513,-0.253118249489,0.292307855126,0.489897871750,0.647889596329,0.321696314072,-0.486570270090
1413393229155760640,-1.520144415680,-0.228646862966,0.287840271884,0.487489997174,0.647712333485,0.326853998114,-0.485786681193
1413393229205760512,-1.527433034429,-0.207819288854,0.283880404004,0.484513224904,0.649109028453,0.330010958541,-0.484765068168
1413393229255760384,-1.536131295414,-0.186996881419,0.278785468387,0.481573737103,0.650884611365,0.331742384826,-0.484131127413
1413393229305760256,-1.545488443210,-0.159730634312,0.274295816743,0.481053853634,0.650531472455,0.334233521258,-0.483408674433
1413393229355760640,-1.555894459025,-0.139930776539,0.268637384836,0.478322470567,0.650668027542,0.335703992449,-0.484913973338
1413393229405760512,-1.566626382236,-0.121146725242,0.263866654124,0.476662032844,0.649226455392,0.335147274190,-0.488850304969
1413393229455760384,-1.578928438623,-0.095666182843,0.256761365695,0.478269890960,0.646363356391,0.333513446581,-0.492179950695
1413393229505760512,-1.592631285296,-0.075021392922,0.247432412873,0.479439002485,0.645102242008,0.329401836805,-0.495455114175
1413393229555760384,-1.607352663110,-0.056906924226,0.241551986203,0.480156148760,0.644209974342,0.325016603656,-0.498806364348
1413393229605760512,-1.622421284869,-0.029671458770,0.236170586750,-0.484011386953,-0.642354375081,-0.321008208564,0.500067559585
1413393229655760640,-1.636431638896,-0.009430629166,0.231337530352,-0.485979786119,-0.643104501308,-0.315665398505,0.500595249746
1413393229705760512,-1.652581138614,0.012354809500,0.226641263555,0.487691601989,0.644696374717,0.312300942280,-0.498990588315
1413393229755760384,-1.666688539105,0.035019801782,0.222473838975,0.489405740060,0.646690606836,0.308721780478,-0.496954870069
1413393229805760256,-1.679433449882,0.056120826609,0.216280395441,0.490314254822,0.649154410695,0.305978914710,-0.494537547964
1413393229855760640,-1.691336734040,0.078375349894,0.215372624357,0.490843188235,0.651376984561,0.303926895854,-0.492350922132
1413393229905760512,-1.701539409028,0.105027463609,0.210386850618,0.492130361088,0.653924804192,0.301855617124,-0.488951167878
1413393229955760384,-1.711805208571,0.128803292984,0.210268886406,0.490602846013,0.655608581568,0.301625725669,-0.488372969024
1413393230005760512,-1.721646415712,0.161086338809,0.209082147238,0.488701361887,0.656936870437,0.305010831536,-0.486388034181
1413393230055760384,-1.732287544310,0.190680096439,0.211540107238,0.483756689553,0.658195292335,0.310717846702,-0.486017327060
1413393230105760512,-1.743226806754,0.222692607804,0.215540533391,0.479469595662,0.659041328938,0.315873633124,-0.485795514063
1413393230155760640,-1.753576322510,0.255252497043,0.219186457715,0.476718848818,0.659636849212,0.319076406317,-0.485601290439
1413393230205760512,-1.764329567143,0.284112770789,0.216663953940,0.473750333632,0.662360064560,0.320658961941,-0.483753652582
1413393230255760384,-1.775701495372,0.314452666311,0.215281747968,0.470926750070,0.662736741780,0.323311967599,-0.484228643071
1413393230305760256,-1.787865263166,0.347286334364,0.214217356131,0.469076794549,0.661734439290,0.324375802018,-0.486677338427
1413393230355760640,-1.802265605491,0.380142166986,0.207672359696,0.470070265523,0.662469807213,0.321534195337,-0.486604008647
1413393230405760512,-1.817346174921,0.410731687989,0.202488051178,0.471052197557,0.661883250521,0.319758896274,-0.487621408584
1413393230455760384,-1.835696458561,0.441637300317,0.199951774887,0.473680776998,0.659907752143,0.318263027567,-0.488729910532
1413393230505760512,-1.852541244314,0.471198800354,0.197567038515,0.476829354464,0.656736991703,0.317247506856,-0.490595872225
1413393230555760384,-1.870008763538,0.500942565663,0.194206394278,0.481829676857,0.654099098681,0.316288619943,-0.489853080525
1413393230605760512,-1.883169186397,0.535330951989,0.190233702727,0.487866894361,0.649459682518,0.317694939625,-0.489139999905
1413393230655760640,-1.896756286130,0.569019849542,0.190443777680,0.495179022922,0.645191925778,0.318146707180,-0.487142470823
1413393230705760512,-1.905693251180,0.603004832359,0.185609514883,0.502009198334,0.641029795237,0.321597498896,-0.483365922578
1413393230755760384,-1.916055614952,0.635226719858,0.186617412661,0.509808068919,0.635180500599,0.325229000012,-0.480486796983
1413393230805760256,-1.924240179227,0.665901476712,0.193669169646,0.517362643699,0.628634366439,0.327929866643,-0.479183399963
1413393230855760640,-1.932186399494,0.702866608488,0.194736906566,0.525576116856,0.622654054874,0.334026065995,-0.473812474061
1413393230905760512,-1.943426953433,0.735971326908,0.201335320263,0.531012015226,0.617376057843,0.342398106066,-0.468654008678
1413393230955760384,-1.956905925062,0.767090722782,0.213027329735,0.535585430957,0.612853204321,0.351325156470,-0.462741645555
1413393231005760512,-1.966235859369,0.804244341664,0.223071346838,0.539692086658,0.608525608967,0.361586276373,-0.455724038832
1413393231055760384,-1.978082400090,0.832444441121,0.233604257843,0.542265764310,0.605521779469,0.371753497079,-0.448431213070
1413393231105760512,-1.995547848817,0.861838357081,0.249309807879,0.545075534931,0.604642196108,0.377466348842,-0.441383768843
1413393231155760640,-1.995940005220,0.903894974473,0.272043986517,0.546177690572,0.602369802419,0.384786287287,-0.436783773246
1413393231205760512,-2.000350200949,0.948668321752,0.277223303292,0.549019641012,0.599305494550,0.389794591221,-0.432978676889
1413393231255760384,-2.007708212789,0.986307530163,0.282949330849,0.550692978251,0.598198171792,0.391793584915,-0.430574009653
1413393231305760256,-2.021969049840,1.022402255225,0.300873724913,0.553366248653,0.595912109521,0.392256078625,-0.429895012020
1413393231355760640,-2.037489763994,1.057638360297,0.303657498018,0.555894627821,0.592569716973,0.392460188064,-0.431065301399
1413393231405760512,-2.054214946921,1.089411815830,0.304282119184,0.556719448585,0.588626196885,0.392391256561,-0.435444322139
1413393231455760384,-2.069768275551,1.127482502349,0.307734175240,0.558442774038,0.581964224640,0.393286086100,-0.441344948813
1413393231505760512,-2.088963662808,1.160953423365,0.309028653454,0.558640427774,0.576060181826,0.394039034062,-0.448116925596
1413393231555760384,-2.111303750687,1.191331034360,0.309171443970,0.556604204468,0.570573825053,0.395484249325,-0.456321682883
1413393231605760512,-2.128457417412,1.232669736525,0.304796283518,0.556612044280,0.564548409803,0.397289696567,-0.462200197050
1413393231655760640,-2.146208416163,1.267354944239,0.295179923784,0.556491940458,0.560496850846,0.398567281439,-0.466158902697
1413393231705760512,-2.161385219506,1.299235595484,0.287256368773,0.557196236747,0.558343137708,0.399177452171,-0.467378493309
1413393231755760384,-2.174845914515,1.334869175310,0.281156490303,0.560384040435,0.554753695136,0.401701129228,-0.465676140398
1413393231805760256,-2.189673841170,1.360989801628,0.276279153683,0.564487203966,0.553933089017,0.399682003398,-0.463429202372
1413393231855760640,-2.204064950046,1.388255676997,0.266996239232,0.570366581797,0.552065203259,0.397182750684,-0.460599431479
1413393231905760512,-2.215511396791,1.417186760672,0.256537715212,0.579084531283,0.548894058455,0.394793493398,-0.455537611830
1413393231955760384,-2.226706250628,1.438989777711,0.250004506837,0.586834010585,0.545831101418,0.391568924413,-0.452070824296
1413393232005760512,-2.232401588794,1.464499287800,0.242900530384,0.594424201817,0.541960975948,0.390825789091,-0.447429739094
1413393232055760384,-2.236240655614,1.491154928718,0.232818620857,0.600672340942,0.538806839844,0.393398744041,-0.440587512705
1413393232105760512,-2.240630263653,1.514333892775,0.229941456931,0.606270811751,0.535256451306,0.396638277050,-0.434297491741
1413393232155760640,-2.241645686729,1.538823642586,0.227595003462,0.611919352258,0.530258391467,0.401544273001,-0.427952031695
1413393232205760512,-2.236096731872,1.564509980896,0.229777731369,0.616660132976,0.524288331831,0.408512489922,-0.421864398928
1413393232255760384,-2.234484540264,1.586285617364,0.226099376201,0.621327654970,0.519340618254,0.414157992552,-0.415584437396
1413393232305760256,-2.229110414082,1.610857995152,0.218234083991,0.626397415127,0.513137581277,0.420480329336,-0.409282779562
1413393232355760640,-2.222949532212,1.634263051900,0.212369793971,0.633118342581,0.505745273706,0.424029782506,-0.404452254240
1413393232405760512,-2.217174110132,1.657395042921,0.206065349265,0.639394069497,0.499555963750,0.427123927112,-0.398978964185
1413393232455760384,-2.211285405315,1.682328819045,0.196181168001,0.645718096846,0.493175856055,0.430836289171,-0.392690471419
1413393232505760512,-2.200383318488,1.707835867216,0.186878024779,0.651950362303,0.487295600430,0.433269353576,-0.387016007610
1413393232555760384,-2.188392951726,1.732454389708,0.176433354547,0.656613224983,0.481742159746,0.436227772034,-0.382738677439
1413393232605760512,-2.178802979680,1.753262626569,0.167659435205,0.659353775032,0.477703747196,0.438876668421,-0.380051311249
1413393232655760640,-2.164861003738,1.780516698617,0.152532756177,0.663101925797,0.472986845185,0.441240718769,-0.376677459356
1413393232705760512,-2.157655805331,1.802229652837,0.142119701154,0.665769769141,0.470341595378,0.442043490451,-0.374335345252
1413393232755760384,-2.150719645490,1.821641512221,0.130565260969,0.666400174853,0.469815660410,0.443860940419,-0.371714295877
1413393232805760256,-2.134324363843,1.850227970361,0.119558292962,0.668400921750,0.467752433500,0.445778890107,-0.368414236822
1413393232855760640,-2.121478069633,1.872625861254,0.111598685447,0.668594530025,0.466932038568,0.447002347136,-0.367620357753
1413393232905760512,-2.108814697854,1.896461388088,0.099275408885,0.669434722136,0.467892293086,0.447153777727,-0.364674449247
1413393232955760384,-2.094119123569,1.921389887596,0.088767793194,0.670033518430,0.469142143371,0.448629261487,-0.360128476006
1413393233005760512,-2.079298663546,1.943840105025,0.079177706573,0.669548466633,0.471809733521,0.449620587967,-0.356288861825
1413393233055760384,-2.066717844146,1.963679848424,0.076357044818,0.667581018730,0.474804598202,0.451180523601,-0.354023038912
1413393233105760512,-2.045564911982,1.992013697411,0.071269287806,0.668110337039,0.476081373599,0.451478205952,-0.350916703512
1413393233155760640,-2.026625278238,2.018145109631,0.061270120847,0.666963968293,0.477693992526,0.453111071557,-0.348794884332
1413393233205760512,-2.011112237711,2.040632016257,0.058748950741,0.664801800217,0.478702112885,0.455192024224,-0.348831011566
1413393233255760384,-1.986987640245,2.073413299677,0.057124643236,0.664237598911,0.476776269097,0.459512939361,-0.346872685547
1413393233305760256,-1.966406577841,2.098647829041,0.064042917451,0.662649474265,0.474047840043,0.464122619389,-0.347511890125
1413393233355760640,-1.944198564676,2.129034543554,0.070263215307,0.661322828333,0.470101697071,0.470651737361,-0.346617156609
1413393233405760512,-1.924010357399,2.158533649067,0.086860062264,0.662082800995,0.462857140899,0.476151736657,-0.347403447627
1413393233455760384,-1.905754247078,2.187324325222,0.105356638911,0.663154198697,0.454740810372,0.481547233402,-0.348639593471
1413393233505760512,-1.884958205921,2.215093162190,0.127427970489,0.665254347308,0.448799694073,0.486416205606,-0.345564412102
1413393233555760384,-1.865565389768,2.242221303838,0.139014788790,0.669904341445,0.442984337879,0.488654019755,-0.340896316618
1413393233605760512,-1.847834917541,2.266259593502,0.156797204830,0.675029020538,0.438092366455,0.490759412141,-0.334015118342
1413393233655760640,-1.831342305668,2.289292885608,0.178918760004,0.681432894748,0.432825088589,0.492060527375,-0.325865140882
1413393233705760512,-1.814261165370,2.312720252186,0.198192047926,0.687830908875,0.427135966461,0.493945759503,-0.316955980573
1413393233755760384,-1.802383315975,2.332290257778,0.229106780185,0.691556131082,0.420188708801,0.499039339355,-0.310082737886
1413393233805760256,-1.783602178516,2.357455695672,0.257572923611,0.694895349233,0.411821215663,0.504146273326,-0.305549136861
1413393233855760640,-1.775419824706,2.378513143858,0.289450638328,0.696731053334,0.404548832272,0.508641523129,-0.303627868577
1413393233905760512,-1.772222168044,2.399295956505,0.309521975730,0.697812754020,0.397175618745,0.512950076014,-0.303629886076
1413393233955760384,-1.758484281728,2.426210829687,0.330413966980,0.700414646528,0.388410106525,0.517906759367,-0.300548666076
1413393234005760512,-1.748469631273,2.448032961896,0.348274290294,0.705285157556,0.379457501621,0.518655926325,-0.299300653328
1413393234055760384,-1.745398491737,2.464846265974,0.362780307533,0.709948128742,0.371079231398,0.519211656514,-0.297813891988
1413393234105760512,-1.735772069137,2.484923444281,0.379340007524,0.715832826023,0.362691330552,0.519475159539,-0.293570983839
1413393234155760640,-1.731003283038,2.502600991296,0.398699776605,0.722436155802,0.356046211779,0.517227482394,-0.289469907457
1413393234205760512,-1.717090786748,2.519178060959,0.421345863898,0.727202153099,0.348039952815,0.516534143501,-0.288509442428
1413393234255760384,-1.703338271410,2.535704222550,0.444345947331,0.728933693455,0.335666343785,0.520321011967,-0.291975719369
1413393234305760256,-1.685826546558,2.549954391420,0.461659180936,0.729181703262,0.321322866563,0.524898462281,-0.299211068223
1413393234355760640,-1.672524530475,2.562280788079,0.474776700153,0.728786866021,0.305716418724,0.529763330794,-0.307827855438
1413393234405760512,-1.653024944465,2.574987205396,0.483140956807,0.729340477720,0.290063854644,0.534678747233,-0.313119889254
1413393234455760384,-1.642583437838,2.579583850876,0.496757473786,0.729535674285,0.278536364675,0.538584680766,-0.316420187636
1413393234505760512,-1.631843218899,2.583017293829,0.505416021501,0.730783899847,0.269228327832,0.542084660142,-0.315618789771
1413393234555760384,-1.614449673499,2.584921536840,0.504024714098,0.731788169073,0.262523358447,0.548002758865,-0.308643059456
1413393234605760512,-1.599420482075,2.580435528807,0.506881713230,0.732415933309,0.261681205487,0.555484522215,-0.294154369184
1413393234655760640,-1.581458057756,2.573246478730,0.510729121268,0.735425752623,0.265916875321,0.560934086763,-0.271643384064
1413393234705760512,-1.565957046086,2.562021716830,0.517535134735,0.737297608261,0.270731987583,0.567646902231,-0.246725398246
1413393234755760384,-1.558699471041,2.545101222842,0.528889314089,0.741977349681,0.274061312462,0.568890184149,-0.225219821401
1413393234805760256,-1.550627666936,2.527014589427,0.546335541790,0.748591775776,0.275652015300,0.566911644528,-0.205517656177
1413393234855760640,-1.541952272664,2.507755413429,0.566882795015,0.756463000477,0.271821648052,0.562843507084,-0.192571823206
1413393234905760512,-1.536756080744,2.488693248346,0.575843786438,0.763597063820,0.263673125293,0.559541807091,-0.185226815664
1413393234955760384,-1.527598945967,2.475026521641,0.584999295955,0.770177883071,0.253483654402,0.556661138785,-0.180832635179
1413393235005760512,-1.527962623534,2.458604010869,0.581471253205,0.776196394916,0.240458207209,0.554328801722,-0.180051622281
1413393235055760384,-1.525427839492,2.446093321126,0.573554139762,0.781569112144,0.226796546739,0.552773576508,-0.179316542585
1413393235105760512,-1.520815403868,2.432773198918,0.562084842480,0.786104857169,0.212919896832,0.552287315043,-0.177997170515
1413393235155760640,-1.516414645776,2.417922066526,0.546709873778,0.790304576165,0.200879916040,0.552203476032,-0.173600856228
1413393235205760512,-1.513415134510,2.402928969255,0.531234737968,0.793097567486,0.192251625835,0.554013945191,-0.164633257105
1413393235255760384,-1.511505154581,2.385881775324,0.512910927713,0.796170984976,0.187060054158,0.554990932631,-0.152004485190
1413393235305760256,-1.507929040642,2.367020740812,0.496362784722,0.799065511430,0.183518867024,0.555735381555,-0.137743673455
1413393235355760640,-1.502972270568,2.349837645620,0.484987918525,0.803181561497,0.180106859129,0.553813990174,-0.125502840016
1413393235405760512,-1.501054139364,2.332197441212,0.474819780382,0.806569226793,0.178576420983,0.551574679546,-0.115420609697
1413393235455760384,-1.493141840116,2.315986126139,0.457912542356,0.809454860398,0.176993844232,0.549665851239,-0.106411747772
1413393235505760512,-1.482695619813,2.302805768600,0.440356912126,0.811921921005,0.176210565223,0.547802260889,-0.098210558801
1413393235555760384,-1.474605697007,2.293238320097,0.417626826082,0.810287339008,0.178819031702,0.551439491248,-0.085864251213
1413393235605760512,-1.468660341787,2.282563492687,0.410461701637,0.807749070525,0.180895391677,0.555971845401,-0.075588381764
1413393235655760640,-1.460868232368,2.277349866914,0.403848115685,0.805394669486,0.179921322649,0.560728946690,-0.067459560956
1413393235705760512,-1.455406812608,2.274262715713,0.406384977807,0.803365971328,0.178180598334,0.564602076984,-0.063869281780
1413393235755760384,-1.453564136894,2.273265523825,0.402007430012,0.802081454291,0.174319887128,0.567592592611,-0.064160474177
1413393235805760256,-1.453202184576,2.274755026566,0.401101894854,0.800863126043,0.169192985118,0.570297440163,-0.068940676498
1413393235855760640,-1.448205062330,2.284088890198,0.399405637890,0.800873945556,0.160351429120,0.571574358237,-0.078683514883
1413393235905760512,-1.441582669986,2.296761063236,0.399158882326,0.801652854268,0.149089419697,0.571921460353,-0.089615229543
1413393235955760384,-1.438519654902,2.308726580629,0.395322786379,0.801971914990,0.137912336308,0.572540618800,-0.100092331803
1413393236005760512,-1.434677772989,2.321697760425,0.390748644289,0.801290581540,0.127912664613,0.574791833106,-0.105764373778
1413393236055760384,-1.430632132210,2.335282401888,0.390429485514,0.801944891029,0.116564813496,0.575380100855,-0.110610919655
1413393236105760512,-1.431886773583,2.345710989289,0.390037415373,0.802673832459,0.107249224952,0.575888337903,-0.112093464131
1413393236155760640,-1.427908419832,2.357720175398,0.392302756384,0.804077728681,0.097290157000,0.576164997028,-0.109670086124
1413393236205760512,-1.424783613502,2.367685881397,0.385623446920,0.806010185322,0.090630741065,0.576209845054,-0.100577653550
1413393236255760384,-1.431387055040,2.370726579767,0.384209116873,0.807800302117,0.087323816650,0.575986334907,-0.089849679720
1413393236305760256,-1.425450152344,2.379625146479,0.388258537204,0.810110122147,0.081888092460,0.575603620260,-0.075474516576
1413393236355760640,-1.417838910953,2.388120285674,0.395725380974,0.812259331181,0.074145049202,0.575136466769,-0.062891455536
1413393236405760512,-1.422350617079,2.390644470278,0.402376411571,0.814419751888,0.066800883402,0.573766796651,-0.055224747825
1413393236455760384,-1.423084719769,2.392723845269,0.418531793494,0.816932696799,0.056555508830,0.571769415764,-0.050021780444
1413393236505760512,-1.419359941487,2.399709871095,0.423518918022,0.820160698458,0.045596640148,0.568639312997,-0.043665854226
1413393236555760384,-1.418246364675,2.404197058466,0.427470447528,0.824304949145,0.035878327606,0.563765467879,-0.037451216931
1413393236605760512,-1.419126234090,2.408158503240,0.421050034770,0.828143426386,0.026198840505,0.559008229237,-0.031652578640
1413393236655760640,-1.418855528305,2.412553411335,0.417607157191,0.831701238918,0.016532819942,0.554333115404,-0.026730361279
1413393236705760512,-1.417830702019,2.415647471249,0.418038405166,0.833425422488,0.006942001716,0.552030414762,-0.024825288312
1413393236755760384,-1.414485152052,2.420265741761,0.412700899136,0.833453097164,-0.003472017631,0.552042271289,-0.024355915732
1413393236805760256,-1.409529954863,2.425181698465,0.408119277216,0.832139256914,-0.014217661034,0.553791802701,-0.025627221444
1413393236855760640,-1.404863152322,2.427908372785,0.404080315333,0.830440901121,-0.022037378353,0.556123602776,-0.024673916105
1413393236905760512,-1.401627453407,2.431181432802,0.397919222935,0.828134795989,-0.026321962877,0.559470277599,-0.022201856351
1413393236955760384,-1.388895379450,2.437249643254,0.400408163573,0.825932697859,-0.029488975633,0.562729886231,-0.017339379036
1413393237005760512,-1.382163848028,2.437222172700,0.404466396221,0.823752949876,-0.027975291049,0.566133353847,-0.011894802373
1413393237055760384,-1.371073316764,2.440108071502,0.401989370423,0.820737011099,-0.026394615566,0.570672993514,-0.005139781621
1413393237105760512,-1.355975750083,2.443599030614,0.401512518089,0.818478494062,-0.022502323684,0.574082575914,0.003974445684
1413393237155760640,-1.345634066766,2.442136211105,0.414111455653,0.816621455399,-0.016826500835,0.576807003951,0.011829946972
1413393237205760512,-1.337462405658,2.439438937131,0.424474059673,0.815080620176,-0.010409363857,0.578946068656,0.018885903333
1413393237255760384,-1.322924488638,2.442778586201,0.425444798581,0.813374231012,-0.006520743960,0.581158741306,0.025186457227
1413393237305760256,-1.310715877180,2.444547594080,0.426555517335,0.812937058377,-0.003679043631,0.581619762503,0.028952644461
1413393237355760640,-1.303883808196,2.444600962828,0.431023265867,0.813434072895,0.000080272136,0.580873053126,0.030191037794
1413393237405760512,-1.289443413615,2.451005225227,0.431639652567,0.812759096100,0.000609038420,0.581778580471,0.030918668839
1413393237455760384,-1.281755138683,2.454606413153,0.429805519960,0.812211625376,0.000483392068,0.582718844992,0.027400540629
1413393237505760512,-1.269762214577,2.460795970307,0.431583745634,0.812851861113,-0.002673902078,0.582126303681,0.019841086041
1413393237555760384,-1.258314166791,2.469308067110,0.430109633669,0.813481322094,-0.007387204508,0.581448307317,0.010556217697
1413393237605760512,-1.248853527227,2.477153794614,0.432180662672,0.813211947986,-0.012988804829,0.581822647163,0.000160780739
1413393237655760640,-1.240007007675,2.486543545943,0.426361539057,0.814157445978,-0.017611887730,0.580311172153,-0.008741741407
1413393237705760512,-1.231250047132,2.495703630132,0.421364653922,0.815010557733,-0.020489148877,0.578881619841,-0.015298881439
1413393237755760384,-1.223138650039,2.504036662144,0.416385179317,0.816096657846,-0.021895329701,0.577153804128,-0.020008147622
1413393237805760256,-1.214484681112,2.513226769880,0.405688979289,0.816292425151,-0.021899384370,0.576799343186,-0.022127162170
1413393237855760640,-1.206028920185,2.519782849844,0.405140049837,0.819137139302,-0.019528068666,0.572868688789,-0.021318230602
1413393237905760512,-1.198906435243,2.523938794556,0.404248336731,0.820465454186,-0.017466750844,0.571064944315,-0.020400501870
1413393237955760384,-1.186475848150,2.531326518237,0.390367105540,0.821979932904,-0.014188254242,0.569132015742,-0.015376345522
1413393238005760512,-1.177309084865,2.536004361632,0.373460627377,0.823260719712,-0.008986164155,0.567539182898,-0.007766087103
1413393238055760384,-1.171752314288,2.536736676635,0.366537991261,0.825553362756,-0.002792036975,0.564315297666,-0.001447270905
1413393238105760512,-1.164514680926,2.538383478227,0.363801778421,0.827688446981,0.000950891802,0.561177607467,0.003259358300
1413393238155760640,-1.143793018896,2.544845455041,0.368823157172,0.828886546600,0.001196071374,0.559341767258,0.009080180650
1413393238205760512,-1.133330111856,2.545898254305,0.368788296038,0.829214193904,0.002998213162,0.558771751079,0.012998520751
1413393238255760384,-1.121931568138,2.547159618633,0.376127188172,0.829717326125,0.003630423735,0.557982601634,0.014539430019
1413393238305760256,-1.098179843257,2.555525323679,0.379477608072,0.830469987612,0.001510993180,0.556751606280,0.018573246353
1413393238355760640,-1.084575880682,2.559899886168,0.389210459017,0.831270891173,0.000567107911,0.555546743599,0.018873249671
1413393238405760512,-1.068338538200,2.565982427873,0.402722689963,0.830621416736,-0.001648755655,0.556544296229,0.017994165684
1413393238455760384,-1.049957394204,2.573805038721,0.415707462458,0.829144916640,-0.005732545025,0.558800573259,0.015091867473
1413393238505760512,-1.031090447247,2.582672420851,0.428488727767,0.828274483957,-0.011888645223,0.560122368540,0.009108874862
1413393238555760384,-1.012133268942,2.590220380602,0.444464132539,0.826550427504,-0.019344234243,0.562529329713,0.000971909173
1413393238605760512,-0.992105490604,2.598327179742,0.452176204510,0.824685614074,-0.026579220512,0.564919709283,-0.007273585036
1413393238655760640,-0.969451629394,2.608098334345,0.452379557305,0.822919832332,-0.033460556532,0.566997969089,-0.014022972565
1413393238705760512,-0.948937399096,2.615623766041,0.451257920606,0.821216117726,-0.038543174250,0.568969003393,-0.019818801280
1413393238755760384,-0.927585641255,2.622174280640,0.445689003467,0.820184573805,-0.042308431403,0.570059058359,-0.023236426301
1413393238805760256,-0.907211077863,2.624542595099,0.440270081823,0.820054124308,-0.043225636158,0.570152466778,-0.023852509520
1413393238855760640,-0.884378880401,2.625874573784,0.435225098511,0.820219635392,-0.042215420250,0.570095504095,-0.021183111681
1413393238905760512,-0.864429565922,2.626815907630,0.421712425810,0.820418682546,-0.037291876642,0.570373971136,-0.014001225522
1413393238955760384,-0.843160311292,2.623742891038,0.421368803229,0.821508977907,-0.031430831833,0.569301437584,-0.005565536236
1413393239005760512,-0.814342411566,2.621575559833,0.417398227739,0.821509588634,-0.026747083115,0.569544123123,0.005106970013
1413393239055760384,-0.800084297388,2.614091671844,0.416716212764,0.821228668504,-0.020099646708,0.570127500829,0.011580631553
1413393239105760512,-0.772956002146,2.612286693079,0.417351880603,0.821646706923,-0.016761534396,0.569442508942,0.018734166019
1413393239155760640,-0.748395088355,2.610193578765,0.412946137152,0.820905853526,-0.014018691839,0.570378717672,0.024190377262
1413393239205760512,-0.735625741361,2.602875531453,0.410016688461,0.820523297656,-0.010555172003,0.570940713985,0.025628255138
1413393239255760384,-0.704479944419,2.601724144361,0.411083559120,0.821009604714,-0.011080206110,0.570094929084,0.028499646165
1413393239305760256,-0.679343517689,2.600460150040,0.412111311787,0.820685127066,-0.010651058961,0.570444623839,0.030909679537
1413393239355760640,-0.656574036415,2.601277739102,0.414712745698,0.821370372276,-0.009901128684,0.569427441480,0.031702808822
1413393239405760512,-0.627266439313,2.604917477929,0.416502151745,0.821655852884,-0.011053457791,0.568904734114,0.033269866165
1413393239455760384,-0.604934807645,2.605757110119,0.425856118029,0.822684800532,-0.011618605667,0.567502103558,0.031560884550
1413393239505760512,-0.580380397957,2.609431436670,0.428630615347,0.822402799953,-0.009914221577,0.567809767413,0.033873453755
1413393239555760384,-0.547366213546,2.614596190503,0.436101759926,0.823361745559,-0.013512545118,0.566471534516,0.031667770027
1413393239605760512,-0.528242760347,2.618598237716,0.441161402767,0.823740893663,-0.014595991120,0.566161168068,0.026446718552
1413393239655760640,-0.503723978022,2.624437581557,0.445739291604,0.822849372358,-0.020122396096,0.567613353983,0.018140561325
1413393239705760512,-0.475686735005,2.631976548734,0.445117390248,0.821831220867,-0.028182114576,0.568971909648,0.008377282241
1413393239755760384,-0.454589836201,2.637578643312,0.448600390715,0.822041902963,-0.032231996359,0.568513833690,-0.000478629806
1413393239805760256,-0.425405130388,2.643799957330,0.451054226112,0.822106730056,-0.036049736187,0.568169437847,-0.004942753755
1413393239855760640,-0.398459525965,2.648893198234,0.448715796941,0.822559844445,-0.037318474975,0.567418568517,-0.006229111807
1413393239905760512,-0.374397449737,2.652276392958,0.448028195780,0.823061827445,-0.034898836984,0.566864038672,-0.004057220902
1413393239955760384,-0.349026073330,2.653648598138,0.450847655114,0.823434489647,-0.033361208245,0.566423959498,-0.002563035615
1413393240005760512,-0.323567908895,2.654578875085,0.452179636146,0.822204598490,-0.029312140487,0.568431389247,0.002480395179
1413393240055760384,-0.296284197331,2.655032095508,0.454668135804,0.822064911072,-0.024414234340,0.568808466715,0.008375878397
1413393240105760512,-0.265215573155,2.655432130920,0.454845599172,0.820130760665,-0.019273821837,0.571602122305,0.016883985898
1413393240155760640,-0.238525872585,2.654167536989,0.459496134292,0.819494053473,-0.013986975635,0.572468937730,0.022653392000
1413393240205760512,-0.212242339399,2.653958431504,0.461561824176,0.819161033988,-0.009638303484,0.572866886103,0.026567542378
1413393240255760384,-0.182287600827,2.653134378832,0.474181223019,0.820015847088,-0.009019007178,0.571606919359,0.027535391321
1413393240305760256,-0.154880830815,2.652920792857,0.477340384861,0.820816383094,-0.009210842722,0.570531191776,0.025880201533
1413393240355760640,-0.126084477353,2.655229055982,0.477866313889,0.821147322557,-0.010587218997,0.570124263182,0.023734152242
1413393240405760512,-0.101691603018,2.658519430544,0.471407225834,0.820201158364,-0.013206632991,0.571595132867,0.019355845262
1413393240455760384,-0.074405321029,2.661240549055,0.455557305362,0.818659353905,-0.015384231857,0.573862850374,0.015544022455
1413393240505760512,-0.045791065749,2.664176965221,0.437543665468,0.818647097248,-0.019064547070,0.573890777183,0.010141453425
1413393240555760384,-0.016964013863,2.667176725974,0.421385313189,0.818072857082,-0.021999184604,0.574656575370,0.006531214825
1413393240605760512,0.011068964261,2.669753039360,0.412310871237,0.818565615246,-0.024430566542,0.573883867932,0.003284369418
1413393240655760640,0.038127923514,2.671038061853,0.407543812322,0.819131409552,-0.025621750738,0.573028785367,0.002295847198
1413393240705760512,0.065538389297,2.672523635550,0.398837621519,0.817948688632,-0.025487057629,0.574706645297,0.004756522972
1413393240755760384,0.094529185832,2.671218015107,0.404200585350,0.816721196586,-0.024610632612,0.576444249425,0.008534114726
1413393240805760256,0.123826327709,2.671494499065,0.402379493053,0.815425466647,-0.022196250189,0.578255208153,0.014475809658
1413393240855760640,0.146674489793,2.669094976297,0.413930517890,0.813753256389,-0.020302911701,0.580572686077,0.018132448101
1413393240905760512,0.173522426405,2.667961785013,0.417529509863,0.810647904174,-0.020422348628,0.584774926450,0.021706877471
1413393240955760384,0.197581695805,2.666902291720,0.415493406826,0.807719613356,-0.020182511504,0.588676533556,0.025330441581
1413393241005760512,0.216721705303,2.665381559179,0.414371584484,0.805022670912,-0.019900437898,0.592306229183,0.026754490472
1413393241055760384,0.241711638240,2.664257131617,0.406499863770,0.802185034135,-0.021830728033,0.596035888347,0.027637115009
1413393241105760512,0.261948290939,2.663571333631,0.397432217677,0.800916737577,-0.025267619581,0.597729639224,0.024762981710
1413393241155760640,0.283262812333,2.663524175010,0.385627747560,0.800919337101,-0.029572576505,0.597680310937,0.020782783610
1413393241205760512,0.303817878935,2.662875416302,0.371507848073,0.801610773876,-0.034131279599,0.596646905103,0.016361344398
1413393241255760384,0.324387588087,2.662233681009,0.355075966461,0.802909865074,-0.038207271189,0.594728310901,0.013198075931
1413393241305760256,0.345060565443,2.660566798155,0.341221677863,0.805433889180,-0.042021521056,0.591096017366,0.010767552316
1413393241355760640,0.360915917750,2.657772091357,0.331158283779,0.809849162890,-0.043667353285,0.584917105849,0.010463025796
1413393241405760512,0.379929219668,2.653955161279,0.318893340930,0.813492146984,-0.045239822117,0.579708221321,0.011057279214
1413393241455760384,0.400975946978,2.648654596704,0.304194211765,0.816001120017,-0.044878168018,0.576100654484,0.015367435356
1413393241505760512,0.411907200564,2.643935809480,0.297300318009,0.816826499307,-0.041874706676,0.575040082664,0.019232324381
1413393241555760384,0.430248364866,2.637684027410,0.289011222386,0.815920699211,-0.039070638324,0.576280787732,0.025443103387
1413393241605760512,0.449945251024,2.631116829706,0.281385652516,0.815290173114,-0.035613493613,0.577079465877,0.031826133271
1413393241655760640,0.459978991853,2.626558843138,0.273894115101,0.814347005965,-0.031033641916,0.578454623254,0.035582520733
1413393241705760512,0.475888087048,2.619932256124,0.270135609785,0.813251742981,-0.028413267503,0.579914287604,0.038906397937
1413393241755760384,0.497676440452,2.612969641809,0.264101037430,0.813496813305,-0.028082300018,0.579420089589,0.041311971017
1413393241805760256,0.510559357193,2.609140814561,0.260496906502,0.814419462424,-0.025286020570,0.578155598442,0.042634028419
1413393241855760640,0.528541563216,2.605224736656,0.254887752410,0.814789332115,-0.024092395545,0.577588974008,0.043918991951
1413393241905760512,0.550889993639,2.600862626885,0.247399714355,0.813949139541,-0.023885660206,0.578659506553,0.045491196447
1413393241955760384,0.561633291092,2.600743021370,0.242074360175,0.812490529088,-0.020689894319,0.580845223868,0.045275758692
1413393242005760512,0.581477743845,2.599601962122,0.234403658497,0.810834653785,-0.019940364637,0.583126894873,0.045962708298
1413393242055760384,0.594610674167,2.599649529938,0.229153226299,0.808883756008,-0.017882225804,0.585969088493,0.045028020136
1413393242105760512,0.605659663396,2.601699682608,0.230289335796,0.805623715713,-0.016325860996,0.590626667974,0.043174460287
1413393242155760640,0.625265576389,2.602148990214,0.228081622647,0.801836590520,-0.017843716769,0.595854571853,0.041194818570
1413393242205760512,0.632408307468,2.607059144161,0.224507798349,0.798488845278,-0.017317376150,0.600621150853,0.037012235798
1413393242255760384,0.642066647991,2.611840994455,0.220614371008,0.796153278623,-0.017091613632,0.603845658093,0.034903508183
1413393242305760256,0.657886589058,2.614279517515,0.216831358986,0.795575237448,-0.019149649631,0.604629296043,0.033417762433
1413393242355760640,0.661444628132,2.619866700668,0.215455970141,0.796476617971,-0.020695935549,0.603628982558,0.028787613530
1413393242405760512,0.666581980804,2.625601676335,0.213117657170,0.800573787473,-0.023951316719,0.598324331398,0.022714305982
1413393242455760384,0.673132752297,2.629716497957,0.210700040303,0.805244493416,-0.028477746720,0.592032444889,0.016367894297
1413393242505760512,0.674480824556,2.634747174854,0.210400516157,0.811619443767,-0.033031886261,0.583189596273,0.008524540359
1413393242555760384,0.677408855792,2.638237235214,0.211758808185,0.816711933280,-0.036907118513,0.575858380209,0.002570716499
1413393242605760512,0.683004628029,2.640383739678,0.208067476266,0.820150028894,-0.039185666369,0.570804892248,0.000434329676
1413393242655760640,0.683253278870,2.642297490684,0.210309913196,0.822680210709,-0.039853897168,0.567102038020,-0.002053353757
1413393242705760512,0.688492234059,2.642240345951,0.209252127467,0.823461544241,-0.041149103511,0.565869677523,-0.003056876883
1413393242755760384,0.686919127905,2.642106788418,0.211651263845,0.823019462610,-0.041781492647,0.566421909975,-0.007713036835
1413393242805760256,0.693607997611,2.638011044262,0.216490780404,0.822109292433,-0.041085118530,0.567767318473,-0.009412566296
1413393242855760640,0.699944625025,2.634223836586,0.211875034854,0.820960571356,-0.035141331724,0.569858281402,-0.007096914885
1413393242905760512,0.700682251832,2.629840359225,0.220287007747,0.820994636604,-0.024350011158,0.570406281533,-0.003399648632
1413393242955760384,0.713562682295,2.620849849319,0.227717743958,0.821635915636,-0.015626566514,0.569797773760,0.000854151830
1413393243005760512,0.716988851680,2.614403708266,0.234450980636,0.822985154408,-0.004390937876,0.568040679441,0.002437578411
1413393243055760384,0.718184719854,2.609810115338,0.239966217064,0.825261188646,0.008333894388,0.564688372721,0.001248372025
1413393243105760512,0.732429102419,2.600494870858,0.244204256706,0.826086642974,0.018167339388,0.563250213660,-0.000053775361
1413393243155760640,0.735643843157,2.594851591261,0.249680535131,0.825313724893,0.029981946283,0.563846856736,-0.005921194861
1413393243205760512,0.741501151298,2.590338727519,0.258302338648,0.821743414687,0.041238972185,0.568205263272,-0.013412172851
1413393243255760384,0.765343626244,2.580064609380,0.261694920366,0.817392874951,0.048622662579,0.573768257813,-0.017167148559
1413393243305760256,0.771017714505,2.574738746977,0.270977740486,0.812609730953,0.057533775840,0.579460467062,-0.024100973229
1413393243355760640,0.783070838731,2.570348172353,0.271164813407,0.808715702187,0.063772709658,0.584011422511,-0.029027795587
1413393243405760512,0.799733224677,2.563618111166,0.267967763647,0.805638192133,0.068110305237,0.587624972365,-0.031701443970
1413393243455760384,0.804127435364,2.560837602232,0.264986533815,0.803861964597,0.073639981996,0.589103839614,-0.036602746863
1413393243505760512,0.814241297344,2.555883602007,0.259349877240,0.802669961318,0.076881454236,0.590093690167,-0.039995149920
1413393243555760384,0.823475945927,2.550416477017,0.250628462355,0.802465737237,0.079696606260,0.589797583367,-0.042848595840
1413393243605760512,0.833426763763,2.545049398281,0.237285962120,0.802565119722,0.082369903568,0.589244035723,-0.043541864411
1413393243655760640,0.840272438832,2.539939854517,0.231356211078,0.802509709674,0.084453476910,0.588960983971,-0.044392966522
1413393243705760512,0.841324767287,2.536516243627,0.223650840898,0.803667783759,0.087178398756,0.586899241693,-0.045467573477
1413393243755760384,0.843130679650,2.532574809854,0.219063833553,0.803964213560,0.088931422564,0.586231875858,-0.045441535212
1413393243805760256,0.848207354731,2.527286227460,0.213547762827,0.805696513776,0.089910885088,0.583714642961,-0.045236887868
1413393243855760640,0.848057344595,2.523566439733,0.211736618669,0.807186396209,0.089828828093,0.581459574941,-0.047808640736
1413393243905760512,0.852583411819,2.517905739233,0.211998020829,0.807158356008,0.089708509357,0.581561856492,-0.047260752732
1413393243955760384,0.853328202752,2.514605528071,0.208100155451,0.806954418856,0.090280932256,0.581771087193,-0.047077821382
1413393244005760512,0.853136575329,2.512861891236,0.199546469858,0.807749942921,0.091368647104,0.580583030428,-0.045990703597
1413393244055760384,0.850914239240,2.511353639312,0.200730408844,0.807284315133,0.092076421576,0.581206591843,-0.044864961031
1413393244105760512,0.847610890808,2.510262350156,0.200530429011,0.807496519023,0.093147828045,0.580835173808,-0.043627454253
1413393244155760640,0.844712694104,2.510166218738,0.201267084674,0.808128676949,0.094420987915,0.579784446103,-0.043159177372
1413393244205760512,0.835453509973,2.511838457548,0.202477997844,0.807330435492,0.097640760474,0.580152906971,-0.045896125717
1413393244255760384,0.832284761848,2.512257967960,0.202464982137,0.807538834488,0.101767230488,0.578926021109,-0.048673644577
1413393244305760256,0.830221587009,2.513253361035,0.201398056284,0.807451720101,0.107156600714,0.577858400258,-0.051174719157
1413393244355760640,0.815401816638,2.520322409368,0.203531986848,0.806935421105,0.115195369818,0.576489159418,-0.056969307630
1413393244405760512,0.812957426351,2.523524433495,0.206884805778,0.805311825797,0.119614976403,0.577444974515,-0.061011655106
1413393244455760384,0.808095797549,2.526805420943,0.206962757883,0.803868236351,0.123009091235,0.578095424734,-0.066860316782
1413393244505760512,0.794987074197,2.532662009702,0.205141940519,0.801931195502,0.126944000623,0.579086519022,-0.073826701630
1413393244555760384,0.791197620404,2.535045291368,0.193247560556,0.800223612946,0.128724959100,0.580549076214,-0.077684131559
1413393244605760512,0.781042539352,2.539600477721,0.183440027030,0.800211160934,0.130894511523,0.579388804103,-0.082688200186
1413393244655760640,0.771904736564,2.544313420862,0.172003505336,0.801045968118,0.132599480954,0.577228198588,-0.086892700310
1413393244705760512,0.763273660979,2.548546714525,0.165539218453,0.800651873853,0.134150979556,0.576948880022,-0.089944879910
1413393244755760384,0.752055195383,2.551815580131,0.158553607803,0.800834843126,0.133595526078,0.576090181508,-0.094529848281
1413393244805760256,0.741461856012,2.554743942625,0.158724528721,0.800413175259,0.131784212380,0.576226994534,-0.099670060747
1413393244855760640,0.725627688071,2.559085728663,0.160529441675,0.801179843642,0.131601840389,0.574499334131,-0.103645206502
1413393244905760512,0.718943226154,2.560239886036,0.168085419824,0.801717626009,0.129503091444,0.573863045907,-0.105636177498
1413393244955760384,0.706841727338,2.561997287526,0.177328139230,0.801671014589,0.129913837253,0.573805699741,-0.105796966886
1413393245005760512,0.694733565100,2.561960893858,0.187376185364,0.802729620664,0.131825132434,0.572470729169,-0.102589252911
1413393245055760384,0.684275221431,2.559804558354,0.200269831366,0.805244554306,0.131916637414,0.569280709724,-0.100492199052
1413393245105760512,0.670681325855,2.557949285296,0.209148917454,0.809167163639,0.133094614553,0.563698367260,-0.098886175040
1413393245155760640,0.660260215853,2.555114561049,0.214955208746,0.812736804887,0.133133093298,0.558844176621,-0.097096095224
1413393245205760512,0.647333472476,2.551898666223,0.218614794992,0.815258907552,0.133862739694,0.555337357886,-0.095047880117
1413393245255760384,0.636538731133,2.548461664319,0.218794998157,0.816285697108,0.134850284022,0.553972113402,-0.092779087992
1413393245305760256,0.627525692087,2.545070761191,0.215257723949,0.816726247385,0.135661513841,0.553523743704,-0.090364017454
1413393245355760640,0.616297098067,2.542560374095,0.213141410643,0.816261354022,0.137027962896,0.554125283465,-0.088802643761
1413393245405760512,0.609430060165,2.540073510372,0.206067492633,0.815551916548,0.137808247189,0.555383501628,-0.086215570180
1413393245455760384,0.600743660420,2.537707838135,0.200135823452,0.813657632846,0.138982554900,0.558183049186,-0.084123656283
1413393245505760512,0.588893848996,2.536134560041,0.192043686464,0.811426571728,0.140447022312,0.561259300510,-0.082762009450
1413393245555760384,0.582778369668,2.534213722529,0.180052433266,0.810134699196,0.140674429537,0.563347802099,-0.080819106052
1413393245605760512,0.575380449249,2.532809854899,0.167322519551,0.808454002914,0.141140195980,0.565987794447,-0.078354239122
1413393245655760640,0.565964997588,2.532863944581,0.155322221564,0.807997145323,0.141649132929,0.566706562010,-0.076940294153
1413393245705760512,0.558439222829,2.532689181219,0.143593137006,0.807120725935,0.141991413983,0.568238941098,-0.074155768086
1413393245755760384,0.550651168381,2.532740826322,0.132998277159,0.807604490863,0.141131721967,0.568019593312,-0.072184243474
1413393245805760256,0.540427332560,2.534194039578,0.120245066739,0.808633201531,0.139977039823,0.567007283091,-0.070862646202
1413393245855760640,0.530788590117,2.536209209250,0.109312785394,0.809267480561,0.137213410627,0.566708417451,-0.071415645626
1413393245905760512,0.524084641786,2.538162087271,0.101244127884,0.811554736573,0.132900308174,0.564266531989,-0.072936263335
1413393245955760384,0.515916752591,2.541398410654,0.091245837193,0.814301810738,0.128146751019,0.560959034216,-0.076262265657
1413393246005760512,0.503553487832,2.545270628134,0.087812398251,0.816716399305,0.122567990481,0.557832409233,-0.082306828546
1413393246055760384,0.495090808981,2.548286531065,0.081909693116,0.819441373971,0.116420506949,0.554290814073,-0.087885116031
1413393246105760512,0.489172555292,2.549893844216,0.078499497672,0.822448068068,0.110130933847,0.550370987579,-0.092423637519
1413393246155760640,0.471367657997,2.554367297697,0.067208686208,0.823340456998,0.109410625848,0.548515463647,-0.096283918505
1413393246205760512,0.463776422874,2.556672396010,0.058655754034,0.823501978153,0.110412363911,0.547667598639,-0.098558628621
1413393246255760384,0.459230358384,2.557009108975,0.047809456749,0.821709300763,0.115706896138,0.549388379697,-0.097868010503
1413393246305760256,0.446749633830,2.558690954290,0.041671984529,0.817870533194,0.126258501023,0.552954059413,-0.096893704803
1413393246355760640,0.443190159267,2.558404489645,0.039215481384,0.813509856649,0.136442054968,0.557194051553,-0.095499045466
1413393246405760512,0.441816175550,2.557624691447,0.037398147813,0.809691067088,0.144703426682,0.560650638032,-0.095562316107
1413393246455760384,0.435432808170,2.557503529375,0.034585524409,0.805908339200,0.152836232160,0.563638263761,-0.097286908531
1413393246505760512,0.435167112068,2.556244625365,0.030816088117,0.802603527166,0.158573402751,0.566575338185,-0.098358732616
1413393246555760384,0.432295881570,2.555544880514,0.030846522425,0.800267349644,0.163521395292,0.568223455872,-0.099774879462
1413393246605760512,0.426996522691,2.555366993864,0.026299579656,0.800128722434,0.168349227793,0.566749150287,-0.101232236396
1413393246655760640,0.427623592933,2.553885298164,0.021163397549,0.800750641413,0.170804488521,0.565101136173,-0.101414707382
1413393246705760512,0.423048066321,2.552951997049,0.017837722837,0.800661100707,0.173763244330,0.564260404291,-0.101775895396
1413393246755760384,0.416691097133,2.553239644472,0.012873579963,0.800588233801,0.175974152148,0.563527224002,-0.102609188102
1413393246805760256,0.414050616537,2.552781297162,0.006843310059,0.799423823735,0.177665208984,0.564840270121,-0.101548475182
1413393246855760640,0.409694290006,2.553416646317,-0.001361136962,0.799517243845,0.179309538216,0.564175717863,-0.101617054043
1413393246905760512,0.401249079121,2.554985086977,-0.008219575824,0.798374387885,0.181236020648,0.565055183932,-0.102296044402
1413393246955760384,0.391330285946,2.557546418857,-0.016053980095,0.797226969874,0.182974323887,0.565842398583,-0.103787934127
1413393247005760512,0.384915274750,2.559687653489,-0.024851753064,0.797729418047,0.183976334776,0.564615100302,-0.104834499743
1413393247055760384,0.377267919781,2.562318867977,-0.031965482465,0.797266764156,0.184937195293,0.564771558106,-0.105816008827
1413393247105760512,0.367243753927,2.565921072710,-0.040558955633,0.797195100552,0.186063969581,0.564228837491,-0.107265977002
1413393247155760640,0.357810949072,2.569612351280,-0.048400646829,0.797664869295,0.186172237476,0.563088483249,-0.109553705177
1413393247205760512,0.343992984882,2.574128452968,-0.056221311885,0.800477338853,0.185912294637,0.558294593326,-0.113928906551
1413393247255760384,0.334942972335,2.578674311293,-0.068596277314,0.803997209929,0.185662504458,0.552903446712,-0.115826160600
1413393247305760256,0.322170652888,2.584141735307,-0.080403306015,0.808679454817,0.185901965771,0.545375493586,-0.118505567274
1413393247355760640,0.312678846316,2.588979001531,-0.091822525413,0.812457268788,0.185961145935,0.539402392258,-0.119902868281
1413393247405760512,0.301611724185,2.594372138109,-0.101601393761,0.816217725508,0.185285274793,0.533197604863,-0.123119071146
1413393247455760384,0.287040067217,2.600231344161,-0.113549733244,0.819507036286,0.186479188087,0.527116344127,-0.125626787123
1413393247505760512,0.281835026526,2.605712431904,-0.125103686719,0.822392299647,0.183881207620,0.522550077771,-0.129614903412
1413393247555760384,0.275326356862,2.611017229208,-0.133683667433,0.822535358710,0.183960111080,0.521639130167,-0.132237963840
1413393247605760512,0.264259897706,2.617562528639,-0.139893907625,0.824108309114,0.182417763811,0.518133900315,-0.138226320360
1413393247655760640,0.263295573535,2.622818230783,-0.152005846702,0.824346061665,0.182195692190,0.517165943414,-0.140704254866
1413393247705760512,0.267822585920,2.627361208764,-0.160211633710,0.823990589131,0.181801052997,0.517296035409,-0.142803003830
1413393247755760384,0.262141802863,2.633306385762,-0.166768737113,0.822543381424,0.182507566377,0.517678002956,-0.148737551229
1413393247805760256,0.270244242460,2.637211825608,-0.172616336810,0.821792483158,0.181506312950,0.518128052027,-0.152498835036
1413393247855760640,0.282532094377,2.640371468050,-0.175232690569,0.818909438589,0.179956471254,0.522012542799,-0.156543620130
1413393247905760512,0.287502789690,2.644717101735,-0.181880430913,0.812812034518,0.179961938506,0.529529944715,-0.162936597737
1413393247955760384,0.299860813147,2.646313523743,-0.189638412383,0.804175364088,0.182043862500,0.541801443740,-0.163135561671
1413393248005760512,0.316980820769,2.644828923553,-0.198858822413,0.796736644441,0.183422463456,0.552269913581,-0.162987305814
1413393248055760384,0.325191563042,2.642496294937,-0.207824115780,0.790127592353,0.187448438147,0.560601080830,-0.162135434159
1413393248105760512,0.344860649084,2.637161262123,-0.215663059852,0.787105256573,0.189744229579,0.564994666419,-0.158881935208
1413393248155760640,0.356759672288,2.630672356604,-0.223277989477,0.785473039609,0.192187017895,0.566879511294,-0.157301855919
1413393248205760512,0.368346028587,2.624234122622,-0.225276825477,0.785846248530,0.195395625390,0.565918641005,-0.154926805342
1413393248255760384,0.388185668265,2.614440889845,-0.232588136111,0.787957540512,0.196026868221,0.563954947071,-0.150503152657
1413393248305760256,0.393737758751,2.606753374034,-0.235354029046,0.790909024922,0.199285477257,0.559545060284,-0.147165003872
1413393248355760640,0.402744587515,2.598510494096,-0.233652141135,0.791301705626,0.199810601959,0.558999414721,-0.146413757412
1413393248405760512,0.424757448182,2.587038878782,-0.230467569643,0.789934826896,0.197775081184,0.562526963664,-0.143008397203
1413393248455760384,0.427884665318,2.578828108753,-0.225326459036,0.786798484186,0.197639305178,0.566696111867,-0.144022106382
1413393248505760512,0.436320249953,2.568679673086,-0.220198591739,0.784386847148,0.194926244549,0.570638324892,-0.145302909032
1413393248555760384,0.449440866058,2.556397969666,-0.213801390133,0.781898295748,0.191725362970,0.575349212958,-0.144394333165
1413393248605760512,0.451446971251,2.545514753522,-0.207421557558,0.780070373897,0.190474290867,0.578054048470,-0.145131917008
1413393248655760640,0.454186199966,2.532439157001,-0.203631032809,0.779742361599,0.188738645373,0.579302377596,-0.144181581979
1413393248705760512,0.459798440094,2.517573237270,-0.195755134086,0.780305353222,0.187763997006,0.579734171487,-0.140629042424
1413393248755760384,0.457802829689,2.503949719954,-0.185945626267,0.783353154712,0.188230969393,0.576105665689,-0.137946363219
1413393248805760256,0.459008230006,2.488347051502,-0.177739673016,0.786400483052,0.188465529096,0.572960680317,-0.133308227086
1413393248855760640,0.459864624731,2.472984132134,-0.166198039467,0.792224883387,0.188460063489,0.566098764285,-0.128041898171
1413393248905760512,0.455135996898,2.458304573227,-0.156982790513,0.799588596176,0.189101805896,0.556381992745,-0.123845314893
1413393248955760384,0.456410612400,2.442228153232,-0.149107679274,0.806733729304,0.187910019428,0.547522119675,-0.118701487221
1413393249005760512,0.453116170881,2.426919870741,-0.144737980352,0.811900444857,0.187037408719,0.540758204154,-0.115824177187
1413393249055760384,0.451927302550,2.412600065598,-0.141821153181,0.814797417553,0.185779480814,0.537383493427,-0.113181861837
1413393249105760512,0.450673806291,2.399052561597,-0.141037589578,0.816540881640,0.183979293217,0.535669212689,-0.111674092137
1413393249155760640,0.452024397750,2.386156772790,-0.143710622476,0.817093583936,0.181723216411,0.535884335958,-0.110284750449
1413393249205760512,0.452191220806,2.374576631573,-0.146243830297,0.815760642229,0.180365126752,0.538633313917,-0.108982332420
1413393249255760384,0.453749629829,2.363564531619,-0.149234372194,0.814514696153,0.178937755309,0.541253696570,-0.107663946725
1413393249305760256,0.455649428687,2.353557065316,-0.156245819568,0.813248826378,0.177773705266,0.543814723172,-0.106246896293
1413393249355760640,0.452301664493,2.345874585176,-0.157229325148,0.811071745565,0.179087554613,0.546851422483,-0.105089452641
1413393249405760512,0.456801180415,2.337362801782,-0.163464975933,0.810198052312,0.180146579746,0.548437667871,-0.101697838210
1413393249455760384,0.461040327317,2.329615567575,-0.166156061009,0.808459939372,0.183053290627,0.550894098481,-0.096952109206
1413393249505760512,0.459636107721,2.324510397937,-0.173263368705,0.807572258950,0.188240546561,0.551232007485,-0.092389486030
1413393249555760384,0.462938453151,2.319566672718,-0.172592747069,0.805801212991,0.192997602565,0.553149835889,-0.086380493175
1413393249605760512,0.464294268517,2.316818080607,-0.167354465468,0.802453239607,0.197636061121,0.556896188030,-0.082918160535
1413393249655760640,0.465073675848,2.315587828546,-0.175236417528,0.800225578739,0.201505538705,0.559064563259,-0.080506863750
1413393249705760512,0.467413294159,2.316165052552,-0.180607887823,0.799276683436,0.200665359008,0.560196114257,-0.084086328147
1413393249755760384,0.466862307652,2.318477834646,-0.192490653571,0.799246719120,0.200257963890,0.559783125225,-0.088001605598
1413393249805760256,0.465240751934,2.322579659290,-0.204565383182,0.798397327102,0.199236140730,0.560640728842,-0.092458863647
1413393249855760640,0.467562984155,2.327295265247,-0.212883010146,0.797097843212,0.196960514778,0.562691700952,-0.096018923369
1413393249905760512,0.462366048680,2.333951531891,-0.225870695083,0.797322058900,0.196366721491,0.561853323745,-0.100192253590
1413393249955760384,0.458278349463,2.341431658721,-0.233083941072,0.798125050551,0.195358383139,0.560459228561,-0.103522746007
1413393250005760512,0.465231212135,2.346558945898,-0.246702208374,0.800170609893,0.193250567465,0.558455826300,-0.102510015658
1413393250055760384,0.459846017923,2.354879109860,-0.255622015499,0.803037205975,0.193062866854,0.554294735816,-0.103030680420
1413393250105760512,0.454987512533,2.364980167864,-0.262005619367,0.805847813649,0.193040222002,0.550245960090,-0.102830721729
1413393250155760640,0.456007537770,2.373559681665,-0.270763510971,0.807250681036,0.191528668625,0.548983865234,-0.101389460866
1413393250205760512,0.451627576151,2.384730142668,-0.276340157417,0.808645227396,0.189733841835,0.547346854052,-0.102495789331
1413393250255760384,0.449873068199,2.396302908812,-0.283337107258,0.807456776047,0.188356315657,0.549692938057,-0.101848549414
1413393250305760256,0.446351029481,2.409537482849,-0.288915197430,0.806428107985,0.186625442148,0.551829503393,-0.101630950898
1413393250355760640,0.445304380342,2.422862741994,-0.291299812203,0.803961280268,0.183224950705,0.556382372757,-0.102535518502
1413393250405760512,0.441665228263,2.437293973306,-0.295821438790,0.802471412068,0.179274573588,0.559318731438,-0.105179925560
1413393250455760384,0.436724919283,2.453447425562,-0.294053364909,0.798900346658,0.174938404025,0.564721164398,-0.110656212603
1413393250505760512,0.438249831354,2.467474494295,-0.296582266867,0.797033391946,0.168566492839,0.568170968390,-0.116210413882
1413393250555760384,0.433961298100,2.482228873712,-0.301255698884,0.794234249987,0.164220509462,0.572147472299,-0.121946096132
1413393250605760512,0.426294303606,2.496268040263,-0.312011633066,0.792130157430,0.162357665541,0.574750718349,-0.125822946586
1413393250655760640,0.426680348759,2.507350107414,-0.319822311213,0.792810145044,0.160556660502,0.574186842760,-0.126424294681
1413393250705760512,0.420411838444,2.518135772285,-0.327345592503,0.794558016824,0.160250728798,0.571614239797,-0.127492833846
1413393250755760384,0.414168972316,2.529203870027,-0.328998405033,0.796428530207,0.161100221046,0.568600326322,-0.128226299790
1413393250805760256,0.412397059546,2.537157485599,-0.335542563643,0.800902809615,0.160965094645,0.562466887655,-0.127577145870
1413393250855760640,0.403006310984,2.545748028507,-0.338357053199,0.804607846771,0.162420926557,0.556684437196,-0.127781426328
1413393250905760512,0.396623910160,2.552254801135,-0.344444935766,0.807889707368,0.164614496545,0.551955216980,-0.124746650078
1413393250955760384,0.394216763943,2.557190438801,-0.347217053304,0.810429936112,0.165138259573,0.548828705091,-0.121324879341
1413393251005760512,0.390446467332,2.561938890262,-0.348647064744,0.812806054018,0.164692364125,0.546360302966,-0.117103215556
1413393251055760384,0.390177994550,2.565766142039,-0.347506564680,0.814373562089,0.161998621761,0.545930259946,-0.111858389013
1413393251105760512,0.391038373541,2.568590945530,-0.344907835556,0.815726767802,0.156140939803,0.546609961003,-0.106899007201
1413393251155760640,0.389146048776,2.572453030425,-0.341087602404,0.814682363050,0.149740902099,0.551029675618,-0.101176114582
1413393251205760512,0.395863927933,2.573027257600,-0.344622701697,0.814472963050,0.139640080514,0.555453683417,-0.092766620900
1413393251255760384,0.400264079348,2.573079731208,-0.347758340498,0.814038953900,0.128690221657,0.560286696641,-0.082814406656
1413393251305760256,0.395056262468,2.574884129123,-0.347439491229,0.813650212938,0.118176911724,0.564335951598,-0.074380657803
1413393251355760640,0.400958940188,2.574522138553,-0.340721650140,0.812658972785,0.103590148813,0.569798450524,-0.064685398665
1413393251405760512,0.401147540675,2.575759822940,-0.325358255168,0.811305600134,0.089101197051,0.575022046551,-0.056514120851
1413393251455760384,0.395602126210,2.577810800911,-0.314704262145,0.809821986542,0.075755665474,0.579779064892,-0.048017342443
1413393251505760512,0.399187061710,2.577176507116,-0.309979588754,0.808358334405,0.061642422925,0.584245605435,-0.037604353787
1413393251555760384,0.396903262823,2.576144673802,-0.308722055032,0.805978208003,0.050190866909,0.589206157590,-0.026760212279
1413393251605760512,0.391017318920,2.576261841862,-0.300445410385,0.804341922488,0.037790035602,0.592656880006,-0.019073738988
1413393251655760640,0.391025502841,2.575321148585,-0.292491577391,0.801201471288,0.025361611983,0.597777124385,-0.009772441175
1413393251705760512,0.382982742231,2.574481568760,-0.285812884074,0.799485745151,0.014100660543,0.600518455016,-0.001140113218
1413393251755760384,0.376155388982,2.573430137698,-0.277760623383,0.798974977246,0.002523373364,0.601314261595,0.007333288724
1413393251805760256,0.369979389666,2.570961873281,-0.269251267908,0.800439229589,-0.009537537763,0.599119864287,0.016169827644
1413393251855760640,0.358841771172,2.568637403231,-0.267861795076,0.803699846432,-0.020254010188,0.594152701894,0.025276446509
1413393251905760512,0.346614859875,2.565893859868,-0.266999636605,0.808826771717,-0.030898388062,0.586253055805,0.033939615917
1413393251955760384,0.336152556261,2.563030945263,-0.266088400494,0.812836138089,-0.040656587921,0.579301977635,0.045317471059
1413393252005760512,0.322534204831,2.561306571970,-0.256821737641,0.816148307640,-0.049337966921,0.573033143142,0.055684125358
1413393252055760384,0.309854789921,2.559824992794,-0.247733989229,0.818188656673,-0.058465263742,0.568259241807,0.065042825343
1413393252105760512,0.301412071870,2.558135229450,-0.238274718136,0.818978100322,-0.069504323049,0.564946541177,0.072659657872
1413393252155760640,0.284782619175,2.557421252304,-0.230308422391,0.818198106962,-0.078765257864,0.564067255602,0.078587677624
1413393252205760512,0.272230015712,2.556833632971,-0.223865087742,0.817218745941,-0.088836940140,0.563145778877,0.084429562849
1413393252255760384,0.267594089145,2.555020929787,-0.220868077657,0.814712667890,-0.099332341669,0.563627146471,0.093278049075
1413393252305760256,0.253977066426,2.555260276700,-0.210404174614,0.812449168127,-0.108431622951,0.564199040321,0.099238980524
1413393252355760640,0.242437546542,2.555516083725,-0.200893473562,0.811002493315,-0.117692033804,0.563354085347,0.105146162742
1413393252405760512,0.241560877563,2.554390836220,-0.194670229512,0.809537149567,-0.130137271604,0.561390549910,0.112047063691
1413393252455760384,0.226969373697,2.555356384295,-0.183466994715,0.809252896247,-0.140688242214,0.558790916867,0.114320950156
1413393252505760512,0.218574252272,2.555095417929,-0.182612550445,0.808476639980,-0.150292098678,0.557082710669,0.115916612939
1413393252555760384,0.214152850072,2.553786494029,-0.184961503489,0.807047354760,-0.157453042060,0.556207576826,0.120483352390
1413393252605760512,0.202169703036,2.553423216610,-0.185634325503,0.806523971595,-0.161416349214,0.555295407483,0.122926221273
1413393252655760640,0.198005703910,2.552098684940,-0.185885707763,0.805439866699,-0.166295721721,0.554718155841,0.126095684499
1413393252705760512,0.194032866834,2.549583285003,-0.201825592084,0.802515922142,-0.169063800031,0.556679186099,0.132264545487
1413393252755760384,0.183008848839,2.547257596100,-0.214148459044,0.800900451128,-0.169885847658,0.557176235695,0.138751246935
1413393252805760256,0.181348880491,2.545103835135,-0.213279658270,0.800076119449,-0.173733590364,0.555452463945,0.145490216044
1413393252855760640,0.177784619683,2.542825873087,-0.212694786115,0.798477000870,-0.176541942299,0.554969486189,0.152565694340
1413393252905760512,0.168211364217,2.541014559636,-0.218148562344,0.796486540840,-0.177993029610,0.555553980120,0.159020271800
1413393252955760384,0.166657999664,2.538763056674,-0.217105215595,0.794532422620,-0.179993613613,0.555830799964,0.165446820085
1413393253005760512,0.161984150461,2.537228238595,-0.216421305560,0.794159872197,-0.181403012798,0.554288126179,0.170785589312
1413393253055760384,0.158894457952,2.536213044676,-0.216468597983,0.794076208709,-0.182156421105,0.552529046004,0.175993370142
1413393253105760512,0.159783977462,2.535773964239,-0.211533115488,0.795716114829,-0.184681167160,0.548203895509,0.179446983943
1413393253155760640,0.155234799169,2.536567112031,-0.210995480007,0.799375057190,-0.187817938103,0.542266725560,0.177962744472
1413393253205760512,0.154064921662,2.537804855530,-0.206037164120,0.801690882718,-0.192155675722,0.538253813522,0.175073576201
1413393253255760384,0.158809639663,2.538544178222,-0.211149061620,0.803858232809,-0.196578720114,0.533880692001,0.173609202097
1413393253305760256,0.154570069756,2.541050579415,-0.211142568573,0.806218633082,-0.198258253241,0.530816562858,0.170114541675
1413393253355760640,0.162342714412,2.542772364621,-0.209758524112,0.806927010028,-0.201278071044,0.529204426494,0.168221917668
1413393253405760512,0.174467489479,2.542710743612,-0.209568568658,0.806265897664,-0.204989036256,0.529197008386,0.166929097505
1413393253455760384,0.172585610468,2.544076645810,-0.210578032562,0.805595620506,-0.203931250137,0.531274063546,0.164850267946
1413393253505760512,0.186798416283,2.544102639635,-0.209625567103,0.804256868009,-0.204984184021,0.532690216251,0.165509842825
1413393253555760384,0.202384958495,2.542119197303,-0.212430317968,0.802765257966,-0.205433305828,0.534317202474,0.166943776760
1413393253605760512,0.205851706064,2.543155979722,-0.200714978912,0.801463474846,-0.203215117317,0.537586536754,0.165410489639
1413393253655760640,0.224968764732,2.541223341906,-0.196702639584,0.798747943935,-0.202295892321,0.541218329301,0.167811841175
1413393253705760512,0.238209179708,2.538485594569,-0.193198467876,0.797234859794,-0.200696630275,0.543791881688,0.168605546574
1413393253755760384,0.245067750680,2.537306747824,-0.184910942806,0.796279252698,-0.196877802853,0.546594045952,0.168562841090
1413393253805760256,0.268748821386,2.533819875866,-0.177608633616,0.794147059521,-0.198322060624,0.548549791480,0.170563578737
1413393253855760640,0.282168923569,2.531088632670,-0.170594527416,0.794072689921,-0.199292020160,0.548206712395,0.170881989418
1413393253905760512,0.297358217517,2.528992822302,-0.166146604125,0.793112098131,-0.201115996221,0.548396260088,0.172589390704
1413393253955760384,0.315497375934,2.526861061252,-0.153674433190,0.792367419917,-0.205721860691,0.547381602374,0.173798070387
1413393254005760512,0.328287204932,2.524985173186,-0.148763928921,0.790380029748,-0.209474130008,0.548210126133,0.175743150756
1413393254055760384,0.347922588367,2.522071570422,-0.139456319815,0.788905277579,-0.215553758757,0.546660288203,0.179798691306
1413393254105760512,0.363761002764,2.519002252767,-0.133883102342,0.786524221826,-0.221617208858,0.546261628526,0.184020907561
1413393254155760640,0.379589087014,2.516349105396,-0.128602904707,0.783322336047,-0.228541585492,0.546329203583,0.188942485598
1413393254205760512,0.396753160063,2.511683942393,-0.123036900180,0.780144492019,-0.236139031438,0.545592679896,0.194785926205
1413393254255760384,0.405791850588,2.509487591760,-0.114736304034,0.777317447343,-0.242002251286,0.545613217612,0.198793141722
1413393254305760256,0.428296555594,2.504767631512,-0.107417049334,0.774888519534,-0.247249628219,0.543316759158,0.207899742322
1413393254355760640,0.441472251748,2.501064621995,-0.094944990045,0.774793043387,-0.250342643877,0.539050560745,0.215519821676
1413393254405760512,0.451020818010,2.498950207766,-0.081209899028,0.775592847098,-0.251550143737,0.534496172145,0.222468205995
1413393254455760384,0.468264452227,2.495958056070,-0.071035765525,0.776138300031,-0.255197170071,0.529367756364,0.228590293178
1413393254505760512,0.481937258363,2.494113195524,-0.056944308651,0.777353164249,-0.257268755478,0.524613829883,0.233056162721
1413393254555760384,0.497511578845,2.493674716925,-0.038312987032,0.778368711058,-0.261527510922,0.521012184272,0.233006039659
1413393254605760512,0.520428827458,2.490359571187,-0.028369054798,0.778075872071,-0.265966821199,0.518747919976,0.234008937529
1413393254655760640,0.534689256791,2.489959204070,-0.018891216807,0.777308386839,-0.268638425883,0.519446979463,0.231948061891
1413393254705760512,0.554668989101,2.488872333390,-0.010071610707,0.773898798294,-0.270224221292,0.524031951953,0.231192633009
1413393254755760384,0.583896689856,2.485007644027,-0.003242840176,0.769737434631,-0.272161247054,0.528692432306,0.232200020139
1413393254805760256,0.601955456207,2.485121075001,0.006045687104,0.766405239469,-0.271450948548,0.534343578722,0.231115406940
1413393254855760640,0.622162668124,2.486437835185,0.012473125013,0.764148751858,-0.270214448323,0.538455778509,0.230491239621
1413393254905760512,0.651749342625,2.483378822247,0.024341141477,0.762099225311,-0.271091248006,0.540712602269,0.230963607051
1413393254955760384,0.669554059663,2.484505220169,0.036897147977,0.761970666990,-0.269769053065,0.542341870499,0.229108393907
1413393255005760512,0.690660860110,2.485747610354,0.042385323172,0.760961282256,-0.268029672242,0.544654797753,0.229017844261
1413393255055760384,0.713504511196,2.485843010639,0.054450045546,0.760111885329,-0.268797209792,0.546392501804,0.226788923367
1413393255105760512,0.734103742564,2.485938921564,0.065939156529,0.759896310049,-0.269737915187,0.547455860369,0.223810491339
1413393255155760640,0.752653108124,2.486211034362,0.071343093737,0.758610320776,-0.270991267537,0.550086293445,0.220179889850
1413393255205760512,0.773569999386,2.485554194969,0.078376837883,0.758244334201,-0.272842556102,0.551195334282,0.216347342708
1413393255255760384,0.791999883380,2.486874957807,0.086904440376,0.758760529084,-0.273915439541,0.551181510408,0.213194122972
1413393255305760256,0.808508127946,2.486702490024,0.090565889684,0.758843160153,-0.274815371062,0.551679779966,0.210435240617
1413393255355760640,0.826209734173,2.485472236637,0.096460881589,0.758717114291,-0.276149377202,0.551937181445,0.208459131945
1413393255405760512,0.841839228416,2.483387111024,0.098201168959,0.758120933548,-0.276515072210,0.552970867295,0.207401265379
1413393255455760384,0.855815263592,2.480967672046,0.098200103789,0.757638467745,-0.276440739701,0.553752936828,0.207176626533
1413393255505760512,0.872025869719,2.476441282575,0.097731140482,0.757291443509,-0.277034076314,0.553634148549,0.207968795039
1413393255555760384,0.886377397772,2.472695092402,0.094374493678,0.756963183182,-0.276546294766,0.553311771113,0.210653673376
1413393255605760512,0.899190489120,2.467569349549,0.096280674382,0.757580669313,-0.276898197651,0.551481390515,0.212760883476
1413393255655760640,0.910823593846,2.460741613197,0.100415591115,0.757223295308,-0.277689821254,0.550796237389,0.214766731810
1413393255705760512,0.921002603466,2.451899153422,0.103460608435,0.757401549370,-0.278564466292,0.549139916443,0.217232785970
1413393255755760384,0.928171924540,2.444075906326,0.106013095049,0.759111012203,-0.279875945971,0.545446958922,0.218877913508
1413393255805760256,0.937364931447,2.435447034884,0.106903085184,0.760037328476,-0.281242086846,0.542250843135,0.221833656215
1413393255855760640,0.945422998519,2.427643060435,0.100200791464,0.761468326875,-0.281951667348,0.538418356382,0.225332904737
1413393255905760512,0.950501360831,2.419831862419,0.099386835366,0.764240846103,-0.281155198033,0.533289768363,0.229106321882
1413393255955760384,0.956868142472,2.410787875958,0.103649504542,0.765660964254,-0.279731247190,0.529946314592,0.233817494671
1413393256005760512,0.964974782234,2.401322594430,0.105214259323,0.766914745146,-0.278540377602,0.526869849200,0.238044520474
1413393256055760384,0.972093718977,2.392351238670,0.106750954440,0.766750419742,-0.276928578257,0.526317823273,0.241648309068
1413393256105760512,0.986505673413,2.380793376176,0.107421156108,0.765497976478,-0.277774906292,0.526061238222,0.245180592794
1413393256155760640,0.993326927494,2.371577047174,0.115702316669,0.766481135685,-0.278869845402,0.524330512496,0.244572671470
1413393256205760512,1.002735197517,2.360594285150,0.112069572624,0.766538187738,-0.279868322469,0.524048671896,0.243856347674
1413393256255760384,1.018423095234,2.348718870792,0.107088532036,0.766615588525,-0.282275002976,0.522678734168,0.243779209479
1413393256305760256,1.025414704042,2.341643022346,0.107995197644,0.766285562731,-0.283114681023,0.523715619000,0.241608079656
1413393256355760640,1.036722533921,2.333230947441,0.105858967293,0.766122509723,-0.284588849232,0.524302680195,0.239107060810
1413393256405760512,1.052834489890,2.321346467842,0.104631055359,0.765763953265,-0.287334694770,0.524006521491,0.237616300991
1413393256455760384,1.062973689332,2.311162423430,0.108249441380,0.765418745684,-0.290225590373,0.525246989584,0.232419556797
1413393256505760512,1.076724061032,2.300000967482,0.109423090364,0.765508805674,-0.292247367609,0.525699460492,0.228534071418
1413393256555760384,1.092759776715,2.288283437925,0.107307167392,0.766311302223,-0.291995639398,0.525004990565,0.227761486075
1413393256605760512,1.103909708964,2.278769006371,0.111397869000,0.767694068929,-0.287932802512,0.524752455245,0.228856676729
1413393256655760640,1.122466719684,2.265140484107,0.118083613835,0.768346352116,-0.283975805364,0.524314216125,0.232585958147
1413393256705760512,1.141287957842,2.250510492374,0.119048594629,0.768852972070,-0.279558133710,0.524192244035,0.236505493613
1413393256755760384,1.157583145204,2.237965005536,0.117608314723,0.769429632489,-0.275131548009,0.524593696975,0.238918657772
1413393256805760256,1.175840999137,2.223649565077,0.118140496658,0.769415083368,-0.272028343083,0.525562241633,0.240385815337
1413393256855760640,1.194697416459,2.209473898189,0.117184964133,0.769565453487,-0.269356514131,0.526462654455,0.240942222448
1413393256905760512,1.214969642786,2.195066893661,0.116126498670,0.769355319821,-0.268828114522,0.527958419863,0.238922045029
1413393256955760384,1.235036178664,2.181364057439,0.112917725589,0.769424416912,-0.269163677261,0.529024361557,0.235945346177
1413393257005760512,1.255332797181,2.168005942624,0.106385257773,0.768796088993,-0.269639613338,0.531141942753,0.232669914506
1413393257055760384,1.277639566339,2.153412275927,0.104436537056,0.768888670678,-0.270213470792,0.531594757504,0.230655383854
1413393257105760512,1.299045142131,2.139278347365,0.098970122718,0.768063590805,-0.270835192703,0.533480324985,0.228309793323
1413393257155760640,1.318876081074,2.125788021027,0.092378652442,0.767831748594,-0.271764557038,0.534347908974,0.225944116019
1413393257205760512,1.338409265414,2.112756957228,0.086527593430,0.766943698092,-0.271967581008,0.535964473321,0.224884597463
1413393257255760384,1.359956749795,2.100116093365,0.081140601831,0.766986697959,-0.272431232409,0.535967167985,0.224169185224
1413393257305760256,1.384033929576,2.083689307238,0.074265893809,0.767442563344,-0.272652187713,0.535135018356,0.224328350043
1413393257355760640,1.405945689156,2.072343028025,0.075372485783,0.767091828799,-0.272634764409,0.535543414159,0.224574404098
1413393257405760512,1.430673085468,2.058414893205,0.069699179548,0.766262372630,-0.272881369850,0.535846269479,0.226376919683
1413393257455760384,1.449995581168,2.046446270536,0.066715772788,0.766247500213,-0.272854410361,0.535872077928,0.226398664442
1413393257505760512,1.471674396579,2.031300762021,0.063115641071,0.766259647597,-0.274500869240,0.535497900940,0.225249691100
1413393257555760384,1.493444965459,2.015432767217,0.057824160510,0.765041906781,-0.274721272018,0.536377250795,0.227021030741
1413393257605760512,1.514214695285,1.999632708413,0.055658950156,0.764612109881,-0.276335136966,0.536375028895,0.226514992614
1413393257655760640,1.536362406290,1.983037111719,0.048752266684,0.763635162886,-0.278068373563,0.536843224068,0.226580383972
1413393257705760512,1.555727737178,1.968774174880,0.035647177891,0.763045008510,-0.277638844054,0.536958850361,0.228810358766
1413393257755760384,1.578109985918,1.950452687219,0.035855286357,0.762941238068,-0.279833425601,0.536054411693,0.228603562693
1413393257805760256,1.598455056917,1.933744089071,0.022248900863,0.762470713198,-0.278157921838,0.535646345811,0.233129951428
1413393257855760640,1.618171646794,1.917366508858,0.016037494733,0.762860545603,-0.276573043047,0.534132835012,0.237177685257
1413393257905760512,1.640361974292,1.899294761352,0.010230292874,0.763205171154,-0.274918526347,0.532343664973,0.241966718699
1413393257955760384,1.663127726264,1.881564109430,0.012792193668,0.763356371528,-0.274030567489,0.531294577814,0.244786375673
1413393258005760512,1.685758981627,1.865003739545,0.011392068624,0.763369640875,-0.273394064025,0.530501589519,0.247165006958
1413393258055760384,1.707046421059,1.850654167336,0.014616880291,0.763233905234,-0.272876962855,0.530340488224,0.248497757724
1413393258105760512,1.729799616496,1.836725676018,0.013178870339,0.763778944912,-0.272769063333,0.529563473647,0.248598649989
1413393258155760640,1.751985917088,1.824205258739,0.006533661713,0.763910397867,-0.270792679578,0.530429150431,0.248509849083
1413393258205760512,1.774584147103,1.810808232633,0.003219062726,0.764586004329,-0.268811506466,0.531527873872,0.246224968823
1413393258255760384,1.798679933114,1.797126295639,-0.003737479967,0.763269503779,-0.264333072034,0.536280653412,0.244848427410
1413393258305760256,1.823814266641,1.785936291859,-0.007273922865,0.761999462737,-0.258247025532,0.541930700300,0.242850589178
1413393258355760640,1.850791139553,1.774916236867,-0.006963186798,0.760434578889,-0.251506587427,0.548634094751,0.239758874262
1413393258405760512,1.876129286945,1.768767599047,-0.010246405211,0.761050247113,-0.244487756832,0.553466633963,0.233886603333
1413393258455760384,1.901485841950,1.761394010220,-0.010661677803,0.762597643981,-0.238321692653,0.557359558734,0.225827204945
1413393258505760512,1.927624345860,1.752777286738,-0.017681193325,0.763912654968,-0.232226077733,0.561655587249,0.216913590426
1413393258555760384,1.948928185380,1.748027024999,-0.023178591548,0.766779540448,-0.223288507488,0.565303970907,0.206452898383
1413393258605760512,1.971647215077,1.742701535054,-0.026910066751,0.770997787784,-0.213225422994,0.566844292576,0.196938767627
1413393258655760640,1.993096168383,1.735767791342,-0.033803041013,0.776592103049,-0.202520185505,0.566110327269,0.188173795476
1413393258705760512,2.008735478489,1.736427218057,-0.033404056137,0.783508375104,-0.190819725409,0.564386794878,0.176550288313
1413393258755760384,2.032488879244,1.725101774927,-0.032996685720,0.789671129428,-0.181926113571,0.561836651692,0.166318890582
1413393258805760256,2.048609583497,1.722674946193,-0.035773824563,0.796122553976,-0.170419137046,0.559816389713,0.154116211308
1413393258855760640,2.062653038910,1.721784025230,-0.039163516149,0.801349985214,-0.158064916753,0.559220096887,0.141868130766
1413393258905760512,2.083149990593,1.713073172925,-0.039571917812,0.805511468494,-0.145980786656,0.558546648538,0.133665722827
1413393258955760384,2.096342325801,1.711403681566,-0.036860535616,0.810151463102,-0.131215792191,0.557672156270,0.124252922844
1413393259005760512,2.112974158569,1.708870951821,-0.032569726848,0.814581827349,-0.117904382361,0.556202641225,0.114863506247
1413393259055760384,2.131435802488,1.701856407899,-0.032412900646,0.818138655613,-0.105369243875,0.555082236402,0.106911989359
1413393259105760512,2.142699114756,1.710025170015,-0.026847421721,0.821110526270,-0.090680022162,0.555381401500,0.095426076608
1413393259155760640,2.164613911833,1.705495119974,-0.028678429238,0.823171034056,-0.077202991531,0.555804432729,0.086663598754
1413393259205760512,2.188736559310,1.695065365143,-0.028602743736,0.824947387235,-0.064785383769,0.556025261800,0.078106149463
1413393259255760384,2.204845870846,1.692508568017,-0.019014402803,0.827482701417,-0.049999361088,0.555305080247,0.066398121952
1413393259305760256,2.227011746283,1.686266005210,-0.009567437713,0.829166362393,-0.037243579857,0.554902881949,0.056381298677
1413393259355760640,2.245755393972,1.664243863526,0.004370208722,0.828635761221,-0.025541300361,0.557165197348,0.047721693870
1413393259405760512,2.254702058774,1.671416513228,0.002771779223,0.829426459828,-0.011470255627,0.557331389606,0.036081894813
1413393259455760384,2.272640300314,1.669413982920,-0.001397649832,0.830840944216,0.001453381293,0.555912611147,0.025736780385
1413393259505760512,2.292689557856,1.662930166197,0.002383303985,0.831258052446,0.014721743141,0.555442584275,0.016638993263
1413393259555760384,2.307821089963,1.664503547604,0.004676033688,0.831492312099,0.030670491047,0.554655680094,0.006077206385
1413393259605760512,2.327215374827,1.661421028280,0.009695926165,0.831809903893,0.045154650433,0.553205745445,-0.004092008829
1413393259655760640,2.350311996478,1.651541845540,0.017443010183,0.831301679853,0.058194769376,0.552567073972,-0.014849735804
1413393259705760512,2.369171329253,1.648265373178,0.020706518176,0.829929499380,0.073690355578,0.552383303170,-0.025679640424
1413393259755760384,2.391925537581,1.641360071128,0.021713474361,0.828871772729,0.087784103658,0.551379813191,-0.035296417987
1413393259805760256,2.412214875672,1.637725158327,0.022165388600,0.827626386176,0.101760987808,0.550097824775,-0.045515375896
1413393259855760640,2.430679655720,1.638316088158,0.024824711790,0.825804553557,0.115729262557,0.549082089195,-0.056235544255
1413393259905760512,2.451459627773,1.635162425555,0.033047038738,0.823335507456,0.128300740104,0.549083957716,-0.064531927209
1413393259955760384,2.468226283139,1.637961172713,0.038219917960,0.820651994892,0.142078657667,0.548500922987,-0.074099229406
1413393260005760512,2.490798292647,1.637587969546,0.032897028771,0.820226207868,0.154702557671,0.544313273610,-0.083780348219
1413393260055760384,2.517195260714,1.628073964071,0.043211869709,0.818146029274,0.165437284941,0.543166414247,-0.090762470043
1413393260105760512,2.536076267282,1.632038619320,0.049535582445,0.815272292224,0.177809916860,0.541797894054,-0.100845252721
1413393260155760640,2.557280266930,1.627722319053,0.054144660178,0.812893157784,0.188267949172,0.540062032488,-0.109967697107
1413393260205760512,2.583984667160,1.603781937209,0.044578866247,0.810046951673,0.198398552862,0.538929072311,-0.118395123744
1413393260255760384,2.604936722894,1.600179057159,0.044224967691,0.806528437054,0.211023615665,0.537429821817,-0.127083045590
1413393260305760256,2.629593663959,1.592015999586,0.050270828998,0.800066495348,0.221428974886,0.540867331010,-0.135371128191
1413393260355760640,2.654223389481,1.585569212444,0.058629174966,0.791602617570,0.232082776948,0.547487375526,-0.140571882465
1413393260405760512,2.674037164146,1.586479937424,0.067927752462,0.782394209427,0.243589359721,0.555033737476,-0.143042214567
1413393260455760384,2.694077520881,1.585141870673,0.067262610140,0.773014773249,0.254383359099,0.563464528462,-0.142284897711
1413393260505760512,2.715011605793,1.578831406079,0.062545084454,0.763789857989,0.262208585553,0.572519685628,-0.141749497583
1413393260555760384,2.734178222162,1.570268126818,0.069295367868,0.754463520852,0.270547304289,0.581617609626,-0.138960095055
1413393260605760512,2.747016116477,1.563092875954,0.060110596492,0.747318736106,0.277638386897,0.588275288811,-0.135513163052
1413393260655760640,2.757258217896,1.554691907858,0.054603797631,0.743934136436,0.285497402768,0.590100269010,-0.129749397583
1413393260705760512,2.761065735369,1.553536707104,0.044096590182,0.742394375442,0.293994903898,0.588629578304,-0.126225224659
1413393260755760384,2.760407905097,1.550041363323,0.033917129328,0.747458721031,0.297203609444,0.580845095653,-0.124877739183
1413393260805760256,2.758808893653,1.544418570117,0.029265518563,0.755567219377,0.298854607921,0.569425802679,-0.124733137419
1413393260855760640,2.752723069777,1.543481469632,0.028090433981,0.764212716747,0.296922491175,0.557592321527,-0.130026000366
1413393260905760512,2.745867189563,1.539481820807,0.024344842011,0.772382487003,0.292353561458,0.546905915059,-0.137290236169
1413393260955760384,2.734895792926,1.539983634639,0.022814277761,0.779901902753,0.287084834773,0.536989191195,-0.144837592723
1413393261005760512,2.722278513820,1.542071317333,0.019367666030,0.785849644288,0.283299950889,0.529024657889,-0.149380004500
1413393261055760384,2.709902616573,1.545970273009,0.017646311463,0.791211756500,0.279303927532,0.521951342640,-0.153427730084
1413393261105760512,2.695547866035,1.552840118357,0.023116018272,0.795354220416,0.276060168358,0.516838027353,-0.155180221015
1413393261155760640,2.684697076270,1.558011937768,0.017585689662,0.799888883216,0.274869941448,0.510752290988,-0.154131070994
1413393261205760512,2.670464480723,1.569063207832,0.017527753544,0.802439522844,0.274714743117,0.506855771192,-0.154012497226
1413393261255760384,2.661371360859,1.574414915363,0.021009397873,0.803449636760,0.273280836033,0.506523123625,-0.152383040658
1413393261305760256,2.651113055119,1.585236063199,0.021926672036,0.801983066002,0.274068101916,0.508080168331,-0.153506937653
1413393261355760640,2.638873734008,1.601744034706,0.023725647411,0.798816348133,0.276718262174,0.510405108005,-0.157499431927
1413393261405760512,2.634077837251,1.608226503134,0.032838698135,0.795458475716,0.278640413863,0.513771690828,-0.160137387504
1413393261455760384,2.627966671676,1.619732527928,0.039157044381,0.791526107422,0.283355005032,0.515927858597,-0.164361817696
1413393261505760512,2.618952804000,1.637459372991,0.037962901308,0.790039590431,0.287209697731,0.513147648499,-0.173284523027
1413393261555760384,2.615188573874,1.649156306791,0.032377936626,0.790063177257,0.289731072555,0.508379440119,-0.182774249836
1413393261605760512,2.608076904118,1.663922852964,0.033280221125,0.789747343417,0.292647014009,0.503009235707,-0.194006617287
1413393261655760640,2.599220155715,1.684444396354,0.037703365554,0.788807332603,0.298723835973,0.496597568972,-0.204787490693
1413393261705760512,2.593179377840,1.701610627746,0.042732251709,0.787752622184,0.305058123717,0.489878683927,-0.215416393133
1413393261755760384,2.592056735526,1.713570960163,0.049858258720,0.785687928726,0.312428150103,0.484439958538,-0.224501795647
1413393261805760256,2.590984363706,1.729713146721,0.048512923666,0.782924391230,0.322543246696,0.477868940020,-0.233744578102
1413393261855760640,2.591976884077,1.743645201828,0.059916483200,0.776702448020,0.333871857006,0.477201394887,-0.239878550639
1413393261905760512,2.596273768040,1.756332378988,0.063240214896,0.769322284691,0.344959504688,0.479409858815,-0.243541268933
1413393261955760384,2.599607249088,1.772041435158,0.061349169221,0.762319307316,0.355866777322,0.480725156637,-0.247247718428
1413393262005760512,2.602850923673,1.788417213089,0.068686656556,0.756104454940,0.364914838355,0.482647971648,-0.249387548672
1413393262055760384,2.611152660312,1.797596667282,0.065383102329,0.751335639289,0.371923408464,0.483409981967,-0.251957386687
1413393262105760512,2.619693199024,1.808237820725,0.065462309528,0.747435018018,0.377961964718,0.483643401327,-0.254115539509
1413393262155760640,2.630392736139,1.817492348628,0.072834696117,0.743746149617,0.381303850656,0.485103232738,-0.257145662985
1413393262205760512,2.637835835251,1.830132995082,0.075401075792,0.740882722716,0.385255333913,0.485904218456,-0.258008157544
1413393262255760384,2.649413830973,1.837107033984,0.081967043067,0.739320563868,0.386572120167,0.486576624141,-0.259249471726
1413393262305760256,2.656391627227,1.850216920418,0.093413392334,0.738240186839,0.389204240416,0.486037636478,-0.259401044149
1413393262355760640,2.664156439059,1.865124271104,0.089021530707,0.738606277907,0.391923809803,0.484189749115,-0.257714532765
1413393262405760512,2.670793810209,1.878102033802,0.093679062113,0.738409734299,0.392440017235,0.483823944959,-0.258178789696
1413393262455760384,2.680337668719,1.887617283133,0.090126764888,0.738769502523,0.392931436979,0.482770187810,-0.258374638338
1413393262505760512,2.689683872689,1.899184504837,0.099657079393,0.738632239403,0.393017677184,0.483115401214,-0.257990366960
1413393262555760384,2.698763651696,1.912066478050,0.099599792669,0.739110569889,0.393502935739,0.482086710694,-0.257804981362
1413393262605760512,2.705555228478,1.927127176687,0.100394829964,0.738805991479,0.394615754761,0.482139051382,-0.256877496449
1413393262655760640,2.713627428416,1.937571452288,0.093434273548,0.738713778360,0.394578061997,0.482352667937,-0.256799552932
1413393262705760512,2.721325723763,1.950102412762,0.083256362871,0.738920822536,0.394559225335,0.482064380078,-0.256774159887
1413393262755760384,2.729765194086,1.961970767214,0.073031481424,0.738488149025,0.395472418915,0.482174201004,-0.256407604241
1413393262805760256,2.741302752396,1.970775330928,0.066455224231,0.738209542518,0.395286793414,0.482807101620,-0.256305140241
1413393262855760640,2.750575545423,1.984340745927,0.054997252671,0.738534724965,0.395633071122,0.481969940353,-0.256409652025
1413393262905760512,2.758523580171,1.998260714059,0.042892176510,0.737892957912,0.396271002867,0.481156535950,-0.258788838368
1413393262955760384,2.770939457678,2.005634036335,0.037049347337,0.738824896194,0.394665031812,0.480603307157,-0.259610759749
1413393263005760512,2.778758602359,2.020743672590,0.027939711401,0.739743861694,0.394061606253,0.478839323790,-0.261165410335
1413393263055760384,2.784361266318,2.036165011290,0.017702969720,0.740660463546,0.392973839601,0.476615022028,-0.264256995946
1413393263105760512,2.794437967888,2.048794374774,0.011722931015,0.741537950461,0.392384315814,0.474661236069,-0.266181756895
1413393263155760640,2.805128077956,2.062785895838,0.005021029901,0.742313856144,0.391110257490,0.473386708436,-0.268156539618
1413393263205760512,2.822383064227,2.069549387000,-0.005606551430,0.743046261525,0.389950684647,0.472026739714,-0.270206354055
1413393263255760384,2.840823300207,2.078499279577,-0.011083588405,0.743245514424,0.389395364710,0.471865736446,-0.270739878849
1413393263305760256,2.852740885741,2.096671262296,-0.021098834871,0.743372235403,0.390599611539,0.471003433762,-0.270158154573
1413393263355760640,2.864228157327,2.114157228241,-0.033365866191,0.744666365376,0.390766957432,0.468369825029,-0.270929688775
1413393263405760512,2.880210506059,2.122699966127,-0.029892251024,0.745075790091,0.389272593300,0.468992492412,-0.270878122384
1413393263455760384,2.893336482959,2.135558720564,-0.038611360412,0.744481935240,0.389824057511,0.469956292371,-0.270046172992
1413393263505760512,2.905510975194,2.150979676563,-0.044327859847,0.742878018625,0.390685441807,0.472231904188,-0.269247402348
1413393263555760384,2.919720181827,2.162605763639,-0.051540545554,0.740857212478,0.389160588914,0.476994367225,-0.268627996290
1413393263605760512,2.929917026831,2.180771171139,-0.059404964383,0.737137799595,0.390331036384,0.481957865686,-0.268302370745
1413393263655760640,2.944320114492,2.192592902946,-0.064746769463,0.732829313799,0.388942958411,0.489100863863,-0.269193084808
1413393263705760512,2.960042905530,2.202817748280,-0.072551928690,0.728769333140,0.388213343520,0.494914284579,-0.270639076829
1413393263755760384,2.973879349780,2.216176786144,-0.091503693847,0.724995370109,0.391180362451,0.497347583058,-0.272038635086
1413393263805760256,2.992164532789,2.220197399195,-0.111679103304,0.721253997684,0.392836410260,0.499674849370,-0.275313040930
1413393263855760640,3.001326783672,2.232597182742,-0.128971196282,0.717375969099,0.397425746923,0.499461413781,-0.279218177750
1413393263905760512,3.010401485944,2.240225912090,-0.138501847081,0.713708620548,0.402606479492,0.499180823583,-0.281685166441
1413393263955760384,3.016683936182,2.250615052716,-0.149245140827,0.709589263085,0.408070366285,0.498262423448,-0.285825490911
1413393264005760512,3.028399263945,2.250858796493,-0.159175820996,0.706960204269,0.413051045845,0.496130957948,-0.288877440575
1413393264055760384,3.038738457779,2.250018647007,-0.181287681779,0.707638784264,0.417199758436,0.489659481325,-0.292276076535
1413393264105760512,3.047191344407,2.252215594893,-0.189465748915,0.708862418864,0.422164880818,0.483089144973,-0.293113907099
1413393264155760640,3.055051865280,2.251515620443,-0.205283964192,0.711714920794,0.425181716577,0.476325167183,-0.292910762035
1413393264205760512,3.060647564762,2.253725604872,-0.220148898949,0.715125337267,0.429146111293,0.468314368916,-0.291737928675
1413393264255760384,3.065553263568,2.254628546679,-0.225494782163,0.717114851948,0.431838309865,0.463888458606,-0.289947342151
1413393264305760256,3.070354559507,2.255652217195,-0.238895508548,0.720226959110,0.433408958057,0.458761201475,-0.288041598502
1413393264355760640,3.074155993605,2.259887482115,-0.245901258212,0.722132903098,0.435611389717,0.456224563201,-0.283947064335
1413393264405760512,3.076440575865,2.266246887824,-0.249841423038,0.723352125875,0.437461622074,0.454287228229,-0.281090991446
1413393264455760384,3.079357734805,2.272915012589,-0.255770860310,0.724833223149,0.436420430242,0.453128883114,-0.280763640763
1413393264505760512,3.086226941420,2.275735619295,-0.237972749438,0.723087234533,0.434525385848,0.457796950121,-0.280632308847
1413393264555760384,3.088681929750,2.283469335143,-0.246752594943,0.723957163155,0.433306964531,0.458020051954,-0.279908435767
1413393264605760512,3.088764851429,2.292954629944,-0.263892495056,0.724328713601,0.430324121810,0.458769689458,-0.282310886924
1413393264655760640,3.092059509933,2.300961330258,-0.263372803842,0.724274372434,0.426804168843,0.460925323301,-0.284275713409
1413393264705760512,3.092257990276,2.315091450374,-0.266874122475,0.723340962009,0.425126617315,0.461753836119,-0.287799594788
1413393264755760384,3.090274189665,2.330066856474,-0.272304521716,0.722895069421,0.425603391032,0.461004980097,-0.289411265286
1413393264805760256,3.093968281824,2.339432877254,-0.276285738188,0.722028557974,0.425667744322,0.462406518219,-0.289243746386
1413393264855760640,3.093912970347,2.354810153972,-0.276067252198,0.720140392129,0.427833698420,0.462862458409,-0.290024976021
1413393264905760512,3.098580369867,2.364146551693,-0.290893986430,0.720058073798,0.429634413510,0.462095726349,-0.288787431817
1413393264955760384,3.105744996402,2.367783973132,-0.301383765676,0.719887518993,0.430332580391,0.462974451911,-0.286758586845
1413393265005760512,3.106169194956,2.381887808368,-0.310236539853,0.718630474598,0.431516977244,0.463477903804,-0.287317893654
1413393265055760384,3.112716662697,2.389034614709,-0.313303336916,0.717019638838,0.431368708501,0.466557150725,-0.286580355143
1413393265105760512,3.118702486533,2.397746165720,-0.319263944989,0.715846466560,0.430955063060,0.468774489639,-0.286517098616
1413393265155760640,3.119809423439,2.414031571408,-0.313090223046,0.710505785489,0.429639876408,0.475608496836,-0.290495547510
1413393265205760512,3.125803678610,2.423958654666,-0.314047348843,0.705865966936,0.425475398931,0.484189894302,-0.293741498400
1413393265255760384,3.128570807732,2.434679404583,-0.323223448212,0.701829782615,0.423496407299,0.490782420430,-0.295327555497
1413393265305760256,3.124016830837,2.453391535733,-0.328865920221,0.698559574359,0.420784949279,0.493742621628,-0.301948292130
1413393265355760640,3.131241930380,2.454519579154,-0.330598905549,0.699591015098,0.414668139203,0.494449743162,-0.306826005109
1413393265405760512,3.131720423598,2.461017428433,-0.341926225621,0.703112667203,0.411698024560,0.490305606315,-0.309415135714
1413393265455760384,3.125860884470,2.473533224335,-0.341768733321,0.706281607458,0.410579249811,0.484777259155,-0.312381144754
1413393265505760512,3.132236213761,2.469071918110,-0.340011945989,0.710628991447,0.408952157822,0.479875973488,-0.312223668541
1413393265555760384,3.132289556114,2.471410596439,-0.339153343606,0.712546609535,0.412340316727,0.475283661051,-0.310416226992
1413393265605760512,3.130148682428,2.475514570806,-0.333939881329,0.710205201593,0.420727292847,0.473727645931,-0.306886353825
1413393265655760640,3.134682917983,2.469915589905,-0.335868727739,0.707998384513,0.428605564348,0.472893859902,-0.302335831491
1413393265705760512,3.134387874505,2.470573300695,-0.338184436702,0.704644885256,0.437460571944,0.470611432769,-0.301046031406
1413393265755760384,3.128004326647,2.479443530898,-0.331901920820,0.700180435693,0.446349312318,0.468930529249,-0.301037884001
1413393265805760256,3.128619406074,2.477473048457,-0.328920770661,0.696636354324,0.452926764432,0.467347291973,-0.301896744901
1413393265855760640,3.122413285393,2.484776211221,-0.325454943087,0.691771577337,0.461563482420,0.463870146526,-0.305345253192
1413393265905760512,3.120046769285,2.485899020238,-0.315457946823,0.687166873320,0.468772305057,0.461162112977,-0.308842548523
1413393265955760384,3.120364120132,2.483728656768,-0.303182723978,0.683104883386,0.475435679529,0.457453667943,-0.313152957214
1413393266005760512,3.114257508170,2.488181190956,-0.300810054551,0.678198217862,0.483965244110,0.451392530464,-0.319483337944
1413393266055760384,3.109453043648,2.490234177367,-0.294745556721,0.674053284391,0.491931478419,0.443757521010,-0.326703004103
1413393266105760512,3.100536823744,2.496338748761,-0.286673074418,0.667176336101,0.501160008497,0.438577857787,-0.333712218968
1413393266155760640,3.080909833590,2.513484056638,-0.283634762668,0.658054354571,0.512095274818,0.432642956992,-0.342845399129
1413393266205760512,3.068028972868,2.521655274118,-0.282678220626,0.649200072495,0.523267304635,0.425157362567,-0.352096309023
1413393266255760384,3.060679540508,2.523533754569,-0.280401572243,0.640185276128,0.535454245882,0.416187535011,-0.360887099378
1413393266305760256,3.048921604401,2.532697965465,-0.272459663621,0.628361729214,0.548954171142,0.405586465186,-0.373243184135
1413393266355760640,3.039829854725,2.541000785837,-0.244519326345,0.615215153821,0.563319742629,0.396011743238,-0.383869614963
1413393266405760512,3.033121309048,2.544497662280,-0.224514995729,0.602484180767,0.577086587881,0.385348699252,-0.394322535495
1413393266455760384,3.029518566810,2.546559086885,-0.214317274500,0.586721033688,0.592961850678,0.371613157434,-0.407502556422
1413393266505760512,3.028930717617,2.543795568991,-0.200678517429,0.569042314788,0.606529584461,0.360387793420,-0.422413713685
1413393266555760384,3.030334689414,2.536806864973,-0.183766741164,0.552122353380,0.618956851707,0.349623249419,-0.435679820612
1413393266605760512,3.022284091650,2.544617089552,-0.169269593415,0.534316944109,0.631120602618,0.336836074063,-0.450259533380
1413393266655760640,3.017089908220,2.541529054236,-0.161812346709,0.518467659496,0.640801153746,0.325990254233,-0.462920642832
1413393266705760512,3.011383361174,2.536726540059,-0.160289550554,0.503894026723,0.648844510357,0.316073008102,-0.474541320395
1413393266755760384,3.003414675545,2.542789960037,-0.156787703309,0.489233079844,0.657322713696,0.305263474298,-0.485172190985
1413393266805760256,3.002413062591,2.538904244210,-0.155487236874,0.476744142777,0.663483160608,0.296562303116,-0.494525953099
1413393266855760640,2.995032029961,2.538854596034,-0.159657696746,-0.464921390182,-0.668746623924,-0.290739260008,0.502092358667
1413393266905760512,2.987368109284,2.544126180809,-0.149522894202,-0.454168665636,-0.674375624229,-0.285820449553,0.507203126191
1413393266955760384,2.988274226672,2.539477278241,-0.137987326456,-0.449744748861,-0.680608093905,-0.279239312624,0.506485626319
1413393267005760512,2.990684747227,2.534939354794,-0.124225776060,-0.446901261215,-0.685018294341,-0.273186158079,0.506358096783
1413393267055760384,2.987133268981,2.537442579748,-0.105569522031,-0.444502199952,-0.689750774377,-0.267006496013,0.505340671796
1413393267105760512,2.990335311601,2.534651573899,-0.075138055105,-0.443926722388,-0.692483133306,-0.264256424063,0.503552100162
1413393267155760640,2.996014477646,2.528945389519,-0.046262219936,-0.444261024459,-0.693939607527,-0.262419279357,0.502211195687
1413393267205760512,2.999559075976,2.524594804899,-0.027294704384,-0.445219057367,-0.694428492266,-0.260807584839,0.501526134690
1413393267255760384,2.998801512691,2.525360255121,-0.011523234104,-0.446402417194,-0.694542256565,-0.258738061011,0.501388623279
1413393267305760256,3.007393587683,2.517651691391,-0.002027977019,-0.448994567140,-0.693563171208,-0.258705515226,0.500445264354
1413393267355760640,3.015725511654,2.514949473234,0.004566363600,0.451419553846,0.692668563567,0.258507242261,-0.499604496727
1413393267405760512,3.023056070069,2.513554262422,0.003623143874,0.452774107395,0.691957073843,0.259168364458,-0.499021817654
1413393267455760384,3.033234928492,2.508715531217,0.006486333794,0.454557047427,0.691362657374,0.261038847504,-0.497246706090
1413393267505760512,3.042085578307,2.505342572122,0.008064488547,0.454321631100,0.690745295341,0.265719165807,-0.495838801831
1413393267555760384,3.052242765765,2.499939284200,-0.000010828649,0.454846086387,0.690438433044,0.269920081561,-0.493510848355
1413393267605760512,3.062306477604,2.495563420242,-0.009120218561,0.454750258098,0.690311152933,0.274118169369,-0.491458995357
1413393267655760640,3.071521176467,2.493240133671,-0.026605334261,0.454616699339,0.690104049931,0.277121193175,-0.490187618411
1413393267705760512,3.082878047054,2.487649586030,-0.040173513961,0.454535868992,0.689683423571,0.280433242796,-0.488969442181
1413393267755760384,3.095900783119,2.478584985970,-0.047603381297,0.453944975309,0.689801704712,0.284756988780,-0.486848051151
1413393267805760256,3.100119264003,2.477809773678,-0.059497747437,0.453339814651,0.691468254947,0.285251931705,-0.484753545951
1413393267855760640,3.104936729055,2.475536232079,-0.073525854430,0.451876170598,0.692958741186,0.287183179128,-0.482847730744
1413393267905760512,3.112452508296,2.468033187493,-0.078846467763,0.451017623956,0.693370391076,0.289475251445,-0.481689404556
1413393267955760384,3.115499125966,2.468219352835,-0.099008040660,0.451118784455,0.691996283801,0.286903617980,-0.485097206246
1413393268005760512,3.122736229646,2.461493495626,-0.110416148656,0.453772378294,0.690245154721,0.283122615282,-0.487333396965
1413393268055760384,3.131216848722,2.454237398199,-0.113035370203,0.456909480780,0.688308114996,0.279235482930,-0.489380435119
1413393268105760512,3.132283419504,2.455149752286,-0.124805291023,0.458814574150,0.688310230496,0.274292296432,-0.490389589266
1413393268155760640,3.138822569861,2.450201673002,-0.119443647171,0.460830725988,0.688700619366,0.271286995291,-0.489622165609
1413393268205760512,3.146164298571,2.444718290803,-0.120462857204,0.461356845956,0.689085633385,0.270477920099,-0.489032253835
1413393268255760384,3.150102141636,2.443440996825,-0.129391303576,0.459847585211,0.690723677768,0.271024383386,-0.487838890368
1413393268305760256,3.156791018538,2.438592270244,-0.128000341346,0.456625303152,0.693023001816,0.275509184520,-0.485084673764
1413393268355760640,3.164468003553,2.433454440059,-0.136162502693,0.454415255261,0.696342309296,0.278944161499,-0.480420980845
1413393268405760512,3.169061327789,2.431581914329,-0.139466382768,0.450366346042,0.699380330191,0.283907690433,-0.476900127288
1413393268455760384,3.171512382733,2.432170788875,-0.144092783939,0.449567403163,0.701605209151,0.284520491940,-0.474011993701
1413393268505760512,3.178341947859,2.426388207384,-0.145112756012,0.449960070954,0.701672689527,0.285978002695,-0.472660505325
1413393268555760384,3.179757147044,2.424908472240,-0.153661920867,0.452620516723,0.699470568924,0.283190516085,-0.475056546792
1413393268605760512,3.182836293163,2.419676967562,-0.149312020950,0.455369128097,0.696480114676,0.282346364713,-0.477320581339
1413393268655760640,3.178995239270,2.424471868709,-0.142234949169,0.457015539655,0.694525167678,0.280657023794,-0.479586512500
1413393268705760512,3.180048658314,2.422057989765,-0.131049178056,0.459204419333,0.693064168051,0.280187994798,-0.479883368955
1413393268755760384,3.175228633042,2.422616604865,-0.129735861429,0.461702346472,0.691333938654,0.278425434816,-0.481006866662
1413393268805760256,3.171004417899,2.424411025815,-0.131485037651,0.463832273333,0.691122031421,0.275922801356,-0.480704241286
1413393268855760640,3.173216287307,2.420067591223,-0.131094845608,0.466229859119,0.688991922179,0.275415091464,-0.481732682129
1413393268905760512,3.169237496897,2.424112371272,-0.125919411933,0.466556852509,0.688129838930,0.274833764134,-0.482978705787
1413393268955760384,3.166746942362,2.427192922206,-0.119345300458,0.465718336964,0.687092533184,0.276843920027,-0.484115405046
1413393269005760512,3.167216157682,2.428356992311,-0.111562289420,0.463447194337,0.686442944368,0.281630805469,-0.484455231780
1413393269055760384,3.165870463045,2.432209242848,-0.100117441858,0.458624618126,0.687464197182,0.288524111884,-0.483539320121
1413393269105760512,3.161059085904,2.439476517152,-0.096359519348,0.452343532167,0.689322471936,0.296012902599,-0.482282303310
1413393269155760640,3.159061721374,2.441825103148,-0.096788623598,0.448534106088,0.691808906640,0.299066917826,-0.480392101341
1413393269205760512,3.157030632984,2.440825284973,-0.098004136607,0.445204604990,0.692276030793,0.299380011838,-0.482616167774
1413393269255760384,3.144215813999,2.450282100028,-0.098560752506,0.440564345320,0.691607492107,0.295039010279,-0.490442776385
1413393269305760256,3.136768244755,2.450037949147,-0.099923978331,0.437196295448,0.690412898458,0.289577746882,-0.498331373084
1413393269355760640,3.130228128711,2.448728854182,-0.090802985432,-0.433390975992,-0.689173118028,-0.284695459292,0.506123671422
1413393269405760512,3.120490752116,2.451621449326,-0.083511391402,-0.429246943953,-0.688907188222,-0.277958182243,0.513705359177
1413393269455760384,3.116717860246,2.446371360784,-0.081030948117,-0.426562086091,-0.688639814801,-0.273283715550,0.518783194596
1413393269505760512,3.114482178265,2.439860035758,-0.080603007384,-0.424850733527,-0.688868793250,-0.268024220045,0.522613296212
1413393269555760384,3.110439519019,2.435868678629,-0.084140514754,-0.423474873723,-0.690712763308,-0.262468110271,0.524113919887
1413393269605760512,3.108019139159,2.426365399028,-0.091595488599,-0.423939082322,-0.692843740707,-0.257596419215,0.523342421605
1413393269655760640,3.107199063524,2.415921565002,-0.104623129111,-0.424409467998,-0.694015231143,-0.253594548474,0.523363418096
1413393269705760512,3.102761372229,2.411926696639,-0.115089120843,-0.423409163715,-0.695853642781,-0.250626905488,0.523162061083
1413393269755760384,3.102718305111,2.406046529144,-0.125666693268,-0.423572702718,-0.698236824644,-0.247958840726,0.521121785698
1413393269805760256,3.107324416841,2.400689663482,-0.138316680842,-0.424047496627,-0.701874099556,-0.245616423168,0.516942009946
1413393269855760640,3.114179563584,2.393078260182,-0.150667899310,-0.423322127528,-0.705569653115,-0.245841378280,0.512378627260
1413393269905760512,3.116357953771,2.393310793534,-0.170102245262,-0.419927981784,-0.708655726467,-0.247461906596,0.510127588202
1413393269955760384,3.123796694307,2.382156379158,-0.189810925949,-0.418333615436,-0.711522528333,-0.250200498137,0.506095236692
1413393270005760512,3.130020770268,2.374087829663,-0.208251230791,-0.416589955760,-0.714957272112,-0.252168630462,0.501697009782
1413393270055760384,3.129349072221,2.376122345830,-0.217358409254,-0.414947303554,-0.716097207773,-0.251869047463,0.501583001329
1413393270105760512,3.135591897280,2.370881036709,-0.232110865765,-0.416538818829,-0.716741144689,-0.249497267482,0.500528378254
1413393270155760640,3.141715845805,2.365612232982,-0.248295015307,-0.416758827732,-0.716780102145,-0.248554202716,0.500758597518
1413393270205760512,3.141972070518,2.370276155991,-0.259952211375,-0.417215364671,-0.717389576880,-0.244985314436,0.501264132147
1413393270255760384,3.149423631597,2.363385824680,-0.264064550163,-0.417229768767,-0.717523107190,-0.245475703103,0.500820915986
1413393270305760256,3.152589030650,2.362633083075,-0.271007549708,-0.416720989477,-0.718162480090,-0.244259859424,0.500922539115
1413393270355760640,3.156717529037,2.358822522973,-0.277333034035,-0.417506523905,-0.717996119905,-0.243844706178,0.500709130701
1413393270405760512,3.162740388618,2.351528569777,-0.299125728221,-0.421451795008,-0.715902558680,-0.242042745992,0.501275592936
1413393270455760384,3.166470406765,2.350161553367,-0.305264065718,-0.424483411118,-0.714002728661,-0.242788891132,0.501066354382
1413393270505760512,3.170621854490,2.349652956541,-0.307635008053,0.428112306897,0.712283589328,0.244061326103,-0.499805972510
1413393270555760384,3.181125693386,2.342074859334,-0.318123731039,0.433265708172,0.710438483827,0.247384915503,-0.496345333817
1413393270605760512,3.181260322716,2.347468529336,-0.332446677565,0.436703837522,0.709019882617,0.250584937052,-0.493748674602
1413393270655760640,3.187023792745,2.343831904071,-0.337320915773,0.441334862473,0.706533093957,0.256932845320,-0.489918400660
1413393270705760512,3.190401030748,2.344359604749,-0.356369563234,0.445342922177,0.704621528415,0.263481193519,-0.485546953469
1413393270755760384,3.188070247567,2.353605292256,-0.358544659571,0.447569123586,0.702639225390,0.268789926936,-0.483458347465
1413393270805760256,3.192527881212,2.352976396332,-0.366528785969,0.451156709192,0.699966339096,0.273918718829,-0.481116704509
1413393270855760640,3.194537835598,2.356019949169,-0.364627676269,0.453332572374,0.698376904240,0.279169862493,-0.478354958503
1413393270905760512,3.188828482432,2.367674491675,-0.365014246042,0.454282574824,0.698258295722,0.282086187067,-0.475909736959
1413393270955760384,3.190455788556,2.365957492061,-0.358538491115,0.454682965557,0.697006918216,0.288700569257,-0.473388569889
1413393271005760512,3.182575646875,2.374118631397,-0.353550209803,0.454645557195,0.695935941892,0.293063096175,-0.472318328849
1413393271055760384,3.176713615699,2.381209532584,-0.343685489108,0.455962061203,0.694498733074,0.295187828596,-0.471841344470
1413393271105760512,3.172295545057,2.386209061892,-0.340013024490,0.457786488918,0.693087176406,0.296214506248,-0.471506800326
1413393271155760640,3.166457291653,2.391819316766,-0.334118124760,0.459251603645,0.691376067257,0.296864589173,-0.472184830198
1413393271205760512,3.158821652659,2.397836492517,-0.332687819849,0.458733435983,0.690381197596,0.299638219794,-0.472392182361
1413393271255760384,3.155549048608,2.396173328030,-0.335684941446,0.458047034274,0.689266305057,0.304408622133,-0.471635734309
1413393271305760256,3.149932188866,2.396961436935,-0.345359591819,0.457622726837,0.688423906676,0.309031474391,-0.470269616746
1413393271355760640,3.141708256445,2.399956764155,-0.350012660030,0.457818306707,0.686931322946,0.314554629659,-0.468596991624
1413393271405760512,3.131405607856,2.400685722817,-0.362921816568,0.461625265599,0.683785816491,0.317814215167,-0.467261378636
1413393271455760384,3.124203147534,2.397416101166,-0.371048158254,0.467606144832,0.678102511885,0.320456388999,-0.467791812070
1413393271505760512,3.117368594866,2.394133147848,-0.373644911376,0.475423674491,0.672259447470,0.322064395926,-0.467240933456
1413393271555760384,3.107348121410,2.394280083505,-0.371033646244,0.482636731164,0.665705809589,0.323374208487,-0.468323266660
1413393271605760512,3.095890659943,2.395225917316,-0.367128703552,0.487681668409,0.660666765036,0.325215020298,-0.468957574250
1413393271655760640,3.086751898292,2.391972662853,-0.361098057685,0.493303715087,0.657527654395,0.327062059881,-0.466196565166
1413393271705760512,3.078212028876,2.386636630001,-0.360722569983,0.499756935099,0.654468232245,0.328827013867,-0.462371207747
1413393271755760384,3.069268790832,2.376751280423,-0.356139111731,0.507461883630,0.651976178756,0.331050546065,-0.455867343585
1413393271805760256,3.053837054827,2.374083765771,-0.354103601893,0.514850526528,0.649025498159,0.331802995431,-0.451222351283
1413393271855760640,3.040758347223,2.368944483411,-0.352468053274,0.522123485305,0.646984928701,0.333274483038,-0.444663566174
1413393271905760512,3.028863498909,2.363132510299,-0.347707595987,0.526480109402,0.643275232220,0.337894343732,-0.441410333466
1413393271955760384,3.008977500740,2.366774600911,-0.337876419193,0.529444699023,0.641527155966,0.342010677538,-0.437218383974
1413393272005760512,2.988620502837,2.371625439427,-0.327481388849,0.532221780651,0.638782810080,0.345092600779,-0.435439541882
1413393272055760384,2.974855146802,2.368248625979,-0.320531282574,0.534992632376,0.635813466461,0.348357782949,-0.433786784295
1413393272105760512,2.959092624262,2.367780430291,-0.310539370664,0.536321235161,0.633389405780,0.351242503269,-0.433366008426
1413393272155760640,2.945370810925,2.364568056744,-0.302585310970,0.539578440342,0.629962164825,0.353505340677,-0.432477458049
1413393272205760512,2.935763984557,2.355464851569,-0.293824027337,0.544010154189,0.624762609285,0.356157322657,-0.432292257270
1413393272255760384,2.919852925800,2.354724340626,-0.281532481337,0.549288047110,0.619045338643,0.356061409150,-0.433919097207
1413393272305760256,2.906731845776,2.349147731973,-0.275704114887,0.555790129299,0.612619500375,0.356775452269,-0.434172726679
1413393272355760640,2.893352826745,2.344999971950,-0.267079954748,0.561666471215,0.606462081332,0.358074833506,-0.434185366669
1413393272405760512,2.878702925199,2.342985751426,-0.251898062461,0.566910504779,0.602889787950,0.360642143675,-0.430201844908
1413393272455760384,2.867775208790,2.336789315028,-0.240444278411,0.571318917819,0.599082151176,0.366018896134,-0.425118145881
1413393272505760512,2.857566343275,2.331584966099,-0.233294472077,0.575807717269,0.594470616702,0.371331595544,-0.420907358883
1413393272555760384,2.850051303741,2.323018717150,-0.228018984804,0.580146023279,0.590883070079,0.377503189806,-0.414462460125
1413393272605760512,2.841073815906,2.316393066135,-0.215573361054,0.583101558901,0.587329170359,0.385538082177,-0.407918380127
1413393272655760640,2.831614098346,2.309647449697,-0.209655004670,0.588367415278,0.583025339818,0.390946962627,-0.401329926846
1413393272705760512,2.822275488442,2.300125263365,-0.205696089487,0.593465037717,0.578451447911,0.396665873173,-0.394777603819
1413393272755760384,2.810691634467,2.292871473801,-0.195981997021,0.598237449447,0.574271236052,0.402083477325,-0.388140926449
1413393272805760256,2.799960180259,2.282606183178,-0.190105946567,0.603675990028,0.568802733115,0.407476261878,-0.382101878916
1413393272855760640,2.785001330640,2.275651151245,-0.182928447587,0.609100845578,0.563168494636,0.413879730125,-0.374887950669
1413393272905760512,2.767880142617,2.272376556892,-0.177325843346,0.614850936624,0.556985718145,0.418264598488,-0.369837749786
1413393272955760384,2.751274441597,2.269049422269,-0.169491372241,0.620978538907,0.550539468654,0.422024937252,-0.364947804498
1413393273005760512,2.738204607800,2.257778319654,-0.175063864685,0.629518605896,0.542101110931,0.424382267518,-0.360183843856
1413393273055760384,2.722830042618,2.249900548898,-0.174172529055,0.638482540020,0.533888173660,0.425250143660,-0.355620274213
1413393273105760512,2.700731716750,2.246125960819,-0.172533219142,0.647446579728,0.526514292598,0.426294585812,-0.349096766234
1413393273155760640,2.679659782438,2.244670584311,-0.151261529378,0.655499833986,0.518818841632,0.428961427614,-0.342255855801
1413393273205760512,2.653949625005,2.234017601328,-0.170302876665,0.664291423349,0.510126078736,0.431572844769,-0.335012191294
1413393273255760384,2.635792941964,2.223853866984,-0.172050023631,0.672750777295,0.501385775295,0.434264466108,-0.327769842202
1413393273305760256,2.615139119034,2.217907862636,-0.170579299642,0.680375537941,0.492314145143,0.437735994281,-0.321096728688
1413393273355760640,2.600205670434,2.208716001035,-0.154366152956,0.686823798066,0.482472456553,0.444279094075,-0.313224337570
1413393273405760512,2.580406225731,2.209619118951,-0.145775041804,0.692918954802,0.473817360195,0.448964903593,-0.306253076059
1413393273455760384,2.561054140839,2.208266183357,-0.138564030948,0.698394315067,0.465441507115,0.454399418162,-0.298547739752
1413393273505760512,2.543293181046,2.205633483784,-0.120155648880,0.702717334148,0.454772730439,0.462938829773,-0.291646621490
1413393273555760384,2.526547659022,2.206446663468,-0.101359535124,0.705917068806,0.444853079362,0.470685070262,-0.286779347902
1413393273605760512,2.506176913094,2.210695675729,-0.087651141157,0.708855175821,0.435525370046,0.477265082064,-0.282948817280
1413393273655760640,2.497559667028,2.201516359628,-0.066831506067,0.712708090236,0.423769588565,0.485459286323,-0.277120542803
1413393273705760512,2.485429465007,2.199527859125,-0.054372268717,0.716322368804,0.414758480483,0.490719346136,-0.272125320664
1413393273755760384,2.464632477720,2.204078542493,-0.042734841150,0.718919084218,0.407319094126,0.495377921440,-0.268043318995
1413393273805760256,2.457087977759,2.193399126653,-0.020210744889,0.723418885313,0.396326041762,0.501502317014,-0.260933345938
1413393273855760640,2.442640436505,2.191100165401,-0.014010315522,0.729816937598,0.387098106408,0.501832308293,-0.256294026392
1413393273905760512,2.421671434226,2.195050250726,-0.002283235190,0.735580187675,0.379388325210,0.501998893124,-0.250964932802
1413393273955760384,2.414569024881,2.182307954444,0.015097447853,0.741799185032,0.367598099490,0.505036794163,-0.244015251323
1413393274005760512,2.394892012005,2.186023679944,0.014393832517,0.748019179391,0.359887429601,0.504229851315,-0.238118882750
1413393274055760384,2.371349018866,2.192863148987,0.030545826960,0.751633701769,0.352725067815,0.506194489977,-0.233235810321
1413393274105760512,2.363535446097,2.183292488206,0.045486438025,0.756826337576,0.341604167972,0.509213965018,-0.226321949901
1413393274155760640,2.349862971111,2.180656570829,0.052460711124,0.761351453817,0.332052220802,0.511046107770,-0.221172245466
1413393274205760512,2.329531641732,2.183076862617,0.065592616448,0.764397299737,0.323520712933,0.513688909291,-0.217151608166
1413393274255760384,2.315827594265,2.178678368883,0.069995036530,0.769083179985,0.313538798007,0.515685929775,-0.210410328263
1413393274305760256,2.300901851870,2.177755961666,0.079877954562,0.772154080894,0.304756474343,0.518597950510,-0.204835867054
1413393274355760640,2.284199814332,2.180201766830,0.094026489341,0.774819959767,0.297012164176,0.520965951632,-0.200080687519
1413393274405760512,2.275319528247,2.177333417185,0.105094966983,0.778155548094,0.287961302877,0.523971020905,-0.192370996432
1413393274455760384,2.268453630628,2.177327674332,0.131783065572,0.780746482942,0.279084055108,0.526921275138,-0.186818064878
1413393274505760512,2.254988802374,2.181181763155,0.162993920147,0.781685820874,0.270778714097,0.531819712959,-0.181146234698
1413393274555760384,2.246162635270,2.181017378945,0.187073273341,0.784463955727,0.260707183206,0.534804183601,-0.175021575790
1413393274605760512,2.234583966899,2.183042170685,0.204576458933,0.786766901295,0.251436421448,0.537786611620,-0.169006299761
1413393274655760640,2.224785779587,2.184249141780,0.210869898827,0.789583712919,0.242328711373,0.539821198840,-0.162565153769
1413393274705760512,2.219784742944,2.180806398210,0.208930941855,0.791998349764,0.233294416277,0.542494127528,-0.154959513754
1413393274755760384,2.211974819097,2.180078335390,0.201349002926,0.793081084492,0.225840469434,0.546387244194,-0.146558708948
1413393274805760256,2.204384739735,2.178148669934,0.193236238783,0.793158403721,0.218133168361,0.551150128667,-0.139825616885
1413393274855760640,2.195613227430,2.177041640134,0.199497500386,0.792118081298,0.209745679329,0.557903127357,-0.131528688010
1413393274905760512,2.182716677779,2.182253147494,0.198970619796,0.791438781899,0.202481176639,0.563369591410,-0.123453355920
1413393274955760384,2.169373934694,2.187095301182,0.197909373144,0.791620070230,0.195394585427,0.566814502163,-0.117813159417
1413393275005760512,2.162144379123,2.185068783459,0.200691971060,0.791392810731,0.186498618704,0.571644931284,-0.110171488514
1413393275055760384,2.148861945802,2.186912408822,0.205345336915,0.791239999168,0.179152921287,0.575191007106,-0.104875163193
1413393275105760512,2.142112422672,2.183930240379,0.199776940255,0.793176190997,0.170537333367,0.576325860511,-0.098168480019
1413393275155760640,2.135534607396,2.178541250372,0.197781309012,0.795061081262,0.161494575443,0.577362450820,-0.091923770308
1413393275205760512,2.122712196388,2.177323412417,0.199517971577,0.796737463986,0.153172884068,0.578021821911,-0.087397107856
1413393275255760384,2.115685279270,2.170971905626,0.199916958832,0.799357591769,0.142414538744,0.578113384606,-0.080811225545
1413393275305760256,2.107276212154,2.164934034823,0.194906312170,0.802740053738,0.132396878173,0.576635714584,-0.074637292563
1413393275355760640,2.094153845085,2.162708815617,0.193934305187,0.804853786205,0.122675459447,0.576432621688,-0.069903842053
1413393275405760512,2.085916259134,2.155614006994,0.191744717070,0.807053200824,0.111084493214,0.576496858470,-0.063061387399
1413393275455760384,2.091025082235,2.144772726124,0.220052830800,0.808297091150,0.100091903754,0.577364910454,-0.057333963904
1413393275505760512,2.092898086424,2.134126100234,0.248685631993,0.809437823747,0.090334871641,0.577922938319,-0.051527641309
1413393275555760384,2.089016082663,2.126536620511,0.251977328379,0.811886180513,0.080412365366,0.576653697615,-0.042955726219
1413393275605760512,2.076069173487,2.124608865280,0.259284838729,0.812111229560,0.069908745281,0.578132025866,-0.036762464891
1413393275655760640,2.060310420213,2.124180866811,0.267993107442,0.812934025355,0.061044407745,0.578300075971,-0.031318889437
1413393275705760512,2.058353946671,2.109012290182,0.276970368329,0.813576462749,0.050162435542,0.578829688298,-0.023092450401
1413393275755760384,2.054537402899,2.090483844557,0.289975972455,0.815984040849,0.041469337520,0.576376340088,-0.015513017515
1413393275805760256,2.045500901755,2.078149538363,0.302052679039,0.819629440446,0.033975011791,0.571782616520,-0.010859022671
1413393275855760640,2.040556187307,2.066638579820,0.311562295570,0.824230110615,0.025101405128,0.565660778501,-0.006521340516
1413393275905760512,2.033501748172,2.055208132003,0.317702401282,0.829260818196,0.017934080638,0.558556339024,-0.004436247549
1413393275955760384,2.030474853965,2.036349355255,0.322726275761,0.833701866313,0.011849172225,0.552073820471,-0.003910495558
1413393276005760512,2.031111157966,2.015322016863,0.329933685007,0.836455718535,0.006979123093,0.547984104266,-0.002558172007
1413393276055760384,2.023657706425,1.999601368731,0.342752376830,0.834049939316,0.008206617604,0.551618876621,0.003156756372
1413393276105760512,2.018316903323,1.987245334389,0.349927923092,0.829435016378,0.013348659333,0.558334269486,0.011054882021
1413393276155760640,2.021787360468,1.967780374117,0.358569267746,0.824893121606,0.018251221541,0.564654929198,0.019571452968
1413393276205760512,2.023762614741,1.951390377041,0.372586515116,0.821114247600,0.023539149866,0.569678064338,0.026157290090
1413393276255760384,2.024715543776,1.937249698954,0.388698548842,0.817904216674,0.028048092472,0.573831358246,0.031041410236
1413393276305760256,2.029822975216,1.921296684081,0.409287349112,0.815698474014,0.032043899561,0.576528022241,0.034994679073
1413393276355760640,2.030680829361,1.911702565927,0.422731540381,0.814348680040,0.035489283001,0.578134650561,0.036565884800
1413393276405760512,2.031858026741,1.900202697411,0.435591409387,0.813608193052,0.036704411114,0.579191528154,0.035095129547
1413393276455760384,2.036271002684,1.887782236458,0.443373622572,0.813794433355,0.036581290538,0.579025764588,0.033609423779
1413393276505760512,2.035795843135,1.881807676578,0.448431148528,0.815673598452,0.036504590270,0.576649293459,0.028628447927
1413393276555760384,2.036947128987,1.873509059939,0.446679858526,0.818299842628,0.034008784650,0.573297845579,0.023629438779
1413393276605760512,2.036353537574,1.869378557050,0.443424250899,0.820318609295,0.032533888713,0.570665381563,0.018972285465
1413393276655760640,2.037440697203,1.864056967458,0.443426982332,0.822499470956,0.031277862610,0.567709346632,0.014913528572
1413393276705760512,2.041045342086,1.855841270569,0.441980074103,0.823308111724,0.030232395301,0.566646708295,0.012698953564
1413393276755760384,2.041877229557,1.849229325089,0.439232195541,0.824346803583,0.030959996484,0.565120590362,0.011512792390
1413393276805760256,2.043106002898,1.842751788667,0.435111687120,0.823901557896,0.030917069819,0.565804536309,0.009776726546
1413393276855760640,2.046485831527,1.836304842496,0.429290723153,0.822906057970,0.032320146399,0.567141517902,0.011468503175
1413393276905760512,2.047546961985,1.831804366984,0.427191885336,0.822225501873,0.033525639898,0.568067988625,0.010955174057
1413393276955760384,2.048990757277,1.830692218594,0.421945952557,0.821439322198,0.034510091575,0.569131008446,0.011678559532
1413393277005760512,2.052626663158,1.826840153910,0.418823029701,0.821122858463,0.034281014638,0.569588443481,0.012290988502
1413393277055760384,2.055570871824,1.824890428672,0.417208134420,0.820902024801,0.034974047909,0.569863797530,0.012326147652
1413393277105760512,2.060307647627,1.822086124871,0.420649272798,0.820415238544,0.035264648020,0.570548388336,0.012238363121
1413393277155760640,2.068552743553,1.815274869850,0.422435160994,0.819141692665,0.034614084088,0.572404683579,0.012713407793
1413393277205760512,2.077362043731,1.808814220814,0.424801870018,0.817848045382,0.034167808607,0.574265198990,0.013289723442
1413393277255760384,2.085114442059,1.805193898781,0.427955157048,0.816636816585,0.034873466838,0.575942685597,0.013348183949
1413393277305760256,2.097101991535,1.798138998186,0.426989427685,0.816105250585,0.034437950909,0.576692600531,0.014556510462
1413393277355760640,2.108504608685,1.792958861497,0.423387100782,0.816065878532,0.035470642410,0.576600566701,0.017609710467
1413393277405760512,2.114686163011,1.791264519890,0.427162884743,0.815319009703,0.036529155625,0.577568500087,0.018307400510
1413393277455760384,2.129256486486,1.780468255360,0.428103929430,0.815819037990,0.035819473712,0.576857470232,0.019791957795
1413393277505760512,2.136013074821,1.776609341265,0.433750258020,0.815268072920,0.037135882539,0.577514309089,0.020883445685
1413393277555760384,2.141734922787,1.774564975396,0.443580358231,0.814103061585,0.036947201473,0.579224879567,0.019226240187
1413393277605760512,2.156652561699,1.766130652632,0.445931149337,0.812197915175,0.034457291720,0.582046450176,0.019213835379
1413393277655760640,2.166456541656,1.762100457813,0.449748401738,0.811377116487,0.031864422242,0.583400044533,0.017211085809
1413393277705760512,2.174921106332,1.761111395521,0.450501483362,0.810015511698,0.027997449168,0.585532205726,0.015590051529
1413393277755760384,2.188813163671,1.753262375084,0.450195390679,0.808521805209,0.021980087114,0.587814955682,0.016820943746
1413393277805760256,2.197058927583,1.749586474750,0.448063647627,0.806900410768,0.016461156346,0.590188487459,0.017841152005
1413393277855760640,2.208132810239,1.741724490389,0.438559377144,0.805611491779,0.010499262568,0.591956521933,0.021618647989
1413393277905760512,2.216682879592,1.730976433756,0.429831516546,0.803087156873,0.003549433723,0.595315455057,0.025257255524
1413393277955760384,2.224422371909,1.717718627190,0.425578693392,0.800091535648,-0.004587751498,0.599146508383,0.029256599457
1413393278005760512,2.234319272470,1.707589298313,0.416404045985,0.799455014706,-0.014096379817,0.599630344676,0.033412890946
1413393278055760384,2.240151287165,1.698979142328,0.409091184547,0.799857762563,-0.023054252015,0.598492322915,0.038768550951
1413393278105760512,2.246219905778,1.686483020037,0.406503112475,0.800523450668,-0.033066826620,0.596591525922,0.046339412008
1413393278155760640,2.247610991287,1.677534995066,0.405675166404,0.801152195922,-0.042611910829,0.594504855225,0.053882846436
1413393278205760512,2.246428839742,1.672987121805,0.399690191623,0.802103371719,-0.051112488300,0.591850623442,0.061078098750
1413393278255760384,2.251747862317,1.656416250606,0.396789906164,0.802942287424,-0.063748144955,0.588728149009,0.067963399305
1413393278305760256,2.250183348046,1.645191546468,0.395810604992,0.803307400720,-0.076237770624,0.586419424537,0.070691447883
1413393278355760640,2.248546727783,1.634723921618,0.393960799236,0.804326194107,-0.088112044123,0.583360259245,0.070614793683
1413393278405760512,2.249182201635,1.619984724533,0.394558998958,0.805499215610,-0.099145873169,0.580007400230,0.070231938346
1413393278455760384,2.250751962281,1.604425993616,0.394326855220,0.807376323210,-0.108764039246,0.575719038900,0.069724061383
1413393278505760512,2.249940991656,1.591436735948,0.390194584695,0.810060652206,-0.114409766706,0.570927130711,0.068951841514
1413393278555760384,2.257092008666,1.567719368119,0.387207839911,0.811476226455,-0.121682633540,0.567267582896,0.070051124100
1413393278605760512,2.259346000726,1.548082983797,0.392447154264,0.811887976862,-0.125896758960,0.565719501196,0.070351724056
1413393278655760640,2.259534179821,1.531335084215,0.389049549472,0.812883742038,-0.125366633880,0.564063002664,0.073049011390
1413393278705760512,2.266145394120,1.498953975095,0.391310438257,0.811655427922,-0.121887404938,0.565369873086,0.081950188822
1413393278755760384,2.269789942406,1.468976817028,0.394342719654,0.810169472292,-0.113972340916,0.567393829768,0.093273649082
1413393278805760256,2.277516913758,1.434496455772,0.401249716760,0.807773338921,-0.106973385846,0.570278048211,0.104124326536
1413393278855760640,2.282133076291,1.403064994522,0.414325291645,0.806324094415,-0.100204752521,0.571947976696,0.112587629392
1413393278905760512,2.285694843745,1.373726782115,0.426791739904,0.806330872502,-0.094800931662,0.571910028365,0.117312517922
1413393278955760384,2.292928819353,1.340859760177,0.435741086801,0.806074221367,-0.091025687406,0.571695777751,0.122974028080
1413393279005760512,2.296479536693,1.313120572044,0.447773031987,0.806085326574,-0.087292085938,0.571589808472,0.126062004054
1413393279055760384,2.299450999812,1.287351026694,0.459668441538,0.807121082846,-0.084697289260,0.570515403565,0.126071809352
1413393279105760512,2.304453433143,1.262291354374,0.472598833898,0.808157952769,-0.083551419593,0.569100797006,0.126586596875
1413393279155760640,2.309224690909,1.239539929059,0.482764629125,0.808852465480,-0.081804301560,0.568420512698,0.126348193803
1413393279205760512,2.313005214840,1.221189949169,0.486814946574,0.810857131516,-0.079215249480,0.566038260187,0.125842538608
1413393279255760384,2.318850307124,1.196583385840,0.489448056021,0.813026074827,-0.078700751383,0.563318948921,0.124364605777
1413393279305760256,2.324960485496,1.169128538029,0.481333400184,0.814979308887,-0.078370354062,0.560896188414,0.122728478820
1413393279355760640,2.331580685482,1.144011624594,0.470956198918,0.818132480332,-0.077850496339,0.556782498125,0.120796500892
1413393279405760512,2.337033332664,1.119763937147,0.461625936413,0.821420983999,-0.077075238722,0.552505327642,0.118595267818
1413393279455760384,2.344779036857,1.095086231723,0.454222000883,0.822477522139,-0.075740845375,0.551152740402,0.118425954358
1413393279505760512,2.354533843788,1.071401939733,0.447987847644,0.822680168702,-0.074736167338,0.551037956655,0.118190590324
1413393279555760384,2.362829926666,1.056072334063,0.445517859962,0.822019653188,-0.071948589292,0.552636626230,0.117046356714
1413393279605760512,2.373474105116,1.037533762213,0.450068282959,0.819649211250,-0.069284109155,0.556366208289,0.117607503972
1413393279655760640,2.386994751428,1.018018336834,0.453448748020,0.817245535084,-0.067251304453,0.560138400112,0.117609396541
1413393279705760512,2.398948443300,1.005119159109,0.455655963262,0.815572901473,-0.064770805555,0.563139307857,0.116274266614
1413393279755760384,2.413534649577,0.985957471430,0.458558095592,0.813170309442,-0.064008796676,0.566615729952,0.116634198937
1413393279805760256,2.427319655851,0.969511955628,0.462736113554,0.810854469468,-0.063711799939,0.570248432776,0.115206600543
1413393279855760640,2.440255026940,0.961608453211,0.458146970496,0.809897471728,-0.062280705574,0.572546189926,0.111256727449
1413393279905760512,2.456386111351,0.941112839387,0.458418183755,0.807830386999,-0.063537721165,0.575428816124,0.110700954844
1413393279955760384,2.470665743310,0.929152951319,0.458209540320,0.806778305889,-0.063707772613,0.577551778726,0.107163556054
1413393280005760512,2.483097774302,0.918453207427,0.455952582388,0.805660185829,-0.063108277030,0.579740222906,0.104068651793
1413393280055760384,2.495450805966,0.906523348775,0.458545800789,0.804988737161,-0.064351665415,0.581122963307,0.100737767096
1413393280105760512,2.508949104391,0.898543655423,0.451112350474,0.805920615632,-0.064715929715,0.580531363364,0.096369839118
1413393280155760640,2.519996601276,0.890723714618,0.459900768763,0.805478419467,-0.066468195968,0.581828165990,0.090898184572
1413393280205760512,2.531561183173,0.879850875720,0.462799370860,0.805370281780,-0.068757800235,0.582697946823,0.084345580207
1413393280255760384,2.540149650407,0.871561903563,0.470775325452,0.805057107441,-0.070068088517,0.583658609483,0.079474173833
1413393280305760256,2.551763173350,0.862630322760,0.470384427786,0.805732963940,-0.070282742201,0.583079380145,0.076636567116
1413393280355760640,2.559127175258,0.858739085846,0.477967652011,0.804839747280,-0.070297207049,0.584892051066,0.072059506507
1413393280405760512,2.568490896063,0.844929197922,0.483119476321,0.802839983963,-0.071961219429,0.587856210262,0.068517290555
1413393280455760384,2.576319028352,0.834721928710,0.483375259767,0.801560404246,-0.074401690041,0.589930054985,0.062831815905
1413393280505760512,2.583299346906,0.824486474146,0.474796298470,0.802550337802,-0.075525708889,0.588977997889,0.057565098755
1413393280555760384,2.587727806677,0.808691720943,0.481192332602,0.804047346183,-0.077159224454,0.586865428731,0.056065031327
1413393280605760512,2.588175255939,0.801424185724,0.486347835822,0.805669601724,-0.076313795269,0.585031851485,0.053013491269
1413393280655760640,2.590874856260,0.787895420903,0.485359215613,0.807952577349,-0.077093048779,0.582044878343,0.049930493492
1413393280705760512,2.595246308174,0.763309231464,0.481980811362,0.809336759163,-0.080305037530,0.579836739276,0.048108907714
1413393280755760384,2.594896055498,0.750778824930,0.476627632000,0.810837050242,-0.081322119861,0.577983885128,0.043181237920
1413393280805760256,2.595213505565,0.732051791808,0.472921281785,0.811737155706,-0.083062937458,0.576718187301,0.039742557840
1413393280855760640,2.597385096377,0.704294054936,0.467252863140,0.812767397311,-0.084292983044,0.575007678389,0.040865886391
1413393280905760512,2.597481385097,0.686489099843,0.460600545619,0.814781396608,-0.082117357431,0.572572107729,0.039359837410
1413393280955760384,2.598185631814,0.658052361404,0.461124763140,0.814878822914,-0.080201042666,0.572534265904,0.041770935919
1413393281005760512,2.600471912336,0.620416683987,0.464532287318,0.814909685840,-0.076283851789,0.572333633445,0.050370526183
1413393281055760384,2.602212176613,0.590567924699,0.468848450601,0.815361545894,-0.069065534754,0.571773140985,0.059084487268
1413393281105760512,2.602726359743,0.555744005694,0.477407160139,0.814445308872,-0.062920750361,0.572639303366,0.069311227600
1413393281155760640,2.607090849902,0.518125872177,0.481038439096,0.815320649310,-0.058381527628,0.570908231121,0.076861093408
1413393281205760512,2.611963575918,0.486594216082,0.481349277677,0.816611282665,-0.054191601901,0.568926494535,0.080820338555
1413393281255760384,2.614555987363,0.453623882811,0.485627332935,0.816657289014,-0.050796849087,0.568437848627,0.085842673952
1413393281305760256,2.618338543705,0.419486530894,0.490804013868,0.816216402856,-0.048824067882,0.568500361796,0.090632956163
1413393281355760640,2.622904067239,0.385565164777,0.500072327584,0.815734634582,-0.047887221388,0.568759758944,0.093787827440
1413393281405760512,2.627867809834,0.355445422959,0.506369593914,0.815160303918,-0.046203997148,0.569126380593,0.097334641708
1413393281455760384,2.633660114295,0.327451928136,0.513379298830,0.814618735249,-0.046795508767,0.569530318039,0.099205410003
1413393281505760512,2.639264990981,0.300700056143,0.518379546130,0.814980879995,-0.047412318514,0.568756194995,0.100372446167
1413393281555760384,2.643752939872,0.267017906280,0.531529681619,0.814080425141,-0.048686442744,0.569826337153,0.100998203859
1413393281605760512,2.650683780751,0.229231832294,0.541667990047,0.813567080613,-0.051805488031,0.570079880434,0.102145615065
1413393281655760640,2.656227299917,0.202653156030,0.553649345111,0.811080943217,-0.052591563455,0.573088989663,0.104646265727
1413393281705760512,2.662995450223,0.181431276443,0.563607702250,0.808779567985,-0.052674439897,0.576002744088,0.106404194447
1413393281755760384,2.669202616358,0.156577362581,0.580242197070,0.805410324754,-0.053962709885,0.580115557365,0.108941153032
1413393281805760256,2.678299539382,0.135077488675,0.592290592679,0.802150214537,-0.054884734274,0.584226606921,0.110553023599
1413393281855760640,2.684567785255,0.117818034752,0.607614404506,0.797703067350,-0.057584839965,0.590441750793,0.108315933580
1413393281905760512,2.691820084097,0.094881724059,0.617921290893,0.796634031319,-0.063560327990,0.592122212454,0.103564426174
1413393281955760384,2.702347997983,0.083950749863,0.617777455878,0.798528530456,-0.065516669112,0.589591573848,0.102183795993
1413393282005760512,2.706899335201,0.068686056534,0.628432955812,0.800198527118,-0.068279757297,0.586961829831,0.102449998847
1413393282055760384,2.710876607819,0.048199796340,0.640029630955,0.802628935569,-0.071944931803,0.583725628010,0.099373586934
1413393282105760512,2.714238631660,0.025578421467,0.648054995348,0.805388384806,-0.076133913486,0.580006688012,0.095631682506
1413393282155760640,2.716250315262,0.004749478632,0.662683004804,0.806866490752,-0.080437756622,0.577950672802,0.092028545679
1413393282205760512,2.718782013064,-0.012672642017,0.676070698174,0.808933849843,-0.083287909967,0.575346536920,0.087552915920
1413393282255760384,2.721026365332,-0.034041911356,0.691402390455,0.810069041044,-0.085976523211,0.573648136420,0.085580381983
1413393282305760256,2.723558295815,-0.054165808691,0.707656264201,0.810419447327,-0.086317312845,0.573066153723,0.085818554837
1413393282355760640,2.728748281039,-0.073590940059,0.721053955801,0.809890525079,-0.083685104333,0.573713953121,0.089030560452
1413393282405760512,2.732389289534,-0.094779979572,0.742165079024,0.808227016154,-0.079460330336,0.575777779940,0.094525628210
1413393282455760384,2.740205964743,-0.119176051260,0.752782105446,0.808024306885,-0.075246471673,0.575585112392,0.100680019747
1413393282505760512,2.746417037191,-0.138479467295,0.762446752376,0.808060259107,-0.070667729745,0.575334024557,0.105049749221
1413393282555760384,2.751011451610,-0.157465303742,0.771780079580,0.807283887543,-0.067342240253,0.576083062442,0.109023175331
1413393282605760512,2.752944046433,-0.181908635362,0.778454672056,0.805643887203,-0.064457155694,0.578161470153,0.111859360462
1413393282655760640,2.755187667460,-0.204611560060,0.786665845534,0.803687706611,-0.061960553394,0.580749964158,0.113914174692
1413393282705760512,2.758938119581,-0.221278956326,0.792206635291,0.802111881136,-0.059488922927,0.583041892607,0.114628747072
1413393282755760384,2.762902791730,-0.237887525886,0.797915139037,0.800664535533,-0.057652548072,0.585679018088,0.112216634297
1413393282805760256,2.767340258209,-0.249035427690,0.803264874495,0.799220622935,-0.054640537668,0.588935457960,0.106844905714
1413393282855760640,2.772424165964,-0.255447663614,0.805687358036,0.799458962592,-0.050390069157,0.590294677527,0.099390149128
1413393282905760512,2.780334932928,-0.270289154970,0.797412211819,0.803894325064,-0.046454641176,0.585542725827,0.093464413941
1413393282955760384,2.783718844341,-0.276886805545,0.798793843319,0.808186159450,-0.039216309492,0.581205332457,0.086588534269
1413393283005760512,2.783865574717,-0.289602124743,0.804883034417,0.811963301992,-0.032323834565,0.577126036909,0.081217630218
1413393283055760384,2.783276595043,-0.299835718507,0.815248598939,0.815057267481,-0.023022566579,0.573911053125,0.076011283735
1413393283105760512,2.784802071294,-0.302774050029,0.823424592615,0.818249495236,-0.012523565825,0.570487148316,0.069680251512
1413393283155760640,2.788415397261,-0.309525274627,0.827372206349,0.820686187016,-0.001421464207,0.567633596156,0.065301320015
1413393283205760512,2.790698118769,-0.314462972554,0.835149994734,0.821963729520,0.009968923072,0.566318924343,0.059658393019
1413393283255760384,2.796856737951,-0.316065328591,0.835048994478,0.823614454405,0.023295021554,0.564104663444,0.053874865639
1413393283305760256,2.799304482405,-0.325734563376,0.840041778015,0.823958511775,0.033986792057,0.563595445386,0.047931646938
1413393283355760640,2.803327931967,-0.331925606622,0.842283071861,0.824526690711,0.045292025913,0.562507297139,0.041108507135
1413393283405760512,2.810583126526,-0.328377024749,0.840834022499,0.825096145739,0.058108986640,0.561021989712,0.033076018778
1413393283455760384,2.816227998347,-0.334399635400,0.839663784206,0.825526678986,0.068393563568,0.559579073520,0.026443963833
1413393283505760512,2.823944705831,-0.335376943890,0.828715599025,0.825682658265,0.080021595591,0.558162283427,0.017307727734
1413393283555760384,2.831248718085,-0.332390563021,0.821239211055,0.825424476273,0.091236337350,0.557050285702,0.006733789100
1413393283605760512,2.834321948480,-0.340850321497,0.819776823857,0.824705592775,0.099647010945,0.556712576584,-0.001505167292
1413393283655760640,2.838710035123,-0.344204295667,0.806321127551,0.822647637470,0.111213833052,0.557453374071,-0.011317404310
1413393283705760512,2.842905537128,-0.347223050601,0.798521604926,0.819527883236,0.121879053982,0.559530286506,-0.021104579660
1413393283755760384,2.850568897731,-0.352611400594,0.786538633780,0.816893484829,0.131880409288,0.560796288069,-0.028286310784
1413393283805760256,2.860514078223,-0.345583132290,0.769487755209,0.814364270693,0.143649596697,0.561015467745,-0.037911382702
1413393283855760640,2.869577273159,-0.341773610998,0.756863652987,0.812192628238,0.155394116850,0.560524502594,-0.044811662273
1413393283905760512,2.876682130776,-0.342303828763,0.746937573525,0.810147433098,0.166443751133,0.559709271834,-0.051799086646
1413393283955760384,2.889438896986,-0.338267940680,0.730216014545,0.809244026712,0.180069492385,0.555966912456,-0.059998961633
1413393284005760512,2.896702995468,-0.340715962871,0.718736429535,0.808971834465,0.191264352179,0.551677194753,-0.068079302415
1413393284055760384,2.903768946822,-0.338885472139,0.711404630728,0.807702765201,0.203090840960,0.548356773156,-0.075333941472
1413393284105760512,2.912795746691,-0.325954586457,0.703575681174,0.806279744009,0.216406865014,0.544005061699,-0.084495775168
1413393284155760640,2.922015298841,-0.316371083771,0.692409206847,0.804705035125,0.228442056418,0.539921729954,-0.093533730960
1413393284205760512,2.925816094687,-0.308092767545,0.694090559857,0.801766204819,0.239463748740,0.538123332607,-0.101248924699
1413393284255760384,2.933569570794,-0.289571047981,0.687744925538,0.797824805690,0.253135222589,0.535735824779,-0.111289103505
1413393284305760256,2.940227845211,-0.277939001409,0.678379067752,0.794349721798,0.264873910907,0.533056236255,-0.121249246555
1413393284355760640,2.944593936797,-0.265853248055,0.675379503209,0.789537926325,0.276835281647,0.532067245469,-0.129986676351
1413393284405760512,2.948940078543,-0.248543464141,0.676238748534,0.783918618583,0.289797515563,0.530798657446,-0.140505461342
1413393284455760384,2.952557114458,-0.237787688522,0.673310558381,0.778133703951,0.301267586888,0.530010915462,-0.151109924750
1413393284505760512,2.957362421323,-0.225111828045,0.667659423047,0.772994318273,0.313357493546,0.527359692976,-0.161798082128
1413393284555760384,2.962224085329,-0.209415633517,0.658390374091,0.768906496543,0.326086571964,0.522396659281,-0.171907177077
1413393284605760512,2.966321762135,-0.197213875467,0.649245757180,0.765808602769,0.337781581344,0.516347271802,-0.181180247634
1413393284655760640,2.968380006166,-0.184378132757,0.642836494574,0.762313340354,0.348464926467,0.509800539850,-0.193788481882
1413393284705760512,2.970512586118,-0.167420559244,0.634838840753,0.759877218348,0.359029568086,0.500818900666,-0.207038187326
1413393284755760384,2.971460962640,-0.156730462979,0.632252680365,0.757067598896,0.368339756496,0.492896931679,-0.219606669362
1413393284805760256,2.971706344641,-0.139258442773,0.628166741326,0.752829754258,0.379483757369,0.485118880230,-0.232161820811
1413393284855760640,2.971736541868,-0.120825670506,0.627432793187,0.747430968514,0.391833805907,0.477628766951,-0.244303043032
1413393284905760512,2.971785416271,-0.110143760065,0.630465484856,0.741829208121,0.403407467276,0.471506493488,-0.254231130907
1413393284955760384,2.974655660561,-0.090721454542,0.625086303876,0.735517879284,0.416450458595,0.464509425529,-0.264222365412
1413393285005760512,2.977683285386,-0.070753291601,0.623769529365,0.728882307208,0.429031182170,0.457457209780,-0.274582825730
1413393285055760384,2.981314737753,-0.063153643235,0.627582366591,0.721768008163,0.440024334304,0.452645928309,-0.283797799847
1413393285105760512,2.988473902424,-0.044315455760,0.623812621850,0.714973678898,0.451692240708,0.445173226654,-0.294291618021
1413393285155760640,2.993605498732,-0.021594982697,0.624561114001,0.706965090998,0.464120041591,0.438910677289,-0.303562785046
1413393285205760512,3.000137595328,-0.006444236407,0.625188000169,0.700349770329,0.474684670993,0.432089046265,-0.312223827442
1413393285255760384,3.006437541793,0.006437977271,0.631043940994,0.691623685362,0.484522955763,0.427606928232,-0.322562394140
1413393285305760256,3.013868228423,0.026206119289,0.634020008959,0.683118842432,0.495803480586,0.421251324311,-0.331775341939
1413393285355760640,3.022933420642,0.039195925278,0.636622068267,0.675030285009,0.505558392323,0.416236246126,-0.339841453745
1413393285405760512,3.033665768802,0.058293468147,0.637158194124,0.666343702893,0.516590388690,0.409800178393,-0.348115287968
1413393285455760384,3.043973731143,0.070019880988,0.637997026002,0.657967724372,0.526329924783,0.404579191632,-0.355486935992
1413393285505760512,3.055201324011,0.089031804539,0.644473269739,0.648677800166,0.537679664996,0.398572955467,-0.362294477728
1413393285555760384,3.067651835056,0.106578428198,0.646620061519,0.638784259322,0.549281670648,0.393061335577,-0.368438736843
1413393285605760512,3.079424642571,0.118762783198,0.649481626473,0.628963152608,0.559607936769,0.388699421335,-0.374375572947
1413393285655760640,3.092637219482,0.138331234919,0.646123489323,0.617412514825,0.569661721774,0.384568799571,-0.382614881676
1413393285705760512,3.102751367098,0.152839896678,0.651743890278,0.605827881271,0.579994615737,0.382603361385,-0.387548051018
1413393285755760384,3.115601214673,0.166420054777,0.649734427439,0.593811288178,0.590934225565,0.381393703376,-0.390798846100
1413393285805760256,3.127207847547,0.186104362779,0.649868323900,0.581513133011,0.601571124817,0.379059793450,-0.395307893815
1413393285855760640,3.139890433861,0.200317826756,0.645485060244,0.574243770588,0.609273520492,0.372919293018,-0.399951334618
1413393285905760512,3.149328189154,0.212974591811,0.645976457367,0.569714509007,0.614680722165,0.366028796045,-0.404494633452
1413393285955760384,3.159028731524,0.229441234189,0.645079890747,0.565949133481,0.619297376596,0.358919297429,-0.409083457972
1413393286005760512,3.169892242206,0.239996610016,0.649312550119,0.564126375884,0.621401846059,0.353708531848,-0.412930323716
1413393286055760384,3.180342585862,0.253832959529,0.655229320351,0.563254540959,0.623492532868,0.348371273870,-0.415498302149
1413393286105760512,3.190344307843,0.267481470198,0.661787285379,0.562308149648,0.624514559976,0.344623820891,-0.418360527885
1413393286155760640,3.201542683599,0.277151604630,0.669894340083,0.561965436124,0.624436129514,0.343090903758,-0.420194003429
1413393286205760512,3.213481923514,0.286445134710,0.674033717873,0.562358371789,0.623999034771,0.342123129937,-0.421105723359
1413393286255760384,3.225870831193,0.300863304283,0.673867904396,0.562034972240,0.623630859292,0.341928443949,-0.422239482447
1413393286305760256,3.237372471840,0.309520504634,0.676769695947,0.562810647035,0.623110878163,0.342760771813,-0.421298068361
1413393286355760640,3.249121626508,0.318077848558,0.679784911884,0.562199283976,0.622742351584,0.345900513742,-0.420091374862
1413393286405760512,3.262378209070,0.328644078637,0.678441128575,0.561781467874,0.622306199394,0.348816164127,-0.418884065335
1413393286455760384,3.276162677414,0.336782649657,0.673353237928,0.561977515403,0.621423753577,0.352152018928,-0.417136364077
1413393286505760512,3.290406497091,0.347008905815,0.662089581927,0.562927530803,0.620069670315,0.353869745526,-0.416416140682
1413393286555760384,3.304273704589,0.355161459928,0.652288810139,0.565113856279,0.618626748201,0.355058527598,-0.414584994701
1413393286605760512,3.318206730619,0.365270344355,0.642885861449,0.567375340964,0.617446201304,0.354931990847,-0.413362665022
1413393286655760640,3.332050651778,0.371043202491,0.637888522025,0.568857174379,0.616686821788,0.356652008280,-0.410972291013
1413393286705760512,3.345422901965,0.379873729938,0.632547488532,0.569533788898,0.616743409622,0.358563195136,-0.408278416139
1413393286755760384,3.358819776520,0.390491856955,0.630621990755,0.569049809747,0.618342678442,0.361212717719,-0.404178201542
1413393286805760256,3.370390643263,0.401085205198,0.634899175870,0.565944216364,0.620612490541,0.366929493583,-0.399887518295
1413393286855760640,3.383497459279,0.409371337280,0.635889450448,0.563701988828,0.623529304184,0.371147902727,-0.394589038008
1413393286905760512,3.395933346625,0.419809591147,0.632140663869,0.560501450003,0.627589630626,0.373427899727,-0.390539349850
1413393286955760384,3.406527925223,0.430521402734,0.629692287198,0.556764012833,0.632347610155,0.373927553052,-0.387722218881
1413393287005760512,3.414046531766,0.442493367184,0.633604720800,0.551737924807,0.636653523221,0.374483818409,-0.387323409376
1413393287055760384,3.419676261687,0.453761824895,0.633601496654,0.546891912283,0.640067993541,0.373406982396,-0.389601623998
1413393287105760512,3.422954709171,0.470491400959,0.629713563340,0.541793893057,0.644335836677,0.369823833473,-0.393091642260
1413393287155760640,3.424014769076,0.480750522200,0.626947667825,0.537652405048,0.647996364396,0.364608299427,-0.397607081254
1413393287205760512,3.424367161957,0.489229642877,0.628826182565,0.535077714666,0.651633397302,0.356316075144,-0.402622167028
1413393287255760384,3.421468666163,0.502912105460,0.630753509382,0.531133607507,0.655469220371,0.346152463159,-0.410409142651
1413393287305760256,3.415507984761,0.513492721469,0.638570351979,0.526605621028,0.658683440843,0.337046366386,-0.418595737635
1413393287355760640,3.408495607715,0.527130618990,0.648173509333,0.520852007942,0.663092331064,0.326875655797,-0.426818523443
1413393287405760512,3.401675722871,0.538686300626,0.657511605042,0.514221436362,0.668106226572,0.316837357287,-0.434539380757
1413393287455760384,3.393417562367,0.549264823886,0.666935740752,0.506271159009,0.673552609015,0.307650809845,-0.442003818587
1413393287505760512,3.386153086466,0.560115363309,0.674626969133,0.497316755943,0.680234060165,0.298685792881,-0.448045159310
1413393287555760384,3.379170204683,0.569452255410,0.675552786396,0.487302629322,0.686665139980,0.290394602772,-0.454640635748
1413393287605760512,3.370441281401,0.580760736305,0.681266699258,0.477317340341,0.693816168522,0.281129594705,-0.460166743570
1413393287655760640,3.364160774194,0.587646879931,0.685528587550,0.468844578884,0.700280831292,0.271009368246,-0.465129487884
1413393287705760512,3.359262177927,0.600610159024,0.691585685310,0.458414874182,0.706399301260,0.260768077559,-0.472076095598
1413393287755760384,3.353815894698,0.607676191124,0.697667651017,0.448220640483,0.711462264502,0.251973716337,-0.478987421453
1413393287805760256,3.352196710188,0.616990360451,0.706499251607,0.437917704399,0.716579869224,0.242981550147,-0.485490825336
1413393287855760640,3.347398860773,0.627990197638,0.712601900989,0.427476168424,0.721307568934,0.233512610887,-0.492393518423
1413393287905760512,3.344333734304,0.634408471693,0.717717451334,0.416530184609,0.726134208129,0.225584180347,-0.498340741532
1413393287955760384,3.340812804322,0.642808985470,0.723655668348,-0.404946471277,-0.731004849168,-0.218179120050,0.504031881399
1413393288005760512,3.334026454141,0.654540204171,0.731396760910,-0.393554336039,-0.735330746648,-0.211058160719,0.509762817801
1413393288055760384,3.330965200628,0.663028427299,0.727306730809,-0.383561221324,-0.738749649986,-0.204841543396,0.514946294521
1413393288105760512,3.328458850414,0.673299365732,0.724472233516,-0.375413562647,-0.742683096229,-0.199700244832,0.517306763701
1413393288155760640,3.324349587268,0.690954259942,0.725501707109,-0.368823458981,-0.747733871403,-0.193644243545,0.517073709062
1413393288205760512,3.323743208991,0.698536321572,0.727959099696,-0.365198271755,-0.751800222056,-0.190228593387,0.515014301434
1413393288255760384,3.321521311116,0.711174068874,0.733535085483,-0.362944890065,-0.757009070071,-0.186353736197,0.510372961286
1413393288305760256,3.320941446735,0.728275149443,0.726461439845,-0.360856516038,-0.761416684076,-0.182417321380,0.506706156371
1413393288355760640,3.323410645659,0.733677839471,0.720080841103,-0.361021564986,-0.763261449755,-0.181010161250,0.504312116112
1413393288405760512,3.323835790513,0.747053290327,0.714350829818,-0.360781311425,-0.763900765419,-0.180209102083,0.503802685032
1413393288455760384,3.322321530894,0.766345180043,0.709207896004,-0.358837092384,-0.762248888366,-0.181530375980,0.507207350017
1413393288505760512,3.323130102681,0.772015844168,0.705366983396,-0.358746527868,-0.758291581887,-0.185810383031,0.511633958158
1413393288555760384,3.320619028956,0.791075260977,0.705396343001,-0.358294134113,-0.755112540826,-0.189031146772,0.515458620742
1413393288605760512,3.315666248342,0.818115633544,0.706047933481,-0.355690740674,-0.753048750481,-0.190434901095,0.519746308158
1413393288655760640,3.314051455602,0.832719871560,0.708189880445,-0.355366134581,-0.750722308873,-0.191538900882,0.522918516408
1413393288705760512,3.311571506228,0.853539260150,0.707751211359,-0.351439885235,-0.749286123946,-0.191699088867,0.527552623779
1413393288755760384,3.308912511792,0.876122964203,0.701463882285,-0.347737250837,-0.750009294191,-0.189546098986,0.529751960229
1413393288805760256,3.308688608398,0.886449901289,0.699761386192,-0.345367063297,-0.750742442712,-0.189819622303,0.530165905438
1413393288855760640,3.308811889126,0.899496542193,0.696516988579,-0.343138193681,-0.752814498759,-0.189287808197,0.528863532647
1413393288905760512,3.309040585165,0.917679090158,0.687990861680,-0.340812671544,-0.754003658519,-0.186985899450,0.529491717841
1413393288955760384,3.312521950866,0.925432877756,0.680915856984,-0.340193069282,-0.755465451059,-0.186305690459,0.528044332960
1413393289005760512,3.313630281032,0.939906303517,0.672767566608,-0.339102128119,-0.756659227258,-0.184800540759,0.527565465744
1413393289055760384,3.314984586261,0.955078804182,0.659382154577,-0.337950598113,-0.757894060914,-0.183621826763,0.526943080799
1413393289105760512,3.316335224025,0.968284258622,0.653826934454,-0.338107536817,-0.758393905217,-0.182340620044,0.526568016841
1413393289155760640,3.316705634053,0.985846458059,0.640001737587,-0.336899093485,-0.757982255124,-0.180381138537,0.528606230181
1413393289205760512,3.317270219747,0.999817766965,0.628747923345,-0.335825530247,-0.757801316046,-0.178525048055,0.530176561015
1413393289255760384,3.317891884572,1.014307772440,0.616973964387,-0.333849196822,-0.758128440635,-0.177810162719,0.531196317114
1413393289305760256,3.319910172499,1.023832436053,0.608574394177,-0.331774948409,-0.757917001702,-0.179246554569,0.532313699630
1413393289355760640,3.320062715876,1.038759072376,0.606138809391,-0.329319193914,-0.759167137378,-0.179535146616,0.531959826655
1413393289405760512,3.322711138551,1.049131600644,0.598995981624,-0.327292674971,-0.760091914515,-0.181403216186,0.531255738375
1413393289455760384,3.325607010818,1.059962246921,0.591952545166,-0.327116957082,-0.760932449513,-0.181240695263,0.530215158260
1413393289505760512,3.328251442226,1.072111412012,0.588515183803,-0.327201804518,-0.762086061041,-0.180520963781,0.528749464608
1413393289555760384,3.331456304496,1.084975695533,0.582016999735,-0.325956539194,-0.762404227271,-0.181276310369,0.528801501600
1413393289605760512,3.336502996872,1.090372351935,0.581378825348,-0.326274002775,-0.762543358723,-0.182801898912,0.527879121518
1413393289655760640,3.337590320529,1.107158201720,0.577956172483,-0.326359690275,-0.763200374666,-0.181654463363,0.527272412149
1413393289705760512,3.340326403049,1.118297708006,0.573846385730,-0.327129342109,-0.763263710316,-0.181072621424,0.526903793702
1413393289755760384,3.341252837211,1.132096037631,0.574932706653,-0.327666499769,-0.762846810673,-0.181768542825,0.526934156432
1413393289805760256,3.341160846886,1.148995543744,0.572893661356,-0.327766290762,-0.762208092777,-0.181493509262,0.527890318192
1413393289855760640,3.342294114695,1.156638827121,0.578090953930,-0.328205896918,-0.760706219935,-0.183524299318,0.529080114672
1413393289905760512,3.343616234598,1.167114961545,0.578464247705,-0.328932914950,-0.759340251694,-0.185079687869,0.530048138152
1413393289955760384,3.343452912018,1.179834614744,0.580196824517,-0.329124415918,-0.758074830390,-0.186275967870,0.531319992255
1413393290005760512,3.344506255587,1.191656765274,0.583853391505,-0.329508845837,-0.757436199991,-0.187454171825,0.531578081681
1413393290055760384,3.346622756461,1.198817726395,0.584036349957,-0.331085448284,-0.756486836850,-0.188117831939,0.531715876115
1413393290105760512,3.347268851916,1.207336966808,0.586683516170,-0.332410361263,-0.755881414275,-0.188822348250,0.531500479849
1413393290155760640,3.347833349204,1.216331245864,0.584429589491,-0.334148037546,-0.755404463706,-0.188602745138,0.531166819129
1413393290205760512,3.349515350438,1.221864729198,0.579188465427,-0.336894290794,-0.754826204302,-0.188219582174,0.530389505001
1413393290255760384,3.350625798013,1.230113629203,0.566960373867,-0.338270200261,-0.754234917904,-0.188202472723,0.530360999217
1413393290305760256,3.351268228313,1.238668258859,0.554640793277,-0.339421292236,-0.754886139738,-0.188379905188,0.528633250685
1413393290355760640,3.352563020716,1.242793908574,0.545358273496,-0.340044683488,-0.755898877790,-0.189533353158,0.526368319552
1413393290405760512,3.352051167058,1.251513411786,0.537768642003,-0.339614113995,-0.758178172969,-0.188788666833,0.523628638334
1413393290455760384,3.349960103142,1.261210239967,0.528302037681,-0.338258045058,-0.760939564788,-0.186587353599,0.521284599015
1413393290505760512,3.348521716681,1.267924720009,0.518901253755,-0.336248179310,-0.763682790241,-0.184334695857,0.519371233035
1413393290555760384,3.346980048858,1.275894802185,0.505695889431,-0.334358160666,-0.765586537459,-0.182335730038,0.518493544424
1413393290605760512,3.344895722228,1.282684394838,0.488268408461,-0.332722457153,-0.766616297755,-0.180452782206,0.518682958961
1413393290655760640,3.340394586569,1.292782148961,0.477481612508,-0.331217093667,-0.768227573081,-0.178162787583,0.518053717235
1413393290705760512,3.336410733670,1.302461564839,0.459000780984,-0.329784612987,-0.769148806712,-0.176374099447,0.518212696888
1413393290755760384,3.332230977963,1.312117285960,0.446084513768,-0.328183191201,-0.769558616634,-0.175516858022,0.518911515702
1413393290805760256,3.327920845023,1.323325472904,0.431236864700,-0.326246657281,-0.770062888224,-0.174885595789,0.519597243237
1413393290855760640,3.324584666471,1.328848943367,0.420439210349,-0.325847057031,-0.770362267814,-0.174913761455,0.519394693664
1413393290905760512,3.321178925494,1.337504649647,0.398999752119,-0.326892312394,-0.769173276006,-0.172187403050,0.521407120979
1413393290955760384,3.314296770908,1.349880868977,0.381462985704,-0.328341886088,-0.766847193533,-0.168019628635,0.525267924021
1413393291005760512,3.311160820596,1.355279722778,0.361918473501,-0.330666635841,-0.763709733961,-0.165030649455,0.529312670295
1413393291055760384,3.306567068785,1.364132093977,0.351257512230,-0.333020589411,-0.760586092683,-0.162224047636,0.533187997815
1413393291105760512,3.301821424535,1.375830015667,0.335875687985,-0.333568311544,-0.757160574875,-0.160496667933,0.538220089714
1413393291155760640,3.300179916219,1.382024553094,0.326766214918,-0.335499480101,-0.754028776366,-0.160115884034,0.541519719811
1413393291205760512,3.296463511817,1.395784721296,0.315707150934,-0.335625566230,-0.752003215475,-0.159579613610,0.544408844646
1413393291255760384,3.292968426564,1.408722764476,0.307136165286,-0.335763919225,-0.750711940016,-0.160209167569,0.545918671865
1413393291305760256,3.291965285272,1.419658824725,0.296345458450,-0.335759979728,-0.751452950665,-0.162705055820,0.544160604748
1413393291355760640,3.290284454101,1.436441333939,0.278464322483,-0.334145425681,-0.753131371562,-0.165031207270,0.542129755956
1413393291405760512,3.290521985154,1.450208961837,0.264447440926,-0.330946780375,-0.755156215669,-0.168522694795,0.540197574815
1413393291455760384,3.292055762015,1.463294816450,0.246668523084,-0.327624704980,-0.757690371488,-0.170417440035,0.538075505642
1413393291505760512,3.293302865754,1.474923862558,0.231616218618,-0.324288131091,-0.760089296909,-0.171510351508,0.536363373175
1413393291555760384,3.296244057062,1.484205836938,0.215497068552,-0.321843410528,-0.761550873443,-0.172831010971,0.535337769922
1413393291605760512,3.295649740675,1.501559236962,0.207787612880,-0.318074624119,-0.763561113899,-0.173253049362,0.534589879927
1413393291655760640,3.297967913266,1.513251309147,0.203794071313,-0.315828319771,-0.765517329783,-0.173708453518,0.532973792423
1413393291705760512,3.301381459955,1.525476491491,0.193207331034,-0.314139092699,-0.766656134078,-0.173193552759,0.532502578211
1413393291755760384,3.302307388506,1.539783249360,0.185784770682,-0.311889255177,-0.767687036112,-0.173098006956,0.532370911187
1413393291805760256,3.302548892254,1.553370519114,0.184176910230,-0.308539296067,-0.768359787123,-0.173754135233,0.533138106690
1413393291855760640,3.301869090641,1.567742186154,0.181091172540,-0.304434324232,-0.769327044678,-0.172486036598,0.534513056656
1413393291905760512,3.300979800821,1.581295331057,0.188982434560,-0.301012748105,-0.771143603446,-0.170745889302,0.534391906403
1413393291955760384,3.304390959154,1.587988368869,0.187350032345,-0.298427050696,-0.770507732309,-0.170554360480,0.536814996051
1413393292005760512,3.304148975718,1.600255018614,0.189326247245,-0.294810174374,-0.769501445552,-0.170408300207,0.540292048432
1413393292055760384,3.304427909809,1.609570785628,0.200834428832,-0.290880479514,-0.768412102989,-0.172115411248,0.543422185624
1413393292105760512,3.303352717651,1.620940155921,0.209759549361,-0.287051187145,-0.766337153684,-0.172655125380,0.548196306557
1413393292155760640,3.304859438290,1.625225959753,0.219537827345,-0.284413968200,-0.764388816643,-0.174228073519,0.551781668853
1413393292205760512,3.302984732303,1.635857508160,0.232593608986,-0.281021127157,-0.764172006665,-0.173439699331,0.554064022488
1413393292255760384,3.301432357051,1.643586618598,0.249286035378,-0.277715015443,-0.764272479191,-0.173107382027,0.555693964370
1413393292305760256,3.302517210479,1.645889679850,0.266717004176,-0.275570288561,-0.764010140490,-0.172536334967,0.557297707161
1413393292355760640,3.302081408965,1.652087373415,0.279120304076,-0.273345976260,-0.763747752009,-0.170561055314,0.559357019241
1413393292405760512,3.303046111235,1.652047108685,0.292037364676,-0.272886811252,-0.763060759878,-0.168304547450,0.561199291060
1413393292455760384,3.303417777368,1.652918345648,0.309124950157,-0.270952781241,-0.762878010363,-0.167641145174,0.562581707921
1413393292505760512,3.303834911855,1.654628432166,0.312731145292,-0.269291430074,-0.763402302358,-0.165536599812,0.563290941314
1413393292555760384,3.306361557202,1.649243932590,0.324742172322,-0.267976202891,-0.764415418241,-0.165264798847,0.562623648011
1413393292605760512,3.305125795483,1.651324275329,0.334339728642,-0.265867471068,-0.766870957869,-0.163374476311,0.560831705858
1413393292655760640,3.308308423851,1.645358722497,0.337093796221,-0.263781754997,-0.768777527046,-0.163172697184,0.559262881419
1413393292705760512,3.312758809029,1.635644651717,0.343707089768,-0.261654069002,-0.770177307826,-0.163650876883,0.558195712255
1413393292755760384,3.309801297591,1.637099094231,0.357778839766,-0.257467952578,-0.772533823467,-0.162385078499,0.557254727459
1413393292805760256,3.313791961753,1.624565359272,0.371839507004,-0.255941619474,-0.773006212970,-0.162295020836,0.557328994708
1413393292855760640,3.314408605886,1.617564826497,0.385606473880,-0.254054436901,-0.773322624423,-0.160521771187,0.558266264987
1413393292905760512,3.315485977512,1.610764053386,0.389105451722,-0.251598276567,-0.772326375567,-0.158177256707,0.561418054833
1413393292955760384,3.317577310229,1.598862932111,0.400617800621,-0.250488903700,-0.771384062407,-0.155518629133,0.563946711472
1413393293005760512,3.318113578951,1.586807204000,0.421261500397,-0.248960550794,-0.772759727571,-0.152714154011,0.563506375082
1413393293055760384,3.318359677503,1.575283903430,0.435938039443,-0.247803600633,-0.773313691816,-0.149669614546,0.564072970496
1413393293105760512,3.321366542136,1.561244884859,0.440584595654,-0.246994052254,-0.773478446030,-0.146576485719,0.565013597635
1413393293155760640,3.326129281153,1.543409751174,0.450278392697,-0.246513229460,-0.773009050570,-0.143505785291,0.566651855221
1413393293205760512,3.329862694622,1.527664439662,0.457472430348,-0.246070927815,-0.773252015466,-0.140740197958,0.567205972942
1413393293255760384,3.331964837079,1.509313363849,0.479530402114,-0.247217953855,-0.774443408344,-0.136908104041,0.566018428686
1413393293305760256,3.335836301860,1.491940425273,0.485606248829,-0.247701715253,-0.774890798543,-0.133349950871,0.566044080613
1413393293355760640,3.340347237224,1.472429732400,0.492795542682,-0.249135377691,-0.773869925186,-0.129521501857,0.567698056217
1413393293405760512,3.343821034650,1.456327187778,0.501887823905,-0.249983411377,-0.773901651295,-0.125731131403,0.568133972542
1413393293455760384,3.349333298976,1.435279757318,0.508213404180,-0.251281579652,-0.773181916881,-0.123184509811,0.569098293512
1413393293505760512,3.354985523951,1.413202755783,0.512193577626,-0.250778295012,-0.773141076680,-0.123856048862,0.569230007520
1413393293555760384,3.358654041130,1.397601077336,0.514010317083,-0.249095469859,-0.774220283323,-0.125078351683,0.568233935740
1413393293605760512,3.363316380263,1.380153070896,0.512997771138,-0.246260435937,-0.775763598273,-0.128168425762,0.566674061454
1413393293655760640,3.370758522389,1.356700397741,0.511513586392,-0.244380398320,-0.777717003677,-0.132370427843,0.563837346174
1413393293705760512,3.376660006461,1.342261610865,0.501365137100,-0.240994239197,-0.779555928326,-0.135203290761,0.562080422585
1413393293755760384,3.381202315146,1.326324667018,0.500760749140,-0.238345150783,-0.781874364738,-0.137619944286,0.559396833920
1413393293805760256,3.388997822815,1.303829465704,0.499193311863,-0.236658391286,-0.782687521382,-0.140409654081,0.558281451194
1413393293855760640,3.393717858525,1.287337474681,0.496051777220,-0.235815340159,-0.783948506433,-0.139803019708,0.557019730609
1413393293905760512,3.397348989522,1.268615881307,0.501396890868,-0.233308079087,-0.784952376842,-0.141218367778,0.556304304247
1413393293955760384,3.401722298864,1.248000416432,0.501761713956,-0.231735461924,-0.785770292808,-0.142547097029,0.555467413767
1413393294005760512,3.406017650428,1.225575181209,0.505360091416,-0.230160153898,-0.785678414734,-0.143239400737,0.556073921575
1413393294055760384,3.409554611845,1.203931228829,0.506377802208,-0.230008933259,-0.785691231015,-0.142646996553,0.556270630630
1413393294105760512,3.412660969463,1.181435446966,0.507198625143,-0.229439941434,-0.783013338678,-0.142623835028,0.560273028451
1413393294155760640,3.415303488341,1.156807576702,0.514177019847,-0.230276772823,-0.780106366209,-0.141387872502,0.564283736083
1413393294205760512,3.417124787723,1.130327408011,0.529274366447,-0.230575104646,-0.777579236342,-0.141373094294,0.567643638683
1413393294255760384,3.420239536922,1.102600516523,0.537638395561,-0.231749766193,-0.776845740250,-0.141394521728,0.568164000047
1413393294305760256,3.420894981826,1.078676731424,0.547559488679,-0.232590988191,-0.778425470944,-0.141171772118,0.565708183744
1413393294355760640,3.424233330685,1.049613883676,0.551597932913,-0.232869380759,-0.779284873014,-0.142561082290,0.564059638702
1413393294405760512,3.425793701600,1.023448669212,0.555391922143,-0.233007408876,-0.780710686393,-0.143647050685,0.561750742225
1413393294455760384,3.429569422287,0.992110976832,0.552566669817,-0.233692743712,-0.781452335474,-0.145691136891,0.559905386248
1413393294505760512,3.432696921313,0.964228505262,0.552497189560,-0.234553424997,-0.782707709534,-0.146257541077,0.557639725930
1413393294555760384,3.434061340069,0.934057229906,0.553233406875,-0.236195640844,-0.783233100953,-0.146190093239,0.556224761636
1413393294605760512,3.437922700972,0.895521637942,0.554183075477,-0.239823179773,-0.782802713748,-0.145467294472,0.555467388810
1413393294655760640,3.440896876225,0.862068068642,0.561525038903,-0.243529361281,-0.782670359134,-0.142729313611,0.554751207446
1413393294705760512,3.441188950208,0.836629779744,0.563399515076,-0.245901627111,-0.782344655101,-0.138901665604,0.555135621007
1413393294755760384,3.443977195290,0.797476672185,0.569611229505,-0.250202428903,-0.781100388528,-0.136887564584,0.555466220642
1413393294805760256,3.444883198370,0.766012621489,0.577971722713,-0.253426118502,-0.780232676737,-0.133736445833,0.555991668704
1413393294855760640,3.444161723819,0.740585318296,0.580603976195,-0.254245747702,-0.780202900111,-0.131429293724,0.556209380706
1413393294905760512,3.446506745982,0.698655255207,0.586354542351,-0.255663678213,-0.779850543855,-0.133673197609,0.555518396755
1413393294955760384,3.444560788695,0.674064351274,0.598458332647,-0.254076441165,-0.781707663592,-0.135240805432,0.553252397440
1413393295005760512,3.442474538563,0.653385243862,0.603267021833,-0.250530018759,-0.783257199659,-0.137610132728,0.552092673609
1413393295055760384,3.446969821319,0.609675767193,0.603842790809,-0.249698685763,-0.782836290913,-0.143629529125,0.551532833402
1413393295105760512,3.447104251574,0.585321803424,0.604951915440,-0.247454545015,-0.783598635366,-0.146083014560,0.550816829500
1413393295155760640,3.445265513833,0.566040655641,0.607265746198,-0.246344359298,-0.784031115176,-0.144736632071,0.551054420556
1413393295205760512,3.444854995204,0.526288618927,0.609717279745,-0.247825731729,-0.782145599048,-0.146091530108,0.552709628480
1413393295255760384,3.441354709365,0.503819925768,0.611592443352,-0.249432606524,-0.781674364156,-0.142476142414,0.553596524616
1413393295305760256,3.435747909034,0.475124794047,0.621214443635,-0.251693104743,-0.781414777041,-0.139289159029,0.553750898350
1413393295355760640,3.433669246903,0.439926764423,0.627210511843,-0.254400541618,-0.780390713576,-0.137750860907,0.554342312032
1413393295405760512,3.429431568262,0.419285181613,0.631792579333,-0.255766670229,-0.780134948801,-0.132454119748,0.555363645030
1413393295455760384,3.425148567424,0.384746505860,0.647662275990,-0.258999163028,-0.779579281945,-0.130234238673,0.555170802357
1413393295505760512,3.421408522667,0.354481598433,0.650971915243,-0.262290855674,-0.778068347055,-0.126583504356,0.556587612839
1413393295555760384,3.414676408635,0.334341150582,0.658010960192,-0.263095006749,-0.777458906807,-0.122967603961,0.557868832277
1413393295605760512,3.412251231932,0.300933703199,0.660992449607,-0.265766126475,-0.776433103539,-0.121701244315,0.558308883039
1413393295655760640,3.409212320660,0.280298172516,0.660390986471,-0.266051178263,-0.775963277200,-0.119769708554,0.559243220696
1413393295705760512,3.406211585471,0.261726268022,0.658273895178,-0.265560576132,-0.776167973930,-0.118582421045,0.559445320000
1413393295755760384,3.402373871126,0.231752893470,0.658053634371,-0.264890162763,-0.776409748565,-0.121749663059,0.558746922632
1413393295805760256,3.399582203152,0.219003237521,0.651218658083,-0.261269128847,-0.777357914071,-0.123952480331,0.558649172883
1413393295855760640,3.398188300610,0.201987934849,0.639967325050,-0.256008222065,-0.778638155359,-0.130035633094,0.557918584903
1413393295905760512,3.394375031460,0.183476335657,0.640116765858,-0.252137263852,-0.781171508753,-0.136611931440,0.554558431797
1413393295955760384,3.391398121057,0.170310471819,0.633875959688,-0.245730323340,-0.783252448901,-0.143621877310,0.552725036378
1413393296005760512,3.388662395628,0.153167603788,0.629902374280,-0.241995642440,-0.784317269971,-0.148677352115,0.551524771913
1413393296055760384,3.385976764334,0.134239789040,0.624399720134,-0.239065317799,-0.785086876401,-0.153162560911,0.550479427648
1413393296105760512,3.381330848533,0.123480852736,0.624225699222,-0.236822113870,-0.786609867283,-0.154032102697,0.549030340157
1413393296155760640,3.377023593241,0.100134319930,0.620352786553,-0.236365237824,-0.786129861687,-0.156049668315,0.549344897065
1413393296205760512,3.369872833011,0.083388144135,0.622104175865,-0.235451460877,-0.787096964340,-0.157061717122,0.548062583390
1413393296255760384,3.359790281820,0.070080280395,0.628114258667,-0.235833048188,-0.788793746771,-0.155420223663,0.545922844836
1413393296305760256,3.351551013920,0.047643293045,0.628720374106,-0.235799930139,-0.788739891634,-0.156677958577,0.545655379875
1413393296355760640,3.343272846354,0.028492996988,0.625055321930,-0.238777395375,-0.788160080568,-0.153394411126,0.546131117491
1413393296405760512,3.332792531647,0.009438294697,0.626390272434,-0.242064113333,-0.787429812941,-0.149419791858,0.546839081019
1413393296455760384,3.321162898868,-0.014765505728,0.626429746298,-0.247077633853,-0.786291544587,-0.145843793328,0.547199997906
1413393296505760512,3.308212206514,-0.032811219416,0.625901914184,-0.251932317669,-0.785052967721,-0.143069708022,0.547497035456
1413393296555760384,3.295133813861,-0.055659676330,0.619359561611,-0.257906488191,-0.782720058594,-0.142454639297,0.548215495007
1413393296605760512,3.281301863426,-0.077368347956,0.611851599295,-0.264078472413,-0.780229026222,-0.142383927512,0.548846102505
1413393296655760640,3.267372585009,-0.095541734584,0.600385489166,-0.269794430953,-0.777989332498,-0.143750065836,0.548889316819
1413393296705760512,3.252151459340,-0.112508781723,0.589814853931,-0.275421610894,-0.775535912400,-0.145086390931,0.549214824997
1413393296755760384,3.236392404090,-0.129704946894,0.578753783120,-0.280437643782,-0.773748596730,-0.146538762826,0.548811650748
1413393296805760256,3.221313011399,-0.143949081215,0.570563343651,-0.284490649009,-0.772081436038,-0.147891931329,0.548710582547
1413393296855760640,3.206296810156,-0.161218216501,0.563275976907,-0.287819415361,-0.770574613864,-0.150838767586,0.548290447484
1413393296905760512,3.192739137156,-0.174215246118,0.553118122122,-0.288860373425,-0.769286205413,-0.154361366543,0.548571770460
1413393296955760384,3.177549472644,-0.187566687800,0.544248107319,-0.290832343199,-0.767988808014,-0.157600431854,0.548426697740
1413393297005760512,3.161093194174,-0.204643363240,0.541981962227,-0.292966380089,-0.767433981805,-0.161815567333,0.546837732675
1413393297055760384,3.146434596227,-0.213277477093,0.533555190979,-0.295287660394,-0.766267574935,-0.164691163944,0.546366197474
1413393297105760512,3.131940601049,-0.225076520216,0.523152043330,-0.298144754673,-0.764324293662,-0.167978569664,0.546535707445
1413393297155760640,3.116295866416,-0.237647266370,0.516315945994,-0.301215929867,-0.762953434365,-0.170600444201,0.545954676711
1413393297205760512,3.100608785937,-0.244706894059,0.509609267452,-0.304757496483,-0.761429843855,-0.170085166993,0.546276941847
1413393297255760384,3.083946676079,-0.250831672151,0.503738459053,-0.307813136676,-0.759704861476,-0.169613601686,0.547111343752
1413393297305760256,3.066872172593,-0.258790687692,0.497348104823,-0.310135756689,-0.758120423310,-0.170420046051,0.547746514446
1413393297355760640,3.051122182260,-0.261007276925,0.491764377946,-0.310632730327,-0.757655654301,-0.171565658312,0.547750345726
1413393297405760512,3.034229127128,-0.262851732862,0.493268882545,-0.311159728049,-0.757554050959,-0.172762660032,0.547215265517
1413393297455760384,3.016698157464,-0.271331891470,0.494840133969,-0.311743104968,-0.757826039950,-0.175891899692,0.545507075390
1413393297505760512,3.001081631314,-0.266541764235,0.494434880990,-0.310467291379,-0.759046408473,-0.176694239757,0.544277278971
1413393297555760384,2.984403692891,-0.267229710423,0.491943335807,-0.310313088212,-0.758916231365,-0.177199497617,0.544382475012
1413393297605760512,2.969197380283,-0.271878315702,0.482693977248,-0.310538438138,-0.757726651033,-0.177804691272,0.545712096728
1413393297655760640,2.953222995225,-0.270739916127,0.477648183433,-0.310989534159,-0.756928992148,-0.175768347602,0.547219789912
1413393297705760512,2.936995501689,-0.270857702612,0.469358945700,-0.312869092851,-0.755594313729,-0.172467819675,0.549040085035
1413393297755760384,2.919866379432,-0.268739367127,0.467383594048,-0.313091231336,-0.754413494786,-0.170721759855,0.551079159883
1413393297805760256,2.904280124431,-0.265567672805,0.464185980936,-0.313995137407,-0.753306320461,-0.167921613871,0.552936680673
1413393297855760640,2.889022421091,-0.267902862131,0.461105711425,-0.315268023183,-0.751436214177,-0.166739924272,0.555110337892
1413393297905760512,2.875949816956,-0.259478718990,0.454074431731,-0.314138024815,-0.751301550607,-0.164682193885,0.556545646321
1413393297955760384,2.863093172021,-0.259123036330,0.447603253648,-0.313746700273,-0.750847035054,-0.164326841103,0.557484015296
1413393298005760512,2.850517979600,-0.255977549814,0.444923921050,-0.313327862951,-0.751002708586,-0.163872065768,0.557643728608
1413393298055760384,2.838733501955,-0.243987896071,0.443375044975,-0.311780635427,-0.752239284401,-0.162414026848,0.557270650815
1413393298105760512,2.826933462513,-0.244349768009,0.438419561283,-0.311595240520,-0.753085675118,-0.163874433150,0.555801711204
1413393298155760640,2.816719903555,-0.230280392516,0.434558083486,-0.309507736421,-0.756034757949,-0.162983714292,0.553220313026
1413393298205760512,2.806615646662,-0.224188154099,0.426701711188,-0.306960123084,-0.758469025327,-0.165341911969,0.550601736831
1413393298255760384,2.795570517570,-0.219080975813,0.428174860412,-0.305129843908,-0.761437696603,-0.168800363655,0.546456631196
1413393298305760256,2.785231458693,-0.204170356012,0.426509992334,-0.301161601264,-0.765385182352,-0.171068801665,0.542422969331
1413393298355760640,2.774157295769,-0.196113173631,0.422826511719,-0.296230948242,-0.768281135067,-0.176849428581,0.539180491499
1413393298405760512,2.762490843112,-0.186973153041,0.418299912729,-0.292350199646,-0.770472360833,-0.182022277456,0.536443466238
1413393298455760384,2.749963253614,-0.171634607258,0.416196147209,-0.286557115487,-0.772007477235,-0.186722700720,0.535746309080
1413393298505760512,2.736535439798,-0.160743013103,0.411543089373,-0.282572875594,-0.772056769265,-0.190663989636,0.536402981039
1413393298555760384,2.721384434707,-0.154653909486,0.409697675343,-0.281292987991,-0.771378705674,-0.193172809706,0.537153062851
1413393298605760512,2.707302516941,-0.140607679911,0.403184935261,-0.280805131989,-0.770254957530,-0.190813878928,0.539857242109
1413393298655760640,2.691087499788,-0.131298248574,0.395711437852,-0.282445517671,-0.768801507213,-0.186607135661,0.542537140641
1413393298705760512,2.672890947903,-0.122935762177,0.394398767015,-0.285198717010,-0.767293821578,-0.181679997263,0.544898395830
1413393298755760384,2.653925172045,-0.115628106578,0.394468113631,-0.288655446069,-0.766008471674,-0.176168074023,0.546693574568
1413393298805760256,2.634968457759,-0.108652385102,0.396721168738,-0.291320802948,-0.764955771096,-0.172516482181,0.547916892798
1413393298855760640,2.615511069433,-0.097573181364,0.398643265227,-0.293037567241,-0.764264055216,-0.168833388075,0.549112670735
1413393298905760512,2.596256582051,-0.089333829587,0.398784493877,-0.294604420288,-0.763194313841,-0.167294265290,0.550232045294
1413393298955760384,2.576788692789,-0.083265512315,0.400203203404,-0.297218513295,-0.762808106231,-0.166061897394,0.549734840315
1413393299005760512,2.558517447493,-0.071644086392,0.399962977447,-0.298995844206,-0.762241045558,-0.164307627959,0.550084608955
1413393299055760384,2.540672848607,-0.062759543255,0.402094614909,-0.299749484913,-0.762447330469,-0.165519993818,0.549024085265
1413393299105760512,2.522456027102,-0.050779198060,0.408016567576,-0.299918167852,-0.763019944289,-0.167257992579,0.547607908205
1413393299155760640,2.505252185139,-0.042362966034,0.409773980734,-0.298054446629,-0.762605991588,-0.173029481880,0.547408847973
1413393299205760512,2.489700529966,-0.035483841374,0.406354219866,-0.294457659180,-0.760295581978,-0.181671296997,0.549764362997
1413393299255760384,2.473265124780,-0.025692703187,0.406314152773,-0.291477909214,-0.757531252882,-0.188229818025,0.552952588342
1413393299305760256,2.456323161816,-0.016156034041,0.408698621319,-0.289651150814,-0.754218473291,-0.193472533533,0.556619335045
1413393299355760640,2.439899098443,-0.008961786463,0.410644220712,-0.289164521122,-0.749731791949,-0.196976627215,0.561681696511
1413393299405760512,2.424479840472,0.000515749546,0.409821305236,-0.289154318865,-0.745975279550,-0.197893986593,0.566346742068
1413393299455760384,2.408677926664,0.006300887698,0.412519516921,-0.290461692992,-0.743857096392,-0.197402641074,0.568630655477
1413393299505760512,2.393541030663,0.007336812378,0.412907065357,-0.292632902419,-0.741961794619,-0.196804502188,0.570198796619
1413393299555760384,2.379040863385,0.011535381264,0.415792909489,-0.295160121515,-0.742210077328,-0.193850053105,0.569584814308
1413393299605760512,2.365859958757,0.014066346048,0.418580627812,-0.298784126174,-0.743137826993,-0.189497199226,0.567948085236
1413393299655760640,2.353919252314,0.014576132360,0.418605782909,-0.301280813253,-0.743619502877,-0.186202003187,0.567087930145
1413393299705760512,2.343381158717,0.013046332786,0.416730982268,-0.302208011014,-0.744296139588,-0.185156278763,0.566048343437
1413393299755760384,2.332810258989,0.014543029266,0.422665868606,-0.303163159691,-0.745515570485,-0.183312696358,0.564530856662
1413393299805760256,2.323934195443,0.012802499121,0.424276673792,-0.302480266054,-0.745857643861,-0.184159512724,0.564169600046
1413393299855760640,2.316243031655,0.012865958314,0.425380345604,-0.300960016763,-0.746875147028,-0.185186662200,0.563299638918
1413393299905760512,2.309487792532,0.010936638984,0.425907555682,-0.297867241985,-0.749040176598,-0.187961492241,0.561145611610
1413393299955760384,2.301591611261,0.004825968794,0.431659800236,-0.296021248064,-0.752380452264,-0.191938535454,0.556286503838
1413393300005760512,2.294878564121,0.005030230414,0.435008519701,-0.291683653070,-0.754853129971,-0.195696411130,0.553913633499
1413393300055760384,2.288154534472,0.002556204458,0.438197996672,-0.288234455734,-0.757334183894,-0.198767190110,0.551232651944
1413393300105760512,2.280856554516,-0.006915320484,0.443269508364,-0.288264726672,-0.758569667611,-0.200696989034,0.548813470434
1413393300155760640,2.273931222376,-0.006263264568,0.444131599865,-0.288256953359,-0.759136832807,-0.197409349958,0.549225587956
1413393300205760512,2.264384892864,-0.014107086552,0.448918311907,-0.290047061115,-0.759054647346,-0.193331506119,0.549846954545
1413393300255760384,2.254215004523,-0.019260209093,0.455822903486,-0.292525144623,-0.759274701472,-0.185075478573,0.551069900012
1413393300305760256,2.243592970451,-0.019458626605,0.461888629068,-0.291937397280,-0.760027159290,-0.174195271660,0.553883815021
1413393300355760640,2.232757607807,-0.030426215987,0.467642336716,-0.290995796064,-0.760018599925,-0.165649401599,0.557003994771
1413393300405760512,2.223332067434,-0.037359001869,0.473317297830,-0.288108152716,-0.761162559421,-0.155225408717,0.559937784903
1413393300455760384,2.213252425336,-0.042582967695,0.480648491746,-0.283168461721,-0.762952785121,-0.144814715338,0.562803134484
1413393300505760512,2.204342093260,-0.052877036477,0.487036077628,-0.277151187070,-0.764411494057,-0.137312291597,0.565692161724
1413393300555760384,2.195760707179,-0.054354033360,0.494207294093,-0.267990075387,-0.767018826004,-0.128692979097,0.568596128355
1413393300605760512,2.186534292700,-0.057385588006,0.501235845751,-0.257590674964,-0.770072746357,-0.121762667501,0.570796690857
1413393300655760640,2.176156624946,-0.062001457594,0.513287370094,-0.246362719093,-0.774277927086,-0.117036391840,0.571053049421
1413393300705760512,2.167695590421,-0.059008701490,0.522101423223,-0.232684667938,-0.779226623137,-0.111661996567,0.571135109781
1413393300755760384,2.160577245722,-0.060276565365,0.527157518147,-0.218888302084,-0.783041032496,-0.107732024364,0.572126265404
1413393300805760256,2.153792811284,-0.067135986646,0.533969185565,-0.206846632590,-0.786287593316,-0.106937844620,0.572302881848
1413393300855760640,2.149249778386,-0.066028866304,0.535633577973,-0.194757494830,-0.788001811359,-0.105231897998,0.574498834766
1413393300905760512,2.144546567362,-0.066141588166,0.533069272271,-0.184338160471,-0.788204124012,-0.104685538569,0.577749633924
1413393300955760384,2.139888351443,-0.067880298639,0.525283505697,-0.176624412998,-0.786990392066,-0.103767719839,0.581964088109
1413393301005760512,2.134591954118,-0.069164554511,0.518281163623,-0.169919940046,-0.785265622512,-0.102637454918,0.586473076043
1413393301055760384,2.128518214597,-0.069756728128,0.511368875091,-0.164645258590,-0.783708808304,-0.100419423964,0.590430674932
1413393301105760512,2.121541797329,-0.069123779007,0.504106081062,-0.159592820347,-0.783158997318,-0.096939884172,0.593122900814
1413393301155760640,2.115749025864,-0.070177008397,0.495109159988,-0.154183338426,-0.782915128845,-0.093323534661,0.595451187803
1413393301205760512,2.111769481099,-0.072328874711,0.480444026890,-0.147976731475,-0.782690694934,-0.089011197546,0.597975893926
1413393301255760384,2.109562597589,-0.076320058803,0.463780861727,-0.141749002393,-0.782907725791,-0.083763800031,0.599955280851
1413393301305760256,2.106813763636,-0.082043469488,0.453471157004,-0.134728989348,-0.783999155463,-0.078727492110,0.600828932100
1413393301355760640,2.105176282816,-0.085181617316,0.436959762445,-0.126102418756,-0.784940556207,-0.072677503822,0.602232914780
1413393301405760512,2.106006775416,-0.091899668098,0.417828667861,-0.117239002801,-0.785103564380,-0.066278603456,0.604544916564
1413393301455760384,2.106470827997,-0.099286800257,0.407787677149,-0.108521489417,-0.787040042716,-0.059437134441,0.604366018689
1413393301505760512,2.107058581650,-0.107401634011,0.398964718241,-0.098849043783,-0.789986637425,-0.052572907789,0.602815119751
1413393301555760384,2.110006505229,-0.117740855393,0.388833982372,-0.088987636800,-0.793891188437,-0.046169635075,0.599738564890
1413393301605760512,2.113218587530,-0.125854170565,0.381063714832,-0.077506649586,-0.798544387420,-0.040019199634,0.595582105381
1413393301655760640,2.117293439572,-0.135101647663,0.372269543652,-0.065900278476,-0.802486780128,-0.034662190281,0.592005619552
1413393301705760512,2.122300496425,-0.148007301012,0.363871663588,-0.056248922619,-0.804870793360,-0.030662141269,0.589982116503
1413393301755760384,2.125880545517,-0.159223748969,0.358335871611,-0.047704880243,-0.807513303694,-0.026256220037,0.587330502926
1413393301805760256,2.130964851338,-0.168920543428,0.348292215745,-0.039585719591,-0.808310591367,-0.022985838242,0.586974113508
1413393301855760640,2.133811781560,-0.186623225472,0.343688724843,-0.034397162586,-0.808830387327,-0.021616115728,0.586637011519
1413393301905760512,2.137411245381,-0.198359769964,0.337711753083,-0.029499201338,-0.809113037122,-0.019013898737,0.586604093009
1413393301955760384,2.140525294663,-0.211354703828,0.333260851937,-0.025410193039,-0.809465356637,-0.017148182743,0.586366863255
1413393302005760512,2.142641275967,-0.226790935784,0.332841640089,-0.022056985635,-0.809548393688,-0.016954529140,0.586393580800
1413393302055760384,2.146036647112,-0.240216346512,0.328910813250,-0.020071882200,-0.808746671929,-0.015043750478,0.587622009255
1413393302105760512,2.148783097236,-0.255089382779,0.324674001459,-0.018054963507,-0.808298940130,-0.013937312784,0.588330343421
1413393302155760640,2.150135625580,-0.276731858066,0.319237770216,-0.019494547552,-0.807209029005,-0.012963558572,0.589801231143
1413393302205760512,2.151745857716,-0.293429570633,0.314763298193,-0.019525476507,-0.806634380463,-0.012207751386,0.590601983428
1413393302255760384,2.152535435867,-0.308176768666,0.318932376178,-0.020788251821,-0.807261074726,-0.009680720758,0.589748835916
1413393302305760256,2.152522057014,-0.330290514549,0.323578136588,-0.023544556478,-0.807028206784,-0.009160799117,0.589972208731
1413393302355760640,2.153665403393,-0.349582573805,0.324380780719,-0.026209781519,-0.806962323662,-0.007498651747,0.589973411066
1413393302405760512,2.153574284170,-0.371346159656,0.330342203700,-0.029456739612,-0.807553003166,-0.007125202706,0.589015856371
1413393302455760384,2.154496138930,-0.391820827074,0.333520100144,-0.033203375163,-0.807451279652,-0.006226955304,0.588966206071
1413393302505760512,2.155060636614,-0.409685080141,0.339738109332,-0.037313848567,-0.808155087899,-0.004415913040,0.587769963778
1413393302555760384,2.156462113917,-0.433228984441,0.339482830042,-0.041381684780,-0.807688900077,-0.004472929511,0.588137900292
1413393302605760512,2.157114233003,-0.451673518421,0.344134014417,-0.045606447495,-0.808149930390,-0.002489392679,0.587203154694
1413393302655760640,2.156891817082,-0.473100228774,0.350587751524,-0.049127046797,-0.808987108777,-0.003033151178,0.585762060140
1413393302705760512,2.157575642620,-0.493050653731,0.353978115085,-0.051764265838,-0.809021494231,-0.003677778690,0.585483694562
1413393302755760384,2.158223820803,-0.509651393219,0.359369896404,-0.053858262511,-0.809276406413,-0.003182469035,0.584945174759
1413393302805760256,2.158347399689,-0.530265558691,0.362758506776,-0.055936193326,-0.808518021436,-0.004320239725,0.585790992436
1413393302855760640,2.157772035403,-0.544560245954,0.372258658386,-0.057271941544,-0.809081577907,-0.003522556494,0.584888465094
1413393302905760512,2.158023693756,-0.558118536670,0.378751850410,-0.057353418971,-0.808918625373,-0.003508877459,0.585105914033
1413393302955760384,2.156829756081,-0.575237778138,0.384974106781,-0.058074892922,-0.809086410434,-0.004618689040,0.584794968322
1413393303005760512,2.154315899094,-0.589108003545,0.399530151166,-0.056673042393,-0.810220589353,-0.006989587440,0.583336873960
1413393303055760384,2.154184189191,-0.599279923954,0.405272457364,-0.054685068716,-0.809388091323,-0.008073630335,0.584666808855
1413393303105760512,2.151024874538,-0.613614254268,0.416710955678,-0.054712364990,-0.809313228084,-0.009596407705,0.584744871653
1413393303155760640,2.150452793730,-0.623965810073,0.422459949367,-0.053344706795,-0.808829396699,-0.010247568655,0.585529108268
1413393303205760512,2.148709624820,-0.633937026424,0.432439593539,-0.052554810635,-0.808399860246,-0.010255910768,0.586193205460
1413393303255760384,2.145926052784,-0.646361216780,0.441614894148,-0.051758673240,-0.808720362780,-0.011926881357,0.585790204826
1413393303305760256,2.144583121303,-0.656145870651,0.447688249956,-0.049539711007,-0.808574828262,-0.014924963066,0.586114160904
1413393303355760640,2.141592559228,-0.665701977504,0.456858674339,-0.045501742618,-0.809493727103,-0.020561724476,0.585001463833
1413393303405760512,2.136580139604,-0.675694330980,0.470575440249,-0.044081352512,-0.810382428039,-0.024264210468,0.583736586807
1413393303455760384,2.133880381684,-0.682671322600,0.478058514747,-0.041669763072,-0.810565763369,-0.027056379226,0.583536396844
1413393303505760512,2.129135801642,-0.690228727402,0.493358415765,-0.040027374244,-0.810968154567,-0.029379296367,0.582979689641
1413393303555760384,2.125248775205,-0.705844318577,0.500749985692,-0.041220939096,-0.809870905183,-0.032284923777,0.584266749708
1413393303605760512,2.121810026158,-0.714019600900,0.516318059327,-0.041093181366,-0.809009365912,-0.032886820499,0.585434585030
1413393303655760640,2.117259995077,-0.723759291535,0.532280848387,-0.041939474081,-0.808174115802,-0.032854793186,0.586528977652
1413393303705760512,2.111667732595,-0.739446449184,0.547872803484,-0.045093760622,-0.807698110806,-0.033085655085,0.586937521360
1413393303755760384,2.108712119090,-0.750662072919,0.555520607914,-0.045391499103,-0.806822619896,-0.032630294213,0.588142955184
1413393303805760256,2.103096006112,-0.758378173852,0.576427755517,-0.046785389628,-0.807208609394,-0.030516616577,0.587617328157
1413393303855760640,2.095149453685,-0.776197581719,0.595582546985,-0.049946331412,-0.807934068771,-0.030087879094,0.586380954696
1413393303905760512,2.091648799886,-0.785317665588,0.609970429640,-0.051053192669,-0.807802818089,-0.027021032293,0.586615753641
1413393303955760384,2.086494713639,-0.798703163884,0.622720790396,-0.053877470738,-0.807405499238,-0.023820506747,0.587048687424
1413393304005760512,2.081496701330,-0.811886697555,0.633832270645,-0.056968395042,-0.807784616108,-0.020940985601,0.586344686228
1413393304055760384,2.077732565355,-0.821491537459,0.647028578088,-0.058151974272,-0.808370710864,-0.018147708396,0.585513281134
1413393304105760512,2.072759225425,-0.835815261371,0.655349723969,-0.059332142854,-0.810029793505,-0.017550033495,0.583115277439
1413393304155760640,2.067480195304,-0.848945048637,0.659770376793,-0.060146874590,-0.812662516071,-0.018159007670,0.579337758903
1413393304205760512,2.063519609432,-0.855724782157,0.660513721644,-0.058721413814,-0.815092549031,-0.017924407689,0.576068266513
1413393304255760384,2.059648209103,-0.867665992444,0.654207824800,-0.056761628211,-0.816943743608,-0.021389488744,0.573518549930
1413393304305760256,2.053327986167,-0.873318039071,0.655182447748,-0.054136126339,-0.819642112741,-0.023708784879,0.569819252365
1413393304355760640,2.047751397462,-0.878044018516,0.654797795125,-0.051091419775,-0.821727427776,-0.025539961375,0.567010944902
1413393304405760512,2.041165140907,-0.886242433021,0.650095533369,-0.049103264437,-0.822666677404,-0.027628310498,0.565725272345
1413393304455760384,2.035595026976,-0.894584554194,0.639430138474,-0.046620238691,-0.821881928048,-0.030087774626,0.566949182476
1413393304505760512,2.028486648934,-0.901041230159,0.631505533790,-0.043734921001,-0.821310294853,-0.031382307055,0.567936446319
1413393304555760384,2.018286024270,-0.907778012465,0.631557423028,-0.041032982043,-0.820797396365,-0.032479546448,0.568817200485
1413393304605760512,2.007798399772,-0.917708024314,0.627377135115,-0.039166040187,-0.819393731112,-0.035036358272,0.570817298537
1413393304655760640,1.998691890485,-0.920346267712,0.623611306962,-0.037432937492,-0.817989846165,-0.033639776981,0.573026833722
1413393304705760512,1.988809934119,-0.927740051601,0.618194790364,-0.034654545510,-0.816050796665,-0.034959747018,0.575880174885
1413393304755760384,1.976433074156,-0.934940565845,0.620114198297,-0.034379519315,-0.816781602371,-0.032811531742,0.574986318154
1413393304805760256,1.966760709998,-0.941987050381,0.613393511980,-0.033899778918,-0.815207595779,-0.030029278109,0.577395551792
1413393304855760640,1.953914393156,-0.953414396552,0.614066689244,-0.035101697480,-0.815590164162,-0.026712335094,0.576946276624
1413393304905760512,1.942799032420,-0.964251463137,0.608658531325,-0.033573599698,-0.815516981669,-0.026784528384,0.577137293070
1413393304955760384,1.930019321929,-0.973709594853,0.611754636853,-0.033099937956,-0.816144635717,-0.025305987351,0.576343590839
1413393305005760512,1.917343620510,-0.983043169624,0.613084491883,-0.032316009228,-0.816770999625,-0.025463575544,0.575493193738
1413393305055760384,1.905407112914,-0.991441287008,0.611190036305,-0.032014107976,-0.817268511868,-0.024017579345,0.574865577576
1413393305105760512,1.890054166443,-1.000709741733,0.617050328259,-0.032474427076,-0.818247651476,-0.023226365619,0.573477748810
1413393305155760640,1.876508831705,-1.014420841260,0.613313047933,-0.033707518066,-0.818157738508,-0.023607457021,0.573519316256
1413393305205760512,1.861670566665,-1.023306891447,0.616819707239,-0.032717135852,-0.818468060712,-0.025109357509,0.573069928352
1413393305255760384,1.848265524475,-1.032996046052,0.618100264808,-0.031531337444,-0.818027766150,-0.028795572321,0.573591460520
1413393305305760256,1.832443498640,-1.045603020535,0.623430980887,-0.031514586080,-0.817822963975,-0.032562915880,0.573682915005
1413393305355760640,1.816587140781,-1.055957701787,0.628480042645,-0.033464582164,-0.817163425827,-0.034734050442,0.574384542768
1413393305405760512,1.800602266441,-1.066698037576,0.636086180459,-0.036076935145,-0.817599583699,-0.036102797645,0.573520673984
1413393305455760384,1.784021173285,-1.077147973253,0.642055177179,-0.040113198749,-0.818001139429,-0.034850852336,0.572756916389
1413393305505760512,1.766631583659,-1.090641753473,0.647561257203,-0.043520633579,-0.817814797848,-0.035164880739,0.572755045405
1413393305555760384,1.750248389436,-1.105689715972,0.646374298614,-0.046135960150,-0.816760149379,-0.036501990406,0.573970326989
1413393305605760512,1.733435728599,-1.119159893714,0.650185146112,-0.048530587794,-0.817232992768,-0.036640143068,0.573090322284
1413393305655760640,1.714995989946,-1.134824541365,0.653203497294,-0.051292610213,-0.816810507194,-0.039328318522,0.573273884663
1413393305705760512,1.698510694235,-1.150271139376,0.654265276073,-0.053564831687,-0.815839462103,-0.043645401096,0.574135750364
1413393305755760384,1.677378603945,-1.164865702820,0.664737868584,-0.055408707600,-0.815789797000,-0.050039471255,0.573509314266
1413393305805760256,1.656646111008,-1.181833033207,0.669363199172,-0.056868588754,-0.814949293893,-0.058173733902,0.573793890417
1413393305855760640,1.637414339693,-1.196605010800,0.676969514819,-0.057009145816,-0.813873722251,-0.066229523041,0.574432913228
1413393305905760512,1.617788902208,-1.212924749120,0.680445557356,-0.057433075791,-0.813244838794,-0.074213149759,0.574305391219
1413393305955760384,1.597778212763,-1.230811083525,0.687474614094,-0.060101439073,-0.811834192849,-0.078272358401,0.575488052224
1413393306005760512,1.576119906307,-1.250194658470,0.696342883006,-0.064330273353,-0.811555519934,-0.078262210938,0.575425303871
1413393306055760384,1.555718317031,-1.270404171186,0.704016080925,-0.068379697700,-0.810415047474,-0.076171089843,0.576844548248
1413393306105760512,1.534425616163,-1.293664784172,0.708812584996,-0.072246568133,-0.809869195550,-0.074861706641,0.577311046466
1413393306155760640,1.513933086094,-1.315144887032,0.719470153090,-0.074664046512,-0.810131029296,-0.072422689033,0.576947094319
1413393306205760512,1.495290685670,-1.340798882179,0.728448312912,-0.077024911471,-0.809938006718,-0.070281822577,0.577172464435
1413393306255760384,1.475368782449,-1.367821835166,0.737541966272,-0.078676055774,-0.810321808261,-0.069320581402,0.576526931113
1413393306305760256,1.453524602600,-1.391761647184,0.748978624223,-0.081129553036,-0.811978585973,-0.066762677030,0.574152868582
1413393306355760640,1.431970284579,-1.418394711221,0.758298805034,-0.085587876762,-0.813549035761,-0.065551002641,0.571415564906
1413393306405760512,1.411062039342,-1.443414070591,0.765799488078,-0.091635024695,-0.814895069546,-0.064567785964,0.568665146545
1413393306455760384,1.388599797144,-1.472498550472,0.768224436079,-0.099785069870,-0.815199965714,-0.066204948983,0.566664680795
1413393306505760512,1.369307531975,-1.499871595237,0.769765001897,-0.108578429757,-0.814422155297,-0.068537260014,0.565888612310
1413393306555760384,1.349588126290,-1.524395269767,0.767616557823,-0.118138933993,-0.812877388533,-0.073006527489,0.565635563265
1413393306605760512,1.327949068766,-1.547290144057,0.765145277927,-0.128053537114,-0.810121331639,-0.078860750970,0.566645128464
1413393306655760640,1.306884841633,-1.569375529220,0.762600751510,-0.138560395749,-0.807334506875,-0.084685292023,0.567309802536
1413393306705760512,1.285522738866,-1.590332823154,0.755904662565,-0.151687162181,-0.803536495401,-0.085480091964,0.569221625790
1413393306755760384,1.262193953743,-1.612088616690,0.747476986942,-0.163823228340,-0.800192455366,-0.086840762643,0.570361873003
1413393306805760256,1.240763343187,-1.629920636688,0.747140273814,-0.173405431538,-0.797655137697,-0.086502478398,0.571134098833
1413393306855760640,1.218226976606,-1.651242075571,0.737080164086,-0.181962169197,-0.795260152678,-0.088284460147,0.571539073590
1413393306905760512,1.195952093690,-1.669136701534,0.733887988410,-0.190162274521,-0.793164830516,-0.090850077956,0.571379142354
1413393306955760384,1.175644602472,-1.685977394546,0.730711441770,-0.198309949003,-0.791175845738,-0.093441375750,0.570948907123
1413393307005760512,1.155638091007,-1.700586264985,0.730241461311,-0.206130845670,-0.789626882159,-0.098237527324,0.569516329582
1413393307055760384,1.135071882119,-1.715983483032,0.733039943452,-0.213148910035,-0.788544987799,-0.105230089534,0.567178078406
1413393307105760512,1.117255027100,-1.726601158550,0.734994868802,-0.219171077823,-0.787546075177,-0.113706223502,0.564629181726
1413393307155760640,1.098818351457,-1.736970097330,0.728451549824,-0.223773415425,-0.786244795091,-0.124919273525,0.562263066406
1413393307205760512,1.080265470823,-1.747787568947,0.722360114709,-0.230181140245,-0.783977365775,-0.135318193699,0.560432974656
1413393307255760384,1.062649981073,-1.752013793283,0.725911949349,-0.237161304130,-0.782419549460,-0.143815569155,0.557576224847
1413393307305760256,1.044815904893,-1.758258750838,0.719773414492,-0.243588781312,-0.779008622823,-0.154364259592,0.556760043957
1413393307355760640,1.028114345349,-1.762086598881,0.717077119350,-0.252977808516,-0.776304820289,-0.161948788533,0.554189177345
1413393307405760512,1.016891229942,-1.764616331146,0.717870010398,-0.261962691627,-0.773511053218,-0.169863409928,0.551545665120
1413393307455760384,0.997018483462,-1.767809977822,0.722239447953,-0.272419145809,-0.770407011974,-0.179465205398,0.547771015069
1413393307505760512,0.981006370563,-1.770832218998,0.726699960290,-0.282911425001,-0.767674572251,-0.187782556019,0.543483751715
1413393307555760384,0.964613883291,-1.771817604833,0.731725574057,-0.294572998840,-0.765778985599,-0.194709187743,0.537491977408
1413393307605760512,0.949413453375,-1.773564482315,0.738328315993,-0.307019463664,-0.762716118183,-0.200975476138,0.532552372999
1413393307655760640,0.934179881347,-1.776941545840,0.739882193047,-0.319515607584,-0.759509326939,-0.207099901828,0.527413490030
1413393307705760512,0.919297797272,-1.779026066545,0.740133003116,-0.331193157285,-0.756045536545,-0.213364206071,0.522668111525
1413393307755760384,0.900726151616,-1.782181186318,0.736786206224,-0.341212484885,-0.751196854531,-0.223508228380,0.518961846139
1413393307805760256,0.884291670217,-1.781268243237,0.744585706272,-0.349108050858,-0.745406396789,-0.234244391975,0.517322372685
1413393307855760640,0.865957261100,-1.780139892809,0.748550235129,-0.356088647878,-0.739681912637,-0.245242287374,0.515681843246
1413393307905760512,0.846385603336,-1.777548530308,0.758794582871,-0.363533024310,-0.734039476322,-0.255782353684,0.513424945811
1413393307955760384,0.826887977170,-1.774352889755,0.767424440518,-0.371578232529,-0.728540739467,-0.265130221254,0.510748444761
1413393308005760512,0.805127160769,-1.773550025618,0.773041384565,-0.380220310237,-0.722049110697,-0.274616198546,0.508589756995
1413393308055760384,0.785796602231,-1.769097296551,0.782905548179,-0.388453460229,-0.717404544173,-0.282284317849,0.504727840655
1413393308105760512,0.765832752753,-1.765996333851,0.789465916711,-0.396883417942,-0.711871362317,-0.289923596994,0.501664254239
1413393308155760640,0.743664676630,-1.765134507330,0.791570763643,0.406134185006,0.705911707500,0.297426374760,-0.498278272235
1413393308205760512,0.721859003788,-1.762510691515,0.796677835970,0.414076498209,0.701200074467,0.304838778658,-0.493895159142
1413393308255760384,0.700193152009,-1.761544866117,0.799957898282,0.423013193147,0.694716047210,0.312100755594,-0.490940495917
1413393308305760256,0.675661618684,-1.760375214602,0.808874695109,0.433429934968,0.687545038793,0.318695591708,-0.487702194922
1413393308355760640,0.653541218172,-1.758211156957,0.816175857551,0.442855369641,0.680837977831,0.323563727161,-0.485433089095
1413393308405760512,0.626713195679,-1.753572418667,0.828752469437,0.454152241016,0.674154634720,0.327725796324,-0.481515392163
1413393308455760384,0.600194473716,-1.754046611586,0.834280960694,0.465312951506,0.667224006350,0.331534413760,-0.477892158342
1413393308505760512,0.574701529574,-1.758193279978,0.831968982450,0.476048778608,0.659723515669,0.335200731852,-0.475166194741
1413393308555760384,0.549894453870,-1.761044813038,0.830074903256,0.486851917700,0.652431188769,0.338840634744,-0.471694581695
1413393308605760512,0.524645618504,-1.760358419838,0.831071961793,0.498610706304,0.644902931909,0.341808566458,-0.467605042605
1413393308655760640,0.499755289551,-1.758481001630,0.827079736116,0.510536358027,0.637331884223,0.344149578928,-0.463380797843
1413393308705760512,0.475890596322,-1.756627012441,0.819311130184,0.521974652360,0.628859236728,0.346983418568,-0.460088067563
1413393308755760384,0.449991600195,-1.754499214898,0.810696394662,0.532662510839,0.619757577634,0.352076137739,-0.456304271016
1413393308805760256,0.428536970498,-1.751470604297,0.801395164600,0.541125837367,0.610477299081,0.358454882516,-0.453883677434
1413393308855760640,0.406943330445,-1.747933312606,0.791174396435,0.548400940827,0.601423059868,0.367138561350,-0.450284341199
1413393308905760512,0.386291125523,-1.743010588615,0.779044574747,0.555441387797,0.592749370797,0.375141224055,-0.446544634002
1413393308955760384,0.367546907411,-1.736858019787,0.767308690500,0.561708303264,0.585014256839,0.383310243459,-0.441944972364
1413393309005760512,0.349068306984,-1.732255364352,0.755560813968,0.568240706379,0.576817979140,0.391822689343,-0.436873549978
1413393309055760384,0.330707155814,-1.728436723634,0.745007602164,0.575251906141,0.569738567947,0.398103447440,-0.431273525517
1413393309105760512,0.316168247426,-1.722948395508,0.736512947585,0.581576115230,0.562066768553,0.404332515375,-0.427042605478
1413393309155760640,0.300501999627,-1.721247579360,0.719523706435,0.587346412125,0.554447648489,0.411021512456,-0.422697662103
1413393309205760512,0.287839552669,-1.720365633207,0.705350960002,0.591536817376,0.547802308265,0.416629293118,-0.420020067216
1413393309255760384,0.273037366265,-1.720979340731,0.690496888116,0.594601005428,0.542953130842,0.422855818339,-0.415745714289
1413393309305760256,0.264755395171,-1.716988082559,0.684904194284,0.596663163283,0.541230895041,0.426206045542,-0.411595182891
1413393309355760640,0.251075668782,-1.715620756020,0.677565662159,0.597228393456,0.540352636772,0.431514945889,-0.406364522884
1413393309405760512,0.239957617911,-1.712201099188,0.674136857124,0.597828831855,0.541591198594,0.433997508452,-0.401155610787
1413393309455760384,0.226791374442,-1.711855173260,0.669345148802,0.598304548515,0.542584718819,0.435966615898,-0.396946595846
1413393309505760512,0.215907941624,-1.712451006926,0.663821518703,0.598777326393,0.544752514518,0.435678920485,-0.393566118422
1413393309555760384,0.204027135778,-1.710700860954,0.660777902294,0.600391707004,0.547263554337,0.432751414499,-0.390843464196
1413393309605760512,0.186407251020,-1.711125967359,0.656219474275,0.602635771002,0.550593559499,0.429957076780,-0.385763880988
1413393309655760640,0.177379279473,-1.709104051939,0.656318381919,0.603301419776,0.555314677968,0.425135067998,-0.383292550526
1413393309705760512,0.161700309176,-1.709229300573,0.651516130380,0.604395351667,0.557318265108,0.422020583048,-0.382101083149
1413393309755760384,0.146094045518,-1.707704776358,0.648608947544,0.606378081340,0.557088605019,0.418463036536,-0.383205683259
1413393309805760256,0.135461139389,-1.701840601944,0.650786318785,0.608342537932,0.557039013514,0.412225750993,-0.386906738355
1413393309855760640,0.121369198489,-1.698367273895,0.648564328482,0.609918050352,0.556017467922,0.408284496199,-0.390061940447
1413393309905760512,0.106373473867,-1.694853632324,0.642057836312,0.610580887392,0.554235480026,0.406576051052,-0.393331828540
1413393309955760384,0.097210440112,-1.690771588868,0.634974518763,0.610747096092,0.553537471838,0.403377768488,-0.397329369386
1413393310005760512,0.083376241616,-1.684198768743,0.635239550504,0.612684973325,0.551955059074,0.400366907146,-0.399586130750
1413393310055760384,0.072017795508,-1.676051921644,0.638331392675,0.613221433316,0.551657514456,0.399001740258,-0.400538477225
1413393310105760512,0.065636206215,-1.670036037913,0.635068934155,0.610951199618,0.551051677868,0.400004669166,-0.403827865124
1413393310155760640,0.054535966471,-1.662265145137,0.637217949684,0.608547905169,0.550936596716,0.404069984894,-0.403566302881
1413393310205760512,0.049867604099,-1.653579054239,0.638290522303,0.603360860749,0.553734414934,0.409873698282,-0.401668297094
1413393310255760384,0.047162308598,-1.642968441149,0.642698804309,0.599165225579,0.556660861116,0.414505428972,-0.399142790880
1413393310305760256,0.041572610062,-1.633362635848,0.645855756190,0.596145550474,0.558825421619,0.419369657797,-0.395542312431
1413393310355760640,0.042588537543,-1.623058996103,0.646369247785,0.593364966859,0.561319615740,0.421613707994,-0.393802217263
1413393310405760512,0.038429959189,-1.612943874822,0.644355362451,0.591021024758,0.562336702887,0.425244870487,-0.391967321348
1413393310455760384,0.035688005862,-1.601511452743,0.642992089724,0.590787316409,0.562168971383,0.426099104522,-0.391632413762
1413393310505760512,0.032843402377,-1.590346827284,0.643146662465,0.592008692819,0.561053089828,0.424037375525,-0.393620937170
1413393310555760384,0.029767217183,-1.579581926158,0.641961941675,0.593430860172,0.558976672177,0.422321204934,-0.396269723826
1413393310605760512,0.024814655081,-1.570250074799,0.639421896205,0.595283220388,0.556782365517,0.419817397676,-0.399230055961
1413393310655760640,0.018631317181,-1.561019984044,0.637740670435,0.597683293269,0.553821678353,0.417078520340,-0.402618600420
1413393310705760512,0.013943081197,-1.550606322771,0.637808270390,0.600499742305,0.551100883000,0.413511647270,-0.405827541968
1413393310755760384,0.011115172554,-1.540418118125,0.635804152313,0.602870546217,0.549535272425,0.409599239210,-0.408395093142
1413393310805760256,0.006643947832,-1.531486693795,0.632190000982,0.604468527509,0.547370878414,0.408016628189,-0.410518394031
1413393310855760640,0.003278248648,-1.519953785575,0.633894682967,0.606700858679,0.546527757201,0.406303125650,-0.410047861564
1413393310905760512,0.001517611541,-1.508681267616,0.634093034369,0.606114959051,0.548373723470,0.408419872033,-0.406330067741
1413393310955760384,0.001640277328,-1.496525049717,0.636077728003,0.605361802202,0.552144609935,0.411595493841,-0.399077144929
1413393311005760512,0.004492936674,-1.485885664963,0.632858578780,0.604366522350,0.554317597902,0.415081465191,-0.393929542652
1413393311055760384,0.006334771601,-1.474664776046,0.630070862838,0.604432794489,0.555745513624,0.417846632909,-0.388860016457
1413393311105760512,0.010135469863,-1.463195557362,0.623976490387,0.604445736768,0.556739136968,0.419574165231,-0.385544296471
1413393311155760640,0.015288200541,-1.450162073007,0.615375417600,0.603609923225,0.556491322376,0.422259070142,-0.384278214823
1413393311205760512,0.019354263777,-1.436731398864,0.604571525558,0.605202367309,0.554326073350,0.422006444263,-0.385179516601
1413393311255760384,0.023812149897,-1.421128700139,0.594291501045,0.606824191334,0.552714200813,0.420492119358,-0.386597711567
1413393311305760256,0.026013719803,-1.406828626490,0.578906586968,0.607057374369,0.551767679898,0.421462480802,-0.386527035175
1413393311355760640,0.027161859752,-1.390787847423,0.566451187523,0.606940909541,0.552185611724,0.423211458496,-0.384195059739
1413393311405760512,0.032806671353,-1.374293108411,0.556921454493,0.606983775846,0.552998669010,0.423578160410,-0.382550271148
1413393311455760384,0.038305032323,-1.356849197901,0.545947122823,0.606763084258,0.553896385056,0.424247434020,-0.380856231315
1413393311505760512,0.041854943879,-1.337991058477,0.535438567269,0.606812373839,0.554704467991,0.424938266566,-0.378826036268
1413393311555760384,0.045530299629,-1.319232948662,0.525689950553,0.605125362914,0.556635574191,0.427220712242,-0.376115136274
1413393311605760512,0.047127602733,-1.299001486754,0.518992374690,0.604841984515,0.557566696775,0.428454574051,-0.373780992546
1413393311655760640,0.052849709053,-1.279354633597,0.509331532776,0.602938863262,0.557150181461,0.430132573366,-0.375545432399
1413393311705760512,0.054120097547,-1.256840654285,0.505244914610,0.601364306383,0.556453677279,0.432514284008,-0.376366404159
1413393311755760384,0.056869112462,-1.234311038571,0.500659651143,0.598386336939,0.556213157936,0.435356433609,-0.378187110330
1413393311805760256,0.060176225963,-1.211567826849,0.499710123656,0.595632039534,0.556536191504,0.436498357026,-0.380734980454
1413393311855760640,0.060684178011,-1.189672482961,0.496849704290,0.593527030625,0.555994275511,0.437514345140,-0.383636843007
1413393311905760512,0.062611323877,-1.167848572537,0.493328137768,0.590169658183,0.557001144060,0.438403262228,-0.386331567108
1413393311955760384,0.061136681496,-1.144465442850,0.491422654058,0.587886908076,0.558169598446,0.437595529156,-0.389031920985
1413393312005760512,0.060045800156,-1.120601404964,0.491068039605,0.583303669591,0.559159842463,0.439196205263,-0.392687907760
1413393312055760384,0.058507304121,-1.096697135113,0.492870049474,0.578854839930,0.560970574499,0.440863612302,-0.394814341411
1413393312105760512,0.056003190411,-1.075978991158,0.492576864954,0.574214823462,0.561699252353,0.443383607279,-0.397721338652
1413393312155760640,0.053165217666,-1.054282441152,0.493233829302,0.572162112309,0.562951883460,0.442636855612,-0.399735297666
1413393312205760512,0.049179424503,-1.034351403355,0.492112460756,0.570727643124,0.564351977422,0.441251155005,-0.401340530174
1413393312255760384,0.044227536574,-1.015399049562,0.491011508485,0.571233357132,0.565374342261,0.438670283770,-0.402010804520
1413393312305760256,0.038578573596,-0.997917666831,0.488837674969,0.573391933388,0.562721123226,0.434937827900,-0.406688718878
1413393312355760640,0.034427737475,-0.979327696035,0.490596486868,0.577224663646,0.561412019500,0.428056028684,-0.410361143807
1413393312405760512,0.028200869466,-0.962656361038,0.488931891564,0.581429677163,0.559959383003,0.421531239796,-0.413154249376
1413393312455760384,0.023189170957,-0.945340114191,0.487962129944,0.584776641840,0.558520432885,0.415378699895,-0.416595416300
1413393312505760512,0.018292008359,-0.928193399203,0.485950940701,0.588347535272,0.557598883810,0.410201048081,-0.417930332312
1413393312555760384,0.013646096144,-0.911719772317,0.482136426860,0.588387276332,0.556931321165,0.410446172123,-0.418523423892
1413393312605760512,0.011353391977,-0.895130894860,0.482967601956,0.585793347982,0.558687906664,0.413584034444,-0.416727996253
1413393312655760640,0.008860065617,-0.879916918518,0.484398467050,0.582740097413,0.561527615435,0.418186045964,-0.412578655448
1413393312705760512,0.009486339449,-0.863668076384,0.485671909434,0.581315697202,0.564267801731,0.420694284896,-0.408277144564
1413393312755760384,0.009635750700,-0.848037970473,0.486258086534,0.579883227615,0.565495864838,0.422573877710,-0.406670858384
1413393312805760256,0.008950056063,-0.831872514912,0.486887865373,0.579060609078,0.566617898882,0.423719257723,-0.405086359084
1413393312855760640,0.009367618641,-0.816515050198,0.487487931507,0.577698325160,0.566835131038,0.423811841641,-0.406627719436
1413393312905760512,0.007956648283,-0.801125222465,0.487743736546,0.575056695609,0.566355240917,0.425478728767,-0.409291325693
1413393312955760384,0.007573329840,-0.787422715469,0.487660519962,0.573725404615,0.565356831001,0.424829430969,-0.413195799013
1413393313005760512,0.006312423349,-0.772666663959,0.494031369650,0.570594964725,0.563880790585,0.425795145192,-0.418519216489
1413393313055760384,0.004472215576,-0.760002440944,0.495079535784,0.568596895596,0.567561884420,0.424427050487,-0.417651477296
1413393313105760512,0.002246856204,-0.747331030542,0.499861599487,0.566353104793,0.573415074108,0.423701796756,-0.413420005445
1413393313155760640,0.001212452898,-0.735436428283,0.503971182558,0.565351895056,0.579243271338,0.421315344276,-0.409081713163
1413393313205760512,-0.001526134910,-0.724433522587,0.507938910045,0.562441380935,0.584492465068,0.420828549404,-0.406117696361
1413393313255760384,-0.001449240049,-0.713486422726,0.512400240003,0.561325127293,0.588780853157,0.418276433460,-0.404099039391
1413393313305760256,-0.000856001795,-0.702863665259,0.517303943360,0.560443948206,0.591217899320,0.414184985334,-0.405973859216
1413393313355760640,-0.001030903870,-0.690146685583,0.523670304347,0.560383228557,0.593400481068,0.410206142699,-0.406912062628
1413393313405760512,-0.000055261201,-0.678088853706,0.529228327874,0.560444392637,0.593421286202,0.407752160046,-0.409257175651
1413393313455760384,-0.000696019682,-0.666790966293,0.534760598851,0.560885177925,0.591915161261,0.406088173397,-0.412476247170
1413393313505760512,0.000912258703,-0.656607721463,0.538642665892,0.560564628127,0.588980189287,0.404776488849,-0.418360643938
1413393313555760384,0.000248347057,-0.647661640594,0.538326561395,0.559760048487,0.583817709919,0.407195642689,-0.424284430869
1413393313605760512,0.002648895794,-0.639498133631,0.535966637726,0.561333181378,0.576308445850,0.407941026479,-0.431691734508
1413393313655760640,0.003931848568,-0.631298632299,0.534664261269,0.561394477377,0.570359865255,0.410683033980,-0.436881345994
1413393313705760512,0.005372889893,-0.623428178396,0.533504509216,0.560861681537,0.565006897563,0.416761354872,-0.438761157095
1413393313755760384,0.010251194497,-0.616264830231,0.533487275027,0.560526435198,0.560660597346,0.423942964947,-0.437883743133
1413393313805760256,0.014282671193,-0.609279360524,0.535885853202,0.559554556000,0.559617232874,0.430685170044,-0.433863499081
1413393313855760640,0.020735541121,-0.605258291721,0.535704350484,0.561289874477,0.558426920772,0.435777286406,-0.428031783421
1413393313905760512,0.029318813804,-0.602542455988,0.533131007200,0.567033513811,0.559686778334,0.436266152501,-0.418205151278
1413393313955760384,0.039911530983,-0.602622619339,0.529980026738,0.573379642377,0.560691028640,0.434865828095,-0.409576693264
1413393314005760512,0.051035574213,-0.603481497114,0.530887859927,0.581166008688,0.560757569887,0.431976639299,-0.401488731174
1413393314055760384,0.063346806934,-0.604017632298,0.532268623844,0.589715183903,0.559996557338,0.427830498142,-0.394462827785
1413393314105760512,0.074508674244,-0.607614734328,0.530377384982,0.592291895085,0.559086833281,0.427524886724,-0.392217662911
1413393314155760640,0.084768452973,-0.610363478837,0.529912093958,0.592911404871,0.558687523184,0.428836725771,-0.390414369666
1413393314205760512,0.093831579135,-0.610308578481,0.532233384341,0.592364270205,0.559891189634,0.430373792584,-0.387820610349
1413393314255760384,0.105455075813,-0.608214184828,0.535791542285,0.591230704063,0.562826692116,0.429373776975,-0.386407206015
1413393314305760256,0.116241515561,-0.608006213780,0.536568294430,0.587928213973,0.565575950332,0.428663525790,-0.388216230055
1413393314355760640,0.126812167777,-0.607583441651,0.536799356978,0.582922941647,0.570364028225,0.427573541952,-0.389957158712
1413393314405760512,0.137479650155,-0.604901861811,0.537740585191,0.577953755565,0.577240875065,0.424214591806,-0.390902044868
1413393314455760384,0.144637349940,-0.603403763707,0.538304848094,0.571677970667,0.584353423074,0.421485238061,-0.392511871021
1413393314505760512,0.153058931574,-0.601939083824,0.537350873909,0.564201002798,0.592436768726,0.416677156472,-0.396328210928
1413393314555760384,0.159153184956,-0.598636753676,0.538835917893,0.555917948404,0.601048925456,0.411496024366,-0.400457795257
1413393314605760512,0.163943443432,-0.594645870223,0.541590985676,0.548273033365,0.610540873963,0.405114651418,-0.403136008454
1413393314655760640,0.169521339521,-0.590713450599,0.542226112512,0.538634546218,0.620877190861,0.397926718260,-0.407478424439
1413393314705760512,0.174057856101,-0.585956597290,0.541261997531,0.530094962401,0.629678732767,0.391360247440,-0.411510851694
1413393314755760384,0.176767583533,-0.581077762987,0.539995745195,0.524355897992,0.636479506202,0.384692468488,-0.414676301607
1413393314805760256,0.179610927682,-0.574673051028,0.539008931335,0.517471983089,0.643963546514,0.378095448719,-0.417824758884
1413393314855760640,0.180586560781,-0.568129297416,0.537157088081,0.510868600031,0.650517801407,0.371642319025,-0.421570694267
1413393314905760512,0.178472538350,-0.561732383170,0.534201583506,0.505139917556,0.655966395855,0.366690572284,-0.424358074506
1413393314955760384,0.179306176194,-0.552168496712,0.531146584546,0.498064575537,0.662009474649,0.359235349351,-0.429680227433
1413393315005760512,0.177655148241,-0.540440979575,0.529060469661,0.492861365181,0.667587138737,0.351608034587,-0.433343832215
1413393315055760384,0.173892844199,-0.529572354388,0.525767676935,0.488977082834,0.670644300011,0.346900772845,-0.436803719221
1413393315105760512,0.171882933518,-0.516801550518,0.522259322931,0.484162646097,0.673985989397,0.341907198860,-0.440940909406
1413393315155760640,0.168947488476,-0.503812482332,0.517658411686,0.480524846546,0.677142076963,0.339041675720,-0.442295400816
1413393315205760512,0.163975120656,-0.486437810361,0.515621546357,0.476590822290,0.680276185829,0.338946090113,-0.441815625685
1413393315255760384,0.160121002675,-0.470326939321,0.510131732964,0.472555669300,0.682120778571,0.340896454535,-0.441805375860
1413393315305760256,0.156110140011,-0.453582949669,0.503081257651,0.468166742857,0.683164591861,0.344840853075,-0.441804059918
1413393315355760640,0.149876022948,-0.436586602634,0.498432307741,0.463787262242,0.683266326703,0.350951379142,-0.441453997212
1413393315405760512,0.143786772134,-0.417861107450,0.493123832523,0.459636585472,0.683575751916,0.356448852818,-0.440911120310
1413393315455760384,0.136006642372,-0.402237982022,0.486032866417,0.454533453349,0.681938806390,0.364559784540,-0.442102892574
1413393315505760512,0.126292167873,-0.382360340037,0.480760862837,0.453909711696,0.680541198165,0.366879617824,-0.442977422962
1413393315555760384,0.114426002148,-0.363406027245,0.476959114070,0.453851546595,0.678772666588,0.369724347627,-0.443385100695
1413393315605760512,0.101464356095,-0.346389620870,0.471793871865,0.454643535049,0.675613658719,0.370631296117,-0.446629468945
1413393315655760640,0.085468792423,-0.330980885308,0.470167139592,0.454483508987,0.672331548313,0.371223324300,-0.451229733836
1413393315705760512,0.069540995799,-0.316347315527,0.470311925175,0.456134750304,0.669844182090,0.370639116570,-0.453736164036
1413393315755760384,0.051429421880,-0.304632181167,0.472517700704,0.458621923535,0.665949557954,0.369800524097,-0.457629424199
1413393315805760256,0.033717427159,-0.291802324603,0.481399130499,0.461933342084,0.665120348344,0.364458263342,-0.459785476033
1413393315855760640,0.010795766678,-0.280801246186,0.498080267385,0.465293672314,0.663270738264,0.360973530545,-0.461813638292
1413393315905760512,-0.008150451588,-0.271279071857,0.514704370495,0.467971908707,0.662529772977,0.357719036867,-0.462702586165
1413393315955760384,-0.028492064694,-0.260997323350,0.532446062837,0.468687420050,0.662685397278,0.355035703603,-0.463820887507
1413393316005760512,-0.050829352962,-0.249274776193,0.547449819692,0.470378819037,0.662666561612,0.354959431190,-0.462191082705
1413393316055760384,-0.070293303579,-0.240212332083,0.560358774675,0.469917847571,0.662501419054,0.355250708958,-0.462672692160
1413393316105760512,-0.089658570482,-0.231200021235,0.574334599758,0.467844635979,0.664610021092,0.355768505931,-0.461349852755
1413393316155760640,-0.108719927924,-0.224216340924,0.589501527292,0.466031622811,0.664360430667,0.359839221603,-0.460386228401
1413393316205760512,-0.126640450323,-0.213012848058,0.607622464188,0.463787672497,0.665669199303,0.361031007291,-0.459828363320
1413393316255760384,-0.146149110927,-0.205044894822,0.625903067256,0.461109170794,0.666882597930,0.362472432134,-0.459629926278
1413393316305760256,-0.165563748029,-0.197711128025,0.644248928752,0.460280295626,0.666871792257,0.362923938739,-0.460119850519
1413393316355760640,-0.185618132131,-0.191971487957,0.661918758914,0.459563158129,0.667760212235,0.361156415692,-0.460938223681
1413393316405760512,-0.206078116099,-0.187397905184,0.679457021546,0.459049962279,0.668272054714,0.359846020085,-0.461731994613
1413393316455760384,-0.228225136756,-0.181902555648,0.695724888647,0.460560575802,0.669053656908,0.357473295064,-0.460938177536
1413393316505760512,-0.251903814231,-0.179443288575,0.713262026737,0.460219387075,0.669570904529,0.355683950225,-0.461911081401
1413393316555760384,-0.274880440123,-0.173470512596,0.732964006831,0.461108246595,0.671058923751,0.353346715309,-0.460657361339
1413393316605760512,-0.296964343643,-0.169338039484,0.749563984588,0.461264520216,0.672312253204,0.351574671030,-0.460028833088
1413393316655760640,-0.321124669728,-0.169035560625,0.764903411291,0.460993903336,0.673588831077,0.349784598366,-0.459797175372
1413393316705760512,-0.345187577122,-0.168749408974,0.776223620782,0.460472575159,0.674962243546,0.348739792824,-0.459098610557
1413393316755760384,-0.367711268929,-0.167044931883,0.785665063861,0.459933232253,0.677043915301,0.347073019759,-0.457835426304
1413393316805760256,-0.391030917547,-0.164517940899,0.793362848114,0.459434424215,0.678413801310,0.345392381045,-0.457579312419
1413393316855760640,-0.413414823856,-0.160637406268,0.798124909655,0.458323028943,0.680541802240,0.343971744255,-0.456602995719
1413393316905760512,-0.435938611574,-0.157365123231,0.801042051428,0.456923685377,0.681771259913,0.343813830700,-0.456290197919
1413393316955760384,-0.461562539324,-0.156710277269,0.798200799859,0.455654577469,0.682954757679,0.342506533259,-0.456772349941
1413393317005760512,-0.486008004407,-0.153301379569,0.794502036140,0.453770567147,0.683879760076,0.341913394410,-0.457707304805
1413393317055760384,-0.511284083296,-0.149741828333,0.787160256776,0.452099060921,0.683283533985,0.344040365187,-0.458657037907
1413393317105760512,-0.533822506954,-0.148765101276,0.777429261613,0.449394490342,0.682491521156,0.345007180794,-0.461757469674
1413393317155760640,-0.558229339341,-0.144833365466,0.767550603221,0.446993279922,0.682086991116,0.346199060306,-0.463789343234
1413393317205760512,-0.582734019941,-0.143227282547,0.757072713368,0.444500622713,0.680100889388,0.349797302185,-0.466394494013
1413393317255760384,-0.606787978188,-0.142568242568,0.747815868822,0.443157241287,0.678599015462,0.351159629007,-0.468830407145
1413393317305760256,-0.629780025446,-0.143964077261,0.741888819592,0.441765030642,0.677063807122,0.351657878244,-0.471979867638
1413393317355760640,-0.653702648685,-0.139799788344,0.738920332518,0.443552966097,0.675499212272,0.351348535514,-0.472774562638
1413393317405760512,-0.675968912208,-0.142688041062,0.734508837863,0.443200018824,0.673262402118,0.353871562307,-0.474411634130
1413393317455760384,-0.700206296752,-0.142803453225,0.730126200809,0.442405045020,0.673902470044,0.353904252045,-0.474220431228
1413393317505760512,-0.723239880146,-0.143789601337,0.724879319087,0.442874396374,0.673042979664,0.355197799679,-0.474035799983
1413393317555760384,-0.744958262858,-0.144778779148,0.718709730837,0.443601022002,0.671883431980,0.355633000602,-0.474674579046
1413393317605760512,-0.767255918703,-0.147508902866,0.707596919082,0.443915211376,0.672344177162,0.355149716885,-0.474089939929
1413393317655760640,-0.790809212259,-0.147937481073,0.694351062113,0.445598803984,0.671752862514,0.355269617593,-0.473258170988
1413393317705760512,-0.813480860922,-0.151388527107,0.679775253497,0.447335475587,0.670874238675,0.354514064076,-0.473432684271
1413393317755760384,-0.838693970457,-0.164431455747,0.665633040181,0.447722995779,0.670820462082,0.354246327009,-0.473342969213
1413393317805760256,-0.863231214934,-0.171779415852,0.652359781966,0.450304242317,0.670379487599,0.353940500065,-0.471745221885
1413393317855760640,-0.885957620518,-0.182070574372,0.641315611526,0.451029894171,0.670959365908,0.354276171789,-0.469972294894
1413393317905760512,-0.907774822775,-0.191901660569,0.628891202043,0.451333573840,0.671242238995,0.355948820779,-0.468008866049
1413393317955760384,-0.929534134460,-0.202676827527,0.618283042046,0.453065269596,0.671374903818,0.356346058910,-0.465838047296
1413393318005760512,-0.953062151303,-0.211414185808,0.606189047364,0.454903751096,0.672198534034,0.357264442191,-0.462140483432
1413393318055760384,-0.975502195415,-0.225048693402,0.593435974277,0.457554606031,0.671624708255,0.356788312220,-0.460723489768
1413393318105760512,-0.995707355115,-0.235405315746,0.582955666002,0.460938264918,0.670759330343,0.355139724042,-0.459884347526
1413393318155760640,-1.017650859719,-0.247195883242,0.568864912275,0.464626313443,0.670073607663,0.353408260705,-0.458504471555
1413393318205760512,-1.041026180426,-0.260980685239,0.555665144070,0.468769856286,0.667835032727,0.351728405404,-0.458844548549
1413393318255760384,-1.063968611676,-0.277140969199,0.542638317801,0.472342756689,0.665851610145,0.348391386767,-0.460605465771
1413393318305760256,-1.088404448986,-0.287983132448,0.529245984030,0.476699013099,0.663397757005,0.345837037852,-0.461582289696
1413393318355760640,-1.111303767551,-0.300779235214,0.514821449502,0.479576528853,0.661254606518,0.344313760336,-0.462813928891
1413393318405760512,-1.132912367059,-0.316462775782,0.500350324902,0.480823439569,0.660162642864,0.342825108488,-0.464182130116
1413393318455760384,-1.151957500815,-0.327298408011,0.485064221348,0.482247636471,0.657918701878,0.342527366580,-0.466106427740
1413393318505760512,-1.172527844988,-0.336061248668,0.468372084340,0.483840832874,0.656931643743,0.342437661162,-0.465913416968
1413393318555760384,-1.191112499186,-0.347746787180,0.452180871605,0.484031127348,0.656496716660,0.342193074147,-0.466508122951
1413393318605760512,-1.210061340153,-0.358640417606,0.435458749835,0.484817262566,0.655951314467,0.341916200320,-0.466661983589
1413393318655760640,-1.227626135320,-0.369411122752,0.419848798930,0.485289212532,0.654540585907,0.342964244910,-0.467382635871
1413393318705760512,-1.242932651198,-0.382459789400,0.404937078500,0.484989524094,0.654220945928,0.342437681351,-0.468525932921
1413393318755760384,-1.258440628382,-0.393478169349,0.392127352412,0.484756378470,0.654385942929,0.342512320284,-0.468482231982
1413393318805760256,-1.272657835217,-0.406064491151,0.379696747955,0.482905557293,0.654680294580,0.344255286100,-0.468704845949
1413393318855760640,-1.285070746429,-0.413948913680,0.368963919573,0.481131995051,0.653134162270,0.347539844558,-0.470259317674
1413393318905760512,-1.294988429330,-0.423127104079,0.360085802831,0.478118729741,0.651660803294,0.350319371187,-0.473304358624
1413393318955760384,-1.305724449880,-0.436230275717,0.354064406379,0.474822285276,0.650095147640,0.353495336100,-0.476404391012
1413393319005760512,-1.315710816561,-0.447223386723,0.348560727161,0.472857260983,0.648251411098,0.356657568690,-0.478509662850
1413393319055760384,-1.323858109707,-0.459573000052,0.342868215791,0.471832619151,0.649045220414,0.356826630037,-0.478318970415
1413393319105760512,-1.332342058509,-0.471125862259,0.337861144639,0.473343081470,0.650070046048,0.354652754939,-0.477049982569
1413393319155760640,-1.339167845639,-0.485281102853,0.333859395608,0.475347357184,0.652957246450,0.351055933792,-0.473763079688
1413393319205760512,-1.346383650875,-0.502797060143,0.331492802050,0.476331304133,0.655792895914,0.347716147093,-0.471314807132
1413393319255760384,-1.352649730051,-0.516360881026,0.329739865170,0.478662234614,0.658220676333,0.344580583290,-0.467859196791
1413393319305760256,-1.357001920184,-0.530141241296,0.327778276889,0.480950695923,0.660471253073,0.340925344843,-0.465009743122
1413393319355760640,-1.360844238699,-0.544465532510,0.325143644918,0.482691404059,0.662705280700,0.338226516720,-0.461988682511
1413393319405760512,-1.364531256084,-0.558560144670,0.322265818898,0.483507813880,0.664738301478,0.336679606727,-0.459336507236
1413393319455760384,-1.367567859344,-0.572592120796,0.318833203976,0.483893914078,0.666089885465,0.335086344649,-0.458135445070
1413393319505760512,-1.369221310007,-0.586303923466,0.314648741182,0.485914586051,0.668487179902,0.330532202514,-0.455807380887
1413393319555760384,-1.372664931970,-0.597144558766,0.307546031164,0.489659130918,0.669611005679,0.325751696036,-0.453586672106
1413393319605760512,-1.373148691559,-0.607181182759,0.299700190094,0.492655526004,0.671249753135,0.319892821506,-0.452087253042
1413393319655760640,-1.374000829079,-0.615366933259,0.290073651141,0.495749285314,0.672546346611,0.315282722424,-0.450012069519
1413393319705760512,-1.375279221989,-0.622453966711,0.281708467951,0.496667540602,0.673390016437,0.313605693279,-0.448908352583
1413393319755760384,-1.377324765757,-0.630506227151,0.269782099248,0.492641752161,0.674986088292,0.317897053699,-0.447927837815
1413393319805760256,-1.378210980144,-0.633790630366,0.258390374975,0.487194256973,0.676403230534,0.325082179302,-0.446589299464
1413393319855760640,-1.378994901204,-0.636001131364,0.245938169515,0.480774576645,0.677542944445,0.331888063211,-0.446812800155
1413393319905760512,-1.379772580463,-0.634971408310,0.231767656164,0.475338287174,0.678102238138,0.338539046074,-0.446790982073
1413393319955760384,-1.380892925417,-0.632762863119,0.217107903926,0.471167705567,0.678558793996,0.342976767234,-0.447130734192
1413393320005760512,-1.382953839385,-0.629289154069,0.203510876500,0.467802192370,0.678756152672,0.346732812798,-0.447467932430
1413393320055760384,-1.384612464618,-0.626950474063,0.189506391072,0.465032543500,0.678372767090,0.349850432870,-0.448508413497
1413393320105760512,-1.388019019449,-0.624188657466,0.170893984758,0.461753721739,0.676295892972,0.353750339552,-0.451960244796
1413393320155760640,-1.390867375608,-0.620489042646,0.153135047767,0.458432001671,0.673430317494,0.358466892892,-0.455887260214
1413393320205760512,-1.394851271524,-0.615108455464,0.137067606876,0.457348878701,0.670717570339,0.360805588385,-0.459117927531
1413393320255760384,-1.399085377087,-0.612500649842,0.118655447210,0.456753525405,0.669005858590,0.362373016914,-0.460969819853
1413393320305760256,-1.404330061266,-0.610507006706,0.102892117165,0.458296494415,0.668071485536,0.362225743408,-0.460909236438
1413393320355760640,-1.409731094577,-0.607109654834,0.093023611657,0.460584308713,0.668464926735,0.361109926201,-0.458929577922
1413393320405760512,-1.413248439196,-0.605906065799,0.086087687101,0.463550818097,0.670060388711,0.357721906405,-0.456261714589
1413393320455760384,-1.408596613478,-0.609243616967,0.080340615240,0.466752207979,0.671498718599,0.355532751319,-0.452579617313
1413393320505760512,-1.405885930676,-0.611920140145,0.083196645449,0.468288800766,0.673683971713,0.355267261887,-0.447929322512
1413393320555760384,-1.406745807810,-0.613711303645,0.093284173057,0.470098850582,0.675205526558,0.353706857944,-0.444967444011
1413393320605760512,-1.409428347243,-0.614255603537,0.094420700811,0.471012240427,0.675168459931,0.354357114231,-0.443538110737
1413393320655760640,-1.412845223288,-0.614450280298,0.088373582852,0.470883924759,0.676235687098,0.355855023411,-0.440841045290
1413393320705760512,-1.418756831975,-0.614699357479,0.072037236764,0.471304403211,0.676285624328,0.355989153926,-0.440206356302
1413393320755760384,-1.427541517854,-0.613969204027,0.049923714302,0.471479106879,0.675014794274,0.357060966607,-0.441100833612
1413393320805760256,-1.436650483594,-0.612917879675,0.019875608798,0.471607143097,0.673025782380,0.357246654103,-0.443844372459
1413393320855760640,-1.442759411139,-0.614094604523,0.000953965914,0.465626496144,0.664439510517,0.365594037383,-0.456128384100
1413393320905760512,-1.441525645862,-0.615300802682,0.006598577962,0.466388048357,0.664642969842,0.366743536621,-0.454126732682
1413393320955760384,-1.440322750753,-0.618100040811,-0.005364753781,0.469838958467,0.674769430295,0.362852951596,-0.438492080389
1413393321005760512,-1.440167270026,-0.620957182259,-0.025659604652,0.470115267247,0.682337852114,0.361380708088,-0.427563650111
1413393321055760384,-1.442751777357,-0.623690867436,-0.054188637319,0.469168219054,0.683832408227,0.360457137574,-0.426995400046
1413393321105760512,-1.446907548191,-0.625478287577,-0.093230713223,0.468776043335,0.676606278021,0.361106894149,-0.438240546659
1413393321155760640,-1.450726235715,-0.626179557507,-0.130937287165,0.466609811849,0.659962177453,0.363603872390,-0.463160265783
1413393321205760512,-1.457012746855,-0.626896264096,-0.139703881814,0.459823706893,0.655871774194,0.373975803466,-0.467478847454
1413393321255760384,-1.466684147402,-0.625543240643,-0.161055188020,0.461661423872,0.661593201819,0.375266447770,-0.456440859469
1413393321305760256,-1.476478433947,-0.622918393518,-0.198412684492,0.471888798534,0.665468882047,0.369600693217,-0.444822949519
1413393321355760640,-1.486315276218,-0.618816570101,-0.231204119004,0.475467503946,0.661011471092,0.364520482812,-0.451795645603
1413393321405760512,-1.496496525002,-0.617701111540,-0.253002638873,0.472124887163,0.658663772383,0.368556758824,-0.455440491609
1413393321455760384,-1.511054358137,-0.616553506057,-0.280892421288,0.470110270410,0.658097875795,0.370789860765,-0.456528639500
1413393321505760512,-1.525392575137,-0.612669638953,-0.309808087609,0.470257219693,0.660182642357,0.370619351523,-0.453495669586
1413393321555760384,-1.539489715874,-0.608411425608,-0.336837895869,0.472826363988,0.659886916657,0.367350358539,-0.453914310002
1413393321605760512,-1.555369282957,-0.604501519852,-0.365071681608,0.472005689218,0.659943837042,0.368356896564,-0.453869979234
1413393321655760640,-1.572963045132,-0.601124816945,-0.391989309177,0.471036476879,0.659339612632,0.369773653568,-0.454602417273
1413393321705760512,-1.590745743703,-0.596338630636,-0.419513439463,0.471390873742,0.659170115423,0.369514102381,-0.454691908030
1413393321755760384,-1.610243183479,-0.591554693245,-0.447736231778,0.471798505729,0.659930242873,0.368564522146,-0.453936600803
1413393321805760256,-1.630428728676,-0.586642963798,-0.474507859401,0.471504582244,0.659643576934,0.368939244528,-0.454354062576
1413393321855760640,-1.652072689757,-0.581692579361,-0.502090447263,0.471400907323,0.659579181438,0.369262149330,-0.454292805425
1413393321905760512,-1.674309473286,-0.576077335481,-0.529381932758,0.471660151697,0.659493032075,0.368728969334,-0.454581773853
1413393321955760384,-1.698833440214,-0.570386987268,-0.557437776300,0.471757754948,0.659842369381,0.368855915285,-0.453870005591
1413393322005760512,-1.723291811160,-0.564307291946,-0.584742824906,0.471376962805,0.659331312198,0.369547359455,-0.454445517980
1413393322055760384,-1.749406450274,-0.558049153810,-0.612368801263,0.471369586591,0.659622654125,0.369250293577,-0.454271821375
1413393322105760512,-1.776107938907,-0.551120305635,-0.639973678305,0.471438836927,0.659618574780,0.369481997458,-0.454017414201
1413393322155760640,-1.804004140972,-0.544066466743,-0.667591861924,0.471312782620,0.659702166489,0.369231322923,-0.454230715211
1413393322205760512,-1.833768649837,-0.536815202712,-0.695061041657,0.471184870252,0.659566196006,0.369296215268,-0.454508037906
1413393322255760384,-1.864746878120,-0.529105583184,-0.722835418315,0.471287429242,0.659598284306,0.369547202643,-0.454150996254
1413393322305760256,-1.897269619619,-0.521220934715,-0.750612880781,0.471302741002,0.659631610281,0.369225694505,-0.454348161172
1413393322355760640,-1.931366445825,-0.513278512623,-0.778616333923,0.470949281046,0.659760234569,0.369155256141,-0.454585090414
1413393322405760512,-1.966455531278,-0.504866922704,-0.806757743616,0.471217842239,0.659599217115,0.369408250832,-0.454334856856
1413393322455760384,-2.002899293673,-0.496201748138,-0.834826633096,0.471445848361,0.659561191173,0.369389491369,-0.454168747083
1413393322505760512,-2.041296290927,-0.487500942942,-0.863022681708,0.471186985663,0.659706391122,0.369255346752,-0.454335548850
1413393322555760384,-2.080949124304,-0.478324288997,-0.891331573603,0.471154804671,0.659748333781,0.369300505454,-0.454271309660
1413393322605760512,-2.121561310638,-0.468861250040,-0.919679354302,0.471310473591,0.659532235666,0.369728936260,-0.454075083321
1413393322655760640,-2.163490333145,-0.458936071043,-0.948294038245,0.471418555948,0.659513726168,0.369725722605,-0.453992378953
1413393322705760512,-2.207262058775,-0.448862218659,-0.976809980881,0.471372106044,0.659590043919,0.369659631690,-0.453983555105
1413393322755760384,-2.252649113346,-0.438505086851,-1.005320052389,0.471322357619,0.659690570655,0.369550719364,-0.453977810047
1413393322805760256,-2.299069137461,-0.427947090331,-1.034009863231,0.471172327596,0.659734586335,0.369741876930,-0.453913932090
1413393322855760640,-2.346638400779,-0.416913782722,-1.062753240513,0.471267458422,0.659665339379,0.369919570996,-0.453771014554
1413393322905760512,-2.395663875047,-0.405548993129,-1.091709306971,0.471408632042,0.659540536640,0.369968718883,-0.453765720623
1413393322955760384,-2.446095991191,-0.394004372175,-1.120462619147,0.471449959353,0.659400548706,0.370034071494,-0.453872931695
1413393323005760512,-2.498252462367,-0.382237372783,-1.149478715173,0.471293515860,0.659553397339,0.369957396085,-0.453875823381
1413393323055760384,-2.551587744379,-0.370202372354,-1.178739653211,0.471101768335,0.659733799437,0.369854077577,-0.453896903550
1413393323105760512,-2.606136145000,-0.357939281397,-1.207873347481,0.470996526947,0.659886209429,0.369759587924,-0.453861553061
1413393323155760640,-2.661845375929,-0.345391595255,-1.236913026879,0.470943133344,0.659948936213,0.369672070526,-0.453897044517
1413393323205760512,-2.718763854567,-0.332453729117,-1.266022616868,0.470887577109,0.660013999961,0.369647675772,-0.453879945995
1413393323255760384,-2.776996728570,-0.319140537384,-1.295147266622,0.470889101337,0.660011260941,0.369660772203,-0.453871681390
1413393323305760256,-2.836520209129,-0.305485848936,-1.324373945508,0.470809670127,0.660010575507,0.369627607267,-0.453982077487
1413393323355760640,-2.897285415704,-0.291344586176,-1.353853949441,0.470687599460,0.660081412010,0.369668215446,-0.453972602393
1413393323405760512,-2.959487773438,-0.276846470033,-1.383264404968,0.470685344962,0.660095971762,0.369636016392,-0.453979987982
1413393323455760384,-3.023082575194,-0.262114234627,-1.412862995529,0.470649520029,0.660196284476,0.369546351859,-0.453944257688
1413393323505760512,-3.088017529718,-0.247037189440,-1.443064342207,0.470575065526,0.660162506464,0.369612313127,-0.454016861745
1413393323555760384,-3.154572236052,-0.231642118512,-1.473676046577,0.470631147022,0.660161807785,0.369635771593,-0.453940642985
1413393323605760512,-3.159111221666,-0.230550718802,-1.479877994008,0.470538151051,0.660182182132,0.369631869477,-0.454010590038
1413393323655760640,-3.162302070863,-0.229813317088,-1.483181652643,0.470554972328,0.660215236694,0.369690627337,-0.453897234309
1413393323705760512,-3.164878236169,-0.229280445361,-1.484874343518,0.470535292163,0.660208820905,0.369723969513,-0.453899810526
1413393323755760384,-3.167273855787,-0.228792137385,-1.485773351885,0.470543716440,0.660237143701,0.369728161257,-0.453846462770
1413393323805760256,-3.169399083826,-0.228372185708,-1.486220392247,0.470529314423,0.660281447401,0.369728059528,-0.453797021239
1413393323855760640,-3.171387520152,-0.227965329527,-1.486451425373,0.470460158816,0.660303217732,0.369814250424,-0.453766812144
1413393323905760512,-3.173373613661,-0.227529241811,-1.486697860508,0.470524926097,0.660306065082,0.369833821060,-0.453679555564
1413393323955760384,-3.175286879987,-0.227139528016,-1.486859605665,0.470521175877,0.660344786611,0.369835817017,-0.453625455965
1413393324005760512,-3.177098294402,-0.226766924619,-1.487040262073,0.470485354142,0.660378166932,0.369881724237,-0.453576584772
1413393324055760384,-3.178921449436,-0.226410150799,-1.487093446456,0.470557188458,0.660337803292,0.369894582859,-0.453550345061
1413393324105760512,-3.180730145714,-0.226014050239,-1.487213045318,0.470572867768,0.660411941932,0.369833238684,-0.453476150022
1413393324155760640,-3.182628451094,-0.225635045944,-1.487309430389,0.470587299461,0.660415198440,0.369854606144,-0.453439003141
1413393324205760512,-3.184503652730,-0.225240044285,-1.487411026252,0.470517665875,0.660423673379,0.369916790186,-0.453448195584
1413393324255760384,-3.186357048477,-0.224807835073,-1.487553239151,0.470530745672,0.660443593044,0.369869163065,-0.453444461867
1413393324305760256,-3.188175623897,-0.224337098482,-1.487629034788,0.470518416652,0.660473344275,0.369831447487,-0.453444684105
1413393324355760640,-3.190038758515,-0.223895672314,-1.487658102679,0.470424612035,0.660447722887,0.369925705059,-0.453502439312
1413393324405760512,-3.191886539373,-0.223506013614,-1.487816496777,0.470457575838,0.660462788031,0.369824839509,-0.453528569161
1413393324455760384,-3.193736816120,-0.223091802259,-1.488061932887,0.470418306986,0.660490096317,0.369870657928,-0.453492166992
1413393324505760512,-3.195502719738,-0.222736761623,-1.488188650028,0.470364679092,0.660539539986,0.369909359210,-0.453444209079
1413393324555760384,-3.197384414201,-0.222371503809,-1.488222589915,0.470369283864,0.660556800885,0.369945386524,-0.453384892328
1413393324605760512,-3.199260405844,-0.222019149245,-1.488234959034,0.470380519969,0.660593809310,0.369904296639,-0.453352839257
1413393324655760640,-3.201198729375,-0.221660203113,-1.488238342902,0.470351783846,0.660600764064,0.369953429820,-0.453332427381
1413393324705760512,-3.203202935886,-0.221303348365,-1.488343374859,0.470348091535,0.660670434097,0.369951017127,-0.453236687864
1413393324755760384,-3.205075323217,-0.220956686905,-1.488435126088,0.470342008743,0.660738098316,0.369899553851,-0.453186363769
1413393324805760256,-3.206857545919,-0.220600540827,-1.488528048040,0.470321458006,0.660666257566,0.369948404748,-0.453272545030
1413393324855760640,-3.208698625950,-0.220168234717,-1.488824040603,0.470293922124,0.660699427959,0.369946754434,-0.453254113706
1413393324905760512,-3.210571279002,-0.219805087788,-1.489009378528,0.470295965002,0.660645443483,0.369991563124,-0.453294105990
1413393324955760384,-3.212408888749,-0.219458346619,-1.489296274428,0.470146392524,0.660704244003,0.370040324946,-0.453323757890
1413393325005760512,-3.214365470725,-0.218920970330,-1.489833526862,0.470056536276,0.660767496034,0.370095765085,-0.453279487243
1413393325055760384,-3.216302940700,-0.218469719605,-1.490249214608,0.469981641498,0.660757222094,0.370291877148,-0.453211954635
1413393325105760512,-3.218268881734,-0.218098507999,-1.490555492087,0.469833787634,0.660673752679,0.370274934292,-0.453500691900
1413393325155760640,-3.221463112171,-0.217595820288,-1.490783316872,0.469759389543,0.660819200587,0.370378600334,-0.453281140669
1413393325205760512,-3.225897891561,-0.216963106134,-1.491085256857,0.469805143224,0.660963933634,0.370155413492,-0.453205004051
1413393325255760384,-3.231545206588,-0.216030527240,-1.491374853840,0.469726005580,0.660896937505,0.370365698463,-0.453212937900
1413393325305760256,-3.238163553049,-0.214706133007,-1.491735440625,0.469730750940,0.660827216770,0.370487927323,-0.453209782446
1413393325355760640,-3.245559086953,-0.212962483597,-1.492004930734,0.469785851861,0.660730143988,0.370628190938,-0.453179516637
1413393325405760512,-3.253596424694,-0.210829149557,-1.492386038757,0.469698210471,0.660857675484,0.370496881514,-0.453191774663
1413393325455760384,-3.262286901271,-0.208145662792,-1.492497061147,0.469826045811,0.660727997621,0.370771884927,-0.453023409091
1413393325505760512,-3.272254882494,-0.205102451361,-1.492685060279,0.469734917395,0.660806321035,0.370790489725,-0.452988439355
1413393325555760384,-3.284158387245,-0.201802776412,-1.492981228929,0.469506917904,0.661027135917,0.370441704869,-0.453187955396
1413393325605760512,-3.297786314849,-0.198250787744,-1.493423211092,0.469384477315,0.661154654636,0.370408454606,-0.453155946519
1413393325655760640,-3.313203049354,-0.194520459538,-1.493943852609,0.469215930317,0.661345692195,0.370208710389,-0.453214956618
1413393325705760512,-3.330519354769,-0.190604105923,-1.494513687430,0.468888392592,0.661602194121,0.369978284974,-0.453367710225
1413393325755760384,-3.349712010730,-0.186493330264,-1.495051323562,0.468881999395,0.661580734537,0.370064289233,-0.453335443317
1413393325805760256,-3.370533758448,-0.182108698822,-1.495844456583,0.469101892828,0.661409404990,0.370225992949,-0.453225911970
1413393325855760640,-3.393194392553,-0.177550348913,-1.496845665043,0.469158973810,0.661352825923,0.370340679474,-0.453155688548
1413393325905760512,-3.417370875227,-0.172678432234,-1.497974224822,0.469196553881,0.661291991422,0.370460782053,-0.453107387788
1413393325955760384,-3.442949739838,-0.167475565092,-1.499130157770,0.469263125963,0.661265669704,0.370517710301,-0.453030306972
1413393326005760512,-3.470140936583,-0.161996115967,-1.500302573201,0.469203037611,0.661299916840,0.370534945769,-0.453028457659
1413393326055760384,-3.498601216198,-0.156199895426,-1.501571619155,0.469319666126,0.661189683486,0.370662298138,-0.452964363033
1413393326105760512,-3.528447254017,-0.150137007109,-1.502994400836,0.469257504981,0.661245174698,0.370606547256,-0.452993377533
1413393326155760640,-3.559800192055,-0.143730472168,-1.504483664784,0.469219063808,0.661248383830,0.370627028434,-0.453011755736
1413393326205760512,-3.592488418535,-0.137025658509,-1.506067556177,0.469146844750,0.661308894677,0.370595491820,-0.453024022900
