{
  "active_landmarks_tail": 0,
  "duration_sec": 142.90499997138977,
  "first_timestamp": 1403715275.952143,
  "last_timestamp": 1403715418.857143,
  "mean_num_features": 67.5006468305304,
  "path_length_m": 697.1391337194988,
  "pose_count": 11489
}
