{
  "active_landmarks_tail": 25,
  "duration_sec": 142.90499997138977,
  "first_timestamp": 1403715275.952143,
  "last_timestamp": 1403715418.857143,
  "mean_num_features": 82.52892918825562,
  "path_length_m": 65.54405975479433,
  "pose_count": 11124
}
