1403715274.662142992 0.000001098 -0.000006077 -0.000006671 0.013995293 -0.829667858 0.000192306 0.558081840
1403715274.712142944 -0.000002205 -0.000469696 -0.000170233 0.013533210 -0.829642874 -0.000007644 0.558130409
1403715274.762142897 -0.000058326 -0.001798481 -0.000525999 0.013331610 -0.829804230 -0.000290609 0.557895262
1403715274.812143087 -0.001230742 -0.001020646 -0.001923599 0.013128948 -0.829669824 -0.000515230 0.558099766
1403715274.862143040 0.000001973 -0.001038307 -0.000912860 0.012974230 -0.829668997 -0.000417143 0.558104695
1403715274.912142992 -0.000973831 -0.001053725 -0.001031767 0.012978870 -0.829746187 -0.000485641 0.557989765
1403715274.962142944 -0.000910977 -0.001068793 -0.000913666 0.013044403 -0.829767194 -0.000509376 0.557956977
1403715275.012142897 -0.000954819 -0.000905494 -0.000793456 0.013126877 -0.829712813 -0.000204183 0.558036102
1403715275.062143087 -0.000914821 -0.000851407 -0.000860609 0.013171227 -0.829636252 -0.000290327 0.558148836
1403715275.112143040 -0.000952936 -0.000801207 -0.000924414 0.013144490 -0.829681543 -0.000165397 0.558082192
1403715275.162142992 -0.000989787 -0.000700034 -0.000908110 0.013216571 -0.829756463 0.000034958 0.557969115
1403715275.212142944 -0.000975063 -0.000535895 -0.000899138 0.013367977 -0.829741587 0.000090246 0.557987623
1403715275.262142897 -0.000976954 -0.000464576 -0.000918124 0.013444947 -0.829756925 0.000052126 0.557962970
1403715275.312143087 -0.000950543 -0.000395869 -0.001092847 0.013519410 -0.829619201 0.000064223 0.558165928
1403715275.362143040 -0.001009564 -0.000350660 -0.000994397 0.013429559 -0.829609341 0.000040295 0.558182754
1403715275.412142992 -0.001009000 -0.000387413 -0.000980299 0.013378508 -0.829611149 0.000135262 0.558181278
1403715275.462142944 -0.001051612 -0.000386153 -0.000982324 0.013438463 -0.829648838 0.000224516 0.558123788
1403715275.512142897 -0.001078176 -0.000439566 -0.001241659 0.013340757 -0.829530664 0.000127036 0.558301787
1403715275.562143087 -0.001023844 -0.000366706 -0.001346552 0.013405884 -0.829534094 0.000276897 0.558295076
1403715275.612143040 -0.000981968 -0.000152684 -0.001140159 0.013449831 -0.829569855 0.000333665 0.558240849
1403715275.662142992 -0.000966002 0.000022228 -0.000918835 0.013453076 -0.829615901 0.000494639 0.558172220
1403715275.712142944 -0.001015857 -0.000060093 -0.000961898 0.013412283 -0.829593250 0.000341368 0.558206981
1403715275.762142897 -0.001041532 -0.000206807 -0.001085320 0.013382704 -0.829590762 0.000268470 0.558211429
1403715275.812143087 -0.001088307 -0.000325178 -0.001160047 0.013444934 -0.829664331 0.000290382 0.558100571
1403715275.862143040 -0.001065735 -0.000348349 -0.001164728 0.013644267 -0.829576127 0.000595674 0.558226592
1403715275.912142992 -0.001012444 -0.000206393 -0.001158829 0.013679372 -0.829430696 0.000734331 0.558441632
1403715275.962142944 -0.000988550 -0.000201776 -0.001072008 0.013487329 -0.829144903 0.000485606 0.558870813
1403715276.012142897 -0.001023628 -0.000221449 -0.001342166 0.013290214 -0.829082449 0.000290236 0.558968316
1403715276.062143087 -0.001096634 0.000084994 -0.001649743 0.013441686 -0.829317670 0.000448070 0.558615541
1403715276.112143040 -0.001164599 0.000462701 -0.002224296 0.013389976 -0.829325439 0.000634881 0.558605068
1403715276.162142992 -0.001155623 0.000510154 -0.002972809 0.013471242 -0.828930183 0.000620376 0.559189496
1403715276.212142944 -0.001230158 0.000608334 -0.003327596 0.013744843 -0.829077955 0.000632965 0.558963705
1403715276.262142897 -0.001296175 0.000649391 -0.003557743 0.013783456 -0.829157603 0.000675399 0.558844548
1403715276.312143087 -0.001318785 0.000697269 -0.003746606 0.013623872 -0.829273274 0.000723598 0.558676743
1403715276.362143040 -0.001293210 0.000792861 -0.004141820 0.013890460 -0.829167191 0.000660517 0.558827691
1403715276.412142992 -0.001217690 0.000909757 -0.004431540 0.013741636 -0.829108125 0.000944234 0.558918592
1403715276.462142944 -0.001210548 0.000875090 -0.004071920 0.013970712 -0.829228882 0.000770857 0.558734002
1403715276.512142897 -0.001190119 0.000691735 -0.003796476 0.013888409 -0.828875066 0.000611505 0.559260997
1403715276.562143087 -0.001239717 0.001092736 -0.003437378 0.013776823 -0.829089252 0.000416691 0.558946364
1403715276.612143040 -0.001360451 0.001097255 -0.003422534 0.013491910 -0.829358357 0.000202045 0.558554065
1403715276.662142992 -0.001431638 0.001021478 -0.003669104 0.013287546 -0.829292791 0.000274902 0.558656273
1403715276.712142944 -0.001393929 0.000954200 -0.003938151 0.013398198 -0.829053392 0.000317727 0.559008820
1403715276.762142897 -0.001276878 0.000945546 -0.003489736 0.013526582 -0.829052510 0.000563768 0.559006842
1403715276.812143087 -0.001330587 0.001047898 -0.003337803 0.013574444 -0.829182983 0.000737316 0.558811929
1403715276.862143040 -0.001432713 0.000935969 -0.002843905 0.013685079 -0.829455644 0.000854677 0.558404265
1403715276.912142992 -0.001390685 0.000609414 -0.003348880 0.013937980 -0.829129985 0.000420800 0.558881940
1403715276.962142944 -0.001320198 0.000460445 -0.004422323 0.014438442 -0.828836444 -0.000148238 0.559304620
1403715277.012142897 -0.001289435 0.000550960 -0.004646983 0.014349243 -0.829273830 -0.000518798 0.558657986
1403715277.062143087 -0.001286216 0.000802524 -0.004400009 0.014636614 -0.829994350 -0.000542569 0.557579460
1403715277.112143040 -0.001201160 0.001087371 -0.004391350 0.014570190 -0.829706986 0.000005473 0.558008985
1403715277.162142992 -0.001179472 0.001241408 -0.004056886 0.014401964 -0.829414752 0.000489581 0.558447412
1403715277.212142944 -0.001006151 0.001390816 -0.003719750 0.014231595 -0.829535319 0.000723788 0.558272417
1403715277.262142897 -0.000850314 0.001559037 -0.002957095 0.013787858 -0.829741718 0.000561579 0.557976936
1403715277.312143087 -0.001007076 0.001656616 -0.002262855 0.013644161 -0.830061509 0.000252068 0.557504856
1403715277.362143040 -0.000994349 0.001833359 -0.001578131 0.013963807 -0.830092401 0.000070254 0.557450996
1403715277.412142992 -0.000843422 0.002363206 -0.001366833 0.013992439 -0.829978801 -0.000130267 0.557619391
1403715277.462142944 -0.000838257 0.002790867 -0.001993371 0.013781721 -0.829180905 0.000477068 0.558810221
1403715277.512142897 -0.001150508 0.002927769 -0.001844968 0.013890511 -0.829643627 0.000447722 0.558120332
1403715277.562143087 -0.001222582 0.003134961 -0.002584229 0.014157298 -0.829137971 0.000105446 0.558864728
1403715277.612143040 -0.001331299 0.003001561 -0.002753570 0.014255736 -0.829466621 0.000127891 0.558374321
1403715277.662142992 -0.001470794 0.002889094 -0.002963178 0.014101285 -0.829505003 0.000613149 0.558320900
1403715277.712142944 -0.001234693 0.002725730 -0.003677325 0.014150734 -0.828831083 0.000386203 0.559319804
1403715277.762142897 -0.001309028 0.002506556 -0.004623351 0.013993376 -0.828156057 0.000897778 0.560322161
1403715277.812143087 -0.001545253 0.002140147 -0.004882198 0.014131865 -0.828458448 -0.000015600 0.559872208
1403715277.862143040 -0.001640884 0.002323877 -0.004934033 0.013969512 -0.828875803 0.000578207 0.559257921
1403715277.912142992 -0.001740179 0.002428644 -0.004941476 0.014327846 -0.828781115 0.000041052 0.559389467
1403715277.962142944 -0.001841858 0.002691398 -0.004959221 0.014357169 -0.828727492 0.000266655 0.559468090
1403715278.012142897 -0.002069263 0.003034520 -0.005568588 0.014197499 -0.828663844 0.000724293 0.559566028
1403715278.062143087 -0.002589983 0.002568241 -0.006912192 0.014310685 -0.828367120 0.000614183 0.560002448
1403715278.112143040 -0.002735942 0.001817937 -0.007412958 0.014020037 -0.827813288 0.000576204 0.560828197
1403715278.162142992 -0.003029882 0.001373618 -0.008275260 0.013384514 -0.828274365 0.001391606 0.560161133
1403715278.212142944 -0.002372125 0.000974485 -0.008126678 0.013995132 -0.827650007 0.000496046 0.561069832
1403715278.262142897 -0.001198609 0.001200560 -0.003253239 0.014317806 -0.828664221 0.000349570 0.559562764
1403715278.312143087 -0.001604818 0.001460152 -0.004239012 0.012176075 -0.828321561 0.000439862 0.560120470
1403715278.362143040 -0.003283678 0.002239798 -0.009563909 0.012248331 -0.826573505 0.000211719 0.562695455
1403715278.412142992 -0.004813080 0.002872161 -0.013854959 0.012949132 -0.825391364 -0.000619007 0.564412113
1403715278.462142944 -0.006773384 0.003358274 -0.015974730 0.012528074 -0.824653093 -0.000978078 0.565499220
1403715278.512142897 -0.009517240 0.003296430 -0.016049474 0.011417688 -0.823967143 -0.000548878 0.566522270
1403715278.562143087 -0.012665620 0.001916221 -0.014926943 0.009806992 -0.821348952 -0.000051665 0.570341757
1403715278.612143040 -0.017016768 0.000497391 -0.009227829 0.009208167 -0.819380127 -0.000035514 0.573176602
1403715278.662142992 -0.022665584 -0.001531890 0.000245820 0.009503237 -0.818338090 -0.002242309 0.574654184
1403715278.712142944 -0.029398938 -0.003622824 0.008900153 0.008508264 -0.815251077 -0.000001333 0.579045155
1403715278.762142897 -0.038599925 -0.006225174 0.022452580 0.007287383 -0.813257269 0.001181655 0.581857467
1403715278.812143087 -0.047502578 -0.008688459 0.038784567 0.005917784 -0.811918156 0.002996127 0.583733597
1403715278.862143040 -0.056807023 -0.011292712 0.055779957 0.005269500 -0.809370823 0.004784690 0.587254809
1403715278.912142992 -0.065898540 -0.012990645 0.071623312 0.005396428 -0.809357803 0.005183762 0.587268213
1403715278.962142944 -0.074434558 -0.014846540 0.086961824 0.005571769 -0.808859729 0.004359942 0.587959084
1403715279.012142897 -0.082088781 -0.016132537 0.097789034 0.006782159 -0.808323735 0.002942280 0.588691842
1403715279.062143087 -0.088958475 -0.017304741 0.103250180 0.007397260 -0.807515866 0.002380058 0.589794661
1403715279.112143040 -0.095239904 -0.019166532 0.107392136 0.008028271 -0.807090302 0.001663119 0.590371092
1403715279.162142992 -0.100345262 -0.020207528 0.106362654 0.007968030 -0.806729604 0.001499077 0.590865136
1403715279.212142944 -0.106126374 -0.021545254 0.104680886 0.007495778 -0.807750306 0.001932232 0.589473937
1403715279.262142897 -0.110472873 -0.023633489 0.104107421 0.007402231 -0.808306584 0.001657627 0.588712940
1403715279.312143087 -0.113285748 -0.025111049 0.103692983 0.007479588 -0.808163267 0.002075788 0.588907362
1403715279.362143040 -0.116638264 -0.025961252 0.102013166 0.007643383 -0.808516659 0.003074739 0.588415616
1403715279.412142992 -0.120921329 -0.025987615 0.100574368 0.006825972 -0.809927312 0.003642556 0.586479230
1403715279.462142944 -0.123723335 -0.025526645 0.099757314 0.006412601 -0.810513833 0.004796233 0.585664751
1403715279.512142897 -0.126154768 -0.025171437 0.098090409 0.006401517 -0.809915168 0.005439910 0.586486870
1403715279.562143087 -0.129738457 -0.025820676 0.096246168 0.007533925 -0.810538835 0.004535925 0.585618871
1403715279.612143040 -0.132171575 -0.026889822 0.097214857 0.007802479 -0.810896490 0.004404459 0.585121016
1403715279.662142992 -0.134387680 -0.027824694 0.100099518 0.007945167 -0.811049423 0.004180735 0.584908736
1403715279.712142944 -0.137254275 -0.027838970 0.103181958 0.007067625 -0.811678053 0.004955632 0.584041290
1403715279.762142897 -0.138263449 -0.027703435 0.107996545 0.006926374 -0.811465178 0.005357869 0.584335164
1403715279.812143087 -0.138347418 -0.027283383 0.115430007 0.006870705 -0.811281443 0.005598215 0.584588636
1403715279.862143040 -0.138811552 -0.026749222 0.121789096 0.007028699 -0.811458415 0.005183406 0.584344907
1403715279.912142992 -0.139667770 -0.026092573 0.127375156 0.007333607 -0.812352182 0.005152954 0.583098274
1403715279.962142944 -0.139920965 -0.025360761 0.134811933 0.007407696 -0.814504801 0.004204852 0.580094281
1403715280.012142897 -0.139622471 -0.024354694 0.142305611 0.007161681 -0.817179146 0.004659310 0.576320435
1403715280.062143087 -0.140747225 -0.024078523 0.147542008 0.007719384 -0.821631038 0.003604802 0.569956010
1403715280.112143040 -0.141978625 -0.023691145 0.151027903 0.009928091 -0.825531417 0.000411970 0.564268680
1403715280.162142992 -0.142728927 -0.023280830 0.156668938 0.010853650 -0.826533502 -0.001972979 0.562779421
1403715280.212142944 -0.145162420 -0.022935011 0.164529499 0.014400484 -0.826932845 -0.005647233 0.562087898
1403715280.262142897 -0.150437854 -0.022216312 0.173045593 0.016413623 -0.827173016 -0.008966807 0.561635996
1403715280.312143087 -0.155669479 -0.021592905 0.182513529 0.017616651 -0.825683754 -0.011370013 0.563743484
1403715280.362143040 -0.162310319 -0.022720347 0.193115388 0.019684765 -0.823707974 -0.013900809 0.566501942
1403715280.412142992 -0.170545731 -0.023867793 0.203949802 0.019072133 -0.822427668 -0.015972406 0.568325494
1403715280.462142944 -0.178755994 -0.025711950 0.215622487 0.014149533 -0.821858136 -0.015582973 0.569303229
1403715280.512142897 -0.187974637 -0.029076084 0.227120379 0.007437943 -0.821341219 -0.015834286 0.570168882
1403715280.562143087 -0.197082045 -0.032073022 0.237304627 -0.000523211 -0.820508059 -0.016141658 0.571406771
1403715280.612143040 -0.207336843 -0.035388888 0.246686061 -0.009081303 -0.819359890 -0.017374675 0.572944170
1403715280.662142992 -0.217825216 -0.039300181 0.255267226 -0.017170345 -0.818594556 -0.020805277 0.573737983
1403715280.712142944 -0.228088582 -0.042771270 0.261828182 -0.027111474 -0.817365441 -0.025759821 0.574904457
1403715280.762142897 -0.239390622 -0.045624575 0.268691613 -0.037439923 -0.817422513 -0.031741826 0.573943503
1403715280.812143087 -0.248486161 -0.047187318 0.273318797 -0.048605746 -0.816498748 -0.037128923 0.574098179
1403715280.862143040 -0.258419288 -0.050092556 0.277931756 -0.059263698 -0.815228263 -0.043375872 0.574464296
1403715280.912142992 -0.267127103 -0.053260938 0.282352859 -0.067932840 -0.813918369 -0.049416214 0.574873948
1403715280.962142944 -0.276563418 -0.056116473 0.286504688 -0.076487040 -0.812671498 -0.054692660 0.575085630
1403715281.012142897 -0.285484145 -0.059911370 0.289607598 -0.083617229 -0.811568736 -0.058903947 0.575234448
1403715281.062143087 -0.294730472 -0.063606146 0.293068609 -0.089529836 -0.810660836 -0.063678724 0.575116021
1403715281.112143040 -0.305925616 -0.066524916 0.295426290 -0.095223827 -0.810311760 -0.066776116 0.574341557
1403715281.162142992 -0.316727589 -0.069529058 0.297333064 -0.100580136 -0.809813455 -0.069667189 0.573787667
1403715281.212142944 -0.325640813 -0.073114813 0.298433988 -0.105636954 -0.808525972 -0.072737574 0.574313356
1403715281.262142897 -0.334035278 -0.077044327 0.298414790 -0.110516809 -0.807094429 -0.075694898 0.575025999
1403715281.312143087 -0.342025193 -0.080468035 0.297127438 -0.115561944 -0.805996784 -0.078530165 0.575193563
1403715281.362143040 -0.351693251 -0.083189241 0.294924830 -0.120774093 -0.806212606 -0.082471957 0.573265409
1403715281.412142992 -0.361696376 -0.085187528 0.294483404 -0.127128817 -0.806202813 -0.087275485 0.571190229
1403715281.462142944 -0.369429094 -0.087299933 0.295441852 -0.133904616 -0.804052715 -0.092721878 0.571814164
1403715281.512142897 -0.378231669 -0.088333823 0.295422042 -0.141983558 -0.802532151 -0.099206573 0.570912315
1403715281.562143087 -0.386796098 -0.088392932 0.295632130 -0.151205570 -0.800819605 -0.106378848 0.569656368
1403715281.612143040 -0.395532897 -0.088723162 0.295180625 -0.160739508 -0.798729293 -0.113724633 0.568560494
1403715281.662142992 -0.405479408 -0.089514124 0.295948537 -0.171422996 -0.796798839 -0.121353483 0.566567823
1403715281.712142944 -0.415317707 -0.093058758 0.295269460 -0.181913274 -0.794243457 -0.130014578 0.564961150
1403715281.762142897 -0.426644918 -0.096675232 0.294211809 -0.193813957 -0.791608485 -0.138629370 0.562649140
1403715281.812143087 -0.437871768 -0.099420926 0.292574910 -0.206454117 -0.788741230 -0.147055775 0.560034435
1403715281.862143040 -0.449948482 -0.101016756 0.291095036 -0.219542586 -0.785402175 -0.155256580 0.557530152
1403715281.912142992 -0.461102618 -0.102733766 0.287213748 -0.231801938 -0.781571777 -0.163889416 0.555476083
1403715281.962142944 -0.473228267 -0.103191091 0.282824786 -0.244677384 -0.777562066 -0.171682257 0.553222752
1403715282.012142897 -0.485455650 -0.102832922 0.278542865 -0.257644072 -0.773997708 -0.178894790 0.550039757
1403715282.062143087 -0.497109826 -0.103783790 0.274835688 -0.268361746 -0.770103571 -0.186982323 0.547686109
1403715282.112143040 -0.510248840 -0.104311373 0.272916089 -0.278131045 -0.767045296 -0.195485599 0.544123163
1403715282.212142944 -0.537242253 -0.108414206 0.265401125 -0.297339451 -0.757559891 -0.212713748 0.540781957
1403715282.262142897 -0.552573935 -0.107882448 0.260181517 -0.308746224 -0.754171034 -0.219389822 0.536441914
1403715282.312143087 -0.566069580 -0.108681946 0.256333325 -0.319137776 -0.749944276 -0.226605117 0.533277399
1403715282.362143040 -0.580278044 -0.110408778 0.254313436 -0.328580256 -0.745862193 -0.234187533 0.529981891
1403715282.412142992 -0.592759926 -0.109385764 0.250864712 -0.337552552 -0.742868760 -0.242946902 0.524577052
1403715282.512142897 -0.622059540 -0.108986524 0.238205961 -0.356154741 -0.732905175 -0.255843992 0.520141958
1403715282.562143087 -0.640293027 -0.107193290 0.233523342 -0.366095155 -0.728485767 -0.261930931 0.516405859
1403715282.612143040 -0.658279035 -0.106238020 0.228875527 -0.374862123 -0.722832656 -0.269546308 0.514136293
1403715282.662142992 -0.676712903 -0.106505986 0.223401043 -0.384425332 -0.717162690 -0.275356474 0.511931297
1403715282.762142897 -0.715273260 -0.105212434 0.210304879 -0.403974624 -0.706201657 -0.285100511 0.506755781
1403715282.812143087 -0.735069846 -0.103714572 0.200333864 -0.414040742 -0.700428389 -0.289577480 0.504098421
1403715282.862143040 -0.752572108 -0.103008735 0.192491329 -0.422684552 -0.693869513 -0.295028994 0.502832736
1403715282.962142944 -0.786781106 -0.100943559 0.179467264 -0.440435875 -0.679093924 -0.306806163 0.500717146
1403715283.012142897 -0.803021410 -0.100067972 0.175662275 0.449381300 0.672434029 0.311889477 -0.498611951
1403715283.062143087 -0.820737757 -0.098993611 0.168427693 0.458222282 0.666706924 0.316798871 -0.495149163
1403715283.112143040 -0.839158261 -0.098448093 0.160613353 0.467040915 0.661127209 0.321126435 -0.491590693
1403715283.162142992 -0.857316940 -0.097509530 0.152322848 0.476023730 0.654311961 0.325405067 -0.489273756
1403715283.212142944 -0.876027376 -0.097719843 0.145476222 0.484430439 0.648000540 0.330012097 -0.486327530
1403715283.312143087 -0.908398300 -0.096657822 0.134125563 0.501074322 0.634828859 0.337783186 -0.481476232
1403715283.362143040 -0.923665819 -0.096329486 0.127353030 0.508390515 0.628590797 0.343334003 -0.478052776
1403715283.462142944 -0.950416912 -0.100860955 0.116266906 0.523918165 0.619308838 0.349591660 -0.468777123
1403715283.512142897 -0.963283165 -0.103348072 0.111428052 0.530606815 0.615601911 0.353667138 -0.463044544
1403715283.562143087 -0.973480516 -0.105395118 0.104986498 0.536862396 0.612317839 0.357774525 -0.456993459
1403715283.612143040 -0.983576291 -0.107725039 0.100392678 0.542491701 0.609256036 0.360939928 -0.451920573
1403715283.662142992 -0.994697373 -0.107377939 0.096327562 0.547180454 0.606545888 0.364255233 -0.447228981
1403715283.762142897 -1.018017745 -0.109177417 0.090443955 0.554028727 0.603546147 0.367722352 -0.439959645
1403715283.812143087 -1.029829555 -0.112199174 0.086197091 0.554674466 0.600531509 0.371022865 -0.440499917
1403715283.912142992 -1.053837202 -0.111184774 0.077717101 0.556494555 0.595675122 0.375057949 -0.441380216
1403715283.962142944 -1.065569132 -0.107546046 0.072045509 0.558943180 0.594826055 0.373725435 -0.440560762
1403715284.012142897 -1.077869279 -0.105518316 0.066302365 0.560832853 0.594845177 0.372457254 -0.439205329
1403715284.112143040 -1.102262753 -0.104059642 0.055869163 0.562099445 0.595450345 0.370139961 -0.438724868
1403715284.162142992 -1.114743909 -0.101231456 0.053776038 0.564175856 0.595544521 0.366551127 -0.438944870
1403715284.212142944 -1.126027632 -0.098675444 0.046952987 0.566122515 0.595636527 0.362796238 -0.439432947
1403715284.312143087 -1.146065027 -0.092580870 0.031317368 0.567274115 0.594597921 0.357127371 -0.443974585
1403715284.362143040 -1.155423439 -0.088647456 0.017511101 0.565034894 0.595169979 0.357898057 -0.445440507
1403715284.462142944 -1.169478122 -0.075234231 0.011055408 0.560268325 0.598459067 0.361044247 -0.444514568
1403715284.512142897 -1.175380686 -0.066054987 0.012513696 0.558018677 0.600862296 0.362342901 -0.443043202
1403715284.612143040 -1.186180922 -0.051623350 0.011469657 0.552204672 0.606753340 0.364797370 -0.440276348
1403715284.662142992 -1.191734667 -0.044008647 0.012550708 0.549938919 0.608292944 0.365787439 -0.440166365
1403715284.712142944 -1.197096854 -0.034665965 0.009294346 0.547868019 0.609504292 0.367088415 -0.439990053
1403715284.812143087 -1.207048422 -0.014736988 0.005883559 0.545585390 0.607691130 0.372342413 -0.440918586
1403715284.862143040 -1.211601962 -0.007484178 0.003407766 0.545152009 0.604393154 0.375899585 -0.442964678
1403715284.912142992 -1.215964555 0.001672707 -0.002928334 0.547068990 0.599436046 0.379915576 -0.443910016
1403715285.012142897 -1.222782522 0.013192191 -0.010382550 0.554712037 0.583519724 0.387845012 -0.448748854
1403715285.062143087 -1.225781911 0.020727124 -0.014642004 0.560635297 0.576120727 0.392140228 -0.447212492
1403715285.162142992 -1.230220291 0.032946683 -0.013447200 0.575163384 0.561965303 0.401264696 -0.438598590
1403715285.212142944 -1.232067141 0.032930139 -0.010135582 0.582760387 0.554854363 0.403342581 -0.435708307
1403715285.262142897 -1.233511453 0.033371250 -0.006055945 0.591190846 0.548374139 0.403734012 -0.432178243
1403715285.362143040 -1.237452753 0.030401015 0.003850158 0.607169017 0.542253156 0.398906799 -0.422114517
1403715285.412142992 -1.238780542 0.030884525 0.013827875 0.612252982 0.539497293 0.398092095 -0.419060426
1403715285.512142897 -1.240081167 0.033274096 0.044748865 0.620911410 0.536148914 0.395757512 -0.412782454
1403715285.562143087 -1.240254523 0.034119118 0.064966023 0.623416310 0.534000412 0.395355867 -0.412176423
1403715285.612143040 -1.238243237 0.036760650 0.086877435 0.625608135 0.531949581 0.394949694 -0.411896643
1403715285.712142944 -1.228467757 0.042109040 0.131744090 0.629945089 0.529536391 0.392691278 -0.410553231
1403715285.762142897 -1.220348912 0.046337585 0.155393754 0.631538101 0.529740578 0.392063168 -0.408437290
1403715285.862143040 -1.204562226 0.054364198 0.190918799 0.629392864 0.531814734 0.397839423 -0.403437114
1403715285.912142992 -1.194719832 0.059993763 0.209778954 0.628206195 0.534111239 0.400565616 -0.399536417
1403715286.012142897 -1.173474626 0.072141658 0.245826673 0.624610623 0.537724986 0.407489200 -0.393275935
1403715286.062143087 -1.162383515 0.079062149 0.263967463 0.623977880 0.538902196 0.408878235 -0.391221954
1403715286.112143040 -1.152309443 0.086126961 0.278868701 0.623709572 0.539532111 0.409654591 -0.389967419
1403715286.212142944 -1.133228222 0.099797107 0.302625333 0.625540189 0.538404609 0.406931081 -0.391442262
1403715286.262142897 -1.125577977 0.108552260 0.307175127 0.624945848 0.538517246 0.407958003 -0.391167651
1403715286.362143040 -1.105168846 0.130663039 0.328859347 0.624166698 0.539404957 0.409348029 -0.389733777
1403715286.412142992 -1.094326318 0.140698502 0.338193167 0.623117444 0.539530459 0.410761348 -0.389752036
1403715286.512142897 -1.071291991 0.167455546 0.354697365 0.623249104 0.540941183 0.411897819 -0.386372073
1403715286.562143087 -1.060656237 0.181427538 0.366627268 0.623701148 0.539135551 0.413285074 -0.386684863
1403715286.662142992 -1.039256086 0.209381402 0.379418849 0.624546828 0.532008720 0.419789623 -0.388181212
1403715286.712142944 -1.029405110 0.222020433 0.386983716 0.624609699 0.527100751 0.425042791 -0.389058027
1403715286.762142897 -1.018988612 0.236164311 0.393042031 0.626697279 0.522718393 0.428814768 -0.387471156
1403715286.812143087 -1.007780863 0.249288031 0.399628005 0.630020408 0.518856424 0.431279933 -0.384525574
1403715286.862143040 -0.999174681 0.261361582 0.406005801 0.634253483 0.516698467 0.431170590 -0.380574746
1403715286.912142992 -0.991273297 0.273740795 0.411208773 0.637731137 0.515370640 0.432170142 -0.375394552
1403715287.012142897 -0.977140105 0.300192000 0.426010924 0.644358013 0.513088934 0.433371887 -0.365692910
1403715287.062143087 -0.970359076 0.311671554 0.434313713 0.646555829 0.510168296 0.434402090 -0.364676150
1403715287.112143040 -0.963275321 0.326439215 0.438893386 0.647493967 0.509062221 0.436383298 -0.362183428
1403715287.212142944 -0.949127826 0.358780305 0.448640341 0.647418015 0.503643810 0.441919536 -0.363180327
1403715287.262142897 -0.945140589 0.374743080 0.456680046 0.646141696 0.500825473 0.445705954 -0.364720381
1403715287.312143087 -0.941498207 0.393997916 0.462142142 0.645624242 0.498190068 0.448248226 -0.366127740
1403715287.362143040 -0.938425714 0.413346398 0.466992397 0.646140823 0.496873534 0.449036549 -0.366039486
1403715287.412142992 -0.935221875 0.430683106 0.475204232 0.647477984 0.494817020 0.447699288 -0.368094722
1403715287.462142944 -0.932293221 0.446856766 0.483442906 0.649852398 0.491272064 0.445843659 -0.370900326
1403715287.512142897 -0.929441781 0.464119571 0.490564306 0.653129352 0.487152038 0.444699315 -0.371950885
1403715287.562143087 -0.927316230 0.478294653 0.497129846 0.656950263 0.482622953 0.443576529 -0.372466508
1403715287.612143040 -0.925507398 0.491538611 0.503257625 0.661690001 0.477076300 0.442758899 -0.372194981
1403715287.662142992 -0.924327994 0.504936840 0.510005498 0.666636886 0.471120008 0.443229088 -0.370390572
1403715287.712142944 -0.920934151 0.516301344 0.520046928 0.671722421 0.463964597 0.444291424 -0.368959310
1403715287.812143087 -0.913347270 0.540033550 0.532768123 0.679523959 0.449587179 0.454646436 -0.359743208
1403715287.862143040 -0.906985770 0.551053961 0.544433977 0.684580590 0.441499880 0.459517187 -0.353936755
1403715287.912142992 -0.900926540 0.560032019 0.554869486 0.688396384 0.433240626 0.466706471 -0.347272298
1403715287.962142944 -0.892193246 0.572001476 0.565922242 0.694235374 0.424378632 0.472790634 -0.338244052
1403715288.012142897 -0.884003860 0.579077061 0.576937090 0.699288641 0.415486721 0.478354442 -0.330973126
1403715288.062143087 -0.874237620 0.587576857 0.587270921 0.704611302 0.404989217 0.483927806 -0.324531241
1403715288.112143040 -0.863794314 0.597724333 0.596814758 0.710616612 0.395877027 0.487251583 -0.317633916
1403715288.162142992 -0.854107851 0.606780814 0.603391736 0.715666561 0.388546768 0.489684622 -0.311547354
1403715288.212142944 -0.845671226 0.613748312 0.609267968 0.720220552 0.382083298 0.491552077 -0.306057619
1403715288.262142897 -0.839165665 0.617969492 0.614161944 0.723957247 0.376947324 0.492853391 -0.301483257
1403715288.312143087 -0.833600784 0.619978984 0.616901623 0.726034293 0.373968347 0.494729948 -0.297092846
1403715288.362143040 -0.828300832 0.623268383 0.613632956 0.728229806 0.371190131 0.495693458 -0.293576620
1403715288.412142992 -0.820980656 0.627832757 0.604184433 0.730005233 0.367654378 0.496677788 -0.291948273
1403715288.462142944 -0.812457864 0.632724912 0.593991166 0.731196660 0.364739082 0.497349360 -0.291479779
1403715288.562143087 -0.792620459 0.638645692 0.586911379 0.732623920 0.360785377 0.497192845 -0.293079132
1403715288.612143040 -0.783754952 0.642234226 0.588541791 0.733435133 0.359941545 0.496252777 -0.293680390
1403715288.662142992 -0.775069383 0.644686222 0.591564822 0.734836573 0.360785159 0.493879135 -0.293142766
1403715288.712142944 -0.766277314 0.645330962 0.597193571 0.734219022 0.360979229 0.494785588 -0.292922594
1403715288.762142897 -0.756236543 0.645804314 0.606140665 0.734363563 0.363350407 0.494196767 -0.290613479
1403715288.812143087 -0.746679370 0.646779716 0.614187946 0.734727276 0.364981078 0.493607090 -0.288646294
1403715288.912142992 -0.731607949 0.646113275 0.620218987 0.733492755 0.366558705 0.498747570 -0.280845073
1403715288.962142944 -0.724395652 0.643590385 0.620017493 0.733767660 0.366112384 0.500449616 -0.277663331
1403715289.012142897 -0.717126448 0.640406893 0.616550084 0.735298448 0.364596169 0.500854958 -0.274863853
1403715289.112143040 -0.700772307 0.638829229 0.595733738 0.740353591 0.358217151 0.502389750 -0.266761263
1403715289.162142992 -0.693261268 0.636203951 0.577680496 0.741511756 0.355244221 0.504604297 -0.263317988
1403715289.212142944 -0.683642458 0.635004121 0.559779858 0.742815609 0.352181390 0.506577477 -0.259947108
1403715289.262142897 -0.673896986 0.635834125 0.542320015 0.745638487 0.348906668 0.506817952 -0.255779098
1403715289.312143087 -0.666402629 0.634935498 0.525527148 0.747835320 0.345939685 0.508132900 -0.250736961
1403715289.362143040 -0.658142736 0.635886410 0.511640894 0.751307358 0.341681984 0.508519679 -0.245353649
1403715289.462142944 -0.645774766 0.640045548 0.478049212 0.758973025 0.330365231 0.510086789 -0.233731103
1403715289.512142897 -0.640548022 0.641139981 0.459740575 0.762542625 0.323679205 0.511325521 -0.228706645
1403715289.562143087 -0.635353030 0.643712730 0.440716601 0.766731148 0.316476614 0.511778378 -0.223715871
1403715289.662142992 -0.624500636 0.646268446 0.407179825 0.774758290 0.302753011 0.510584593 -0.217700667
1403715289.712142944 -0.620378876 0.651509641 0.390550022 0.778093633 0.296871833 0.510071878 -0.215090894
1403715289.762142897 -0.616954632 0.657031685 0.371759626 0.779048154 0.293985493 0.511519441 -0.212142323
1403715289.812143087 -0.612187304 0.664287057 0.352483659 0.779869399 0.291895087 0.512389773 -0.209899261
1403715289.862143040 -0.605971345 0.672158927 0.337662903 0.779881968 0.290084392 0.513436902 -0.209803980
1403715289.962142944 -0.597818464 0.689826647 0.315689346 0.779373799 0.290591747 0.513445872 -0.210965055
1403715290.012142897 -0.590641164 0.699254181 0.312938446 0.779710390 0.290560725 0.512263557 -0.212631655
1403715290.062143087 -0.584317286 0.709499840 0.312790078 0.778532987 0.291834714 0.512389771 -0.214885111
1403715290.162142992 -0.569316015 0.733141594 0.325426111 0.776237783 0.296178214 0.511544630 -0.219215558
1403715290.212142944 -0.563312440 0.745535107 0.331960704 0.775467983 0.299688473 0.510215735 -0.220263776
1403715290.262142897 -0.557336174 0.760507938 0.336557146 0.775107164 0.303496389 0.508287322 -0.220777773
1403715290.312143087 -0.550831846 0.776565698 0.341195876 0.775679668 0.306506584 0.505506043 -0.220994135
1403715290.362143040 -0.544559924 0.791356107 0.347240430 0.776597623 0.308740349 0.502306841 -0.221953522
1403715290.412142992 -0.539766545 0.807149804 0.349707430 0.777511024 0.310754783 0.499105561 -0.223162972
1403715290.512142897 -0.527275465 0.839728827 0.356603554 0.776730170 0.312223819 0.497547997 -0.227271909
1403715290.562143087 -0.518919993 0.857260843 0.361582831 0.775671415 0.312266088 0.498578070 -0.228568707
1403715290.612143040 -0.510941081 0.875755627 0.365733965 0.774227274 0.310936788 0.500377853 -0.231327574
1403715290.662142992 -0.501082722 0.894948737 0.370500362 0.774182765 0.309071147 0.500566347 -0.233558138
1403715290.762142897 -0.484069052 0.934195461 0.376845416 0.768193991 0.308554230 0.509371178 -0.234975068
1403715290.812143087 -0.471963854 0.955625914 0.378793072 0.767406147 0.306298297 0.511254373 -0.236406694
1403715290.862143040 -0.459726960 0.977987088 0.379098921 0.768747886 0.304062939 0.510450375 -0.236670302
1403715290.912142992 -0.448418467 0.999212351 0.382286303 0.769865681 0.302205425 0.509895891 -0.236611273
1403715290.962142944 -0.438975726 1.019480911 0.386280931 0.770133802 0.298785783 0.510282825 -0.239232986
1403715291.012142897 -0.429023445 1.039845444 0.389995549 0.771233958 0.293654368 0.509997140 -0.242627721
1403715291.112143040 -0.409941833 1.077285836 0.394907665 0.773794155 0.282575182 0.508862682 -0.249905270
1403715291.162142992 -0.398766608 1.097849389 0.391457495 0.775073070 0.277668513 0.509145263 -0.250864571
1403715291.212142944 -0.386825527 1.116999216 0.389481135 0.776614074 0.272605658 0.509176853 -0.251586301
1403715291.262142897 -0.376102962 1.133672177 0.389388526 0.777444728 0.268614488 0.509929543 -0.251789224
1403715291.362143040 -0.354002182 1.161732982 0.384741761 0.779465678 0.261581956 0.511641753 -0.249461126
1403715291.412142992 -0.341204713 1.173786794 0.383318794 0.781395378 0.257159345 0.511594473 -0.248115758
1403715291.462142944 -0.326162889 1.187843761 0.376023140 0.784168877 0.254188870 0.511346114 -0.242883395
1403715291.512142897 -0.311212663 1.198193566 0.371166754 0.787001478 0.251298607 0.510455279 -0.238564649
1403715291.562143087 -0.296730126 1.207950365 0.361773190 0.789414315 0.247819857 0.509993885 -0.235194803
1403715291.612143040 -0.279102054 1.216445992 0.355399584 0.792633231 0.243318122 0.508214250 -0.232910129
1403715291.712142944 -0.241134851 1.228412237 0.343569589 0.796583537 0.235869795 0.507277497 -0.229106196
1403715291.762142897 -0.222497473 1.234909578 0.335275894 0.797568447 0.235893485 0.508126213 -0.223710949
1403715291.812143087 -0.203508105 1.241953442 0.325761944 0.797390003 0.237574109 0.510914388 -0.216088439
1403715291.862143040 -0.179440276 1.247149677 0.324091744 0.797070467 0.239509936 0.513628556 -0.208565020
1403715291.912142992 -0.154045603 1.250129198 0.324563767 0.797580216 0.240767760 0.514060882 -0.204054146
1403715291.962142944 -0.130302533 1.255964612 0.312078999 0.798043049 0.242347683 0.514300313 -0.199725013
1403715292.062143087 -0.083343456 1.269668640 0.283367064 0.799238147 0.245986850 0.513340212 -0.192848855
1403715292.112143040 -0.063392250 1.278250288 0.275582359 0.799013653 0.248250168 0.512784295 -0.192357228
1403715292.162142992 -0.042789058 1.286643154 0.266917247 0.798075758 0.252315243 0.511971698 -0.193124527
1403715292.212142944 -0.020560916 1.295094055 0.258802258 0.796558266 0.258150449 0.510739025 -0.194933125
1403715292.262142897 0.002455616 1.303846989 0.259197580 0.794881342 0.263836775 0.508803755 -0.199179685
1403715292.312143087 0.026718066 1.315415467 0.253979633 0.793537138 0.271976705 0.505347594 -0.202364254
1403715292.362143040 0.047717912 1.329841164 0.246107715 0.790189244 0.283006582 0.503529694 -0.204856241
1403715292.412142992 0.069621770 1.348003703 0.232648023 0.786767192 0.293367418 0.501490904 -0.208422208
1403715292.462142944 0.094275197 1.365212738 0.221971011 0.782500479 0.303227703 0.499888424 -0.214143701
1403715292.512142897 0.116266412 1.382790516 0.210562744 0.775308420 0.312601093 0.500946534 -0.224120460
1403715292.612143040 0.163411893 1.420230720 0.190900046 0.755910244 0.333549293 0.507816206 -0.243859126
1403715292.662142992 0.191410325 1.440095268 0.193295510 0.745254652 0.343926258 0.511432027 -0.254455329
1403715292.712142944 0.216262072 1.458740223 0.193089186 0.736170427 0.355997031 0.511877075 -0.263250975
1403715292.762142897 0.241231029 1.476804311 0.189065835 0.726386696 0.367818967 0.513210332 -0.271452998
1403715292.812143087 0.265221361 1.496066754 0.175765431 0.718211778 0.380538633 0.511390969 -0.279000840
1403715292.912142992 0.311069059 1.535634754 0.140821489 0.709238910 0.404413502 0.496890999 -0.294158500
1403715292.962142944 0.332958082 1.555377493 0.123741809 0.704961514 0.414372838 0.489177063 -0.303364823
1403715293.012142897 0.354793681 1.574831954 0.108592320 0.700116594 0.423699288 0.481954772 -0.313105838
1403715293.062143087 0.377993424 1.593400370 0.094860767 0.695627854 0.431139021 0.475378566 -0.322856396
1403715293.112143040 0.401677938 1.621255964 0.097309900 0.690720282 0.438486922 0.468937039 -0.332765330
1403715293.162142992 0.396730862 1.635243457 0.124905905 0.685218413 0.447124012 0.462902107 -0.340994845
1403715293.212142944 0.410025367 1.652529238 0.124402999 0.678726100 0.454654527 0.459082716 -0.349089105
1403715293.262142897 0.423966242 1.668997410 0.130290122 0.671330486 0.462429225 0.456024419 -0.357094273
1403715293.312143087 0.430669680 1.686747381 0.135422900 0.663754902 0.470500990 0.453757450 -0.363541503
1403715293.362143040 0.437572905 1.697591500 0.123143475 0.655472902 0.476783540 0.452761259 -0.371537310
1403715293.412142992 0.445120670 1.715793679 0.153845934 0.646552652 0.481744244 0.452555438 -0.380901203
1403715293.462142944 0.443043362 1.733665275 0.200326388 0.638206685 0.487704094 0.451725907 -0.388304839
1403715293.512142897 0.438298951 1.749795025 0.244328756 0.631853872 0.494695147 0.448754059 -0.393264784
1403715293.562143087 0.437023723 1.766219558 0.273457627 0.627743874 0.501638850 0.443709662 -0.396759156
1403715293.612143040 0.436609905 1.782131246 0.295978952 0.624332776 0.508794164 0.438340156 -0.398992469
1403715293.662142992 0.441268487 1.793474022 0.316451467 0.621140133 0.516303938 0.432984778 -0.400174163
1403715293.712142944 0.448766465 1.803473212 0.334420041 0.617707333 0.523284380 0.427855927 -0.401933346
1403715293.762142897 0.461579350 1.811348274 0.348398748 0.613724901 0.530268037 0.423170617 -0.403836827
1403715293.812143087 0.473026780 1.820165883 0.359768252 0.609430226 0.537290590 0.418767167 -0.405644772
1403715293.862143040 0.484169539 1.826883900 0.370574527 0.605104873 0.543338512 0.414344498 -0.408595143
1403715293.912142992 0.496358469 1.833185914 0.383774254 0.599538513 0.549794077 0.410518014 -0.412013355
1403715293.962142944 0.510143727 1.840733301 0.392088241 0.593341983 0.556589842 0.406661862 -0.415667137
1403715294.012142897 0.520687694 1.848779045 0.398837373 0.586736315 0.563780603 0.402171056 -0.419702716
1403715294.062143087 0.531986671 1.856057387 0.404586631 0.580464019 0.570703664 0.396997592 -0.423971417
1403715294.112143040 0.544678395 1.862547558 0.406344851 0.573870033 0.576390742 0.392154416 -0.429722947
1403715294.162142992 0.555839195 1.869677942 0.407737752 0.566379011 0.581745572 0.388280024 -0.435919177
1403715294.212142944 0.569359617 1.875432381 0.406603877 0.558886755 0.587031392 0.384423238 -0.441880656
1403715294.312143087 0.596632905 1.887190635 0.405342856 0.544948206 0.596604729 0.375424910 -0.454037870
1403715294.362143040 0.602874819 1.894575720 0.395777389 0.537646012 0.602489158 0.370200710 -0.459233072
1403715294.412142992 0.611193954 1.900069474 0.388447708 0.529088047 0.607984522 0.366297312 -0.465023590
1403715294.462142944 0.622110763 1.905312862 0.379107629 0.520486477 0.614026452 0.362571552 -0.469688421
1403715294.512142897 0.633445384 1.913072082 0.360315609 0.512850714 0.621549605 0.356954450 -0.472486777
1403715294.612143040 0.659106821 1.920366875 0.330849492 0.498851110 0.638246451 0.344465041 -0.474481689
1403715294.662142992 0.669901698 1.923448924 0.314745869 0.489946332 0.647231602 0.339762216 -0.474979454
1403715294.712142944 0.681293728 1.927296206 0.297896570 0.481531861 0.656245167 0.334235732 -0.475137689
1403715294.762142897 0.695846098 1.929992127 0.284003046 0.473884910 0.663801602 0.328615111 -0.476248501
1403715294.812143087 0.709358688 1.931852443 0.270466709 0.466224283 0.671118354 0.322888815 -0.477470298
1403715294.862143040 0.719829502 1.933891336 0.257641490 0.457324589 0.677320851 0.318152738 -0.480488836
1403715294.912142992 0.730198546 1.935831236 0.253135288 0.447345131 0.681637728 0.314872717 -0.485908956
1403715295.012142897 0.748974749 1.943847801 0.224094985 0.428787446 0.688798848 0.307160688 -0.497342724
1403715295.062143087 0.756707226 1.947490331 0.214453379 -0.419920667 -0.693527420 -0.302967800 0.500896061
1403715295.112143040 0.765662687 1.949847812 0.205278066 -0.411534878 -0.695665703 -0.298257078 0.507672128
1403715295.162142992 0.769665286 1.953891033 0.192722342 -0.403949093 -0.697795929 -0.291470123 0.514734048
1403715295.212142944 0.777237920 1.955959577 0.182668183 -0.396719932 -0.701455768 -0.284780265 0.519108179
1403715295.312143087 0.790869086 1.960341849 0.176843059 -0.378898643 -0.709678977 -0.272068035 0.527987266
1403715295.362143040 0.799321693 1.960925923 0.176352073 -0.370993257 -0.714397825 -0.264681425 0.530983516
1403715295.412142992 0.806565327 1.961713258 0.176408475 -0.362206680 -0.720613528 -0.257018708 0.532413230
1403715295.462142944 0.816096284 1.959857949 0.182080607 -0.352668887 -0.726974826 -0.249881492 0.533564896
1403715295.512142897 0.825904639 1.958348544 0.191977442 -0.341980007 -0.733096595 -0.243956328 0.534887246
1403715295.562143087 0.834912925 1.958062253 0.194798126 -0.331169592 -0.738139446 -0.239584012 0.536727455
1403715295.612143040 0.847837902 1.955822641 0.195174256 -0.322540644 -0.741016472 -0.235796206 0.539687196
1403715295.662142992 0.856800974 1.954790863 0.189696073 -0.314733484 -0.743045515 -0.232028620 0.543128821
1403715295.712142944 0.864633164 1.953841959 0.184783179 -0.307806850 -0.744612659 -0.228647950 0.546376287
1403715295.812143087 0.880371498 1.949922893 0.168088567 -0.295827568 -0.747801400 -0.219381812 0.552404505
1403715295.862143040 0.885042483 1.946926394 0.156253565 -0.290471850 -0.748464381 -0.214137389 0.556392266
1403715295.912142992 0.894808093 1.940866164 0.144558915 -0.286401351 -0.750615658 -0.207912213 0.557963181
1403715295.962142944 0.903537583 1.935526631 0.133367618 -0.281131363 -0.751003858 -0.202374328 0.562141436
1403715296.012142897 0.916698417 1.930304045 0.120633637 -0.277149629 -0.751357956 -0.196830913 0.565603127
1403715296.062143087 0.929228488 1.924656361 0.109018368 -0.275093958 -0.753054415 -0.190166873 0.566629440
1403715296.112143040 0.940980217 1.919250593 0.099478455 -0.273588503 -0.755658444 -0.183303595 0.566153193
1403715296.162142992 0.951509053 1.914328704 0.087227863 -0.271192756 -0.759923972 -0.177146425 0.563550522
1403715296.262142897 0.976609453 1.908221710 0.051521751 -0.264658874 -0.770393911 -0.164984620 0.556083607
1403715296.312143087 0.992140638 1.904474222 0.034708590 -0.261069048 -0.776535511 -0.160180685 0.550615747
1403715296.362143040 1.006566665 1.903323782 0.018269510 -0.256104976 -0.782036491 -0.155710048 0.546427991
1403715296.412142992 1.020822380 1.903693556 0.003897430 -0.250749754 -0.786367775 -0.150183317 0.544238233
1403715296.462142944 1.037472979 1.906007533 -0.003961370 -0.245848647 -0.788628684 -0.144972624 0.544615626
1403715296.512142897 1.050844029 1.911227747 -0.005089890 -0.240833941 -0.790362476 -0.140218950 0.545586670
1403715296.562143087 1.066363580 1.915713873 0.000639868 -0.235461781 -0.792229519 -0.138857279 0.545571989
1403715296.662142992 1.092706468 1.930267741 0.001707594 -0.225118113 -0.792680929 -0.138887843 0.549262185
1403715296.712142944 1.106270872 1.940062137 0.005163431 -0.220848070 -0.792629686 -0.139437216 0.550927921
1403715296.762142897 1.115421841 1.952940509 0.009849696 -0.216730974 -0.793128339 -0.138713754 0.552026827
1403715296.812143087 1.127076811 1.964704949 0.012041328 -0.211976840 -0.793093724 -0.140143182 0.553559439
1403715296.862143040 1.136607149 1.976809479 0.010934062 -0.206202699 -0.792457875 -0.142276928 0.556100926
1403715296.912142992 1.143117053 1.988890251 0.007184137 -0.199238135 -0.791890228 -0.142985669 0.559257660
1403715296.962142944 1.151369777 2.000086703 0.000202415 -0.192386881 -0.791278315 -0.142355432 0.562672948
1403715297.062143087 1.166123518 2.021157487 -0.001519494 -0.180259648 -0.795061693 -0.129619375 0.564430847
1403715297.112143040 1.174007930 2.030086527 -0.003489718 -0.174900343 -0.798371517 -0.120418823 0.563482119
1403715297.162142992 1.183700812 2.037383737 -0.003981129 -0.169846912 -0.804560778 -0.109872875 0.558356456
1403715297.212142944 1.191098333 2.047124528 -0.006048138 -0.162546491 -0.810681562 -0.098872437 0.553713179
1403715297.262142897 1.198605826 2.058117622 -0.005181676 -0.153872881 -0.815321197 -0.088205225 0.551175398
1403715297.312143087 1.199529301 2.073067535 -0.004777331 -0.142721542 -0.819012852 -0.078272784 0.550201674
1403715297.362143040 1.199924268 2.088831948 -0.006037887 -0.130758181 -0.821660487 -0.070375625 0.550294115
1403715297.412142992 1.202833702 2.105651669 -0.010228529 -0.118282868 -0.823201023 -0.064900552 0.551486317
1403715297.512142897 1.203832214 2.142318891 -0.022336478 -0.095033406 -0.824432671 -0.055445414 0.555162345
1403715297.562143087 1.203030741 2.161624369 -0.034452989 -0.086883797 -0.825601873 -0.048154482 0.555440275
1403715297.612143040 1.200727483 2.181187706 -0.046977592 -0.079946615 -0.827602452 -0.040320143 0.554127247
1403715297.662142992 1.193392684 2.202110147 -0.059581868 -0.073318116 -0.829188416 -0.032321205 0.553196497
1403715297.712142944 1.185406941 2.223468022 -0.070069301 -0.067555705 -0.829450251 -0.024030608 0.553959419
1403715297.762142897 1.175516887 2.246315757 -0.083125146 -0.060967920 -0.827541940 -0.016658997 0.557834858
1403715297.812143087 1.164318982 2.272612100 -0.084162048 -0.054138207 -0.825014687 -0.009815775 0.562426414
1403715297.862143040 1.153682695 2.299572069 -0.079564715 -0.046761084 -0.822050419 -0.004005860 0.567477279
1403715297.912142992 1.140663156 2.328303508 -0.076223382 -0.038457282 -0.818064260 0.001298538 0.573838145
1403715297.962142944 1.126908810 2.357366971 -0.074176703 -0.030419699 -0.811705714 0.007982916 0.583219297
1403715298.062143087 1.099031690 2.418777031 -0.063520078 -0.007069572 -0.800068844 0.016936627 0.599627399
1403715298.112143040 1.084642584 2.449596876 -0.062931744 0.007911737 -0.796120927 0.017897240 0.604821100
1403715298.162142992 1.074487195 2.479546719 -0.063493236 0.025392249 -0.794149046 0.015196159 0.607002144
1403715298.212142944 1.070345377 2.508684177 -0.061023495 0.042551240 -0.794699710 0.011262001 0.605404765
1403715298.262142897 1.063795010 2.538333500 -0.063000991 0.059325264 -0.794878236 0.009162648 0.603792306
1403715298.312143087 1.056385614 2.567879302 -0.062706637 0.073685662 -0.795299838 0.008727490 0.601658061
1403715298.362143040 1.059181995 2.592744771 -0.061698107 0.083652358 -0.798013768 0.008549124 0.596743849
1403715298.412142992 1.059778668 2.617663137 -0.060307690 0.091835706 -0.800511352 0.008931723 0.592172275
1403715298.462142944 1.054720870 2.643548748 -0.060062859 0.099849786 -0.801319054 0.009030824 0.589776430
1403715298.512142897 1.054642309 2.666061676 -0.058581129 0.106471588 -0.801606456 0.007136697 0.588251611
1403715298.562143087 1.051292739 2.686358117 -0.061528121 0.112632838 -0.801400466 0.004341900 0.587411512
1403715298.612143040 1.047172388 2.703270163 -0.061689668 0.118240172 -0.800626009 0.000590199 0.587381398
1403715298.662142992 1.052816646 2.713599830 -0.063006646 0.121641732 -0.799615968 -0.003886346 0.588049733
1403715298.712142944 1.056063800 2.721740185 -0.063049253 0.123599298 -0.799601419 -0.006659276 0.587636314
1403715298.812143087 1.073335149 2.724159720 -0.062965152 0.118936664 -0.802868332 -0.005434336 0.584146369
1403715298.862143040 1.073772909 2.725056396 -0.058450461 0.113219012 -0.807714674 0.003575388 0.578589385
1403715298.912142992 1.073427986 2.722986902 -0.054856032 0.106252800 -0.812164389 0.016514849 0.573434048
1403715298.962142944 1.077233827 2.715694164 -0.050449508 0.099936194 -0.816211017 0.029477696 0.568281090
1403715299.012142897 1.077149279 2.707789746 -0.044096854 0.098561149 -0.819101516 0.039404406 0.563742582
1403715299.062143087 1.079060013 2.698116324 -0.036361600 0.098722643 -0.821653602 0.048943604 0.559234943
1403715299.112143040 1.082412155 2.687284627 -0.030213313 0.100922910 -0.823093023 0.056988277 0.555953935
1403715299.162142992 1.084865416 2.676389369 -0.021804020 0.104737465 -0.823973865 0.063907198 0.553184421
1403715299.262142897 1.081349208 2.652422559 -0.016392234 0.116204473 -0.823422862 0.076799410 0.550066507
1403715299.312143087 1.079110814 2.638333081 -0.018312007 0.122292317 -0.821716819 0.083841023 0.550269698
1403715299.362143040 1.072643996 2.623257497 -0.014759152 0.129661058 -0.821606456 0.090527192 0.547682087
1403715299.412142992 1.065716401 2.608546098 -0.008539293 0.137681438 -0.820622697 0.097618658 0.545978761
1403715299.462142944 1.056077746 2.594853098 -0.005679573 0.146951656 -0.818118933 0.104618234 0.546023486
1403715299.512142897 1.046421789 2.579889979 0.004014017 0.156741191 -0.815576097 0.111536967 0.545735590
1403715299.562143087 1.034161676 2.565194615 0.008807296 0.167372972 -0.811712746 0.118842536 0.546795353
1403715299.612143040 1.017791018 2.551916157 0.016771301 0.178503248 -0.807641436 0.126228879 0.547647853
1403715299.712142944 0.989975535 2.522175005 0.031575057 0.200320719 -0.800897093 0.142826978 0.545926652
1403715299.762142897 0.972226307 2.508145104 0.037802890 0.212674447 -0.798228170 0.150780432 0.543016233
1403715299.812143087 0.956030417 2.493788813 0.042803803 0.223977863 -0.794582496 0.160517075 0.541023883
1403715299.862143040 0.940263508 2.479644629 0.041510668 0.235546911 -0.790445558 0.170034010 0.539260520
1403715299.912142992 0.922610269 2.466074928 0.041699731 0.248581597 -0.785023575 0.178024206 0.538750924
1403715299.962142944 0.901527673 2.453220037 0.041800032 0.261197676 -0.779632094 0.186900968 0.537603572
1403715300.012142897 0.881269788 2.440975724 0.041800151 0.272873337 -0.774835756 0.193623485 0.536357753
1403715300.062143087 0.863943981 2.428191090 0.042077920 0.282352027 -0.768662998 0.199566637 0.538152104
1403715300.112143040 0.843671417 2.417673967 0.043200660 0.291152434 -0.762091853 0.204784993 0.540841357
1403715300.162142992 0.821201963 2.408966750 0.047768341 0.300475437 -0.756181510 0.206852971 0.543245694
1403715300.212142944 0.801575894 2.399704697 0.045807089 0.308157117 -0.750953440 0.207056737 0.546109540
1403715300.262142897 0.779797511 2.391841608 0.045423872 0.313010070 -0.746640666 0.210092517 0.548099941
1403715300.312143087 0.757882341 2.384137787 0.044947315 0.315966263 -0.742574702 0.214278063 0.550302685
1403715300.362143040 0.740352622 2.375381493 0.046009854 0.316577535 -0.739727466 0.218614806 0.552077446
1403715300.412142992 0.725459798 2.366824180 0.056389464 0.316409370 -0.739263334 0.222114219 0.551398320
1403715300.462142944 0.708075261 2.360448642 0.067715936 0.316568644 -0.738769104 0.224692482 0.550924489
1403715300.562143087 0.678735548 2.352061175 0.069152686 0.314384073 -0.739089700 0.228709292 0.550091929
1403715300.612143040 0.664669265 2.350888090 0.069278821 0.313771301 -0.739788748 0.229361154 0.549230044
1403715300.662142992 0.652530877 2.350159843 0.069128255 0.312360906 -0.740715009 0.229767044 0.548615572
1403715300.712142944 0.643556821 2.349529507 0.070690671 0.310201826 -0.742353327 0.229843897 0.547593050
1403715300.762142897 0.631293151 2.350989283 0.074482833 0.309586569 -0.742468664 0.228684623 0.548269808
1403715300.812143087 0.621948928 2.352840889 0.073895657 0.308745883 -0.741655302 0.226870309 0.550593549
1403715300.862143040 0.612779525 2.354694648 0.074924781 0.308411345 -0.741567825 0.224126421 0.552020789
1403715300.912142992 0.602196068 2.358502679 0.074319984 0.308895427 -0.741298978 0.221134970 0.553316154
1403715300.962142944 0.593081834 2.362963492 0.074586304 0.309738655 -0.740863604 0.217614514 0.554821601
1403715301.062143087 0.583168730 2.374870733 0.073191989 0.309812769 -0.739303871 0.211440415 0.559230530
1403715301.112143040 0.578182485 2.382174957 0.075375876 0.310622835 -0.737050976 0.207877728 0.563077405
1403715301.162142992 0.574554390 2.388991575 0.079365779 0.311677109 -0.735361635 0.204132590 0.566065836
1403715301.212142944 0.569639874 2.397444596 0.085780708 0.313221095 -0.733992072 0.201009391 0.568105103
1403715301.262142897 0.573160175 2.405497796 0.084920359 0.313850546 -0.732635457 0.197744398 0.570648995
1403715301.312143087 0.576670268 2.414442941 0.077002906 0.314235301 -0.730198967 0.196419293 0.574007932
1403715301.362143040 0.581470220 2.423686104 0.073642612 0.314212679 -0.729783392 0.196171085 0.574633360
1403715301.462142944 0.599050918 2.442163942 0.062985096 0.310474817 -0.734169479 0.201650860 0.569155071
1403715301.512142897 0.613143833 2.451589000 0.058114503 0.308403386 -0.738551765 0.204591895 0.563534203
1403715301.562143087 0.627548989 2.460936417 0.051346007 0.306820413 -0.743903284 0.206606255 0.556581525
1403715301.612143040 0.639814980 2.471491748 0.042108975 0.305738003 -0.748770037 0.208186719 0.550023631
1403715301.662142992 0.656243671 2.481997597 0.036094036 0.304233384 -0.752693548 0.208768341 0.545261635
1403715301.712142944 0.671651985 2.493196680 0.027843821 0.303672495 -0.754472768 0.207923002 0.543435261
1403715301.762142897 0.687622974 2.504564247 0.016964587 0.303018111 -0.755425210 0.206372211 0.543068399
1403715301.812143087 0.704915483 2.515792869 0.016422996 0.303755744 -0.755901352 0.202913043 0.543297241
1403715301.862143040 0.720941961 2.527436553 0.018352785 0.305291334 -0.755674513 0.198734101 0.544295866
1403715301.962142944 0.756241594 2.549773815 0.012158195 0.303637735 -0.758304272 0.196438561 0.542393446
1403715302.012142897 0.774767564 2.558799520 0.005246941 0.303944364 -0.757334235 0.193705092 0.544555798
1403715302.062143087 0.794266584 2.567871791 0.001974734 0.304006587 -0.757504814 0.191057940 0.545218594
1403715302.112143040 0.811608536 2.577115276 -0.007348422 0.304108348 -0.757787541 0.189288225 0.545386215
1403715302.162142992 0.831306359 2.585479644 -0.012002493 0.304734163 -0.759183254 0.185891909 0.544262873
1403715302.262142897 0.871790610 2.600336728 -0.022383213 0.304244516 -0.762304694 0.180550404 0.541967140
1403715302.312143087 0.894109878 2.606599470 -0.017526647 0.304571295 -0.764443847 0.176561790 0.540081352
1403715302.362143040 0.910539213 2.613782290 -0.021599786 0.304746313 -0.764298690 0.174337377 0.540910045
1403715302.412142992 0.932882919 2.617086004 -0.020011577 0.303446965 -0.765199120 0.172442277 0.540974960
1403715302.462142944 0.958077097 2.619004200 -0.020530044 0.299875685 -0.766288959 0.173242199 0.541168130
1403715302.512142897 0.982112506 2.620342113 -0.019369449 0.294183624 -0.769005644 0.177691540 0.538991681
1403715302.612143040 1.022348312 2.622402322 0.003920447 0.289678930 -0.773520368 0.180285680 0.534087475
1403715302.662142992 1.042820271 2.621417317 -0.001036983 0.286654691 -0.775235543 0.182303544 0.532545171
1403715302.712142944 1.064000265 2.619996746 -0.008126488 0.283165697 -0.776712243 0.185345871 0.531208233
1403715302.812143087 1.107127206 2.614854787 -0.011284230 0.280988002 -0.780532898 0.184979078 0.526874633
1403715302.862143040 1.123075441 2.612343894 -0.011334923 0.281306914 -0.783520207 0.184555976 0.522399844
1403715302.912142992 1.139547458 2.609423835 -0.010122127 0.282433222 -0.786160361 0.185613149 0.517427407
1403715302.962142944 1.158988903 2.605700638 -0.010764246 0.284987536 -0.787525836 0.187133954 0.513386838
1403715303.012142897 1.174824636 2.602623704 -0.011452940 0.290322895 -0.787593138 0.188612683 0.509740052
1403715303.112143040 1.206562154 2.591490426 -0.018755771 0.303744159 -0.784653656 0.195450801 0.503842347
1403715303.162142992 1.219696209 2.583192697 -0.023641678 0.312213137 -0.781558316 0.200565674 0.501460832
1403715303.212142944 1.230292958 2.574758207 -0.029852695 0.322176694 -0.776143304 0.206983313 0.500960735
1403715303.262142897 1.242782284 2.564793040 -0.020918668 0.333069541 -0.769566552 0.213724056 0.501152703
1403715303.362143040 1.261126634 2.544750579 -0.023198787 0.357731561 -0.751717347 0.228658887 0.504642720
1403715303.412142992 1.264132450 2.531519176 -0.033962248 0.370358330 -0.741904403 0.236001118 0.506671526
1403715303.462142944 1.268579623 2.515521226 -0.039991947 0.382634420 -0.733964971 0.242674287 0.505959991
1403715303.512142897 1.276360240 2.502179561 -0.043624610 0.394913190 -0.726120805 0.249239982 0.504649958
1403715303.562143087 1.283467514 2.487489586 -0.044904600 0.406720276 -0.718617108 0.256136942 0.502555405
1403715303.612143040 1.293135712 2.470836003 -0.042237815 -0.416575610 0.713206988 -0.265027663 -0.497554913
1403715303.662142992 1.302875663 2.455620130 -0.042622179 -0.425093146 0.706552682 -0.276213004 -0.493746394
1403715303.712142944 1.312203100 2.440857585 -0.053682193 -0.433150026 0.699381262 -0.287875652 -0.490280036
1403715303.762142897 1.321614032 2.423577457 -0.061148588 -0.441216291 0.692305812 -0.298873206 -0.486534331
1403715303.812143087 1.332614505 2.405778322 -0.061204339 -0.449276739 0.685889166 -0.308324160 -0.482330464
1403715303.862143040 1.344424211 2.388984665 -0.056654535 -0.455830127 0.680019933 -0.318943223 -0.477563615
1403715303.912142992 1.356413952 2.373138468 -0.061743638 -0.461945121 0.673580207 -0.327118501 -0.475278757
1403715304.012142897 1.377234075 2.345038920 -0.059160692 -0.471468156 0.665626670 -0.338984626 -0.468773226
1403715304.062143087 1.383653463 2.335010017 -0.059494439 -0.475740864 0.662324783 -0.343059522 -0.466161641
1403715304.112143040 1.391337668 2.323804190 -0.063807179 -0.477506673 0.659988255 -0.347718661 -0.464213974
1403715304.162142992 1.400814030 2.312935476 -0.065310498 -0.479204926 0.658028198 -0.350252700 -0.463340668
1403715304.212142944 1.405671363 2.306395268 -0.073300492 -0.480899481 0.656454742 -0.352408900 -0.462180515
1403715304.262142897 1.413971657 2.298958588 -0.076287290 -0.481725974 0.656885986 -0.353260585 -0.460052004
1403715304.312143087 1.420873680 2.293206321 -0.086136281 -0.482159147 0.657084040 -0.353950177 -0.458783602
1403715304.362143040 1.427593606 2.289136467 -0.089789822 -0.482507644 0.658256042 -0.353304536 -0.457232176
1403715304.412142992 1.435786101 2.284605372 -0.093627827 -0.483163584 0.659611259 -0.350779513 -0.456530034
1403715304.462142944 1.440451114 2.280804251 -0.104923840 -0.483622434 0.659611263 -0.348224346 -0.457997956
1403715304.512142897 1.443992532 2.278524421 -0.107326322 -0.483788280 0.659727073 -0.345600159 -0.459640750
1403715304.612143040 1.454150062 2.274813324 -0.122439267 -0.482461213 0.661026301 -0.341192690 -0.462453193
1403715304.662142992 1.458040047 2.274954703 -0.137609882 -0.480540464 0.661050311 -0.341009817 -0.464548871
1403715304.712142944 1.462817708 2.275206712 -0.149397634 -0.479793689 0.661602259 -0.338855047 -0.466109133
1403715304.762142897 1.463892262 2.277920244 -0.164148375 -0.480352602 0.661743408 -0.336126144 -0.467307452
1403715304.812143087 1.469933413 2.277304025 -0.176080341 -0.479713432 0.662647397 -0.333931336 -0.468255606
1403715304.862143040 1.474421757 2.278133152 -0.189828321 -0.479114817 0.663314818 -0.332413874 -0.469002623
1403715304.962142944 1.489808454 2.277290905 -0.194598146 -0.477876352 0.666399990 -0.328998672 -0.468300245
1403715305.012142897 1.498327223 2.277841584 -0.185382901 -0.477925266 0.667859659 -0.327318260 -0.467347486
1403715305.062143087 1.505915740 2.278940713 -0.179833001 -0.477304138 0.669308115 -0.327280673 -0.465934296
1403715305.112143040 1.512511122 2.279397840 -0.181468400 -0.476593103 0.669164142 -0.327917842 -0.466420684
1403715305.162142992 1.517951867 2.281331366 -0.174857726 -0.477168622 0.669823285 -0.327540344 -0.465149649
1403715305.262142897 1.531287097 2.284254518 -0.176660042 -0.476443116 0.670730808 -0.329686204 -0.463064949
1403715305.312143087 1.534924194 2.288721825 -0.166861940 -0.478610081 0.670661170 -0.328761630 -0.461586152
1403715305.362143040 1.542708802 2.289975985 -0.152349191 -0.479522065 0.672605973 -0.328472882 -0.458001486
1403715305.412142992 1.546996409 2.292468471 -0.147526717 -0.481286006 0.671881628 -0.328337640 -0.457310893
1403715305.462142944 1.554646026 2.291608880 -0.141213439 -0.482413960 0.670939950 -0.328810945 -0.457164869
1403715305.562143087 1.563388101 2.294644247 -0.128814759 -0.485389323 0.667150709 -0.331990227 -0.457263191
1403715305.612143040 1.568864894 2.295047906 -0.123684634 -0.486892536 0.665190226 -0.333694231 -0.457280857
1403715305.662142992 1.573969211 2.295394956 -0.106719712 -0.487822034 0.663584288 -0.336461694 -0.456595099
1403715305.762142897 1.592463037 2.289570082 -0.063060236 -0.487923357 0.663599718 -0.339951158 -0.453871593
1403715305.812143087 1.593998078 2.291783952 -0.043105208 -0.489775021 0.662463834 -0.340697334 -0.452976185
1403715305.862143040 1.594831321 2.293887297 -0.020797926 -0.491643118 0.661751225 -0.340892868 -0.451845563
1403715305.912142992 1.600069918 2.293062967 0.000756863 -0.492676603 0.662130805 -0.340022218 -0.450818648
1403715305.962142944 1.604192950 2.292592709 0.020176378 -0.492731560 0.662165315 -0.340364981 -0.450449093
1403715306.062143087 1.604803061 2.295850214 0.064828699 -0.494257348 0.663320040 -0.339941070 -0.447388273
1403715306.112143040 1.604213379 2.297171019 0.079866983 -0.494935079 0.664169295 -0.339576412 -0.445652640
1403715306.212142944 1.610716645 2.292927534 0.109706643 -0.487798169 0.668440763 -0.346088341 -0.442111696
1403715306.262142897 1.609899581 2.292417603 0.126791379 -0.482565706 0.670365165 -0.350258216 -0.441656051
1403715306.312143087 1.605903531 2.293561035 0.143489974 -0.476429891 0.672136115 -0.354525794 -0.442220604
1403715306.362143040 1.602871066 2.294144249 0.153367976 -0.468995792 0.673616999 -0.358143259 -0.444990441
1403715306.462142944 1.594167078 2.295710402 0.176136456 -0.453415233 0.676493578 -0.359830791 -0.455294265
1403715306.512142897 1.582326076 2.300683102 0.189311231 -0.446087941 0.678586131 -0.358433315 -0.460491010
1403715306.562143087 1.570007942 2.307014412 0.204369058 -0.438767955 0.681176029 -0.354770656 -0.466497247
1403715306.612143040 1.555348953 2.316399711 0.221853773 -0.430994585 0.683501012 -0.350447420 -0.473557430
1403715306.712142944 1.528440725 2.335039882 0.260950642 -0.416521626 0.688510950 -0.334341628 -0.490589525
1403715306.762142897 1.512944631 2.350646961 0.273373683 0.409266327 -0.690625744 0.324753113 0.500072567
1403715306.812143087 1.499912687 2.366565148 0.287977350 0.400106214 -0.692260308 0.315769306 0.510862436
1403715306.862143040 1.484956669 2.386249460 0.295754169 0.391111229 -0.692800221 0.306668148 0.522507902
1403715306.912142992 1.469175417 2.409839626 0.304740290 0.384051871 -0.693603155 0.294654826 0.533476670
1403715307.012142897 1.443745550 2.457755654 0.333775767 0.373301316 -0.699852485 0.262879641 0.549314956
1403715307.062143087 1.435577674 2.484939116 0.345211217 0.367701378 -0.704300284 0.246316524 0.555054030
1403715307.112143040 1.427147063 2.514363207 0.346576558 0.361813565 -0.709990760 0.231352641 0.558103952
1403715307.162142992 1.422984933 2.543140500 0.344638108 0.356122893 -0.717240157 0.215620206 0.558794210
1403715307.212142944 1.419774032 2.570637613 0.343843758 0.350447294 -0.724399387 0.200520888 0.558769716
1403715307.312143087 1.414509830 2.629378546 0.307905730 0.334441733 -0.737882363 0.179502265 0.558083580
1403715307.362143040 1.420389775 2.653057503 0.295454199 0.324032747 -0.746664124 0.171636927 0.555010117
1403715307.412142992 1.428436338 2.676547354 0.283741486 0.311189166 -0.756713673 0.168102712 0.549806510
1403715307.462142944 1.437747666 2.698873758 0.268418536 0.298596883 -0.764616551 0.165181040 0.546732709
1403715307.512142897 1.449457418 2.719068102 0.254698991 0.286080107 -0.772045376 0.162458885 0.543793362
1403715307.562143087 1.460734210 2.738552297 0.245442301 0.273895713 -0.778877854 0.159524228 0.541186148
1403715307.612143040 1.472881966 2.757405161 0.231160467 0.261783232 -0.784357761 0.156756849 0.540073821
1403715307.662142992 1.486253431 2.774088651 0.222796019 0.249400447 -0.790260098 0.153046232 0.538391350
1403715307.712142944 1.496402235 2.792318312 0.201857591 0.238359555 -0.794135756 0.147390809 0.539267164
1403715307.762142897 1.506890405 2.809537427 0.188262295 0.228101021 -0.797724337 0.140009594 0.540373130
1403715307.812143087 1.515242743 2.826297851 0.180822543 0.218525901 -0.801441084 0.130757043 0.541148053
1403715307.912142992 1.529427714 2.854711811 0.163490692 0.198788138 -0.808052224 0.112330216 0.543062430
1403715307.962142944 1.534807958 2.869193693 0.147284922 0.188826382 -0.810433383 0.103962545 0.544733071
1403715308.012142897 1.539547284 2.881558429 0.133401023 0.178738557 -0.812414615 0.095609535 0.546711843
1403715308.062143087 1.541521326 2.894539103 0.120542438 0.169116075 -0.814126968 0.087319384 0.548609477
1403715308.112143040 1.541469700 2.906454030 0.104809642 0.160096646 -0.814973923 0.079330702 0.551265099
1403715308.162142992 1.545983846 2.914277229 0.090104175 0.150669731 -0.816589441 0.072402091 0.552483714
1403715308.212142944 1.546668924 2.922006863 0.073422266 0.142096282 -0.817449350 0.066461227 0.554227491
1403715308.262142897 1.552166270 2.926474932 0.065935450 0.133746491 -0.819251577 0.059646069 0.554419585
1403715308.312143087 1.556033852 2.931790749 0.050440691 0.125791870 -0.819979119 0.053294200 0.555851040
1403715308.362143040 1.555826387 2.935976355 0.041771252 0.118367586 -0.820938332 0.048131357 0.556536380
1403715308.412142992 1.551751215 2.941828361 0.030049618 0.111907205 -0.821836331 0.044966148 0.556812238
1403715308.462142944 1.551861256 2.944340248 0.018691166 0.105512610 -0.822629284 0.043141725 0.557034058
1403715308.512142897 1.552824542 2.944505367 0.005665954 0.098984259 -0.822912278 0.043313305 0.557800552
1403715308.562143087 1.551771845 2.943460631 -0.002859952 0.093746044 -0.823448491 0.044347908 0.557832883
1403715308.612143040 1.549901571 2.942401156 -0.007488017 0.089840639 -0.823740785 0.045238675 0.557972437
1403715308.712142944 1.536909986 2.942723944 -0.005818015 0.085676443 -0.825004169 0.047619873 0.556560883
1403715308.762142897 1.534137373 2.940682433 -0.003027593 0.084331028 -0.825214991 0.047989551 0.556422051
1403715308.812143087 1.528258364 2.939838973 0.003795026 0.083908791 -0.826451253 0.048527558 0.554601404
1403715308.862143040 1.517884942 2.940333807 0.007565253 0.083476223 -0.826983075 0.050361058 0.553709741
1403715308.912142992 1.509133092 2.938824137 0.014203256 0.083160801 -0.827433106 0.051944901 0.552938029
1403715308.962142944 1.495092375 2.939643913 0.020949507 0.083980875 -0.826649383 0.053991607 0.553789596
1403715309.012142897 1.484589601 2.938927306 0.021766515 0.083327185 -0.825872966 0.058028107 0.554637866
1403715309.062143087 1.476118572 2.937031442 0.019201364 0.081271212 -0.824590966 0.063647925 0.556231670
1403715309.112143040 1.464334772 2.936588139 0.023832962 0.081121731 -0.823225398 0.068042141 0.557753956
1403715309.162142992 1.450808755 2.937244383 0.026163360 0.081448228 -0.821665224 0.072448545 0.559449420
1403715309.212142944 1.435838354 2.938935241 0.031422089 0.081525952 -0.818660601 0.077937732 0.563093287
1403715309.262142897 1.418559663 2.942723433 0.039504562 0.082110325 -0.813849762 0.083494008 0.569153064
1403715309.312143087 1.403822458 2.946103383 0.048719279 0.083627209 -0.809528526 0.087090127 0.574530561
1403715309.412142992 1.378724435 2.955815071 0.073684216 0.093752783 -0.807755371 0.082699852 0.576109722
1403715309.462142944 1.361408534 2.965733970 0.065721836 0.099622773 -0.806178371 0.080417683 0.577654511
1403715309.512142897 1.348860092 2.973372663 0.063088368 0.104466939 -0.805459498 0.077804266 0.578159279
1403715309.562143087 1.335766618 2.982345886 0.067004545 0.108824330 -0.806083380 0.075967230 0.576728558
1403715309.612143040 1.318035308 2.995030564 0.069890168 0.112913833 -0.805989674 0.075796555 0.576095472
1403715309.662142992 1.305695651 3.005671765 0.074170247 0.115230706 -0.806914615 0.076559368 0.574238062
1403715309.712142944 1.293959968 3.014887313 0.080815777 0.117053170 -0.808005126 0.077767504 0.572169981
1403715309.762142897 1.283912956 3.024127071 0.086158216 0.118094520 -0.808972080 0.079522758 0.570345500
1403715309.862143040 1.259478363 3.046518961 0.075014124 0.115815657 -0.810073684 0.090271286 0.567642893
1403715309.912142992 1.255282170 3.053697846 0.076064380 0.112793057 -0.811604621 0.095553505 0.565194827
1403715309.962142944 1.249087607 3.062583013 0.077499266 0.110518826 -0.811277471 0.099912100 0.565360086
1403715310.012142897 1.243617227 3.072067259 0.084696179 0.109302621 -0.809380018 0.102472829 0.567852307
1403715310.062143087 1.232653132 3.085364738 0.086484222 0.107678067 -0.805985100 0.105202880 0.572473410
1403715310.112143040 1.218113038 3.101229895 0.086418378 0.106106865 -0.802195169 0.106024148 0.577912730
1403715310.162142992 1.211343306 3.115545422 0.085621136 0.103572567 -0.798117361 0.103454294 0.584447268
1403715310.212142944 1.203467372 3.131947638 0.083883105 0.101191557 -0.795359948 0.098626915 0.589436640
1403715310.262142897 1.195919992 3.149823144 0.087333608 0.099785211 -0.793704970 0.090142699 0.593253425
1403715310.312143087 1.187642664 3.169787726 0.088083396 0.098245179 -0.792716118 0.080434116 0.596220928
1403715310.362143040 1.181078475 3.191037148 0.093517512 0.094911867 -0.793106619 0.071504752 0.597378188
1403715310.412142992 1.176643717 3.214083403 0.094252245 0.090311918 -0.793891352 0.063363971 0.597967629
1403715310.462142944 1.174472502 3.237203316 0.096336854 0.084733831 -0.795296948 0.055033001 0.597741007
1403715310.512142897 1.172853510 3.260698164 0.102941634 0.079908237 -0.798396450 0.047308581 0.594928299
1403715310.562143087 1.170080409 3.284549470 0.110571809 0.075572241 -0.802117679 0.041009337 0.590943567
1403715310.612143040 1.170738544 3.306734237 0.114838658 0.071267265 -0.806090983 0.035315741 0.586422291
1403715310.712142944 1.176351214 3.349689791 0.107387071 0.063015991 -0.812140209 0.028013003 0.579372538
1403715310.762142897 1.182824134 3.368181281 0.118488641 0.059480609 -0.815717470 0.024684229 0.574854552
1403715310.812143087 1.188011968 3.387409351 0.129289055 0.056810547 -0.818001974 0.022621714 0.571955934
1403715310.862143040 1.186784016 3.408400430 0.131343094 0.054928256 -0.818372738 0.021827913 0.571640176
1403715310.912142992 1.191587112 3.425511786 0.127750210 0.052162495 -0.818322220 0.021323179 0.571990507
1403715310.962142944 1.192090737 3.442734519 0.126098965 0.048825518 -0.819774617 0.022269737 0.570166384
1403715311.012142897 1.195791114 3.456554737 0.131262038 0.044980028 -0.821694047 0.022903881 0.567689266
1403715311.062143087 1.194523512 3.472523037 0.136420098 0.041376469 -0.823027979 0.024954030 0.565941896
1403715311.112143040 1.197718337 3.486388523 0.133472279 0.037329267 -0.824330655 0.026758540 0.564242393
1403715311.162142992 1.201779330 3.499580012 0.132181740 0.033393074 -0.825248768 0.028411230 0.563064983
1403715311.212142944 1.199968053 3.515494592 0.137144760 0.030726536 -0.825270125 0.030268876 0.563088710
1403715311.262142897 1.193273656 3.534265612 0.141312030 0.029737206 -0.825689550 0.031371711 0.562466249
1403715311.312143087 1.192482899 3.551131447 0.141408585 0.027007251 -0.826204887 0.033378243 0.561731241
1403715311.412142992 1.186591243 3.586936592 0.159084638 0.025991659 -0.828649791 0.031283257 0.558287842
1403715311.462142944 1.182586435 3.606485371 0.163028826 0.028017311 -0.828986632 0.027130410 0.557906923
1403715311.512142897 1.173593397 3.629149200 0.156489296 0.030098173 -0.829112454 0.023696637 0.557767970
1403715311.562143087 1.168829699 3.649256072 0.153536772 0.031062916 -0.828784265 0.020430027 0.558331757
1403715311.612143040 1.158537580 3.670490340 0.156694844 0.032532296 -0.827740892 0.017634584 0.559888996
1403715311.662142992 1.143475983 3.693913945 0.151636873 0.033912530 -0.826300828 0.016326621 0.561970038
1403715311.712142944 1.136230314 3.713407940 0.156629462 0.032704882 -0.825886930 0.016110540 0.562655863
1403715311.812143087 1.113626949 3.752805091 0.147622091 0.029459513 -0.823703222 0.018002389 0.565969128
1403715311.862143040 1.102448833 3.771451281 0.155409986 0.026501359 -0.823327735 0.019121339 0.566624649
1403715311.912142992 1.090583771 3.790582803 0.163883049 0.025042899 -0.822453757 0.018097286 0.567992217
1403715312.012142897 1.060451005 3.829824341 0.185290822 0.025561394 -0.823783283 0.011117842 0.566219138
1403715312.062143087 1.045883838 3.851003176 0.168241913 0.024909589 -0.823294801 0.009076531 0.566994533
1403715312.112143040 1.031296108 3.871005676 0.165265487 0.024500684 -0.822298763 0.006829392 0.568487309
1403715312.162142992 1.017385925 3.890146427 0.166787059 0.024619643 -0.820936707 0.003400505 0.570478074
1403715312.212142944 1.003375194 3.908584658 0.168676863 0.023663311 -0.820931871 0.001228280 0.570534312
1403715312.262142897 0.987902967 3.927705809 0.159823036 0.021382162 -0.820836006 0.001428120 0.570761784
1403715312.362143040 0.953483424 3.964209398 0.171843830 0.017043703 -0.821431431 0.002883233 0.570045264
1403715312.412142992 0.929288877 3.982799636 0.179334410 0.016004856 -0.821344031 0.003734989 0.570196350
1403715312.512142897 0.897023262 4.016676568 0.179176910 0.011833610 -0.818745897 0.005769411 0.574005083
1403715312.562143087 0.875675231 4.033124857 0.178580726 0.012281823 -0.817298360 0.004649534 0.576065039
1403715312.612143040 0.853473940 4.049594587 0.182018533 0.013633893 -0.815698970 0.002506769 0.578310491
1403715312.662142992 0.834884874 4.065879574 0.178987246 0.015426191 -0.812961602 0.000150224 0.582112913
1403715312.712142944 0.809405741 4.082636173 0.177878191 0.017898046 -0.810106206 -0.001253165 0.586008554
1403715312.762142897 0.790037993 4.098801620 0.173511398 0.020378197 -0.808124548 -0.002970747 0.588651526
1403715312.812143087 0.769738732 4.115848935 0.165247890 0.023955962 -0.805795612 -0.004590550 0.591691194
1403715312.862143040 0.755617076 4.131001895 0.157248926 0.026819895 -0.802886855 -0.005463396 0.595502764
1403715312.912142992 0.739946223 4.143401880 0.168273989 0.030742169 -0.800705534 -0.006944388 0.598228504
1403715312.962142944 0.726229313 4.156414394 0.177610510 0.034547444 -0.798297976 -0.007424445 0.601225160
1403715313.012142897 0.720285190 4.168751453 0.183850475 0.037165228 -0.796015284 -0.007412541 0.604088957
1403715313.062143087 0.710435945 4.180681063 0.190034555 0.040305563 -0.795634073 -0.007055505 0.604393997
1403715313.112143040 0.703467995 4.190247263 0.202189545 0.043340764 -0.796566422 -0.007495341 0.602948865
1403715313.162142992 0.696163716 4.199190748 0.209151379 0.045233896 -0.796845725 -0.005894262 0.602458333
1403715313.212142944 0.688088667 4.207459021 0.217085129 0.046183635 -0.797813470 -0.002536302 0.601127529
1403715313.262142897 0.679758191 4.212713543 0.228125217 0.046368250 -0.799546754 0.001197357 0.598810103
1403715313.312143087 0.676748318 4.217409899 0.237720985 0.046364825 -0.801268989 0.004295211 0.596489615
1403715313.362143040 0.674622713 4.221348101 0.249404249 0.046580285 -0.803305980 0.006412881 0.593707549
1403715313.412142992 0.677622519 4.222873442 0.262690424 0.046672792 -0.805812086 0.006789931 0.590290123
1403715313.462142944 0.681480684 4.223395921 0.280843517 0.045628825 -0.807622127 0.006089480 0.587900867
1403715313.512142897 0.689229139 4.225906168 0.292005984 0.043727132 -0.808364148 0.003663430 0.587045075
1403715313.562143087 0.691700998 4.229937987 0.302615982 0.041206156 -0.809650176 0.001118958 0.585463401
1403715313.612143040 0.690843841 4.234296381 0.316809549 0.040238766 -0.810632205 -0.003231155 0.584162503
1403715313.662142992 0.686358742 4.239934252 0.320635094 0.039322610 -0.810625905 -0.006325356 0.584208322
1403715313.712142944 0.686960484 4.243447334 0.326337076 0.037867486 -0.810891858 -0.008963012 0.583900773
1403715313.762142897 0.692605943 4.243996091 0.335578049 0.035102214 -0.811187326 -0.010580769 0.583636021
1403715313.812143087 0.694053619 4.244028424 0.338915704 0.032418457 -0.811206898 -0.011034018 0.583755654
1403715313.862143040 0.694412265 4.244127950 0.339831690 0.029881859 -0.811302605 -0.011097959 0.583756792
1403715313.912142992 0.700781408 4.242405254 0.351444594 0.027253314 -0.811174128 -0.010804839 0.584069385
1403715313.962142944 0.710964168 4.240923719 0.364033614 0.024026489 -0.810707026 -0.009178206 0.584886832
1403715314.012142897 0.716003647 4.239851545 0.372091352 0.020842192 -0.811612916 -0.008016996 0.583768624
1403715314.062143087 0.723354061 4.237894672 0.381649864 0.017820535 -0.812118711 -0.010869878 0.583118748
1403715314.112143040 0.728102933 4.237612492 0.388588539 0.014778257 -0.812153797 -0.016939114 0.583010188
1403715314.162142992 0.734404545 4.237862373 0.395397064 0.008895883 -0.811985478 -0.024058883 0.583113726
1403715314.212142944 0.738829539 4.236730283 0.393951006 0.001921021 -0.812154093 -0.032402832 0.582539350
1403715314.262142897 0.737295500 4.236685777 0.391220588 -0.005718200 -0.812024610 -0.039869927 0.582231676
1403715314.312143087 0.736662178 4.233607114 0.391201985 -0.014717859 -0.812501770 -0.047639778 0.580822443
1403715314.362143040 0.742234671 4.229455894 0.397273766 -0.023718030 -0.812917097 -0.055723028 0.579222058
1403715314.412142992 0.745053891 4.224743193 0.397883127 -0.032946795 -0.812953223 -0.060675900 0.578221412
1403715314.462142944 0.752407970 4.219971080 0.396528674 -0.040826120 -0.813018718 -0.065617641 0.577085884
1403715314.512142897 0.755188418 4.213277115 0.392232992 -0.048594235 -0.813145968 -0.068558473 0.575961779
1403715314.562143087 0.754559416 4.204758506 0.390780972 -0.056276879 -0.814084473 -0.069604457 0.573807114
1403715314.612143040 0.759508098 4.195125601 0.394386021 -0.062713708 -0.813585370 -0.070468963 0.573742069
1403715314.662142992 0.766008409 4.186705492 0.392854961 -0.067690259 -0.812277361 -0.071434382 0.574909251
1403715314.712142944 0.769992270 4.176632756 0.387792060 -0.071877485 -0.811430152 -0.072111217 0.575512561
1403715314.762142897 0.771723841 4.165576251 0.388512343 -0.074248683 -0.810689934 -0.073929774 0.576023743
1403715314.812143087 0.775686686 4.155259384 0.389595497 -0.075688803 -0.809194440 -0.075587107 0.577721519
1403715314.862143040 0.776490713 4.144735348 0.387565795 -0.076585171 -0.808982840 -0.077173865 0.577689943
1403715314.912142992 0.774849695 4.134475746 0.384493349 -0.077398367 -0.807925267 -0.077238985 0.579051289
1403715314.962142944 0.773376144 4.120650985 0.378599764 -0.079211860 -0.807068021 -0.076539025 0.580093499
1403715315.012142897 0.764066785 4.103091643 0.379747159 -0.080005226 -0.806016823 -0.075737998 0.581549482
1403715315.062143087 0.750293149 4.085970285 0.384214573 -0.080571664 -0.804577692 -0.073893918 0.583697382
1403715315.112143040 0.742930023 4.065809251 0.391142134 -0.081214329 -0.804696542 -0.073762522 0.583461051
1403715315.162142992 0.736409685 4.047391024 0.389543319 -0.082031195 -0.804940233 -0.072537369 0.583164157
1403715315.212142944 0.733612873 4.028009663 0.392099083 -0.082628290 -0.806172975 -0.072133514 0.581424506
1403715315.262142897 0.731098127 4.007977425 0.398980150 -0.083231012 -0.806355221 -0.072838177 0.580997811
1403715315.312143087 0.733215861 3.988319999 0.402542390 -0.085632209 -0.806685090 -0.074619839 0.579963939
1403715315.362143040 0.735447492 3.970779471 0.402191518 -0.089291209 -0.806204884 -0.077117495 0.579753101
1403715315.412142992 0.737673649 3.955030120 0.400483191 -0.093922261 -0.805438493 -0.079156190 0.579811814
1403715315.462142944 0.740235905 3.939055953 0.396354728 -0.100105662 -0.804618499 -0.081466221 0.579595706
1403715315.512142897 0.743591028 3.924180427 0.395678843 -0.106437204 -0.803451124 -0.084256656 0.579688044
1403715315.562143087 0.744785808 3.908863360 0.400160615 -0.112415384 -0.802137152 -0.087233944 0.579938798
1403715315.612143040 0.745933298 3.894998931 0.402860561 -0.118660075 -0.800489254 -0.090089627 0.580534754
1403715315.662142992 0.748425184 3.881202279 0.398987754 -0.126455591 -0.799143482 -0.092929816 0.580295380
1403715315.712142944 0.740989557 3.865911301 0.398958653 -0.136043635 -0.796664614 -0.093522577 0.581438861
1403715315.762142897 0.738171166 3.848693566 0.405502370 -0.146514542 -0.794319591 -0.094843754 0.581888769
1403715315.812143087 0.738929155 3.833010050 0.408327084 -0.157493046 -0.792083389 -0.096590136 0.581781910
1403715315.862143040 0.737001333 3.818435013 0.410331976 -0.167653764 -0.790345752 -0.100171023 0.580699212
1403715315.912142992 0.741476418 3.804369615 0.410178176 -0.177404594 -0.788854250 -0.105904526 0.578809825
1403715315.962142944 0.748544531 3.792360267 0.411364281 -0.186151925 -0.787907323 -0.113229680 0.575958810
1403715316.012142897 0.754097037 3.782913434 0.415665701 -0.194412446 -0.786998174 -0.120675946 0.572952870
1403715316.062143087 0.763767695 3.775750163 0.419175704 -0.201503391 -0.784757361 -0.129636635 0.571617538
1403715316.112143040 0.769321589 3.770677367 0.412034780 -0.208323420 -0.782679633 -0.138554172 0.569926913
1403715316.162142992 0.777016800 3.765655228 0.402046218 -0.215561953 -0.781164436 -0.148171757 0.566886496
1403715316.212142944 0.785551690 3.758880894 0.396988237 -0.223418762 -0.781196811 -0.158361868 0.561014366
1403715316.262142897 0.791755702 3.753722223 0.398975296 -0.230766191 -0.782497304 -0.168933351 0.553088110
1403715316.312143087 0.797368569 3.749067829 0.400603818 -0.238913475 -0.783186955 -0.178105923 0.545725961
1403715316.362143040 0.808251514 3.743764139 0.399121285 -0.246371777 -0.785177402 -0.187246356 0.536410474
1403715316.412142992 0.814328034 3.740974367 0.391227233 -0.252540503 -0.786641922 -0.194148203 0.528889645
1403715316.462142944 0.817601454 3.738915022 0.381874908 -0.258359203 -0.787437545 -0.199238251 0.522969171
1403715316.512142897 0.824346252 3.731050751 0.380375459 -0.264881116 -0.785963290 -0.203782906 0.520165578
1403715316.562143087 0.820174746 3.726202896 0.375062530 -0.269687165 -0.783216494 -0.206551106 0.520746961
1403715316.612143040 0.818082175 3.720175330 0.367642442 -0.274905848 -0.779989420 -0.207938857 0.522307105
1403715316.662142992 0.810898704 3.713924396 0.363710826 -0.278054952 -0.776348730 -0.210095629 0.525193222
1403715316.712142944 0.802918594 3.706645861 0.354474835 -0.282544644 -0.772681557 -0.211696040 0.527557127
1403715316.762142897 0.793687739 3.699890424 0.350536605 -0.286860446 -0.768905080 -0.214792788 0.529490435
1403715316.812143087 0.785213369 3.691448023 0.335846881 -0.292690381 -0.765559747 -0.217863864 0.529892396
1403715316.862143040 0.776381845 3.684347796 0.328207907 -0.298319806 -0.761362827 -0.221783352 0.531172366
1403715316.912142992 0.768725203 3.675660226 0.321297866 -0.305728495 -0.756743353 -0.226548965 0.531549764
1403715316.962142944 0.757802352 3.668886158 0.310116291 -0.312578354 -0.751993551 -0.232547164 0.531716360
1403715317.012142897 0.744805716 3.662686961 0.292597585 -0.321358317 -0.745410428 -0.237222033 0.533683271
1403715317.062143087 0.739448762 3.653915773 0.278909439 -0.332066399 -0.740500765 -0.242047596 0.531792708
1403715317.112143040 0.726384606 3.646049938 0.272130371 -0.342112121 -0.736214442 -0.247222853 0.528988141
1403715317.162142992 0.714952658 3.637730002 0.261325019 -0.353378780 -0.732628422 -0.252427939 0.524079353
1403715317.212142944 0.697276393 3.627277872 0.252452069 -0.364162392 -0.728952895 -0.258413380 0.518879518
1403715317.262142897 0.683028714 3.616889028 0.246381463 -0.374277841 -0.724318413 -0.266315456 0.514154658
1403715317.312143087 0.670717371 3.606622245 0.240834211 -0.385575529 -0.719316478 -0.273842196 0.508847489
1403715317.362143040 0.654764167 3.596972208 0.234024510 -0.397107068 -0.713861362 -0.279876091 0.504358311
1403715317.412142992 0.640852223 3.587578596 0.223017059 0.409808135 0.708282285 0.285046836 -0.499141060
1403715317.462142944 0.629941538 3.577085924 0.213243109 0.422461464 0.701833162 0.290071549 -0.494787854
1403715317.512142897 0.618459671 3.566764283 0.211389021 0.433596860 0.694334197 0.296160441 -0.492120696
1403715317.562143087 0.605193807 3.557796051 0.202696993 0.444288591 0.687706762 0.302523273 -0.488002794
1403715317.612143040 0.590247080 3.548626130 0.202246796 0.454394499 0.680204855 0.308685082 -0.485345769
1403715317.662142992 0.577348091 3.539636216 0.201978172 0.464477937 0.673136588 0.314285214 -0.482049981
1403715317.712142944 0.565699490 3.531726334 0.200914412 0.474510866 0.666110219 0.319424562 -0.478648685
1403715317.762142897 0.556512201 3.522995672 0.197969891 0.485024824 0.658276734 0.323475588 -0.476220753
1403715317.812143087 0.547611845 3.515526456 0.188327513 0.496810915 0.650114503 0.324699423 -0.474447398
1403715317.862143040 0.533387677 3.508153147 0.184953328 0.508321937 0.641686588 0.325746231 -0.473007953
1403715317.912142992 0.526770055 3.499364276 0.184308184 0.518159735 0.633625285 0.329724365 -0.470437381
1403715317.962142944 0.522197046 3.491657725 0.173461579 0.527979904 0.626970577 0.333401523 -0.465820288
1403715318.012142897 0.512568018 3.485545575 0.176276694 0.535938849 0.621084647 0.337068894 -0.461961007
1403715318.062143087 0.505961651 3.478610671 0.194581751 0.541821829 0.613829563 0.342177134 -0.461039241
1403715318.112143040 0.499364879 3.472895944 0.198965154 0.547596669 0.607871803 0.344737369 -0.460202027
1403715318.162142992 0.498083864 3.468217677 0.190063418 0.552288134 0.603854908 0.347511626 -0.457791151
1403715318.212142944 0.497458812 3.463847974 0.174368809 0.556112084 0.601250498 0.349581032 -0.455005813
1403715318.262142897 0.499129086 3.459829557 0.159553490 0.559262654 0.599592427 0.351584890 -0.451776793
1403715318.312143087 0.504639112 3.456107582 0.146074253 0.562021516 0.598594650 0.353710193 -0.448001518
1403715318.362143040 0.517418159 3.452582532 0.133103487 0.564810071 0.596530110 0.356895261 -0.444710225
1403715318.412142992 0.526915856 3.447733436 0.128224037 0.566501015 0.595838202 0.361541350 -0.439705913
1403715318.462142944 0.534856637 3.443678434 0.126607091 0.568023826 0.595666043 0.367153877 -0.433276965
1403715318.512142897 0.542943560 3.439870071 0.127070532 0.569608608 0.595585449 0.372664836 -0.426550028
1403715318.612143040 0.564791489 3.435914231 0.109199247 0.579378881 0.594661444 0.377067361 -0.410509543
1403715318.662142992 0.569950450 3.435549538 0.110455357 0.585885967 0.594272152 0.377506632 -0.401331516
1403715318.712142944 0.581351419 3.436200618 0.112174149 0.592839596 0.592824068 0.377176932 -0.393495107
1403715318.762142897 0.580636294 3.440614978 0.103842830 0.599953936 0.590596472 0.376674848 -0.386480454
1403715318.812143087 0.587703761 3.444774385 0.099861684 0.606429025 0.587853914 0.378373443 -0.378820737
1403715318.912142992 0.603763951 3.458707584 0.091641885 0.615962413 0.578699683 0.387121037 -0.368557032
1403715318.962142944 0.614813423 3.468155976 0.090024705 0.620053434 0.573438131 0.391639074 -0.365131873
1403715319.012142897 0.624172168 3.480656232 0.098660554 0.623443038 0.566906628 0.396827215 -0.363955787
1403715319.062143087 0.629677069 3.495338280 0.110164804 0.625399266 0.560524026 0.404283149 -0.362275737
1403715319.112143040 0.634735990 3.512402735 0.110348338 0.627681246 0.554358692 0.412084363 -0.359011380
1403715319.212142944 0.645095083 3.552960989 0.092057212 0.635674389 0.543083721 0.422169038 -0.350359026
1403715319.262142897 0.647763346 3.574622770 0.089675340 0.640284093 0.537305756 0.427248017 -0.344670766
1403715319.312143087 0.649888345 3.595078189 0.101106157 0.643754395 0.530383089 0.434601781 -0.339698910
1403715319.412142992 0.637074157 3.640873421 0.100081454 0.651747392 0.517326222 0.444586688 -0.331574416
1403715319.462142944 0.638532157 3.663043772 0.081183603 0.657123961 0.509193269 0.448382022 -0.328426365
1403715319.512142897 0.637709009 3.685451876 0.070338869 0.662470962 0.500459727 0.452158492 -0.325921747
1403715319.562143087 0.640668125 3.707411595 0.063369617 0.667172426 0.492537056 0.456806061 -0.321895052
1403715319.612143040 0.644679478 3.730110477 0.049666778 0.671869581 0.485051633 0.460034195 -0.318880415
1403715319.712142944 0.628236181 3.779390001 0.060333508 0.675654748 0.474700955 0.465662787 -0.318288916
1403715319.762142897 0.628291543 3.804097184 0.060850852 0.678322326 0.472226461 0.466121499 -0.315613276
1403715319.812143087 0.626684634 3.830685341 0.080449647 0.679999346 0.469503678 0.466645430 -0.315292292
1403715319.862143040 0.633076918 3.857222628 0.094821837 0.682335665 0.467501012 0.466553930 -0.313350083
1403715319.962142944 0.621754808 3.911618251 0.135673632 0.684304734 0.463669675 0.468678167 -0.311573812
1403715320.012142897 0.611144027 3.941051237 0.151080749 0.685570807 0.461374800 0.470315987 -0.309723802
1403715320.062143087 0.603180555 3.970882277 0.162892846 0.688174918 0.458236480 0.471697992 -0.306489175
1403715320.112143040 0.595465064 3.999993653 0.174604953 0.690409275 0.454151859 0.474728910 -0.302842506
1403715320.212142944 0.577702527 4.056504194 0.212669190 0.695369260 0.440417702 0.484678890 -0.295939543
1403715320.262142897 0.568922132 4.085044119 0.219916511 0.698115669 0.430304792 0.491885981 -0.292438848
1403715320.312143087 0.559618501 4.113492383 0.221947299 0.702099392 0.418075742 0.498143934 -0.290037478
1403715320.362143040 0.549658912 4.140892273 0.234003560 0.706923746 0.404483432 0.503870234 -0.287692124
1403715320.412142992 0.541507140 4.167408756 0.251312764 0.713294270 0.389400472 0.508490585 -0.284632888
1403715320.462142944 0.516227848 4.194312875 0.258699692 0.720331606 0.374786785 0.511778440 -0.280606613
1403715320.562143087 0.493496047 4.240729668 0.272137581 0.735888604 0.345282872 0.516795111 -0.268645703
1403715320.612143040 0.482465086 4.259312277 0.289622134 0.742821445 0.329931536 0.518863184 -0.264844253
1403715320.662142992 0.463830336 4.278995636 0.298538689 0.750113054 0.314621457 0.519470718 -0.261713427
1403715320.712142944 0.445224537 4.299430281 0.301384247 0.756662015 0.299943029 0.520522473 -0.257978930
1403715320.762142897 0.426290777 4.316393051 0.314959622 0.761538618 0.285491957 0.521696239 -0.257655410
1403715320.862143040 0.377032690 4.350912355 0.319400920 0.770724839 0.265257251 0.519809367 -0.255773406
1403715320.912142992 0.365699318 4.364755928 0.330974376 0.775658613 0.256971654 0.517571382 -0.253848673
1403715320.962142944 0.353516673 4.377438906 0.334268669 0.780441485 0.251451813 0.514844296 -0.250236738
1403715321.062143087 0.325145645 4.394547711 0.354671999 0.784766560 0.246836397 0.515024029 -0.240756080
1403715321.112143040 0.316058034 4.400412210 0.364368134 0.786931061 0.245236990 0.514512282 -0.236379855
1403715321.162142992 0.308380611 4.403479170 0.373753043 0.787743421 0.244435649 0.515521056 -0.232270439
1403715321.212142944 0.303906949 4.404011671 0.380904951 0.788378505 0.244337946 0.516155670 -0.228782920
1403715321.312143087 0.296681739 4.402286898 0.379614290 0.789722734 0.244519550 0.515564179 -0.225259341
1403715321.362143040 0.297735193 4.399066085 0.391589455 0.789944481 0.244371345 0.515438631 -0.224929723
1403715321.462142944 0.299705528 4.391529614 0.390524202 0.789705537 0.245054489 0.515438874 -0.225024954
1403715321.512142897 0.303675652 4.384404046 0.399310671 0.789756578 0.245945350 0.514688527 -0.225590676
1403715321.612143040 0.315207306 4.366189914 0.406746938 0.787925315 0.251506975 0.515335195 -0.224382657
1403715321.662142992 0.328324762 4.353903322 0.421346666 0.786101324 0.252969540 0.517874076 -0.223288066
1403715321.712142944 0.341087452 4.342772701 0.414369992 0.784924502 0.253048898 0.520113397 -0.222130223
1403715321.812143087 0.368176110 4.308715699 0.444444098 0.781972901 0.244203076 0.526751976 -0.226750073
1403715321.862143040 0.383816211 4.293815724 0.426109520 0.781047061 0.239270655 0.529870737 -0.227929911
1403715321.912142992 0.401162621 4.273890893 0.421358144 0.779983273 0.234633768 0.533222151 -0.228576524
1403715322.012142897 0.419135073 4.230504421 0.402646294 0.784338221 0.230236792 0.531562049 -0.221915217
1403715322.062143087 0.420968270 4.207465384 0.396736856 0.786859952 0.228797587 0.530262366 -0.217542877
1403715322.162142992 0.447739091 4.150238674 0.415755145 0.790863729 0.229700459 0.529895895 -0.202441602
1403715322.212142944 0.473200413 4.116315918 0.438958434 0.792221209 0.229946449 0.530896839 -0.194058580
1403715322.262142897 0.492913922 4.083104729 0.447722102 0.793622095 0.230074354 0.531950723 -0.185089682
1403715322.362143040 0.542390789 4.016563530 0.455747169 0.798828646 0.225328475 0.532658068 -0.165454693
1403715322.412142992 0.555535308 3.984581500 0.457649429 0.801701816 0.222024664 0.532564809 -0.156057590
1403715322.462142944 0.568239490 3.953075619 0.453914462 0.804558816 0.217661432 0.532592999 -0.147150638
1403715322.512142897 0.587032139 3.919017350 0.444162553 0.807351025 0.212296594 0.532280667 -0.140683228
1403715322.612143040 0.614265802 3.857932295 0.415718502 0.811901944 0.206090945 0.530389521 -0.130494106
1403715322.662142992 0.634446233 3.828991968 0.409067915 0.813722491 0.203241876 0.529562473 -0.126933191
1403715322.712142944 0.663551972 3.800177609 0.400147721 0.814225665 0.200370845 0.530650307 -0.123686470
1403715322.762142897 0.692001483 3.773695313 0.394859939 0.814268744 0.197506124 0.532061972 -0.121933592
1403715322.812143087 0.716236257 3.750971104 0.378810352 0.815025564 0.197071108 0.531642389 -0.119384578
1403715322.912142992 0.773127488 3.708767085 0.360058045 0.814656656 0.197287457 0.533287398 -0.114090941
1403715322.962142944 0.796200426 3.691239436 0.355782729 0.814240770 0.197687734 0.533897444 -0.113512326
1403715323.012142897 0.825977888 3.673764321 0.354321948 0.813720965 0.198129951 0.534845449 -0.111995798
1403715323.062143087 0.856802054 3.657379076 0.358802945 0.813579495 0.198045645 0.535226724 -0.111349372
1403715323.162142992 0.906529244 3.633404859 0.371472568 0.811960917 0.200988222 0.536774250 -0.110438252
1403715323.212142944 0.936352467 3.622388949 0.379597610 0.810967017 0.201949196 0.537995873 -0.110042992
1403715323.262142897 0.964294870 3.614302486 0.379456890 0.810324469 0.203115981 0.538555984 -0.109889060
1403715323.312143087 1.000173223 3.605923024 0.375844293 0.810396688 0.203363225 0.538457905 -0.109378662
1403715323.362143040 1.031589509 3.600085613 0.368370264 0.810135020 0.203464730 0.538659663 -0.110132290
1403715323.412142992 1.061477271 3.596886828 0.361836753 0.809812567 0.204044649 0.538904272 -0.110234173
1403715323.462142944 1.094177092 3.595472187 0.353523050 0.810878638 0.204329446 0.537253310 -0.109928126
1403715323.512142897 1.125937689 3.596419015 0.348544451 0.811824670 0.204293601 0.535870734 -0.109760590
1403715323.562143087 1.156702680 3.597724405 0.359274895 0.811491261 0.203730395 0.536511696 -0.110141084
1403715323.612143040 1.187642383 3.601383709 0.370136936 0.807487266 0.201611061 0.542770634 -0.112771158
1403715323.662142992 1.218293434 3.607747040 0.380562791 0.801684486 0.198678125 0.551519136 -0.116857304
1403715323.712142944 1.242996555 3.616751980 0.392694788 0.794741364 0.197809943 0.561228022 -0.119501037
1403715323.762142897 1.275777925 3.624165315 0.402495431 0.787408198 0.195937204 0.571679602 -0.121570450
1403715323.812143087 1.309747270 3.633770903 0.406382784 0.782193308 0.193323882 0.579148678 -0.124041584
1403715323.862143040 1.333942507 3.645808343 0.410316280 0.776900045 0.192300363 0.586116026 -0.126154247
1403715323.912142992 1.353674805 3.657956983 0.430490839 0.770536737 0.190604720 0.594424309 -0.128851541
1403715323.962142944 1.377973842 3.669775385 0.437161490 0.764853573 0.188818877 0.601729845 -0.131406383
1403715324.012142897 1.397223298 3.682955106 0.436440989 0.760944661 0.187727018 0.606484659 -0.133783958
1403715324.062143087 1.414879533 3.691448963 0.442385971 0.759038481 0.186702129 0.608645669 -0.136210676
1403715324.112143040 1.431248776 3.699333475 0.445041628 0.761843065 0.185472391 0.605034115 -0.138307106
1403715324.212142944 1.435690997 3.718884137 0.463731394 0.768312456 0.185064820 0.595997008 -0.142248198
1403715324.262142897 1.439641603 3.725432999 0.464236867 0.772063371 0.183391311 0.590909793 -0.145297605
1403715324.312143087 1.446376373 3.728759158 0.470195034 0.775796741 0.180370216 0.585914912 -0.149364381
1403715324.362143040 1.439217655 3.736806621 0.470315112 0.780746183 0.177621193 0.578588865 -0.155309482
1403715324.412142992 1.435846412 3.741450587 0.470053587 0.787426151 0.175455734 0.569211313 -0.158662605
1403715324.462142944 1.422452237 3.746536107 0.477621176 0.793894918 0.175300439 0.559493354 -0.161145284
1403715324.512142897 1.415045100 3.748598178 0.479864942 0.799556390 0.175380827 0.551350563 -0.161132560
1403715324.612143040 1.408624453 3.743451858 0.497477090 0.806538422 0.175640130 0.541509826 -0.159415894
1403715324.662142992 1.403244294 3.740379627 0.504499774 0.807883525 0.176920281 0.539572106 -0.157750964
1403715324.712142944 1.396661708 3.737150362 0.515017372 0.807890879 0.178085788 0.539517091 -0.156585721
1403715324.762142897 1.392516642 3.733820694 0.526005976 0.807466468 0.179678940 0.540243208 -0.154436582
1403715324.862143040 1.387444024 3.726021085 0.540258264 0.802684020 0.188192503 0.547630604 -0.142767875
1403715324.912142992 1.387007004 3.721315787 0.548928708 0.799890766 0.191728015 0.551446470 -0.139003318
1403715324.962142944 1.380453476 3.717641399 0.558943668 0.795911937 0.194090843 0.556512380 -0.138372335
1403715325.012142897 1.384334882 3.710704494 0.566468430 0.792686376 0.194354732 0.561047070 -0.138205405
1403715325.062143087 1.382732017 3.706308577 0.569835845 0.790311470 0.194696247 0.564054547 -0.139081343
1403715325.162142992 1.379120292 3.696846631 0.576724456 0.786813649 0.194275875 0.568328113 -0.142071542
1403715325.212142944 1.372817700 3.694549354 0.578885990 0.785465485 0.194463954 0.569838957 -0.143217685
1403715325.262142897 1.369455282 3.690706857 0.576373388 0.786072340 0.194343679 0.568798114 -0.144185699
1403715325.362143040 1.365180226 3.677431975 0.578547329 0.790539347 0.193586356 0.562356725 -0.146036904
1403715325.412142992 1.356394746 3.672324360 0.580547344 0.793229042 0.193758503 0.558185885 -0.147220405
1403715325.462142944 1.342284564 3.667990789 0.583946194 0.795827078 0.194117798 0.554060742 -0.148304540
1403715325.512142897 1.334451948 3.660358218 0.586121894 0.798686717 0.193137465 0.549866734 -0.149813293
1403715325.612143040 1.305874713 3.651263557 0.585864773 0.802173090 0.188755999 0.543944047 -0.158159352
1403715325.662142992 1.297470341 3.644239347 0.576719523 0.803670151 0.185552282 0.541451149 -0.162835169
1403715325.712142944 1.289796687 3.635827835 0.571916882 0.804973184 0.183182546 0.539311141 -0.166149995
1403715325.812143087 1.271789139 3.618338725 0.566879900 0.807125315 0.182278799 0.536108458 -0.167065517
1403715325.862143040 1.265438174 3.606882744 0.576240520 0.807733355 0.181684216 0.535420673 -0.166980166
1403715325.912142992 1.264034441 3.593126922 0.584183652 0.808160614 0.181372256 0.535153457 -0.166106303
1403715325.962142944 1.266813669 3.578105066 0.587860827 0.808462825 0.181613121 0.535365003 -0.163672990
1403715326.012142897 1.267181074 3.564013080 0.585653612 0.808524446 0.182755968 0.535691080 -0.161007896
1403715326.112143040 1.274336346 3.535204650 0.560971544 0.807284320 0.188188648 0.539072907 -0.149256358
1403715326.162142992 1.278687115 3.518089468 0.562523566 0.806136760 0.190263729 0.541251204 -0.144880546
1403715326.262142897 1.296677420 3.482092925 0.555904342 0.803462863 0.192982504 0.546503304 -0.136159169
1403715326.312143087 1.297647553 3.466012116 0.564812766 0.799807750 0.193232046 0.552047066 -0.134955460
1403715326.362143040 1.299727590 3.450164029 0.564301267 0.795709534 0.192793611 0.558069138 -0.135039989
1403715326.412142992 1.304054222 3.435430219 0.557009565 0.792015472 0.191780204 0.563417380 -0.135987873
1403715326.512142897 1.316910601 3.407555049 0.530057457 0.788373804 0.189610241 0.569123810 -0.136428699
1403715326.562143087 1.312986645 3.395120279 0.528301813 0.786377843 0.188827424 0.572181677 -0.136243241
1403715326.662142992 1.311748471 3.364935522 0.525929199 0.783876744 0.186793693 0.576621120 -0.134734746
1403715326.712142944 1.311759411 3.347725029 0.521643582 0.785415184 0.184916732 0.575041811 -0.135113681
1403715326.762142897 1.310237378 3.330490617 0.514855913 0.787883397 0.182914067 0.572198782 -0.135538745
1403715326.812143087 1.306033126 3.314232649 0.508024804 0.791078760 0.180964971 0.568286602 -0.136001516
1403715326.862143040 1.294922586 3.299531780 0.504113118 0.794167394 0.179220898 0.564193488 -0.137345293
1403715326.962142944 1.275426131 3.266711148 0.502796352 0.799100028 0.176074786 0.557865011 -0.138648638
1403715327.012142897 1.268480926 3.249027552 0.497424191 0.801765718 0.172851162 0.554460563 -0.140952806
1403715327.112143040 1.250590645 3.213642527 0.493238083 0.805313431 0.167801382 0.549704808 -0.145387750
1403715327.162142992 1.247250024 3.192049360 0.492147950 0.807233834 0.165538479 0.547122382 -0.147063418
1403715327.212142944 1.242113443 3.171802861 0.487357362 0.809253459 0.163774354 0.544361741 -0.148179267
1403715327.262142897 1.234759537 3.152440524 0.481231608 0.811278008 0.162721460 0.541574618 -0.148481154
1403715327.362143040 1.225891838 3.109324605 0.477711506 0.813096627 0.159638074 0.539435898 -0.149661191
1403715327.412142992 1.220949914 3.089247455 0.468968761 0.813991647 0.158602576 0.538254122 -0.150150996
1403715327.462142944 1.221247622 3.065855330 0.460805410 0.814829212 0.158812314 0.537018102 -0.149811760
1403715327.562143087 1.215421258 3.021471779 0.433828751 0.814802469 0.166970517 0.535213190 -0.147528386
1403715327.612143040 1.219338709 2.995506155 0.431275694 0.814217163 0.172944823 0.534741171 -0.145576024
1403715327.662142992 1.223242985 2.968884714 0.432781943 0.812834879 0.179390558 0.534587414 -0.146064313
1403715327.712142944 1.232348954 2.940072569 0.431528579 0.811393546 0.186289216 0.534158017 -0.147010388
1403715327.812143087 1.249996389 2.882930910 0.438496743 0.807116579 0.201285680 0.532760444 -0.155605950
1403715327.862143040 1.254729852 2.858182433 0.440184977 0.804460635 0.210075215 0.531956881 -0.160416229
1403715327.912142992 1.258998739 2.835499565 0.431127939 0.801183480 0.220626492 0.531392637 -0.164471417
1403715328.012142897 1.296297748 2.777831483 0.428192020 0.794704532 0.235771430 0.531935340 -0.172920020
1403715328.062143087 1.307447364 2.753563616 0.423155864 0.791109728 0.242641338 0.533078529 -0.176345857
1403715328.112143040 1.319000307 2.729513817 0.415326068 0.787535143 0.248340181 0.535093963 -0.178297517
1403715328.162142992 1.325008097 2.706678103 0.418152472 0.782596323 0.252941316 0.539301403 -0.180880299
1403715328.212142944 1.335090547 2.682793757 0.412312878 0.778806299 0.256398951 0.543095015 -0.181019700
1403715328.262142897 1.349040690 2.656707253 0.409552447 0.775995129 0.257150599 0.546636802 -0.181365200
1403715328.362143040 1.369886656 2.607213243 0.410676095 0.771313468 0.257591661 0.553589115 -0.179613923
1403715328.412142992 1.376240963 2.585538315 0.403367566 0.770160345 0.257602532 0.556091914 -0.176792989
1403715328.462142944 1.379727267 2.563470927 0.402438096 0.769499153 0.256727791 0.557986751 -0.174964797
1403715328.562143087 1.375808391 2.527829729 0.388959755 0.772476566 0.257355665 0.554839432 -0.170883649
1403715328.612143040 1.373442329 2.507352582 0.388533621 0.774718778 0.258644094 0.551703378 -0.168930252
1403715328.662142992 1.373953955 2.486548522 0.392538034 0.776990562 0.260277061 0.548032667 -0.167933660
1403715328.712142944 1.371150885 2.470316460 0.391427618 0.778645219 0.262626977 0.544053250 -0.169542784
1403715328.812143087 1.356064548 2.441143427 0.394429650 0.777587970 0.272684260 0.537470076 -0.179237723
1403715328.862143040 1.352094993 2.429337634 0.387483450 0.774962689 0.279186539 0.535495976 -0.186364605
1403715328.912142992 1.347136718 2.423293502 0.379630539 0.772374472 0.287352615 0.531919677 -0.194750115
1403715329.012142897 1.341818698 2.406780459 0.346880256 0.765326985 0.309308081 0.523337549 -0.211473228
1403715329.062143087 1.336537481 2.396986593 0.350579568 0.760297061 0.320805947 0.519470628 -0.221770580
1403715329.112143040 1.328405823 2.390815643 0.352233313 0.754736838 0.332641856 0.515004825 -0.233434640
1403715329.162142992 1.323457635 2.385642791 0.345772937 0.749747332 0.345328154 0.509067927 -0.243879580
1403715329.262142897 1.318203296 2.367908936 0.341649832 0.740305295 0.368644165 0.498233964 -0.260408269
1403715329.312143087 1.313202512 2.359482924 0.340821599 0.735532932 0.378632780 0.493815362 -0.267908401
1403715329.362143040 1.308924699 2.349981640 0.347042408 0.730831949 0.385555049 0.491193790 -0.275609557
1403715329.412142992 1.303688246 2.345594096 0.344337775 0.726800757 0.391674467 0.488695293 -0.282008302
1403715329.462142944 1.297726712 2.342444829 0.334597929 0.723952514 0.398092346 0.485678615 -0.285537256
1403715329.562143087 1.288235956 2.335750230 0.308894592 0.721361152 0.406967792 0.479769112 -0.289546029
1403715329.612143040 1.281938340 2.330306830 0.304710330 0.719871305 0.410299217 0.478564394 -0.290544279
1403715329.662142992 1.278380663 2.324751761 0.302866639 0.718211837 0.411489624 0.479163392 -0.291976866
1403715329.712142944 1.275417659 2.320809423 0.298174136 0.716804799 0.411813051 0.480078888 -0.293470872
1403715329.812143087 1.270368901 2.316890112 0.269450803 0.716994121 0.411807132 0.478951901 -0.294854867
1403715329.862143040 1.265521099 2.315400399 0.262226562 0.717281122 0.411877824 0.478598093 -0.294632508
1403715329.912142992 1.262162687 2.312964220 0.256890135 0.716925820 0.411801854 0.479666305 -0.293865340
1403715329.962142944 1.258594306 2.310439835 0.250957397 0.716592955 0.411417126 0.480050115 -0.294588478
1403715330.062143087 1.253596843 2.307280443 0.216548482 0.716659471 0.413081223 0.476110965 -0.298465164
1403715330.112143040 1.247451717 2.306121560 0.205350529 0.715627077 0.415186169 0.475212155 -0.299452400
1403715330.162142992 1.246205979 2.303072064 0.195745856 0.714306762 0.416945710 0.475541198 -0.299637603
1403715330.262142897 1.246288803 2.298171770 0.178973014 0.713745589 0.420547137 0.475088707 -0.296644671
1403715330.312143087 1.243685041 2.297363450 0.172893350 0.713982091 0.422354583 0.474225577 -0.294883506
1403715330.362143040 1.240343118 2.296589856 0.167527126 0.714436913 0.423479649 0.473272067 -0.293697863
1403715330.462142944 1.238500949 2.295394894 0.159064412 0.714220581 0.422626962 0.473296106 -0.295408546
1403715330.512142897 1.235427666 2.296102562 0.152416673 0.713651382 0.423019263 0.473934345 -0.295199330
1403715330.562143087 1.234858517 2.297105219 0.149679415 0.713082693 0.423029702 0.474663004 -0.295387841
1403715330.612143040 1.231201872 2.300463950 0.153861510 0.711437793 0.421400984 0.476514327 -0.298683065
1403715330.712142944 1.232023637 2.304469228 0.164610025 0.709242494 0.414998411 0.479822019 -0.307444685
1403715330.762142897 1.230548724 2.306905350 0.173711470 0.709020777 0.412787470 0.477928554 -0.313815775
1403715330.862143040 1.226024111 2.312401947 0.190127244 0.706619409 0.417134142 0.471639443 -0.322868943
1403715330.912142992 1.228988030 2.311794678 0.202444401 0.704677781 0.420942647 0.467028837 -0.328816937
1403715330.962142944 1.229764127 2.312083084 0.212071981 0.701141629 0.426418437 0.462320730 -0.335897717
1403715331.012142897 1.232392803 2.309784930 0.222981753 0.696599265 0.432537664 0.457701278 -0.343758888
1403715331.112143040 1.243045517 2.303538671 0.235476254 0.687300526 0.448282699 0.445551833 -0.357972307
1403715331.162142992 1.253771948 2.297192923 0.254405663 0.681415629 0.458128420 0.441482296 -0.361779593
1403715331.212142944 1.261074690 2.293888850 0.266008264 0.675037586 0.468703570 0.438015695 -0.364394666
1403715331.312143087 1.281148207 2.283868314 0.290213958 0.663216709 0.487507145 0.434984424 -0.365060175
1403715331.362143040 1.292771662 2.276732833 0.303047501 0.658885213 0.493917978 0.433514934 -0.366032934
1403715331.412142992 1.303738905 2.271747789 0.320960528 0.654912106 0.499184358 0.432409921 -0.367323794
1403715331.512142897 1.323909010 2.267326033 0.353244205 0.649172580 0.507397843 0.430544404 -0.368447969
1403715331.562143087 1.330782833 2.266561393 0.372818320 0.646454558 0.510291200 0.430628135 -0.369132503
1403715331.612143040 1.340952028 2.260686416 0.398254860 0.644365466 0.511945786 0.431323719 -0.369681630
1403715331.712142944 1.369551444 2.249668749 0.435636465 0.640241033 0.514785131 0.435366646 -0.368162427
1403715331.762142897 1.385507530 2.244037808 0.453227331 0.639100609 0.515356688 0.436743108 -0.367713685
1403715331.812143087 1.399273403 2.240069995 0.465977202 0.638378980 0.515503675 0.437951974 -0.367323164
1403715331.862143040 1.411584361 2.236101721 0.480829593 0.638118280 0.514890697 0.439336288 -0.366982637
1403715331.962142944 1.441993578 2.224386031 0.508794827 0.641757872 0.511151006 0.438218614 -0.367200120
1403715332.012142897 1.451102919 2.221626430 0.516250989 0.644899760 0.508977679 0.436125498 -0.367206442
1403715332.112143040 1.470984054 2.214152575 0.523188527 0.651681668 0.506332709 0.432952016 -0.362616523
1403715332.162142992 1.478930734 2.212156193 0.524901348 0.655448732 0.503302373 0.429422845 -0.364238524
1403715332.212142944 1.490202201 2.210519852 0.523185152 0.659251067 0.499333747 0.425595556 -0.367317659
1403715332.312143087 1.512592973 2.211317035 0.521945856 0.661654821 0.493650757 0.421112092 -0.375747833
1403715332.362143040 1.524995034 2.212179547 0.518482342 0.662233441 0.494653151 0.418628998 -0.376184652
1403715332.462142944 1.552816010 2.214879154 0.519141922 0.660861675 0.499894653 0.415020376 -0.375666435
1403715332.512142897 1.574669975 2.212765541 0.522086969 0.661385645 0.501048052 0.412418522 -0.376072921
1403715332.562143087 1.593622158 2.211471637 0.534991924 0.659469754 0.502210132 0.412773594 -0.377495147
1403715332.662142992 1.636927293 2.219212673 0.532444802 0.656475978 0.504375518 0.413713925 -0.378794688
1403715332.712142944 1.656749779 2.225420584 0.533940022 0.654390729 0.505969281 0.414897172 -0.378983108
1403715332.762142897 1.679505118 2.229113275 0.540138751 0.652506097 0.507553159 0.415804198 -0.379120632
1403715332.862143040 1.725594999 2.249372129 0.546662494 0.647117546 0.514735197 0.415375392 -0.379143564
1403715332.912142992 1.749240546 2.259822276 0.550562933 0.640629388 0.516004028 0.419280695 -0.384106142
1403715333.012142897 1.804763053 2.276634755 0.558856384 0.623577540 0.516083562 0.432012316 -0.397711160
1403715333.062143087 1.832950783 2.283671441 0.563797402 0.615912277 0.515855588 0.436879281 -0.404575794
1403715333.112143040 1.858618147 2.292612466 0.570158520 0.609297762 0.516328281 0.440195013 -0.410353133
1403715333.212142944 1.914970837 2.305893802 0.562798076 0.602766028 0.520084710 0.441971363 -0.413335607
1403715333.262142897 1.941074531 2.307356623 0.559787527 0.602529902 0.522204355 0.440219646 -0.412876485
1403715333.312143087 1.966201008 2.305987968 0.562705696 0.602730552 0.524707576 0.438220666 -0.411534311
1403715333.412142992 2.015359887 2.305252876 0.566000241 0.603660184 0.530323562 0.433770155 -0.407669908
1403715333.462142944 2.039568604 2.299614846 0.576622411 0.603746397 0.530752653 0.432565824 -0.408263050
1403715333.562143087 2.087918008 2.295090476 0.558499981 0.606189540 0.530738662 0.428752992 -0.408682745
1403715333.612143040 2.111859148 2.293945914 0.536900239 0.607679053 0.532287806 0.426769882 -0.406525925
1403715333.662142992 2.135806564 2.285521896 0.534778582 0.608856886 0.534110558 0.425087905 -0.404128047
1403715333.712142944 2.158734167 2.276563267 0.532428860 0.610636042 0.536346464 0.422251920 -0.401446647
1403715333.812143087 2.199532330 2.264157356 0.528513057 0.615213788 0.542285050 0.411810166 -0.397305055
1403715333.862143040 2.219638047 2.254941007 0.516694930 0.616584519 0.545476286 0.407033910 -0.395730398
1403715333.962142944 2.263237073 2.232639571 0.518151811 0.612412136 0.552060260 0.402632252 -0.397577810
1403715334.012142897 2.286699278 2.225274058 0.514183977 0.609419542 0.555442640 0.399819607 -0.400294363
1403715334.062143087 2.308030498 2.220474287 0.505343489 0.606386697 0.558940667 0.396528532 -0.403293477
1403715334.112143040 2.329350758 2.215299050 0.495962072 0.604032996 0.562396059 0.393234899 -0.405242059
1403715334.212142944 2.379247565 2.198461191 0.490937817 0.600056254 0.567513325 0.387758565 -0.409273030
1403715334.262142897 2.401652899 2.190290118 0.500178334 0.598335918 0.569483947 0.385277797 -0.411391763
1403715334.362143040 2.454639978 2.176954456 0.499736424 0.596343109 0.572994302 0.382050779 -0.412419240
1403715334.412142992 2.480663380 2.175686488 0.493593461 0.595826833 0.574578271 0.380647721 -0.412259031
1403715334.512142897 2.528735409 2.174875225 0.504060451 0.592633804 0.575730887 0.381028553 -0.414893195
1403715334.562143087 2.549777635 2.178229954 0.509131383 0.590204364 0.576922147 0.382349786 -0.415485603
1403715334.612143040 2.572366702 2.180552555 0.511970248 0.588342084 0.578422087 0.383470164 -0.415008572
1403715334.662142992 2.597308905 2.183679549 0.503310366 0.587679037 0.580123882 0.383486040 -0.413555422
1403715334.762142897 2.648738706 2.185816597 0.503698893 0.585388782 0.579665740 0.385897606 -0.415199519
1403715334.812143087 2.673031039 2.187525070 0.508597688 0.584435575 0.579652749 0.387303469 -0.415251457
1403715334.912142992 2.725301621 2.191599287 0.500190884 0.584601092 0.579394666 0.388477996 -0.414280376
1403715334.962142944 2.748423492 2.195124576 0.502943843 0.584174390 0.579169916 0.389538718 -0.414200529
1403715335.012142897 2.772383883 2.198949204 0.507419759 0.583823597 0.579394485 0.390121676 -0.413832232
1403715335.112143040 2.821779154 2.206009964 0.503666236 0.584033261 0.581529120 0.388859821 -0.411724510
1403715335.162142992 2.845883169 2.212359498 0.496006688 0.584189439 0.582464251 0.387975617 -0.411014617
1403715335.212142944 2.866034789 2.221252166 0.499985410 0.583667431 0.583450458 0.387529058 -0.410778678
1403715335.262142897 2.884030100 2.231877414 0.507147087 0.581506914 0.584906215 0.387934058 -0.411389835
1403715335.362143040 2.921500803 2.252121406 0.513570090 0.575984842 0.588465764 0.386905963 -0.415034073
1403715335.412142992 2.943566682 2.258932153 0.513226938 0.572834291 0.590551272 0.385842363 -0.417415550
1403715335.462142944 2.965066349 2.266637668 0.510448495 0.570667144 0.593692011 0.383315316 -0.418256112
1403715335.512142897 2.983700680 2.274960747 0.507795533 0.569585343 0.595530239 0.379687886 -0.420420481
1403715335.612143040 3.014953207 2.299065513 0.501708314 0.567344300 0.599087668 0.372331322 -0.424951525
1403715335.662142992 3.032556038 2.307754391 0.499876850 0.565723332 0.601752657 0.368905427 -0.426332778
1403715335.712142944 3.051183979 2.317032646 0.499013844 0.562568977 0.605276216 0.366147782 -0.427893270
1403715335.762142897 3.072395785 2.325950572 0.499486371 0.558280314 0.608495896 0.364048655 -0.430725448
1403715335.812143087 3.089659037 2.339250876 0.495122311 0.554201611 0.612194742 0.361797693 -0.432643735
1403715335.862143040 3.109207116 2.347944612 0.493313846 0.550337309 0.614098561 0.360650030 -0.435824918
1403715335.962142944 3.145968317 2.370510993 0.489643165 0.542555847 0.617175585 0.359045673 -0.442508367
1403715336.012142897 3.165039888 2.379669275 0.490218254 0.538329946 0.618535680 0.359957251 -0.445022763
1403715336.062143087 3.181674954 2.392947646 0.493589695 0.534238113 0.618861709 0.360948310 -0.448682674
1403715336.162142992 3.220907272 2.419320744 0.476069623 0.529073313 0.617721435 0.361689377 -0.455721903
1403715336.212142944 3.237759580 2.431450673 0.470118197 0.527337625 0.617382160 0.361821113 -0.458082722
1403715336.262142897 3.255360438 2.442120031 0.471858249 0.526723760 0.618550044 0.360753205 -0.458055727
1403715336.312143087 3.267922376 2.457139388 0.472494001 0.526143559 0.621003709 0.358878288 -0.456873860
1403715336.362143040 3.286475617 2.464196932 0.474178915 0.526713767 0.623521509 0.356785485 -0.454420128
1403715336.412142992 3.301907324 2.477568011 0.476132763 0.526340937 0.625985485 0.355228811 -0.452680773
1403715336.462142944 3.320012922 2.484946026 0.474006679 0.526214215 0.628217624 0.355173129 -0.449770235
1403715336.512142897 3.338328435 2.492021775 0.469616783 0.526770892 0.628891268 0.354161378 -0.448974296
1403715336.562143087 3.355046172 2.501511478 0.467281533 0.527080755 0.628938933 0.353547908 -0.449027362
1403715336.662142992 3.385213538 2.524491818 0.472391324 0.526732546 0.629504938 0.353656734 -0.448556879
1403715336.712142944 3.400282297 2.536439910 0.470452192 0.527092159 0.629574324 0.353819857 -0.447907954
1403715336.762142897 3.415388470 2.548625309 0.471028171 0.527253982 0.629057923 0.354173481 -0.448163491
1403715336.812143087 3.429873183 2.560181156 0.471753827 0.527000379 0.629381599 0.355199367 -0.447194379
1403715336.862143040 3.441641962 2.574504508 0.483887153 0.525285962 0.628863819 0.357083940 -0.448437303
1403715336.912142992 3.450894711 2.591448337 0.496182457 0.523736674 0.629369570 0.358177156 -0.448667990
1403715336.962142944 3.462658961 2.608268114 0.492290457 0.523019565 0.629771399 0.358626679 -0.448581569
1403715337.012142897 3.480339724 2.617000012 0.482082140 0.523596847 0.629614487 0.358195253 -0.448473076
1403715337.062143087 3.489628966 2.634538139 0.478679609 0.522558251 0.631234641 0.356783232 -0.448532527
1403715337.112143040 3.500059239 2.648352210 0.483271591 0.521261405 0.633702082 0.354325143 -0.448510772
1403715337.212142944 3.519516344 2.675313236 0.473049261 0.517653634 0.641641238 0.345693504 -0.448137521
1403715337.262142897 3.525237463 2.688251842 0.478748539 0.514552073 0.644978989 0.340518502 -0.450871841
1403715337.312143087 3.535344080 2.697876753 0.480354418 0.512076577 0.648796217 0.334131299 -0.452987112
1403715337.362143040 3.543739801 2.710758634 0.484219486 0.509643744 0.652178789 0.327507066 -0.455702977
1403715337.412142992 3.553459912 2.723701431 0.497106354 0.507163413 0.654613926 0.321972942 -0.458911000
1403715337.462142944 3.560808745 2.737534165 0.491842898 0.504887503 0.655365023 0.317715952 -0.463294582
1403715337.512142897 3.563102130 2.757632605 0.498539538 0.502832782 0.656135023 0.312756417 -0.467792100
1403715337.562143087 3.567917792 2.777228581 0.505402837 0.500202464 0.656118481 0.310212115 -0.472307609
1403715337.612143040 3.572927804 2.797553320 0.512460943 0.496918568 0.658550013 0.309848275 -0.472628675
1403715337.662142992 3.578926776 2.819358272 0.515301802 0.492842868 0.660031780 0.310792769 -0.474206507
1403715337.712142944 3.591097005 2.836256946 0.507992412 0.490905953 0.660700027 0.311216219 -0.475006616
1403715337.762142897 3.605988352 2.849094618 0.512156079 0.489616147 0.661309516 0.312198308 -0.474845205
1403715337.812143087 3.615800630 2.869723516 0.517257416 0.487684070 0.661274228 0.313422663 -0.476074445
1403715337.862143040 3.624121434 2.890873213 0.524830677 0.486108580 0.661273095 0.315556100 -0.476277954
1403715337.912142992 3.635409369 2.908550492 0.530864650 0.485712240 0.662156163 0.317967657 -0.473845340
1403715337.962142944 3.645511662 2.929042923 0.534932218 0.485463742 0.662311988 0.320074722 -0.472461594
1403715338.012142897 3.658315487 2.947596364 0.537720413 0.486328067 0.661381009 0.321335766 -0.472020654
1403715338.062143087 3.668681704 2.967822176 0.542864747 0.487587027 0.659587664 0.322102635 -0.472708046
1403715338.112143040 3.676846209 2.990633477 0.543961084 0.489387023 0.658186134 0.322204140 -0.472732321
1403715338.162142992 3.685011305 3.012579485 0.541972719 0.490454037 0.657105081 0.322040310 -0.473241786
1403715338.212142944 3.691584066 3.036615977 0.531722763 0.491313243 0.656229922 0.320295741 -0.474746484
1403715338.262142897 3.699262242 3.058004122 0.530516978 0.491062941 0.655734706 0.318633459 -0.476803840
1403715338.312143087 3.707774200 3.080446460 0.527661366 0.490531779 0.656179566 0.315821978 -0.478605714
1403715338.362143040 3.716297321 3.100603732 0.527398920 0.489726502 0.657019345 0.312270485 -0.480604492
1403715338.412142992 3.728604218 3.115611553 0.529927379 0.487426106 0.658803208 0.309337874 -0.482394241
1403715338.462142944 3.739005397 3.134724553 0.536747877 0.483795314 0.661334005 0.305585771 -0.484970891
1403715338.512142897 3.752029462 3.150512345 0.553890806 0.478406028 0.664299019 0.302787769 -0.488010299
1403715338.562143087 3.769581260 3.163938730 0.563803945 0.471683750 0.668425302 0.300600344 -0.490266754
1403715338.612143040 3.785516133 3.183719116 0.567979308 0.463998078 0.673880634 0.296900292 -0.492382871
1403715338.662142992 3.798632348 3.204315367 0.569452149 0.456056798 0.678643792 0.293263032 -0.495430717
1403715338.712142944 3.813065712 3.225112479 0.569081998 0.447666790 0.683462524 0.288919697 -0.498997828
1403715338.762142897 3.820890896 3.250323277 0.571399066 -0.440331006 -0.689408494 -0.283959018 0.500191773
1403715338.812143087 3.837683189 3.267912409 0.570513639 -0.434244680 -0.694795171 -0.280262253 0.500144278
1403715338.862143040 3.852886232 3.288029035 0.573952803 -0.428674193 -0.698192785 -0.276623978 0.502239431
1403715338.912142992 3.866030213 3.308330280 0.581125752 -0.423828254 -0.700796918 -0.274162222 0.504071788
1403715338.962142944 3.879073332 3.328496835 0.587969390 -0.418642811 -0.703711047 -0.273400709 0.504758369
1403715339.012142897 3.889024929 3.353251469 0.594512583 -0.415226050 -0.707922376 -0.271337529 0.502801335
1403715339.062143087 3.904992032 3.370148052 0.599935444 -0.412856153 -0.711077394 -0.269791219 0.501130157
1403715339.112143040 3.916942125 3.392819444 0.593996817 -0.409859896 -0.713450431 -0.269128617 0.500572808
1403715339.162142992 3.930917217 3.413099844 0.595275320 -0.406384040 -0.715150031 -0.270095495 0.500460657
1403715339.212142944 3.944723330 3.435047406 0.589188091 0.403930057 0.717459896 0.271057715 -0.498617611
1403715339.262142897 3.954390460 3.457616449 0.583410581 0.402230711 0.717975084 0.271218332 -0.499162149
1403715339.312143087 3.967249064 3.477768861 0.581989113 -0.401315181 -0.716853071 -0.270962181 0.501644592
1403715339.362143040 3.979752882 3.497951247 0.578869455 -0.401307602 -0.715332974 -0.270542732 0.504041243
1403715339.412142992 3.990834023 3.519261555 0.579321604 -0.401504159 -0.713288654 -0.269989664 0.507069313
1403715339.462142944 4.000527997 3.540713023 0.583784535 -0.402131274 -0.712349459 -0.269993551 0.507889919
1403715339.512142897 4.009657849 3.563920567 0.577077123 -0.402963719 -0.710697715 -0.269948013 0.509565570
1403715339.562143087 4.019476999 3.583128266 0.572353679 -0.404832874 -0.709295784 -0.269517289 0.510264897
1403715339.612143040 4.027999568 3.605801171 0.579355917 -0.407056269 -0.711087043 -0.268790876 0.506371283
1403715339.662142992 4.037653248 3.627268571 0.571081049 -0.407535090 -0.712004099 -0.270950842 0.503538435
1403715339.712142944 4.049886138 3.645190443 0.572042759 0.406960689 0.713364026 0.275393276 -0.499653188
1403715339.762142897 4.061241471 3.664880792 0.564830985 0.405143542 0.713330696 0.281439674 -0.497804920
1403715339.812143087 4.071549166 3.685025152 0.556798618 0.403238979 0.714152951 0.287782222 -0.494535419
1403715339.862143040 4.077756958 3.708960278 0.551163412 0.400452043 0.715142593 0.293352275 -0.492091125
1403715339.912142992 4.085881410 3.729270318 0.545943802 0.397123605 0.716621074 0.297315798 -0.490255439
1403715339.962142944 4.087169951 3.750864905 0.546343092 0.393083725 0.719284979 0.299232525 -0.488440579
1403715340.012142897 4.086976137 3.771188353 0.541793370 0.387407860 0.722227511 0.300618565 -0.487781766
1403715340.062143087 4.087506244 3.787331815 0.531468775 0.382560643 0.725237822 0.298551034 -0.488410418
1403715340.112143040 4.078266399 3.806602190 0.525280541 0.377264511 0.728346784 0.293808558 -0.490773862
1403715340.162142992 4.070226094 3.821364570 0.521524446 0.371017110 0.730870025 0.288769936 -0.494759774
1403715340.212142944 4.065403807 3.828916212 0.524082907 0.365903861 0.733760138 0.280712280 -0.498909853
1403715340.262142897 4.052891431 3.843079915 0.527243164 -0.359471298 -0.736655874 -0.270510090 0.504918608
1403715340.312143087 4.045019318 3.850317906 0.522261754 -0.352559727 -0.739134517 -0.259462162 0.511919125
1403715340.362143040 4.038246694 3.854142993 0.523832979 -0.344753217 -0.742538024 -0.247421831 0.518232516
1403715340.412142992 4.027760563 3.858791022 0.537279870 -0.334350713 -0.746595874 -0.237394965 0.523877688
1403715340.462142944 4.018678990 3.860349045 0.546006220 -0.325917742 -0.751319060 -0.227043124 0.527018705
1403715340.512142897 4.004791167 3.867865974 0.546461148 -0.318085109 -0.755045970 -0.217184369 0.530620766
1403715340.562143087 3.990613635 3.874474999 0.551665756 -0.312210881 -0.758489773 -0.207215072 0.533178716
1403715340.612143040 3.977998562 3.878803926 0.570146732 -0.306723734 -0.761419699 -0.199961946 0.534954029
1403715340.662142992 3.961294764 3.887972578 0.581824001 -0.302031932 -0.763759992 -0.193455719 0.536677065
1403715340.712142944 3.945658829 3.896925982 0.589275632 -0.298775537 -0.766067761 -0.188240735 0.537064977
1403715340.762142897 3.934492218 3.902166589 0.595101437 -0.297093124 -0.768336696 -0.184230112 0.536147054
1403715340.812143087 3.919488326 3.912524469 0.596749791 -0.295648762 -0.769679841 -0.180805018 0.536184948
1403715340.862143040 3.901096473 3.926125238 0.604314024 -0.296525352 -0.769895637 -0.175904779 0.537020421
1403715340.912142992 3.884231008 3.938206166 0.612006483 -0.298770251 -0.769536307 -0.171468795 0.537725452
1403715340.962142944 3.871340667 3.947646264 0.616163785 -0.301386210 -0.769330613 -0.168815597 0.537399344
1403715341.012142897 3.857445769 3.958685970 0.622845125 -0.303780799 -0.768445862 -0.166932757 0.537904859
1403715341.062143087 3.841201515 3.972606394 0.632774584 -0.304724898 -0.767241591 -0.168432470 0.538621927
1403715341.112143040 3.822685793 3.991814338 0.639221794 -0.304798859 -0.767352176 -0.171745309 0.537374955
1403715341.162142992 3.813476013 4.004786815 0.635825773 -0.304104204 -0.766299090 -0.177818457 0.537295947
1403715341.212142944 3.795845970 4.025745678 0.634511352 -0.304279411 -0.762081982 -0.181339939 0.541997159
1403715341.262142897 3.784209427 4.040674851 0.642652094 -0.305460767 -0.758591457 -0.185324466 0.544873897
1403715341.312143087 3.771315649 4.057316710 0.656283365 -0.305722157 -0.755802446 -0.190544870 0.546799120
1403715341.362143040 3.760219247 4.072400492 0.668769809 -0.306105536 -0.753135384 -0.196443546 0.548175545
1403715341.412142992 3.750081403 4.088031870 0.677399688 -0.307956563 -0.750788156 -0.200384651 0.548931591
1403715341.462142944 3.732833122 4.110228355 0.686474579 -0.308348925 -0.750950302 -0.204488190 0.546972727
1403715341.512142897 3.719645629 4.129491194 0.686790305 -0.310171031 -0.750815003 -0.206989639 0.545184420
1403715341.562143087 3.706729469 4.148429336 0.688588715 -0.309580543 -0.751418210 -0.212109782 0.542715397
1403715341.612143040 3.698736970 4.162862845 0.687172076 -0.308063501 -0.749706373 -0.217964224 0.543625635
1403715341.662142992 3.688297017 4.177898476 0.689564516 -0.306389016 -0.748295878 -0.223805561 0.544141637
1403715341.712142944 3.679031753 4.191108402 0.695322793 -0.304551148 -0.748265804 -0.229859658 0.542689066
1403715341.762142897 3.659975674 4.210903078 0.701948106 -0.303152282 -0.750445479 -0.232625400 0.539273307
1403715341.812143087 3.648602744 4.222869505 0.701729738 -0.302016410 -0.751122712 -0.235538533 0.537700994
1403715341.862143040 3.639690483 4.230358915 0.705559254 -0.300169321 -0.752026444 -0.239465298 0.535734054
1403715341.912142992 3.630820641 4.236422848 0.699707292 -0.303271043 -0.752466260 -0.235185680 0.535265259
1403715341.962142944 3.615494571 4.246117832 0.694238675 -0.306752394 -0.752648602 -0.228474134 0.535931545
1403715342.012142897 3.604800745 4.250470519 0.691634678 -0.310397230 -0.753114296 -0.221875923 0.535951016
1403715342.062143087 3.594924145 4.250280311 0.701915584 -0.313067393 -0.754002298 -0.216920856 0.535177246
1403715342.112143040 3.579333948 4.255696220 0.702081161 -0.315451301 -0.756331252 -0.211058534 0.532830000
1403715342.162142992 3.558947118 4.261945683 0.715493709 -0.317547324 -0.758476157 -0.204673620 0.531023847
1403715342.212142944 3.541090092 4.267244302 0.717252608 -0.318325597 -0.760243789 -0.200416080 0.529652329
1403715342.262142897 3.530206136 4.266765635 0.724422695 -0.318434601 -0.760489559 -0.198031681 0.530130634
1403715342.312143087 3.517081964 4.271390021 0.724699703 -0.318272666 -0.761348279 -0.194739517 0.530214890
1403715342.362143040 3.499380072 4.279013383 0.729828592 -0.315349783 -0.763421967 -0.192021102 0.529971048
1403715342.412142992 3.481268633 4.285557723 0.738620425 -0.309855880 -0.765952887 -0.190311747 0.530176336
1403715342.462142944 3.466491121 4.289835750 0.740670642 -0.304073311 -0.769039645 -0.186637113 0.530362173
1403715342.512142897 3.452904438 4.295788503 0.738412044 -0.296274152 -0.772765454 -0.184205127 0.530210949
1403715342.562143087 3.435430821 4.304010907 0.741731889 -0.286335546 -0.776931707 -0.183446410 0.529845725
1403715342.612143040 3.415782807 4.313830371 0.744560747 -0.274610542 -0.781295643 -0.184019175 0.529436598
1403715342.662142992 3.393078125 4.326552905 0.740358151 -0.261251787 -0.784062197 -0.185255449 0.531671321
1403715342.712142944 3.381122922 4.332339592 0.728375272 -0.249877062 -0.786183979 -0.184804322 0.534156875
1403715342.762142897 3.365402294 4.339632110 0.717510789 -0.241729284 -0.788291015 -0.181056426 0.536080963
1403715342.812143087 3.343565880 4.349793102 0.709537036 -0.236735714 -0.789442153 -0.173587146 0.539077723
1403715342.862143040 3.319655496 4.357500801 0.714335171 -0.231702235 -0.789725637 -0.168101477 0.542576617
1403715342.912142992 3.304490716 4.358296582 0.714651610 -0.229793200 -0.789412560 -0.162360671 0.545584007
1403715342.962142944 3.285705085 4.360867958 0.716872719 -0.227458692 -0.788121110 -0.158189395 0.549639677
1403715343.012142897 3.263508525 4.367481263 0.709559654 -0.225384785 -0.786187801 -0.154170873 0.554384146
1403715343.062143087 3.232523882 4.380288333 0.705525058 -0.223651930 -0.784861286 -0.149262959 0.558294855
1403715343.112143040 3.205911388 4.393014188 0.683781935 -0.222408663 -0.784529251 -0.145826021 0.560163380
1403715343.162142992 3.183700084 4.399365723 0.680557341 -0.221074717 -0.784601686 -0.143927128 0.561080337
1403715343.212142944 3.164235291 4.402762511 0.693929740 -0.219847850 -0.785471980 -0.143330518 0.560497150
1403715343.262142897 3.141875656 4.409889167 0.691004862 -0.219422356 -0.787548128 -0.141360175 0.558246431
1403715343.312143087 3.117503847 4.417594000 0.689557969 -0.218775312 -0.788478742 -0.139956224 0.557540036
1403715343.362143040 3.088388264 4.425498585 0.700758505 -0.217789567 -0.790893466 -0.139648553 0.554575073
1403715343.412142992 3.066791282 4.430126063 0.696605383 -0.217026426 -0.792985761 -0.140761588 0.551597034
1403715343.462142944 3.045895931 4.435132783 0.687222445 -0.216287870 -0.793066825 -0.142356477 0.551361226
1403715343.512142897 3.015001699 4.445818750 0.681127001 -0.216156903 -0.792975560 -0.142140478 0.551599527
1403715343.562143087 2.985758241 4.454597212 0.674851311 -0.216306578 -0.793748616 -0.143224596 0.550146629
1403715343.612143040 2.962094172 4.459739726 0.668923583 -0.217789661 -0.794005745 -0.143716354 0.549061153
1403715343.662142992 2.936662818 4.465531998 0.666618921 -0.217514645 -0.792985217 -0.146057892 0.550026287
1403715343.712142944 2.908635040 4.471286697 0.674996409 -0.216296842 -0.792608639 -0.149808808 0.550040491
1403715343.762142897 2.879381747 4.478740135 0.671390505 -0.214972939 -0.791595661 -0.153623786 0.550965223
1403715343.812143087 2.856044872 4.482525706 0.668258697 -0.214483524 -0.788959457 -0.156961401 0.553988188
1403715343.862143040 2.827349839 4.488983515 0.669295351 -0.214269060 -0.787728662 -0.158586705 0.555358067
1403715343.912142992 2.793387931 4.497606822 0.669482797 -0.213439569 -0.786749066 -0.158975758 0.556952571
1403715343.962142944 2.763603426 4.500673284 0.680010573 -0.212540189 -0.786688430 -0.158027521 0.557651580
1403715344.012142897 2.730327151 4.506536177 0.679262807 -0.210265811 -0.787100241 -0.155668341 0.558595442
1403715344.062143087 2.702273057 4.507319412 0.684983601 -0.207013748 -0.787701705 -0.152698191 0.559780845
1403715344.112143040 2.669087429 4.509558965 0.689207983 -0.202043675 -0.788213875 -0.148647973 0.561961761
1403715344.162142992 2.636679328 4.509427411 0.698418978 -0.195992597 -0.789636075 -0.144221650 0.563260052
1403715344.212142944 2.608213009 4.509043790 0.688668884 -0.188582543 -0.790099129 -0.140996172 0.565950590
1403715344.262142897 2.579647623 4.507645487 0.676399782 -0.179484601 -0.789388222 -0.140794554 0.569937196
1403715344.312143087 2.549497129 4.505648748 0.676245502 -0.169736303 -0.789402687 -0.142233898 0.572540395
1403715344.362143040 2.521988550 4.503021391 0.669533786 -0.162092827 -0.788942122 -0.142321325 0.575361525
1403715344.412142992 2.498969809 4.497020069 0.665821437 -0.155019753 -0.788290144 -0.143050007 0.578017492
1403715344.462142944 2.473591608 4.491908086 0.669020660 -0.148412915 -0.787399799 -0.142863815 0.581003522
1403715344.512142897 2.440695034 4.488942363 0.659378364 -0.142644262 -0.787344600 -0.142165469 0.582692092
1403715344.562143087 2.412486491 4.479960679 0.661165015 -0.138101380 -0.787784002 -0.141023574 0.583469559
1403715344.612143040 2.389246158 4.466263583 0.658972646 -0.135963222 -0.789601933 -0.138564772 0.582101876
1403715344.662142992 2.360440692 4.451709712 0.654024366 -0.133192322 -0.792878065 -0.137524128 0.578525102
1403715344.712142944 2.324562422 4.439356401 0.647551292 -0.130820121 -0.796283701 -0.135060166 0.574958360
1403715344.762142897 2.300668250 4.418616889 0.645145862 -0.129560019 -0.799511400 -0.133989702 0.571001298
1403715344.812143087 2.282361876 4.395764295 0.639430269 -0.128623386 -0.800530456 -0.132786896 0.570065482
1403715344.862143040 2.257925340 4.373082173 0.642636970 -0.127623457 -0.802205283 -0.132047396 0.568104236
1403715344.912142992 2.235437825 4.348360145 0.635654514 -0.127657140 -0.802285860 -0.130474971 0.568346140
1403715344.962142944 2.213773891 4.321482017 0.627397284 -0.129197178 -0.801544340 -0.127406341 0.569738873
1403715345.012142897 2.187272488 4.292764973 0.621699211 -0.132016320 -0.799046945 -0.121990298 0.573771765
1403715345.062143087 2.159582623 4.264057754 0.620897115 -0.133977039 -0.797081733 -0.117802731 0.576917135
1403715345.112143040 2.138039636 4.232500802 0.615660928 -0.136692334 -0.794421340 -0.114111910 0.580679268
1403715345.162142992 2.117146657 4.199625858 0.617837120 -0.138562499 -0.793277471 -0.111771477 0.582252887
1403715345.212142944 2.090057716 4.170183377 0.618485766 -0.139867967 -0.793574447 -0.108717780 0.582114245
1403715345.262142897 2.069039534 4.139252999 0.618806674 -0.139934922 -0.794873373 -0.107769094 0.580500095
1403715345.312143087 2.053921325 4.105294996 0.619074772 -0.141878757 -0.795502486 -0.105816546 0.579524867
1403715345.362143040 2.040468840 4.071007270 0.612158011 -0.143166140 -0.796169414 -0.104763849 0.578482719
1403715345.412142992 2.017178203 4.040057275 0.603842176 -0.143018177 -0.795930385 -0.103568906 0.579063126
1403715345.462142944 1.994679544 4.004451202 0.608826170 -0.143025290 -0.797031820 -0.103082599 0.577631390
1403715345.512142897 1.970811997 3.970342686 0.604968960 -0.142234753 -0.797639721 -0.103392643 0.576931635
1403715345.562143087 1.951048486 3.935667314 0.600458101 -0.142312192 -0.796758018 -0.102232796 0.578335851
1403715345.612143040 1.935265998 3.900000307 0.596066737 -0.142802051 -0.796406305 -0.100766371 0.578956569
1403715345.662142992 1.919016642 3.864703409 0.590669505 -0.143154920 -0.796025233 -0.099426785 0.579624716
1403715345.712142944 1.900310149 3.829227603 0.589467032 -0.143185272 -0.795983442 -0.098243074 0.579876397
1403715345.762142897 1.882897064 3.792135525 0.586984854 -0.143588685 -0.795996809 -0.097399868 0.579900539
1403715345.812143087 1.866417856 3.755235403 0.581048345 -0.143953921 -0.796298012 -0.096493817 0.579547831
1403715345.862143040 1.850634171 3.718112470 0.573760505 -0.145022243 -0.797600949 -0.094863488 0.577756172
1403715345.912142992 1.836184876 3.682427133 0.562527786 -0.146195109 -0.801496566 -0.093341388 0.572291560
1403715345.962142944 1.824655858 3.644696220 0.554234259 -0.147532067 -0.806583541 -0.091996872 0.564972438
1403715346.012142897 1.811114955 3.608030586 0.544420083 -0.149350057 -0.810271693 -0.089924428 0.559524746
1403715346.062143087 1.797267880 3.569421843 0.545599698 -0.150419063 -0.813208812 -0.088716125 0.555153117
1403715346.112143040 1.780270935 3.532916763 0.546543124 -0.150969308 -0.815499067 -0.088785366 0.551621880
1403715346.162142992 1.761571388 3.497818049 0.544140773 -0.151086662 -0.815786311 -0.088711394 0.551176745
1403715346.212142944 1.742927652 3.463398706 0.546760696 -0.151273367 -0.814658228 -0.089183345 0.552715723
1403715346.262142897 1.723957559 3.429787335 0.547535689 -0.151563505 -0.812668884 -0.089951912 0.555433563
1403715346.312143087 1.703287972 3.399132323 0.549554156 -0.152430818 -0.810799928 -0.089984707 0.557916728
1403715346.362143040 1.685226109 3.366955815 0.550402317 -0.153117376 -0.808687432 -0.090677354 0.560675774
1403715346.412142992 1.663048844 3.336149480 0.552280753 -0.153808737 -0.805962395 -0.091403607 0.564280844
1403715346.462142944 1.643086339 3.304594706 0.552065614 -0.155158114 -0.803559534 -0.092361523 0.567174915
1403715346.512142897 1.622822672 3.273804270 0.557295850 -0.156555471 -0.801235319 -0.092662512 0.570022812
1403715346.562143087 1.605302844 3.242930974 0.558748415 -0.159142583 -0.799334748 -0.092573736 0.571985753
1403715346.612143040 1.588684443 3.212781816 0.557836842 -0.162917877 -0.797486838 -0.091646519 0.573649217
1403715346.662142992 1.574608425 3.182337219 0.561325318 -0.165705514 -0.795959432 -0.092555918 0.574824901
1403715346.712142944 1.558173854 3.154591881 0.562614570 -0.167952555 -0.793635266 -0.093106364 0.577292135
1403715346.762142897 1.541661441 3.126619869 0.564187636 -0.170344293 -0.792494448 -0.093614498 0.578075858
1403715346.812143087 1.521045111 3.099432949 0.574105701 -0.171766169 -0.793023109 -0.095325012 0.576648830
1403715346.862143040 1.508302614 3.071913583 0.570287638 -0.174305909 -0.793802013 -0.096831155 0.574560302
1403715346.912142992 1.497474718 3.044763322 0.569806267 -0.178265046 -0.794480064 -0.095654789 0.572602099
1403715346.962142944 1.484175125 3.019658634 0.571740246 -0.181445622 -0.795546304 -0.094222365 0.570355775
1403715347.012142897 1.473633712 2.993367283 0.576025577 -0.184593516 -0.796606512 -0.093729831 0.567941914
1403715347.062143087 1.454608076 2.970391003 0.590652816 -0.184504972 -0.798384563 -0.094730280 0.565301848
1403715347.112143040 1.440259365 2.950913692 0.587780025 -0.183398989 -0.800171785 -0.096027850 0.562910808
1403715347.162142992 1.429290254 2.930503824 0.580732895 -0.180304259 -0.801320825 -0.097472679 0.562027034
1403715347.212142944 1.417499904 2.909099401 0.579331654 -0.173888958 -0.801886720 -0.099783333 0.562835327
1403715347.262142897 1.407509269 2.889326377 0.573643994 -0.166751518 -0.801287954 -0.099301848 0.565924633
1403715347.312143087 1.398720563 2.869094227 0.567199117 -0.158669123 -0.801198885 -0.097905996 0.568611354
1403715347.362143040 1.386521281 2.848717875 0.569930925 -0.147952749 -0.801236213 -0.096801753 0.571629194
1403715347.412142992 1.377612185 2.828393679 0.567708167 -0.136518040 -0.801334218 -0.095329381 0.574576892
1403715347.462142944 1.370137524 2.805226287 0.568912136 -0.125512058 -0.801445370 -0.093069546 0.577295506
1403715347.512142897 1.361738450 2.783751005 0.568645256 -0.114553721 -0.801103719 -0.091319223 0.580319806
1403715347.562143087 1.351919530 2.763952176 0.570829592 -0.105011705 -0.801301767 -0.088950874 0.582216250
1403715347.612143040 1.342966431 2.742444383 0.574526636 -0.097688013 -0.801947113 -0.086298821 0.583001195
1403715347.662142992 1.331521280 2.719320838 0.582701165 -0.092117889 -0.802514506 -0.082808850 0.583632981
1403715347.712142944 1.317319088 2.695092893 0.589687119 -0.090134721 -0.802916309 -0.076152580 0.584296087
1403715347.762142897 1.304242455 2.671167062 0.596220611 -0.089255269 -0.803948684 -0.068041983 0.584012242
1403715347.812143087 1.292921213 2.644032235 0.600551613 -0.086735979 -0.803433636 -0.061347439 0.585839358
1403715347.862143040 1.279048351 2.617186202 0.604164376 -0.084354868 -0.803287348 -0.052319787 0.587261725
1403715347.912142992 1.271013705 2.587570748 0.605496636 -0.081945339 -0.803592655 -0.043674325 0.587891453
1403715347.962142944 1.259675309 2.561818914 0.605700269 -0.078323897 -0.803062876 -0.032493285 0.589830120
1403715348.062143087 1.240467487 2.506170102 0.623073409 -0.066146028 -0.803914040 -0.011676321 0.590940423
1403715348.112143040 1.232247928 2.480088910 0.631284885 -0.057368603 -0.804528130 -0.001956366 0.591134082
1403715348.162142992 1.224498672 2.460860449 0.630048622 -0.046865039 -0.805532019 0.008736155 0.590631454
1403715348.212142944 1.221709963 2.439141281 0.625362916 -0.036149908 -0.805742817 0.017905949 0.590890069
1403715348.262142897 1.214683250 2.416150892 0.627091688 -0.023095511 -0.808094926 0.025006777 0.588067895
1403715348.312143087 1.206363901 2.397547201 0.629378268 -0.010463638 -0.810089857 0.032176563 0.585328630
1403715348.362143040 1.205669777 2.376940570 0.637449808 0.000737158 -0.811805872 0.037112720 0.582746368
1403715348.412142992 1.199902367 2.363031572 0.640543770 0.010880821 -0.813403324 0.041328403 0.580128092
1403715348.462142944 1.193420672 2.352710969 0.639360478 0.018072987 -0.815819582 0.046520759 0.576148936
1403715348.512142897 1.184776615 2.343868783 0.628975259 0.024877243 -0.816496240 0.050347127 0.574613069
1403715348.562143087 1.173543800 2.335914163 0.614029497 0.029976777 -0.816065762 0.054099359 0.574640170
1403715348.612143040 1.166206610 2.327496195 0.592620318 0.032014163 -0.814000869 0.058358842 0.577037195
1403715348.662142992 1.157856861 2.319814560 0.576810906 0.032354396 -0.811939107 0.063431840 0.579382845
1403715348.712142944 1.147221370 2.316113422 0.563969141 0.033277497 -0.810578247 0.067717378 0.580749405
1403715348.762142897 1.131551606 2.314832637 0.554273805 0.036068658 -0.809799579 0.071371467 0.581231286
1403715348.862143040 1.101275838 2.314572046 0.529885044 0.042534632 -0.809372351 0.078209038 0.580508871
1403715348.912142992 1.089963589 2.314717524 0.512453290 0.045104167 -0.809179680 0.081882946 0.580076756
1403715348.962142944 1.082978339 2.317600336 0.488624033 0.047604953 -0.808305634 0.085120655 0.580629179
1403715349.012142897 1.074124435 2.321633483 0.468792884 0.051520401 -0.806332213 0.086080635 0.582892902
1403715349.062143087 1.063006528 2.326200490 0.460249714 0.056195389 -0.805749695 0.085133201 0.583405387
1403715349.112143040 1.052199490 2.332717564 0.452031737 0.061620549 -0.805336108 0.083738417 0.583630482
1403715349.162142992 1.039454104 2.343495359 0.435771808 0.066522536 -0.803159164 0.085248202 0.585869314
1403715349.212142944 1.027716078 2.353245553 0.423653086 0.071362988 -0.801205332 0.085196414 0.587978666
1403715349.262142897 1.016618455 2.364224042 0.411833167 0.074772384 -0.799738542 0.086405034 0.589373841
1403715349.362143040 0.996187482 2.383333915 0.426434329 0.083351317 -0.798861891 0.082966640 0.589905733
1403715349.412142992 0.988436736 2.398302827 0.408041732 0.085726328 -0.796492908 0.082550239 0.592819958
1403715349.462142944 0.979709388 2.414646665 0.391368441 0.088808013 -0.794720338 0.080823616 0.594979213
1403715349.512142897 0.971909811 2.430618602 0.376944155 0.091128093 -0.793961450 0.078438583 0.595959961
1403715349.612143040 0.951209301 2.468959877 0.340578743 0.098741347 -0.794612266 0.078870701 0.593818916
1403715349.662142992 0.951123332 2.485229194 0.322031727 0.102075333 -0.794488271 0.080720558 0.593172155
1403715349.712142944 0.950467559 2.501163761 0.300351179 0.105711611 -0.794453603 0.084759571 0.592017182
1403715349.762142897 0.946869832 2.517140637 0.284035013 0.110835008 -0.794299614 0.089680922 0.590559952
1403715349.862143040 0.942998074 2.547993264 0.258093032 0.122458823 -0.794554525 0.102896005 0.585746835
1403715349.912142992 0.944111198 2.563585606 0.249749760 0.129599219 -0.794228824 0.108937522 0.583555682
1403715349.962142944 0.948203887 2.578116125 0.246621624 0.137812174 -0.794490966 0.113972261 0.580346650
1403715350.012142897 0.950181250 2.594604652 0.240760349 0.147056650 -0.793835307 0.117764698 0.578213908
1403715350.062143087 0.952878799 2.610873498 0.242035824 0.154949484 -0.794317035 0.120341178 0.574951394
1403715350.162142992 0.963289353 2.644138236 0.220453832 0.168288513 -0.795731509 0.121779660 0.568911291
1403715350.212142944 0.961569086 2.663382097 0.212884383 0.174538397 -0.797225995 0.121296050 0.565025954
1403715350.262142897 0.961735739 2.681743761 0.204148815 0.180371868 -0.800502649 0.118474249 0.559129100
1403715350.312143087 0.959728161 2.701666211 0.185880112 0.185744556 -0.802087148 0.115776204 0.555653703
1403715350.362143040 0.958352697 2.719621257 0.176615760 0.189986657 -0.804689024 0.112280407 0.551156742
1403715350.412142992 0.955777518 2.737277366 0.158737697 0.193717912 -0.805046624 0.108300338 0.550131202
1403715350.512142897 0.950563308 2.765360862 0.132194237 0.197805356 -0.805873661 0.100452127 0.548953599
1403715350.562143087 0.940440750 2.777543486 0.122539096 0.198724433 -0.806656688 0.098629492 0.547800887
1403715350.612143040 0.931352905 2.786018218 0.116397556 0.197686920 -0.807488669 0.098289571 0.547011052
1403715350.662142992 0.922612360 2.792592603 0.108828960 0.195812174 -0.807791120 0.099177714 0.547078495
1403715350.712142944 0.913957815 2.796741843 0.101563596 0.193040404 -0.808019907 0.101417363 0.547315039
1403715350.762142897 0.900707624 2.800977453 0.099688421 0.191736102 -0.808578800 0.103756487 0.546509088
1403715350.862143040 0.881935196 2.800579098 0.099086513 0.192895109 -0.804474321 0.101332576 0.552579634
1403715350.912142992 0.871354196 2.797663173 0.091712777 0.193639231 -0.803535413 0.099994232 0.553927650
1403715350.962142944 0.858353630 2.794398702 0.078906202 0.194553632 -0.801334620 0.099514166 0.556873991
1403715351.012142897 0.844293268 2.789332587 0.070734164 0.196042078 -0.799714346 0.098691123 0.558824240
1403715351.062143087 0.836247636 2.780659238 0.063939190 0.196084545 -0.799248400 0.098047054 0.559588796
1403715351.112143040 0.820599777 2.773072504 0.051032598 0.195862138 -0.798479882 0.099954881 0.560425663
1403715351.212142944 0.791948685 2.748847318 0.047505985 0.195488485 -0.799079609 0.102910986 0.559164877
1403715351.262142897 0.776508551 2.734535436 0.039741802 0.194687195 -0.798944523 0.105374630 0.559178623
1403715351.312143087 0.763856195 2.717406622 0.034759952 0.192755092 -0.796112677 0.108563948 0.563261883
1403715351.362143040 0.748437010 2.700170508 0.040572553 0.192495602 -0.794966583 0.109851743 0.564717779
1403715351.412142992 0.733124517 2.681298833 0.041044793 0.191416279 -0.792485146 0.111653778 0.568208179
1403715351.462142944 0.717700346 2.661515938 0.044739788 0.190896295 -0.791689481 0.112231906 0.569377177
1403715351.562143087 0.686918873 2.619104303 0.040402268 0.190213182 -0.785370598 0.113096158 0.578118697
1403715351.612143040 0.672091774 2.596075381 0.051881817 0.190225944 -0.781612028 0.112832188 0.583237195
1403715351.662142992 0.659944238 2.571799080 0.064978781 0.191062792 -0.780643258 0.112582317 0.584308424
1403715351.712142944 0.646830797 2.548479798 0.062014109 0.193056991 -0.779168103 0.114139400 0.585318942
1403715351.762142897 0.637261447 2.521657541 0.063763721 0.196087007 -0.779498776 0.115646314 0.583573023
1403715351.812143087 0.626628070 2.492291830 0.066965072 0.199421114 -0.779355333 0.119984129 0.581756214
1403715351.862143040 0.617712393 2.462065861 0.074904493 0.203142289 -0.780481544 0.125713566 0.577735120
1403715351.962142944 0.605910453 2.400054439 0.086518802 0.210405529 -0.782270340 0.141982010 0.568879370
1403715352.012142897 0.605248146 2.369458174 0.095969285 0.215163510 -0.782550668 0.149769341 0.564701921
1403715352.062143087 0.604119220 2.338192957 0.106440883 0.220711690 -0.782465618 0.156929791 0.560720026
1403715352.112143040 0.600811408 2.307464551 0.110974937 0.226143013 -0.781182229 0.162906796 0.558636768
1403715352.162142992 0.598360251 2.277580578 0.110496027 0.229463312 -0.779208755 0.170316980 0.557828316
1403715352.212142944 0.593506296 2.248559696 0.118005642 0.233147824 -0.777466427 0.175981426 0.556972697
1403715352.262142897 0.584096326 2.221687508 0.125646748 0.237053578 -0.777243561 0.180160002 0.554292722
1403715352.362143040 0.575244821 2.166450382 0.126908194 0.238156938 -0.778944384 0.189199304 0.548389044
1403715352.412142992 0.568214557 2.139434997 0.135920770 0.237950214 -0.779534965 0.194485620 0.545784094
1403715352.462142944 0.560107186 2.113518721 0.145269621 0.236063391 -0.779484106 0.201650088 0.544073383
1403715352.512142897 0.552107670 2.088458203 0.153287224 0.234012947 -0.778893490 0.207564898 0.543580432
1403715352.562143087 0.544444728 2.063968666 0.164205175 0.234894041 -0.778495858 0.208174963 0.543536726
1403715352.612143040 0.534672601 2.042080988 0.171001185 0.238311330 -0.777022041 0.205252318 0.545266855
1403715352.712142944 0.512543837 2.002537229 0.160364460 0.243676362 -0.769618433 0.201322053 0.554778090
1403715352.762142897 0.501064987 1.983372005 0.157704748 0.245623228 -0.766636724 0.198676040 0.558985862
1403715352.812143087 0.491736649 1.964809181 0.163424211 0.246288872 -0.765309120 0.196720134 0.561199547
1403715352.862143040 0.482516511 1.947199621 0.170040714 0.247816178 -0.764010787 0.194154224 0.563186289
1403715352.912142992 0.469673491 1.931724609 0.175058111 0.250749610 -0.762634997 0.191530402 0.564649094
1403715352.962142944 0.460442408 1.916796177 0.171511549 0.249304026 -0.761437354 0.193905548 0.566093012
1403715353.012142897 0.451818091 1.902303615 0.172144495 0.247929174 -0.760556084 0.196515968 0.566980636
1403715353.112143040 0.432564060 1.874958066 0.187005314 0.251135661 -0.760714905 0.195136329 0.565831712
1403715353.162142992 0.425083332 1.861228893 0.197662115 0.252065433 -0.762751985 0.194584353 0.562858203
1403715353.212142944 0.418075618 1.849282804 0.201941965 0.252918593 -0.762736669 0.195194879 0.562284552
1403715353.262142897 0.414060533 1.837897448 0.211351794 0.253600768 -0.763099770 0.195464054 0.561390413
1403715353.362143040 0.402391721 1.817334949 0.241128162 0.258860198 -0.762817316 0.194722911 0.559628563
1403715353.412142992 0.397289492 1.807348138 0.251479071 0.262076870 -0.762482898 0.193547933 0.558994403
1403715353.462142944 0.392609990 1.798206158 0.257037340 0.264363456 -0.761640264 0.193566675 0.559059937
1403715353.512142897 0.388831715 1.789852030 0.257059784 0.266020362 -0.761081680 0.193987727 0.558888723
1403715353.562143087 0.384409241 1.781540587 0.255514998 0.267796048 -0.761041695 0.193853526 0.558141224
1403715353.612143040 0.382046525 1.773000274 0.254555897 0.269569210 -0.760960639 0.193975639 0.557355182
1403715353.662142992 0.380055800 1.764519718 0.251021547 0.271284720 -0.760839062 0.193502218 0.556853135
1403715353.712142944 0.377973254 1.756212198 0.246514262 0.273174390 -0.760473172 0.192991073 0.556606461
1403715353.812143087 0.373375452 1.740306058 0.228244140 0.277321020 -0.757523857 0.193130804 0.558525872
1403715353.862143040 0.371441915 1.731864611 0.219993044 0.278046313 -0.757306966 0.194022880 0.558150095
1403715353.912142992 0.371070279 1.723064430 0.212522432 0.278586535 -0.756449612 0.194994553 0.558704440
1403715353.962142944 0.370102212 1.715048184 0.204969661 0.279332828 -0.756951072 0.196111900 0.557259696
1403715354.012142897 0.371560149 1.707236737 0.190307251 0.279333734 -0.756299989 0.197889071 0.557514939
1403715354.112143040 0.369488646 1.692731780 0.160491864 0.274092013 -0.759833102 0.210471682 0.550662235
1403715354.162142992 0.372408185 1.683569738 0.157477047 0.271543520 -0.762776992 0.215078770 0.546055400
1403715354.212142944 0.374692235 1.675362375 0.150986447 0.270125328 -0.764286532 0.218620227 0.543234388
1403715354.262142897 0.375603630 1.667651512 0.145156279 0.270105519 -0.766044102 0.219442113 0.540430015
1403715354.312143087 0.376487982 1.661261239 0.135841065 0.271026695 -0.766073071 0.218478601 0.540318130
1403715354.362143040 0.376231852 1.654974763 0.131694495 0.274239521 -0.766852566 0.214114069 0.539337549
1403715354.412142992 0.374455571 1.649656020 0.128708456 0.278040676 -0.767321311 0.209180278 0.538660375
1403715354.462142944 0.371644410 1.645709463 0.117002248 0.280778193 -0.766530733 0.206236418 0.539500492
1403715354.512142897 0.370074892 1.641664783 0.103342051 0.281962910 -0.765877501 0.204268230 0.540558101
1403715354.562143087 0.368378968 1.637056129 0.096061050 0.282835394 -0.765773846 0.202665602 0.540852300
1403715354.662142992 0.361052117 1.628161496 0.086428097 0.283062750 -0.764364807 0.202166611 0.542909368
1403715354.712142944 0.353951794 1.623663011 0.085790695 0.282483965 -0.764236282 0.203474688 0.542903092
1403715354.812143087 0.343897008 1.612561783 0.096679048 0.281469211 -0.764404907 0.203410130 0.543216845
1403715354.862143040 0.336672606 1.607878724 0.106036194 0.281029603 -0.764593958 0.204024568 0.542947896
1403715354.912142992 0.328884744 1.603171573 0.118607783 0.278644194 -0.765238611 0.208560240 0.541544004
1403715354.962142944 0.321395787 1.599197201 0.128675080 0.276912129 -0.764290704 0.212587314 0.542204783
1403715355.012142897 0.313919571 1.595041051 0.142608616 0.275612989 -0.763682153 0.215944434 0.542397503
1403715355.062143087 0.303343650 1.591601538 0.159284556 0.278194668 -0.762649451 0.215865006 0.542564135
1403715355.112143040 0.293270494 1.588568125 0.170406185 0.281430550 -0.761210515 0.215400673 0.543100310
1403715355.212142944 0.277175888 1.580957144 0.196610160 0.289313550 -0.759935166 0.219184267 0.539216534
1403715355.262142897 0.269095996 1.576117850 0.209405429 0.295997456 -0.757751134 0.221436511 0.537740269
1403715355.312143087 0.261690499 1.571595130 0.221832556 0.304237498 -0.755396014 0.223220638 0.535713500
1403715355.362143040 0.251556261 1.568066887 0.231029669 0.313024583 -0.751814968 0.227457392 0.533903548
1403715355.412142992 0.241340082 1.563876448 0.241001664 0.321245688 -0.748058154 0.233609978 0.531635763
1403715355.462142944 0.234804645 1.558727130 0.252115708 0.329632258 -0.743735095 0.240330329 0.529567763
1403715355.512142897 0.224927491 1.553758486 0.265438121 0.339156719 -0.738718511 0.247075292 0.527467043
1403715355.562143087 0.215209297 1.548733735 0.276946775 0.348256006 -0.734226923 0.254330878 0.524351394
1403715355.612143040 0.209644332 1.543808486 0.285631545 0.357195434 -0.728918482 0.260583439 0.522671540
1403715355.662142992 0.200129244 1.539238781 0.297478671 0.367449710 -0.724013889 0.264608886 0.520352511
1403715355.712142944 0.192315635 1.535338798 0.306207503 0.375402885 -0.719785051 0.268492354 0.518549911
1403715355.762142897 0.183374997 1.531078444 0.314217879 0.381853973 -0.716820367 0.271288455 0.516486863
1403715355.862143040 0.164223531 1.522790239 0.328422098 0.392136225 -0.713480036 0.274168665 0.511866156
1403715355.912142992 0.153532044 1.518676519 0.333349396 0.395658728 -0.711952150 0.275149976 0.510755125
1403715355.962142944 0.141220462 1.515964598 0.331860104 0.399134548 -0.709394794 0.275509612 0.511414796
1403715356.012142897 0.131060467 1.511933697 0.337092955 0.402038425 -0.707968706 0.273974260 0.511940936
1403715356.062143087 0.122352545 1.508532952 0.344585895 0.404849106 -0.707171657 0.270426825 0.512713157
1403715356.112143040 0.114094998 1.505329572 0.349064613 0.406717581 -0.706553809 0.266223798 0.514283399
1403715356.162142992 0.105438024 1.501461128 0.351865805 0.407769002 -0.706113896 0.262137234 0.516150829
1403715356.212142944 0.095498269 1.494928445 0.361652165 0.408850497 -0.706240374 0.257539023 0.517435461
1403715356.262142897 0.089247680 1.486231760 0.373767454 0.408809359 -0.707426591 0.252766467 0.518200385
1403715356.312143087 0.083645784 1.478199343 0.381354041 0.407816187 -0.709429070 0.248916686 0.518108904
1403715356.362143040 0.079491591 1.470416644 0.384102318 0.405745510 -0.712232956 0.246729750 0.516932519
1403715356.412142992 0.077559424 1.461966047 0.382014711 0.402735070 -0.714770107 0.245431074 0.516402697
1403715356.462142944 0.073929210 1.451811875 0.382350096 0.398071552 -0.718960652 0.246831862 0.513525708
1403715356.512142897 0.070601973 1.441078162 0.377913907 0.392441962 -0.721689272 0.251667036 0.511681154
1403715356.562143087 0.069862318 1.427882708 0.378517874 0.388290055 -0.724073027 0.254500832 0.510076867
1403715356.662142992 0.065946325 1.400018118 0.373160851 0.384479203 -0.723784431 0.263770409 0.508661982
1403715356.712142944 0.063563809 1.382238206 0.373673162 0.385121234 -0.722823930 0.267989837 0.507334849
1403715356.762142897 0.060085847 1.365056977 0.371454430 0.386921549 -0.720591526 0.273591845 0.506149257
1403715356.812143087 0.059320394 1.346675336 0.372098394 0.390342350 -0.717463994 0.278165528 0.505472261
1403715356.862143040 0.055824233 1.327914917 0.379366026 0.396423756 -0.715879519 0.281723114 0.500995815
1403715356.912142992 0.052958951 1.307942365 0.387735730 -0.403269530 0.713048917 -0.286441169 -0.496876630
1403715356.962142944 0.051460310 1.286898991 0.400700413 -0.410991414 0.709226024 -0.291839513 -0.492863270
1403715357.012142897 0.044289635 1.265148155 0.412439600 -0.420186933 0.704055926 -0.298266282 -0.488656750
1403715357.062143087 0.037100558 1.246073078 0.414592519 -0.428053835 0.698390452 -0.307217670 -0.484394462
1403715357.112143040 0.028778774 1.227043113 0.410917812 -0.436472726 0.690295448 -0.315771571 -0.482982473
1403715357.162142992 0.019670331 1.207326284 0.411064710 -0.445808652 0.682698408 -0.322062449 -0.481095946
1403715357.212142944 0.011522916 1.185657976 0.415708343 -0.455048460 0.675626506 -0.326632584 -0.479344218
1403715357.262142897 0.001704171 1.164366471 0.418845296 -0.462287333 0.668374082 -0.330735046 -0.479771651
1403715357.312143087 -0.010330611 1.144599313 0.426866315 -0.469025527 0.662675470 -0.332306665 -0.480050578
1403715357.412142992 -0.031286728 1.106563896 0.446497235 -0.478483869 0.654049894 -0.333671435 -0.481596611
1403715357.462142944 -0.043683090 1.087672255 0.459795502 -0.482339271 0.650975217 -0.333732197 -0.481874376
1403715357.512142897 -0.058101900 1.069118742 0.468561358 -0.485901546 0.648990330 -0.334040678 -0.480757802
1403715357.562143087 -0.070376192 1.049105113 0.476887766 -0.488843810 0.648178002 -0.333095821 -0.479524953
1403715357.612143040 -0.079896359 1.029067408 0.485612709 -0.491840061 0.648027823 -0.330996910 -0.478115405
1403715357.662142992 -0.089994334 1.007596473 0.492385340 -0.494428260 0.646919041 -0.329265437 -0.478142993
1403715357.712142944 -0.099279009 0.987069017 0.500177624 -0.495862612 0.644239376 -0.328982672 -0.480464668
1403715357.762142897 -0.106172909 0.967716875 0.506808190 -0.497438854 0.642088531 -0.327551711 -0.482687044
1403715357.812143087 -0.113530539 0.947620479 0.511741822 -0.499643090 0.638524959 -0.325882406 -0.486254375
1403715357.862143040 -0.121450924 0.925585860 0.516485318 -0.502042477 0.636468321 -0.323094086 -0.488335580
1403715357.912142992 -0.127029386 0.901248138 0.521322137 -0.503655797 0.636647216 -0.320152350 -0.488378576
1403715357.962142944 -0.132055574 0.875566481 0.523419117 -0.505651518 0.637422965 -0.317511826 -0.487026433
1403715358.012142897 -0.133216446 0.851014325 0.522783857 -0.506624073 0.638118674 -0.315136179 -0.486647505
1403715358.062143087 -0.134024853 0.827345192 0.520081420 -0.506856786 0.638753953 -0.313981451 -0.486318037
1403715358.112143040 -0.134114550 0.802777612 0.515734239 -0.505722505 0.639564862 -0.315770567 -0.485273619
1403715358.162142992 -0.133174715 0.774894387 0.514961164 -0.504022300 0.641801602 -0.318149536 -0.482527821
1403715358.212142944 -0.128639926 0.747276376 0.513930795 -0.501371840 0.645737327 -0.320478757 -0.478479831
1403715358.262142897 -0.122979738 0.721247400 0.512533634 -0.499222528 0.646853426 -0.323685067 -0.477059210
1403715358.312143087 -0.117259453 0.692308941 0.513129927 -0.498690410 0.648975853 -0.324306950 -0.474302878
1403715358.362143040 -0.110610248 0.662860922 0.510755476 -0.500365009 0.648179212 -0.323278776 -0.474330476
1403715358.412142992 -0.105396238 0.630943213 0.508118238 -0.503513768 0.646162724 -0.322074498 -0.474568897
1403715358.462142944 -0.098981245 0.598325050 0.506086831 -0.507184274 0.642477372 -0.323039202 -0.475008014
1403715358.512142897 -0.090803117 0.563193518 0.506435440 -0.510733025 0.637941895 -0.324570683 -0.476272807
1403715358.562143087 -0.081513734 0.529581645 0.505952098 -0.513634474 0.632915024 -0.327147718 -0.478092638
1403715358.612143040 -0.074959948 0.497495488 0.503881327 -0.515359302 0.627844506 -0.333127710 -0.478792225
1403715358.662142992 -0.065803286 0.463565585 0.499038316 -0.516167449 0.623211529 -0.340804565 -0.478571627
1403715358.712142944 -0.053966594 0.425317598 0.496045669 -0.515363737 0.620021040 -0.350433351 -0.476624165
1403715358.762142897 -0.041240771 0.386781125 0.494785860 -0.515472662 0.617535964 -0.358739639 -0.473543176
1403715358.812143087 -0.028667011 0.350473268 0.493501875 -0.516244401 0.614140510 -0.366283446 -0.471338084
1403715358.862143040 -0.015892804 0.314917439 0.491645821 -0.516275404 0.611703992 -0.373014333 -0.469188918
1403715358.912142992 -0.002216014 0.278006107 0.492426913 -0.516895608 0.609092328 -0.378086140 -0.467842214
1403715358.962142944 0.010568299 0.242225693 0.490857670 -0.518923284 0.606953250 -0.381334597 -0.465736302
1403715359.012142897 0.023798687 0.207290171 0.487258750 -0.520436300 0.607205602 -0.383548000 -0.461885642
1403715359.062143087 0.036959558 0.176068332 0.480576906 -0.522759124 0.606385966 -0.384543034 -0.459505836
1403715359.112143040 0.047525517 0.146763412 0.472261042 -0.523948716 0.605849391 -0.385309168 -0.458215127
1403715359.162142992 0.057995869 0.118426906 0.465638415 -0.524426986 0.604620538 -0.386099443 -0.458625731
1403715359.212142944 0.067737847 0.091066180 0.459586414 -0.524325864 0.603197806 -0.387713595 -0.459252614
1403715359.262142897 0.078272811 0.064933452 0.454289172 -0.525406407 0.601485449 -0.387394643 -0.460530947
1403715359.312143087 0.088489879 0.041758990 0.448601522 -0.526947900 0.599616399 -0.385822697 -0.462522357
1403715359.362143040 0.097756044 0.020602947 0.443557288 -0.528133207 0.598954495 -0.383644674 -0.463837896
1403715359.412142992 0.106016760 0.001804513 0.437870114 -0.529109545 0.596561395 -0.382481530 -0.466760613
1403715359.462142944 0.116131074 -0.018908720 0.433809915 -0.529937934 0.595527943 -0.378890232 -0.470057918
1403715359.512142897 0.127444238 -0.038345638 0.430244778 -0.530625391 0.593878034 -0.376670398 -0.473143727
1403715359.562143087 0.137818747 -0.058308175 0.425520537 -0.531121467 0.592548396 -0.375678557 -0.475038954
1403715359.612143040 0.150510344 -0.077804631 0.423799213 -0.530753421 0.593615490 -0.374683013 -0.474904302
1403715359.662142992 0.163568707 -0.094696022 0.421029437 -0.530034472 0.594542735 -0.375600796 -0.473821103
1403715359.712142944 0.178854411 -0.110926520 0.422140323 -0.529071133 0.596394323 -0.376502035 -0.471851423
1403715359.762142897 0.197151327 -0.126653342 0.425063772 -0.528483876 0.598822935 -0.376316747 -0.469575970
1403715359.812143087 0.216005945 -0.141015769 0.427295413 -0.527219319 0.599721054 -0.377798188 -0.468660833
1403715359.862143040 0.234831743 -0.155521550 0.429828941 -0.527395794 0.601792804 -0.376636930 -0.466737315
1403715359.912142992 0.253829402 -0.167949024 0.430039407 -0.526960556 0.603843662 -0.377653021 -0.463749501
1403715359.962142944 0.272719235 -0.178959550 0.431882467 -0.525636963 0.606492558 -0.379647516 -0.460152500
1403715360.012142897 0.291892409 -0.189736666 0.432298320 -0.526051438 0.607803607 -0.379411200 -0.458139500
1403715360.062143087 0.311306423 -0.199061675 0.435316266 -0.526510521 0.608639315 -0.379657537 -0.456294872
1403715360.112143040 0.331266013 -0.208380241 0.437574084 -0.526882991 0.608928017 -0.379325493 -0.455755587
1403715360.162142992 0.349952371 -0.218715291 0.439465253 -0.527555403 0.609072563 -0.378192273 -0.455726360
1403715360.212142944 0.367837270 -0.228075793 0.441488036 -0.528563969 0.608788105 -0.377242418 -0.455725062
1403715360.262142897 0.385211045 -0.238982870 0.443417480 -0.528176561 0.610345957 -0.375967795 -0.455143440
1403715360.312143087 0.401868733 -0.247422314 0.445344945 -0.525827770 0.612474303 -0.376917801 -0.454217300
1403715360.362143040 0.418151922 -0.255253541 0.446877549 -0.521027251 0.616445485 -0.379399279 -0.452307146
1403715360.412142992 0.435126650 -0.264480764 0.449789306 -0.515350356 0.622163583 -0.380567283 -0.449994478
1403715360.462142944 0.451615162 -0.272069213 0.452029102 -0.508411325 0.628098678 -0.381748624 -0.448640126
1403715360.512142897 0.466348499 -0.278417233 0.451767610 -0.499599287 0.633587931 -0.383376725 -0.449432055
1403715360.562143087 0.480612321 -0.285707628 0.451336704 -0.490625594 0.639515546 -0.383131227 -0.451128426
1403715360.612143040 0.492956764 -0.292326005 0.454267881 -0.482436968 0.645519034 -0.379840223 -0.454181850
1403715360.662142992 0.502984729 -0.297353844 0.459166781 -0.474765710 0.650409581 -0.374960489 -0.459314194
1403715360.712142944 0.508455069 -0.302848440 0.462043276 -0.467524052 0.655673807 -0.368037052 -0.464824535
1403715360.762142897 0.512228456 -0.307176872 0.466856225 -0.461659294 0.660475633 -0.358438208 -0.471343490
1403715360.812143087 0.516271901 -0.313099049 0.474310308 -0.455746473 0.666119078 -0.346870584 -0.477767019
1403715360.862143040 0.518441207 -0.318568215 0.480563262 -0.449153837 0.671756071 -0.335156028 -0.484432708
1403715360.912142992 0.518564167 -0.321349845 0.485166195 -0.441049940 0.676707147 -0.325536338 -0.491496166
1403715360.962142944 0.518898499 -0.322487814 0.488533335 -0.432854141 0.682080602 -0.316571452 -0.497177896
1403715361.012142897 0.520518806 -0.325268332 0.493194364 0.423779618 -0.688315224 0.307001917 0.502377159
1403715361.112143040 0.523732237 -0.324651349 0.500445515 0.404085166 -0.699779153 0.290929728 0.512234525
1403715361.162142992 0.524199522 -0.326233533 0.501985010 0.393737455 -0.706261099 0.281892989 0.516432395
1403715361.212142944 0.524909467 -0.326808028 0.505327027 0.384419585 -0.712497064 0.272266466 0.520038930
1403715361.262142897 0.526279445 -0.325981812 0.507928624 0.374128041 -0.717545911 0.264578996 0.524551265
1403715361.312143087 0.526915388 -0.324922900 0.510438589 0.363718040 -0.722561600 0.256838604 0.528817410
1403715361.362143040 0.527053007 -0.324628279 0.515419187 0.352994683 -0.727304462 0.249887063 0.532897203
1403715361.462142944 0.531972420 -0.329867922 0.523600907 0.332578017 -0.736896706 0.234764687 0.539685694
1403715361.512142897 0.534938827 -0.334331566 0.525741794 0.323996929 -0.740360644 0.228261800 0.542944434
1403715361.562143087 0.538865883 -0.340584572 0.527598704 0.317314405 -0.744165214 0.220926749 0.544721098
1403715361.612143040 0.541909593 -0.346633065 0.529896285 0.311766084 -0.747630356 0.214033935 0.545930613
1403715361.662142992 0.545477705 -0.351315630 0.530147327 0.306074605 -0.750161235 0.209739558 0.547344293
1403715361.712142944 0.549968027 -0.357138292 0.526806759 0.300704178 -0.752908633 0.205858014 0.548021958
1403715361.762142897 0.553829422 -0.365316172 0.521724690 0.295656009 -0.756925230 0.201008919 0.547034858
1403715361.812143087 0.557694983 -0.373525113 0.517030982 0.288480245 -0.760834704 0.197251160 0.546810462
1403715361.862143040 0.560988930 -0.381712187 0.513252480 0.281312248 -0.764884675 0.193027065 0.546402238
1403715361.962142944 0.568971555 -0.396636747 0.504827875 0.263908085 -0.769834756 0.184810574 0.550955553
1403715362.012142897 0.570863300 -0.407736510 0.505113966 0.253996239 -0.773396352 0.179599107 0.552347856
1403715362.062143087 0.572548228 -0.420413610 0.505216152 0.244638022 -0.776524614 0.172734997 0.554368454
1403715362.112143040 0.571888715 -0.434734529 0.505659642 0.235080515 -0.780466216 0.165535131 0.555164621
1403715362.212142944 0.574680387 -0.462471171 0.495329299 0.213772097 -0.785019967 0.148190070 0.562214234
1403715362.262142897 0.574047780 -0.477451072 0.489778050 0.202404032 -0.787577017 0.139002180 0.565184434
1403715362.312143087 0.573220878 -0.494195073 0.485187827 0.191159966 -0.791305224 0.129325748 0.566187921
1403715362.362143040 0.574003192 -0.510148621 0.479069315 0.179262307 -0.793743938 0.119904757 0.568734064
1403715362.412142992 0.572946095 -0.527810844 0.475298388 0.166673191 -0.796603668 0.109690875 0.570622954
1403715362.462142944 0.573858504 -0.545166079 0.467567768 0.154603078 -0.798080472 0.100573820 0.573629110
1403715362.512142897 0.573982214 -0.564520962 0.460304642 0.142144559 -0.799818393 0.091904042 0.575881159
1403715362.562143087 0.570910875 -0.585550835 0.454987104 0.129053303 -0.802087418 0.083149986 0.577136985
1403715362.662142992 0.562041635 -0.627950533 0.448523485 0.101322819 -0.806106456 0.068050825 0.579046763
1403715362.712142944 0.558926696 -0.652398039 0.448404121 0.087520549 -0.808376505 0.061095612 0.578908374
1403715362.762142897 0.556050543 -0.674556912 0.447009865 0.071920438 -0.809877074 0.057830854 0.579294544
1403715362.812143087 0.551863782 -0.697907791 0.445349208 0.055255165 -0.811327404 0.056169479 0.579257887
1403715362.862143040 0.551076149 -0.718538739 0.439494744 0.036261536 -0.809870578 0.060283506 0.582375006
1403715362.962142944 0.542803278 -0.769676359 0.431441352 0.002655490 -0.805362436 0.061986827 0.589526868
1403715363.012142897 0.538512051 -0.790138501 0.433730430 -0.012860856 -0.802696897 0.063414464 0.592866676
1403715363.062143087 0.533050265 -0.809094537 0.435397811 -0.025828433 -0.802116088 0.062966301 0.593277270
1403715363.112143040 0.526978778 -0.826204259 0.438574324 -0.037996721 -0.801741949 0.060344205 0.593400939
1403715363.162142992 0.524144824 -0.839808655 0.442863534 -0.047927658 -0.802833078 0.056706740 0.591562620
1403715363.212142944 0.520847793 -0.851350954 0.447623405 -0.057597107 -0.803905088 0.051548581 0.589713428
1403715363.312143087 0.518517560 -0.869313147 0.457409696 -0.075423947 -0.803895681 0.040403191 0.588583507
1403715363.362143040 0.516772646 -0.875079246 0.460811752 -0.082910564 -0.803860000 0.033981931 0.588030754
1403715363.462142944 0.513532736 -0.878501241 0.467504316 -0.097968870 -0.801811233 0.019243846 0.589177835
1403715363.512142897 0.510234996 -0.877988333 0.472419940 -0.104766224 -0.801479192 0.010284663 0.588684439
1403715363.562143087 0.510110930 -0.874397210 0.478876005 -0.110584761 -0.801304883 -0.000209116 0.587946811
1403715363.612143040 0.509621673 -0.868428374 0.484987335 -0.114857293 -0.801431013 -0.013420530 0.586801520
1403715363.662142992 0.509115165 -0.861154841 0.489233073 -0.121280364 -0.800898266 -0.024890867 0.585861319
1403715363.712142944 0.511454859 -0.850545556 0.493344248 -0.127176648 -0.799520149 -0.035714373 0.585933542
1403715363.762142897 0.512661097 -0.840483237 0.497959368 -0.135586851 -0.798104234 -0.045830965 0.585273748
1403715363.812143087 0.514739002 -0.829969985 0.503826060 -0.145186547 -0.796413435 -0.055685560 0.584419050
1403715363.862143040 0.519042012 -0.821175996 0.504865322 -0.155666091 -0.793652091 -0.065599838 0.584449389
1403715363.912142992 0.521189803 -0.812005035 0.508580769 -0.166534446 -0.790539928 -0.075674278 0.584453851
1403715363.962142944 0.523561421 -0.798285966 0.514761061 -0.177501298 -0.787424615 -0.085728687 0.584043112
1403715364.012142897 0.525947649 -0.786507487 0.518691754 -0.190489430 -0.783867463 -0.095404813 0.583235373
1403715364.062143087 0.529900297 -0.770395305 0.523403884 -0.202394424 -0.780513904 -0.104604911 0.582144617
1403715364.112143040 0.530932356 -0.756483790 0.529696272 -0.213670437 -0.778199881 -0.112990864 0.579640367
1403715364.162142992 0.537369184 -0.744028770 0.531323961 -0.222554490 -0.775154418 -0.120260336 0.578915002
1403715364.212142944 0.543319466 -0.732555367 0.531427472 -0.230661855 -0.773099984 -0.126655776 0.577122031
1403715364.262142897 0.550651496 -0.719608935 0.534407527 -0.238780113 -0.771573674 -0.130103173 0.575092416
1403715364.312143087 0.558020716 -0.707077069 0.537129604 -0.245543457 -0.770727436 -0.131507732 0.573056146
1403715364.362143040 0.565726087 -0.695370120 0.537244079 -0.250494519 -0.770484956 -0.132279747 0.571058225
1403715364.412142992 0.574634883 -0.683057806 0.535168848 -0.255109405 -0.769321351 -0.131703076 0.570717225
1403715364.462142944 0.585348463 -0.667865594 0.541745659 -0.259093479 -0.768599567 -0.130054006 0.570272944
1403715364.512142897 0.594965205 -0.654405902 0.555607764 -0.262838640 -0.769320712 -0.127400562 0.568181826
1403715364.562143087 0.604884075 -0.641648126 0.567385726 -0.264389726 -0.769530567 -0.126189705 0.567447741
1403715364.612143040 0.615715905 -0.629284548 0.569968526 -0.264617793 -0.768479425 -0.126319242 0.568735656
1403715364.662142992 0.627234983 -0.617461152 0.561684478 -0.264783399 -0.765106808 -0.128362326 0.572734176
1403715364.712142944 0.638660976 -0.601685090 0.560100970 -0.263781493 -0.763378323 -0.133359567 0.574358847
1403715364.762142897 0.649250013 -0.584221853 0.566896040 -0.263351940 -0.763929244 -0.139697747 0.572313206
1403715364.812143087 0.661738439 -0.565147354 0.575624581 -0.263121624 -0.765550576 -0.146674762 0.568494363
1403715364.862143040 0.676354248 -0.546965040 0.584782700 -0.263850761 -0.767021993 -0.153195325 0.564438863
1403715364.912142992 0.691288036 -0.532666785 0.590156168 -0.266699457 -0.766828003 -0.159600074 0.561581721
1403715364.962142944 0.707364629 -0.515504515 0.594395404 -0.269971155 -0.766709552 -0.165019447 0.558605961
1403715365.012142897 0.719360606 -0.500356354 0.600608852 -0.275768658 -0.765985308 -0.168959275 0.555581605
1403715365.062143087 0.733623907 -0.485975665 0.605783293 -0.279367849 -0.765135699 -0.174581770 0.553210785
1403715365.112143040 0.745672378 -0.472463978 0.611187953 -0.284744441 -0.762315949 -0.179754667 0.552705398
1403715365.162142992 0.754987408 -0.457243174 0.619747632 -0.290493832 -0.758693022 -0.184857984 0.553015151
1403715365.212142944 0.765394150 -0.442218571 0.626138920 -0.295247445 -0.755712973 -0.189765733 0.552915739
1403715365.262142897 0.774111961 -0.427586510 0.632875202 -0.300176805 -0.753524872 -0.194441428 0.551621866
1403715365.312143087 0.782844277 -0.416289189 0.636972586 -0.304281912 -0.750555163 -0.198712601 0.551899237
1403715365.362143040 0.792932710 -0.407041144 0.637501440 -0.308684590 -0.746919987 -0.202498365 0.553008833
1403715365.412142992 0.800558017 -0.395979557 0.642884423 -0.315035146 -0.743755819 -0.205302360 0.552658193
1403715365.462142944 0.810697676 -0.384872696 0.648315933 -0.321564361 -0.740998652 -0.208429131 0.551429649
1403715365.512142897 0.821142565 -0.376294093 0.652329478 -0.328282462 -0.737028290 -0.212241141 0.551338030
1403715365.562143087 0.831000116 -0.366111227 0.658134001 -0.335851097 -0.733965740 -0.216481080 0.549212413
1403715365.612143040 0.842598850 -0.356058957 0.663641276 -0.346256529 -0.729157539 -0.218458846 0.548371619
1403715365.662142992 0.853240518 -0.347823995 0.668726255 -0.357655022 -0.723697226 -0.220856898 0.547327545
1403715365.712142944 0.863894473 -0.338972393 0.674918262 -0.369337173 -0.718402833 -0.223309007 0.545546066
1403715365.762142897 0.875104237 -0.330789446 0.680510917 -0.380717104 -0.713275266 -0.226284535 0.543220205
1403715365.812143087 0.886282754 -0.324297057 0.686750749 -0.391355041 -0.708710175 -0.230096452 0.540024761
1403715365.862143040 0.902146615 -0.318585908 0.691301464 -0.400325986 -0.703575418 -0.234650026 0.538200800
1403715365.912142992 0.917076531 -0.311718904 0.697319087 -0.409305619 -0.699835418 -0.238467584 0.534633060
1403715365.962142944 0.934674232 -0.307315133 0.698766552 -0.416554855 -0.695389431 -0.241438543 0.533500723
1403715366.012142897 0.949049512 -0.301245871 0.702799224 -0.423956971 -0.690816753 -0.242116217 0.533303326
1403715366.062143087 0.961976062 -0.293768891 0.709586115 -0.431094762 -0.688303178 -0.241783845 0.530977037
1403715366.162142992 0.990362474 -0.282509445 0.721005792 -0.440297769 -0.683584380 -0.243008934 0.528958342
1403715366.212142944 1.007280784 -0.276913953 0.725193441 -0.444022907 -0.682484089 -0.243336210 0.527111577
1403715366.262142897 1.029752362 -0.270403089 0.727473832 -0.446588546 -0.681369612 -0.243406707 0.526352826
1403715366.312143087 1.055246011 -0.266822088 0.726423113 -0.447257817 -0.680233561 -0.245378465 0.526338443
1403715366.362143040 1.078855504 -0.264791685 0.729350013 -0.446414714 -0.679815678 -0.248951387 0.525916110
1403715366.412142992 1.102663613 -0.262453718 0.734679965 -0.445446013 -0.681864130 -0.252703845 0.522283376
1403715366.462142944 1.132219938 -0.254634477 0.732647328 -0.442872924 -0.683873540 -0.255977229 0.520246299
1403715366.562143087 1.190527726 -0.237851798 0.725797402 -0.438953057 -0.687771568 -0.259328175 0.516758533
1403715366.612143040 1.213333910 -0.228145629 0.719675393 -0.436462904 -0.690852425 -0.260480954 0.514171891
1403715366.662142992 1.234627455 -0.217113383 0.717049225 -0.434951800 -0.694531060 -0.260688803 0.510377201
1403715366.712142944 1.256225079 -0.209937415 0.713620175 -0.434223576 -0.697357055 -0.260800101 0.507076259
1403715366.762142897 1.284439839 -0.200758508 0.710704838 -0.432930219 -0.699713147 -0.259072291 0.505820606
1403715366.812143087 1.310152986 -0.193892255 0.710995556 -0.431847001 -0.702710578 -0.258209501 0.503024716
1403715366.912142992 1.360618239 -0.178812110 0.710510347 -0.430124809 -0.706444844 -0.255319173 0.500739903
1403715366.962142944 1.384029342 -0.170455148 0.711641763 -0.430378826 -0.707514118 -0.252221816 0.500581656
1403715367.012142897 1.406549324 -0.163269190 0.713328334 -0.429741988 -0.708007618 -0.250794172 0.501148002
1403715367.112143040 1.451417743 -0.142692627 0.710268921 -0.429922888 -0.707618318 -0.246563850 0.503635676
1403715367.162142992 1.474130098 -0.130902668 0.711163864 -0.429186237 -0.708221081 -0.245201321 0.504081726
1403715367.212142944 1.495080249 -0.112139672 0.714110152 -0.428100644 -0.709644873 -0.243176810 0.503983166
1403715367.262142897 1.515942627 -0.096412091 0.717551986 -0.428345343 -0.709856552 -0.240116455 0.504943592
1403715367.312143087 1.536736414 -0.080579223 0.721021411 -0.428380233 -0.711184353 -0.238138220 0.503981527
1403715367.362143040 1.556498304 -0.063463380 0.723917552 -0.428296232 -0.712407594 -0.235854370 0.503398921
1403715367.462142944 1.594339410 -0.025391109 0.729134988 -0.427181623 -0.714174860 -0.233430362 0.502971566
1403715367.512142897 1.613270012 -0.003705560 0.728354244 -0.427012368 -0.715207667 -0.231746085 0.502426295
1403715367.612143040 1.651884973 0.039381001 0.732027346 -0.425977085 -0.715945371 -0.230419453 0.502864419
1403715367.662142992 1.668264962 0.060962804 0.739229676 -0.424372303 -0.716498942 -0.230918299 0.503203888
1403715367.712142944 1.686308898 0.087018449 0.743697681 -0.422769371 -0.716868486 -0.231537853 0.503741854
1403715367.762142897 1.703592348 0.113105873 0.746871001 -0.421363023 -0.716869317 -0.231941210 0.504732464
1403715367.862143040 1.737195568 0.170259397 0.748562765 -0.417112247 -0.716579310 -0.235191955 0.507164876
1403715367.912142992 1.759740925 0.199209315 0.742644425 -0.415394132 -0.714196021 -0.237361278 0.510912304
1403715367.962142944 1.779126809 0.230243064 0.748524038 -0.413666826 -0.712034440 -0.239853394 0.514156652
1403715368.062143087 1.810003618 0.296888495 0.769650403 -0.412296801 -0.709377543 -0.242734224 0.517566368
1403715368.112143040 1.821829515 0.330979299 0.774186631 -0.412599093 -0.708209017 -0.242982948 0.518807540
1403715368.162142992 1.835227481 0.364657729 0.776779699 -0.413032928 -0.707058075 -0.243037024 0.520005465
1403715368.212142944 1.853769447 0.398109518 0.776037632 -0.413596309 -0.705698181 -0.242304887 0.521743723
1403715368.262142897 1.872225876 0.430874009 0.776216257 -0.415653315 -0.703872740 -0.240066208 0.523606440
1403715368.312143087 1.893481544 0.463314935 0.767395442 -0.417957898 -0.701086113 -0.236925081 0.526930700
1403715368.412142992 1.929637725 0.527197332 0.766900576 -0.421889037 -0.697032315 -0.232691123 0.531046546
1403715368.462142944 1.946482739 0.559577427 0.765576990 -0.423036067 -0.695104720 -0.231791414 0.533050330
1403715368.512142897 1.967036807 0.592660428 0.764802082 -0.423290939 -0.694038643 -0.232253231 0.534035185
1403715368.562143087 1.988756010 0.627212614 0.760635576 -0.422553911 -0.693909925 -0.234396854 0.533849532
1403715368.662142992 2.036275568 0.700084947 0.759175442 -0.416244942 -0.698266811 -0.244377829 0.528623765
1403715368.712142944 2.062601034 0.730336612 0.750209749 -0.416182159 -0.698924929 -0.246722044 0.526711104
1403715368.762142897 2.088171891 0.761932024 0.744713580 -0.414550513 -0.699877137 -0.250315420 0.525035289
1403715368.812143087 2.115832240 0.791914760 0.740380839 -0.413834723 -0.700510367 -0.252883398 0.523522717
1403715368.862143040 2.145856220 0.822983658 0.732562146 -0.414754034 -0.700831506 -0.253007824 0.522303870
1403715368.912142992 2.175350033 0.854873757 0.723308527 -0.414052011 -0.701406983 -0.252476549 0.522345449
1403715368.962142944 2.203004430 0.883638470 0.721650206 -0.412417730 -0.703732565 -0.251515287 0.520972315
1403715369.062143087 2.256607620 0.946235277 0.713571184 -0.407172331 -0.711252502 -0.243528293 0.518675758
1403715369.112143040 2.280557031 0.972819418 0.709836969 -0.402888901 -0.715072633 -0.239390571 0.518694338
1403715369.162142992 2.305182620 0.998452232 0.708420599 -0.396512831 -0.719161026 -0.235592981 0.519693123
1403715369.262142897 2.355310920 1.061398430 0.693211499 -0.380493581 -0.727784340 -0.224042534 0.524747113
1403715369.312143087 2.378177072 1.091278254 0.686754063 -0.371498660 -0.732685946 -0.218551950 0.526683107
1403715369.362143040 2.396180574 1.120751922 0.686020660 -0.361759641 -0.738124474 -0.213566957 0.527912283
1403715369.412142992 2.417257946 1.151324797 0.678698862 -0.352121387 -0.743783868 -0.206259769 0.529389266
1403715369.462142944 2.436112196 1.182658331 0.669285556 -0.342538323 -0.748441170 -0.198165895 0.532196947
1403715369.512142897 2.454445507 1.210640665 0.667731015 -0.332005933 -0.753298848 -0.190858039 0.534683192
1403715369.562143087 2.473173680 1.233599581 0.671119045 -0.320781748 -0.757327131 -0.184850591 0.537945114
1403715369.662142992 2.511509055 1.286007526 0.678696532 -0.299112050 -0.766184921 -0.172128191 0.542092736
1403715369.712142944 2.527727979 1.314497691 0.678520022 -0.289911061 -0.769440027 -0.166808950 0.544140051
1403715369.812143087 2.561359125 1.364830523 0.683611632 -0.272821391 -0.774688505 -0.162117195 0.546940786
1403715369.862143040 2.571928611 1.397379429 0.679823763 -0.265677235 -0.777620721 -0.160073102 0.546898732
1403715369.912142992 2.584297115 1.429648637 0.671369475 -0.260548755 -0.780656537 -0.158043627 0.545629846
1403715369.962142944 2.598536151 1.458686684 0.665975415 -0.256765993 -0.783752712 -0.156988827 0.543283922
1403715370.012142897 2.609577011 1.490525010 0.656124687 -0.252582360 -0.785937613 -0.157628015 0.541901863
1403715370.062143087 2.621666342 1.518932375 0.646335027 -0.249452005 -0.787467885 -0.159433560 0.540600562
1403715370.112143040 2.634974082 1.544959022 0.637450908 -0.246491908 -0.786735766 -0.162361920 0.542150515
1403715370.212142944 2.653027665 1.610915173 0.619053560 -0.246946062 -0.782518249 -0.158832586 0.549049216
1403715370.262142897 2.654660814 1.641801602 0.620602135 -0.248628106 -0.779459642 -0.156127732 0.553399370
1403715370.312143087 2.655114085 1.670659539 0.623289862 -0.250670055 -0.777245299 -0.153891451 0.556211912
1403715370.362143040 2.658614849 1.697601039 0.616927389 -0.254108227 -0.773823118 -0.150089530 0.560446184
1403715370.412142992 2.659747250 1.721555823 0.621112190 -0.257672715 -0.771517152 -0.147392768 0.562709008
1403715370.462142944 2.660977080 1.748007212 0.619191989 -0.261167561 -0.769850393 -0.144551047 0.564116009
1403715370.562143087 2.665798839 1.793132612 0.626810800 -0.266029720 -0.767410548 -0.143987057 0.565311389
1403715370.612143040 2.669826406 1.818773404 0.618346508 -0.267320311 -0.765465451 -0.144210849 0.567279230
1403715370.662142992 2.670531006 1.848333038 0.616180027 -0.268774153 -0.765435764 -0.143290493 0.566865399
1403715370.712142944 2.674477150 1.875232438 0.615530105 -0.269010559 -0.764767892 -0.143980102 0.567479622
1403715370.762142897 2.678973266 1.900307164 0.617459680 -0.268440904 -0.764898330 -0.146833799 0.566842008
1403715370.812143087 2.684928253 1.927016855 0.613795229 -0.267592166 -0.765531471 -0.149488503 0.565693545
1403715370.862143040 2.689591013 1.956725032 0.606261486 -0.267562270 -0.766460970 -0.150616411 0.564147773
1403715370.962142944 2.698116661 2.011841719 0.608771636 -0.268257995 -0.769885281 -0.152119238 0.558725371
1403715371.012142897 2.698356274 2.040543728 0.607913783 -0.269267231 -0.773348609 -0.151368305 0.553637718
1403715371.062143087 2.699035126 2.067267289 0.610094934 -0.270346916 -0.777651715 -0.150738783 0.547218580
1403715371.112143040 2.699361450 2.093423790 0.608596085 -0.270681428 -0.781151703 -0.151050204 0.541957025
1403715371.212142944 2.700139215 2.146213042 0.610894556 -0.271540223 -0.786878349 -0.151482506 0.533049173
1403715371.262142897 2.698212079 2.175680257 0.608461385 -0.271829539 -0.788248872 -0.151439383 0.530884668
1403715371.312143087 2.695093755 2.206327130 0.606543456 -0.272255833 -0.789310680 -0.151273787 0.529132927
1403715371.362143040 2.689248846 2.237514738 0.606459967 -0.271692261 -0.789531558 -0.151491719 0.529030712
1403715371.412142992 2.677797663 2.269688156 0.601478851 -0.270752920 -0.788659200 -0.151927959 0.530685800
1403715371.512142897 2.658178489 2.337696769 0.590998035 -0.271739786 -0.779541519 -0.148492073 0.544447072
1403715371.562143087 2.641678170 2.369798728 0.599666192 -0.273420008 -0.776158494 -0.145902635 0.549119215
1403715371.612143040 2.627716304 2.401182139 0.601034335 -0.275106549 -0.772544014 -0.143390722 0.554013749
1403715371.662142992 2.613392820 2.435926634 0.598873539 -0.276059124 -0.768360745 -0.140271936 0.560122228
1403715371.762142897 2.581560338 2.504233255 0.603332237 -0.279236333 -0.765216863 -0.133819617 0.564413442
1403715371.812143087 2.565344397 2.541173994 0.597656729 -0.278812729 -0.764578396 -0.132867601 0.565711534
1403715371.862143040 2.557614186 2.572924110 0.592906560 -0.277171468 -0.766587253 -0.135095296 0.563266563
1403715371.912142992 2.550244676 2.608806952 0.589666538 -0.273151884 -0.768117427 -0.139335845 0.562111367
1403715371.962142944 2.543531647 2.647424954 0.581633705 -0.269781391 -0.769695152 -0.142793335 0.560711547
1403715372.012142897 2.537268210 2.687522289 0.567773160 -0.268590119 -0.770712255 -0.143475597 0.559711283
1403715372.062143087 2.525207846 2.731135525 0.556479241 -0.268015143 -0.771395237 -0.143286132 0.559094228
1403715372.112143040 2.511366854 2.772816231 0.553686527 -0.267038814 -0.771526756 -0.143127713 0.559420409
1403715372.162142992 2.494716553 2.815958325 0.550207442 -0.264937633 -0.771185264 -0.142655130 0.561008781
1403715372.212142944 2.482243811 2.852368517 0.550658238 -0.263892908 -0.771041797 -0.141006670 0.562114045
1403715372.312143087 2.448737237 2.930406488 0.562270312 -0.255194266 -0.773577040 -0.138818655 0.563190759
1403715372.362143040 2.437187497 2.966240156 0.558516698 -0.249777636 -0.773903425 -0.136039006 0.565842744
1403715372.412142992 2.430430558 3.000207971 0.558723671 -0.243508617 -0.775269860 -0.133438229 0.567322164
1403715372.462142944 2.423136012 3.036929262 0.558768183 -0.238233171 -0.776433882 -0.129706850 0.568833469
1403715372.512142897 2.415176801 3.072916605 0.558885048 -0.232499746 -0.776872258 -0.127842307 0.571025137
1403715372.562143087 2.407302569 3.109141605 0.559735917 -0.227506712 -0.776783422 -0.125863266 0.573591012
1403715372.612143040 2.399533411 3.146319574 0.567720628 -0.222842415 -0.776962832 -0.124117427 0.575556149
1403715372.662142992 2.388286214 3.184455869 0.575501374 -0.219236630 -0.778069931 -0.122468018 0.575798634
1403715372.712142944 2.371975116 3.224392434 0.574910215 -0.217050037 -0.778485595 -0.119413657 0.576706024
1403715372.812143087 2.348748477 3.297160222 0.585311732 -0.213039404 -0.779536952 -0.117228857 0.577229372
1403715372.862143040 2.337983256 3.333016584 0.596697944 -0.211378452 -0.780005030 -0.116086279 0.577438550
1403715372.912142992 2.325629450 3.369408785 0.604083409 -0.211393761 -0.780424495 -0.113716904 0.577337640
1403715372.962142944 2.316545270 3.406362979 0.605311807 -0.212335144 -0.780124941 -0.110767463 0.577970096
1403715373.012142897 2.309762393 3.441375423 0.610346083 -0.213148909 -0.779864758 -0.108464745 0.578458210
1403715373.062143087 2.302737631 3.475512733 0.616583146 -0.214178132 -0.779152504 -0.106564169 0.579390353
1403715373.112143040 2.290909646 3.512545046 0.622186607 -0.215098466 -0.779037217 -0.104788220 0.579528337
1403715373.162142992 2.279553843 3.548516776 0.631258990 -0.215731648 -0.778894276 -0.103588170 0.579700831
1403715373.212142944 2.270138961 3.583890735 0.643261474 -0.215735254 -0.778406606 -0.103983223 0.580283504
1403715373.262142897 2.264788321 3.616667175 0.651872479 -0.215926966 -0.778369725 -0.106066816 0.579884425
1403715373.312143087 2.251787952 3.653716558 0.654578238 -0.214112737 -0.778303466 -0.109546142 0.579999219
1403715373.362143040 2.239860675 3.693298546 0.646480549 -0.214718479 -0.778402814 -0.109658318 0.579620641
1403715373.412142992 2.232420773 3.728763662 0.645679079 -0.214810521 -0.778154506 -0.110978918 0.579668599
1403715373.462142944 2.222229650 3.766834005 0.651565484 -0.213648780 -0.778663317 -0.112773365 0.579068049
1403715373.512142897 2.210124028 3.804430069 0.648948556 -0.212139481 -0.779218707 -0.113123946 0.578807412
1403715373.562143087 2.203000744 3.836930307 0.651266988 -0.207981092 -0.779160130 -0.115732094 0.579878814
1403715373.612143040 2.190025729 3.873331371 0.649306619 -0.200819419 -0.780350797 -0.118103751 0.580323788
1403715373.662142992 2.179182838 3.909650946 0.639262520 -0.193597511 -0.781255893 -0.118099265 0.581559796
1403715373.712142944 2.175427940 3.938503591 0.631202194 -0.185843577 -0.783018068 -0.118279932 0.581682669
1403715373.762142897 2.165727426 3.970629274 0.623935817 -0.177141648 -0.784790422 -0.115206543 0.582625337
1403715373.812143087 2.155167438 4.001469855 0.621625109 -0.168444562 -0.786463539 -0.109393484 0.584067289
1403715373.862143040 2.148007762 4.026444101 0.626534747 -0.159901522 -0.787999792 -0.102380853 0.585667135
1403715373.912142992 2.136832131 4.050493615 0.634377132 -0.150051341 -0.788968435 -0.094527659 0.588283882
1403715373.962142944 2.127810099 4.073303268 0.641074072 -0.139855928 -0.789499568 -0.085850364 0.591405500
1403715374.012142897 2.113244839 4.098482320 0.644227445 -0.128373637 -0.791394844 -0.077007288 0.592692406
1403715374.062143087 2.097146898 4.121872239 0.640931821 -0.117479328 -0.793381130 -0.067015271 0.593509851
1403715374.112143040 2.083125936 4.142466458 0.643907932 -0.106074203 -0.795782863 -0.057565454 0.593434173
1403715374.162142992 2.067461197 4.162858793 0.649027749 -0.093220058 -0.798156394 -0.049633692 0.593121310
1403715374.212142944 2.058165158 4.180461826 0.647789756 -0.081393569 -0.798959202 -0.040462706 0.594476282
1403715374.262142897 2.048163172 4.197537186 0.644621849 -0.069449827 -0.799114498 -0.031444238 0.596325415
1403715374.312143087 2.037799345 4.211226309 0.648839548 -0.057638447 -0.799858569 -0.023091541 0.596968056
1403715374.362143040 2.024234202 4.226602245 0.646872257 -0.046781541 -0.801854748 -0.015326356 0.595487660
1403715374.412142992 2.014328424 4.239942891 0.645132844 -0.037417702 -0.803709909 -0.008915863 0.593776730
1403715374.462142944 2.005842726 4.251455488 0.650868516 -0.028679950 -0.805165386 -0.004569235 0.592338825
1403715374.512142897 1.990614880 4.266296874 0.655398238 -0.021352699 -0.808182647 -0.000690464 0.588544301
1403715374.562143087 1.979743093 4.279015794 0.653166233 -0.016123939 -0.810197310 0.002453551 0.585930301
1403715374.612143040 1.969073517 4.289466655 0.658338933 -0.011888698 -0.813017265 0.003720387 0.582106300
1403715374.662142992 1.953105709 4.303945447 0.657835493 -0.008844498 -0.814335144 0.006005784 0.580296458
1403715374.712142944 1.939659828 4.313606164 0.664959978 -0.006947709 -0.816243020 0.006226963 0.577633349
1403715374.762142897 1.923274815 4.325712075 0.656749078 -0.005672476 -0.816176844 0.006695125 0.577735543
1403715374.812143087 1.903901889 4.336164864 0.660367619 -0.004548316 -0.816843524 0.005972049 0.576810459
1403715374.862143040 1.885759562 4.345861688 0.661252476 -0.004199859 -0.816317870 0.005012368 0.577565904
1403715374.912142992 1.865385676 4.355757685 0.660846985 -0.004076734 -0.816082236 0.003313192 0.577911919
1403715374.962142944 1.848253630 4.363536070 0.658887586 -0.004835423 -0.813452031 0.001889025 0.581608840
1403715375.012142897 1.824477508 4.371704301 0.666589134 -0.005082541 -0.811459437 0.000158225 0.584386623
1403715375.062143087 1.797307781 4.379923587 0.671773078 -0.004539004 -0.808864207 -0.002575265 0.587972330
1403715375.112143040 1.777579328 4.384425072 0.667144134 -0.007003321 -0.807718008 -0.003862575 0.589514761
1403715375.162142992 1.753391763 4.388766599 0.668440037 -0.008383854 -0.806012182 -0.005447768 0.591814494
1403715375.212142944 1.726558379 4.393455126 0.672221138 -0.009893527 -0.804694065 -0.006649951 0.593570011
1403715375.262142897 1.700310001 4.396251551 0.674321661 -0.012853190 -0.804883530 -0.006627335 0.593256586
1403715375.312143087 1.677742679 4.398908220 0.660455255 -0.016485587 -0.804144671 -0.006481517 0.594169641
1403715375.362143040 1.652491747 4.399137065 0.663590960 -0.019825681 -0.803180229 -0.005612376 0.595379680
1403715375.412142992 1.624979379 4.399472240 0.667651949 -0.021307683 -0.804278754 -0.007972944 0.593816555
1403715375.462142944 1.597188217 4.396965631 0.675866179 -0.024443800 -0.805014580 -0.008035876 0.592696761
1403715375.512142897 1.575041457 4.393074500 0.675781028 -0.027265914 -0.805313399 -0.008786203 0.592156823
1403715375.562143087 1.555427212 4.388890470 0.670984565 -0.030903093 -0.804474825 -0.008236819 0.593125121
1403715375.612143040 1.528948282 4.387161299 0.670037205 -0.033017839 -0.803819357 -0.008196308 0.593899894
1403715375.662142992 1.507695847 4.383246337 0.672146443 -0.034986553 -0.802819473 -0.009010970 0.595126573
1403715375.712142944 1.476535502 4.381686708 0.671054962 -0.036062438 -0.802204598 -0.009967759 0.595875765
1403715375.762142897 1.449627394 4.376121188 0.669213869 -0.038081641 -0.802279239 -0.010553460 0.595639518
1403715375.812143087 1.417924229 4.372027589 0.671458917 -0.038622923 -0.802446470 -0.011497312 0.595361861
1403715375.862143040 1.388007547 4.368066213 0.673567427 -0.038391273 -0.802404135 -0.013196004 0.595398672
1403715375.912142992 1.362591993 4.362404849 0.673320191 -0.037611508 -0.802062061 -0.015824539 0.595845121
1403715375.962142944 1.337810608 4.357623405 0.669859812 -0.037313675 -0.800513479 -0.016886605 0.597913624
1403715376.012142897 1.317612030 4.351867964 0.661503053 -0.036889541 -0.799031919 -0.018081483 0.599883500
1403715376.062143087 1.291207897 4.346792425 0.655738263 -0.037292549 -0.797924681 -0.016773979 0.601368525
1403715376.112143040 1.270839240 4.338535470 0.653122040 -0.038166588 -0.797001578 -0.015313999 0.602575537
1403715376.162142992 1.245188184 4.330271467 0.653496861 -0.039053969 -0.796941843 -0.012430085 0.602664069
1403715376.212142944 1.216148455 4.321533990 0.652120686 -0.040130622 -0.796433097 -0.009292315 0.603322060
1403715376.262142897 1.194709521 4.309896923 0.655089831 -0.041088671 -0.796030933 -0.007733146 0.603810129
1403715376.312143087 1.170232210 4.302175656 0.646881955 -0.040509456 -0.791526456 -0.006837480 0.609752493
1403715376.362143040 1.147919855 4.295461312 0.647466763 -0.039530213 -0.785677800 -0.006068549 0.617341825
1403715376.412142992 1.129146818 4.288340284 0.641901124 -0.037587888 -0.782103425 -0.008120286 0.621960967
1403715376.462142944 1.104361822 4.282482933 0.633924893 -0.034475385 -0.782374693 -0.010550870 0.621763594
1403715376.512142897 1.087281778 4.273213498 0.627737289 -0.032358073 -0.785756617 -0.013243425 0.617546845
1403715376.562143087 1.072430917 4.264611306 0.618177576 -0.030389009 -0.788960773 -0.014297780 0.613525045
1403715376.612143040 1.053942170 4.256425410 0.604370520 -0.028500290 -0.791181587 -0.014006595 0.610756290
1403715376.662142992 1.039762750 4.246207696 0.593640817 -0.026551266 -0.792329370 -0.013565258 0.609364573
1403715376.712142944 1.025353151 4.233263040 0.595710612 -0.024460854 -0.793079024 -0.013916588 0.608468288
1403715376.762142897 1.010208719 4.219204466 0.594410197 -0.022539633 -0.793606934 -0.014535483 0.607839386
1403715376.812143087 0.995925039 4.206704136 0.581451203 -0.021345270 -0.792077810 -0.013552549 0.609896262
1403715376.862143040 0.982089493 4.192705919 0.578897118 -0.019976160 -0.790083614 -0.012435477 0.612547300
1403715376.912142992 0.974243414 4.177426209 0.575950563 -0.018981869 -0.786156877 -0.011455864 0.617629190
1403715376.962142944 0.965566496 4.161973888 0.571239887 -0.017104257 -0.781380753 -0.011254455 0.623718607
1403715377.012142897 0.952920367 4.145960847 0.567833683 -0.016546779 -0.778998334 -0.008447615 0.626750698
1403715377.062143087 0.943494699 4.128162300 0.568718263 -0.014360979 -0.779847862 -0.007831625 0.625755336
1403715377.112143040 0.936271743 4.109711675 0.569509873 -0.011840344 -0.782759495 -0.007543712 0.622165952
1403715377.162142992 0.935246559 4.090186063 0.566172347 -0.009646107 -0.786023700 -0.008092120 0.618068130
1403715377.212142944 0.935230500 4.072328383 0.558435351 -0.007302097 -0.788463554 -0.008389648 0.614980908
1403715377.262142897 0.936175059 4.053702657 0.553486359 -0.005478724 -0.790306960 -0.007593286 0.612639564
1403715377.312143087 0.933766395 4.034100036 0.547663449 -0.004843782 -0.791020797 -0.004949555 0.611750062
1403715377.362143040 0.933856921 4.012499906 0.547962883 -0.003669901 -0.791152280 -0.003894152 0.611595812
1403715377.412142992 0.936508306 3.989644581 0.548267553 -0.003758867 -0.790497038 -0.001476435 0.612452549
1403715377.462142944 0.936112276 3.968425755 0.542282074 -0.002632364 -0.789096432 -0.000006335 0.614263699
1403715377.512142897 0.940456852 3.946519606 0.532818369 -0.002314978 -0.788558130 0.001737100 0.614953412
1403715377.562143087 0.944662619 3.922666247 0.529702066 -0.001758189 -0.787884657 0.003302887 0.615811471
1403715377.612143040 0.949947088 3.899003640 0.526181065 -0.001073964 -0.788211137 0.003897623 0.615391631
1403715377.662142992 0.960317774 3.873686716 0.519208826 -0.001136095 -0.789668710 0.004466950 0.613516164
1403715377.712142944 0.966508936 3.848260998 0.515426854 -0.000911220 -0.791070345 0.005086122 0.611703368
1403715377.762142897 0.970605804 3.822480560 0.513955922 0.000359399 -0.790792974 0.005068823 0.612062619
1403715377.812143087 0.979826191 3.794955892 0.509602484 0.000037547 -0.791477529 0.005347318 0.611174873
1403715377.862143040 0.986199343 3.767779632 0.503009167 0.000079921 -0.791576568 0.005952628 0.611040995
1403715377.912142992 0.995802918 3.739601888 0.497686202 -0.000047531 -0.792475229 0.006286120 0.609871703
1403715377.962142944 1.006582784 3.711216833 0.489848176 -0.000339796 -0.791687145 0.006977487 0.610886784
1403715378.012142897 1.016761461 3.683269596 0.483285078 -0.001443247 -0.791846684 0.009472722 0.610644752
1403715378.062143087 1.030208752 3.653735900 0.476368139 -0.003211845 -0.790731259 0.012707124 0.612023112
1403715378.112143040 1.040739849 3.625087353 0.472089229 -0.004378669 -0.790710175 0.015661088 0.611974653
1403715378.162142992 1.053107692 3.596504113 0.466799786 -0.005631958 -0.790073818 0.019171091 0.612685982
1403715378.212142944 1.064049101 3.568333854 0.458933242 -0.007317133 -0.788936435 0.023085176 0.613997423
1403715378.262142897 1.076227698 3.540106897 0.453505404 -0.008709530 -0.789910899 0.026247764 0.612597723
1403715378.312143087 1.089392570 3.512087978 0.449120172 -0.010834705 -0.791923555 0.029951461 0.609788981
1403715378.362143040 1.101291147 3.485478354 0.445776218 -0.011630063 -0.793663657 0.032572882 0.607372825
1403715378.412142992 1.116900643 3.460771067 0.444133378 -0.012171337 -0.796755271 0.033584600 0.603245366
1403715378.462142944 1.130813395 3.437883006 0.435915902 -0.011774475 -0.798581410 0.033274438 0.600850985
1403715378.512142897 1.145065080 3.414368519 0.432636833 -0.010169368 -0.801005649 0.030786973 0.597778133
1403715378.562143087 1.156744470 3.393150632 0.434343007 -0.006742846 -0.802230735 0.026721990 0.596377663
1403715378.612143040 1.170039905 3.372533326 0.430997152 -0.005536432 -0.803093254 0.025161704 0.595296113
1403715378.662142992 1.183840571 3.351974568 0.426357482 -0.004406240 -0.804235901 0.023401538 0.593832947
1403715378.712142944 1.196382035 3.331369562 0.423275032 -0.003540949 -0.805643309 0.022050067 0.591979827
1403715378.762142897 1.205899305 3.311974650 0.419132252 -0.003171087 -0.807472647 0.021955083 0.589487780
1403715378.812143087 1.216607886 3.292237668 0.414542061 -0.002967488 -0.809159545 0.022035759 0.587168161
1403715378.862143040 1.225902021 3.271988151 0.418544102 -0.002780615 -0.811284178 0.021868426 0.584236273
1403715378.912142992 1.236610134 3.251996162 0.415561858 -0.003296492 -0.811984862 0.022440090 0.583237653
1403715378.962142944 1.243889282 3.233731424 0.412867143 -0.003957426 -0.812821698 0.023504449 0.582024713
1403715379.012142897 1.250062681 3.216253013 0.417142933 -0.003759915 -0.813105660 0.023588551 0.581625850
1403715379.062143087 1.254209595 3.198539236 0.419459416 -0.003564997 -0.813347270 0.022888243 0.581317157
1403715379.112143040 1.261964922 3.179826019 0.416293751 -0.003022722 -0.811568940 0.021718697 0.583845028
1403715379.162142992 1.261544726 3.162959070 0.424034755 0.000014953 -0.809972459 0.017668059 0.586201719
1403715379.212142944 1.265126484 3.145003064 0.431125914 0.001972810 -0.809210559 0.013851663 0.587352118
1403715379.262142897 1.264484628 3.129252210 0.435233385 0.004461968 -0.808179107 0.010935531 0.588818338
1403715379.312143087 1.265318714 3.111378006 0.438938402 0.005999586 -0.807325091 0.008076028 0.590021169
1403715379.362143040 1.266037983 3.091063535 0.447850809 0.007646904 -0.806978181 0.004731131 0.590512791
1403715379.412142992 1.261365309 3.073730346 0.449005470 0.008817735 -0.807029977 0.003608808 0.590433604
1403715379.462142944 1.262496457 3.053327903 0.450995368 0.009621688 -0.807142645 0.001825536 0.590275224
1403715379.512142897 1.261352990 3.033008263 0.453919394 0.010145778 -0.807887276 0.000496106 0.589249494
1403715379.562143087 1.259353225 3.011314039 0.458069081 0.010327145 -0.808082957 0.000176330 0.588978144
1403715379.612143040 1.257392929 2.986783471 0.468148670 0.010902562 -0.809417679 -0.001563699 0.587130063
1403715379.662142992 1.247749295 2.965609060 0.470948027 0.011830650 -0.810605485 -0.001369794 0.585471526
1403715379.712142944 1.242987690 2.941316515 0.469907258 0.012224523 -0.809694994 -0.001805087 0.586720819
1403715379.762142897 1.238467333 2.915191404 0.473223014 0.012164672 -0.809446777 -0.002168859 0.587063227
1403715379.812143087 1.233348719 2.888662640 0.476643644 0.012716745 -0.807414472 -0.002590447 0.589841881
1403715379.862143040 1.225691366 2.860935001 0.484277687 0.013870136 -0.805342117 -0.003868740 0.592635408
1403715379.912142992 1.219288766 2.831118235 0.491358206 0.014397617 -0.802721228 -0.004779009 0.596161471
1403715379.962142944 1.211326367 2.802504835 0.496091186 0.013974435 -0.801341704 -0.004710539 0.598025083
1403715380.012142897 1.202676509 2.773765307 0.502255163 0.015186768 -0.799802782 -0.005839983 0.600042304
1403715380.062143087 1.196430353 2.741113036 0.510269320 0.013918188 -0.798360617 -0.005200515 0.601996316
1403715380.112143040 1.186952159 2.709496101 0.512645053 0.011433809 -0.796455495 -0.001014820 0.604588193
1403715380.162142992 1.177169015 2.674695824 0.523868351 0.008705389 -0.795310817 0.003570121 0.606128843
1403715380.212142944 1.172349819 2.637218590 0.528833970 0.005639947 -0.794351380 0.006449447 0.607398123
1403715380.262142897 1.161412640 2.601412148 0.533986108 0.003869366 -0.794530460 0.010116065 0.607127697
1403715380.312143087 1.151738333 2.564635952 0.543020743 0.002622688 -0.795810814 0.012118374 0.605418380
1403715380.362143040 1.146644808 2.526918512 0.549312560 0.001131391 -0.796711183 0.012274171 0.604234520
1403715380.412142992 1.144868680 2.490204337 0.546689924 0.000120204 -0.797150384 0.011737286 0.603666702
1403715380.462142944 1.140760193 2.456736030 0.543696602 0.001107139 -0.796328384 0.010765255 0.604767714
1403715380.512142897 1.133638390 2.423814732 0.544492814 0.002852262 -0.795656225 0.009625210 0.605665247
1403715380.562143087 1.130340742 2.388697205 0.546678452 0.003491954 -0.796009100 0.008436316 0.605215786
1403715380.612143040 1.129197688 2.352215728 0.549515217 0.004885979 -0.795273733 0.006580084 0.606195116
1403715380.662142992 1.122698769 2.315772103 0.553543434 0.006311979 -0.795054745 0.006068750 0.606474470
1403715380.712142944 1.118631004 2.277667857 0.557397124 0.006722053 -0.794475775 0.005662728 0.607232237
1403715380.762142897 1.113740646 2.240952701 0.562517897 0.006906666 -0.794448035 0.005671705 0.607266375
1403715380.812143087 1.108627736 2.204745956 0.568196910 0.007566722 -0.793965805 0.005852715 0.607887153
1403715380.862143040 1.103789360 2.169186996 0.571091013 0.008046593 -0.793275147 0.006215107 0.608778421
1403715380.912142992 1.099222760 2.132681525 0.577826261 0.008635932 -0.793656929 0.005796892 0.608276661
1403715380.962142944 1.096216174 2.095537413 0.584013533 0.009200325 -0.793625657 0.005199458 0.608314586
1403715381.012142897 1.094174266 2.057738485 0.589753724 0.010143282 -0.793712950 0.003794896 0.608196076
1403715381.062143087 1.091341476 2.022156473 0.589661265 0.009553974 -0.793086124 0.004409101 0.609018621
1403715381.112143040 1.092278050 1.983881987 0.589979195 0.007430896 -0.792896285 0.005465415 0.609286790
1403715381.162142992 1.091164037 1.948347219 0.587992097 0.004796452 -0.792045626 0.008153674 0.610388595
1403715381.212142944 1.090142335 1.911814642 0.592213793 0.003816882 -0.791087659 0.009226312 0.611621307
1403715381.262142897 1.088985333 1.875977493 0.596394528 0.001555838 -0.790923232 0.010745726 0.611819050
1403715381.312143087 1.091310638 1.840586315 0.593503869 -0.001576910 -0.789972541 0.012338335 0.613016038
1403715381.362143040 1.094427997 1.804689385 0.592348931 -0.003670067 -0.789013829 0.013141836 0.614223901
1403715381.412142992 1.096859621 1.769724517 0.597586394 -0.005665343 -0.788458948 0.013605607 0.614910790
1403715381.462142944 1.101076050 1.736357240 0.598898935 -0.007849781 -0.787650339 0.013595377 0.615922470
1403715381.512142897 1.103192253 1.702731751 0.603177714 -0.008144433 -0.785318857 0.012272380 0.618916271
1403715381.562143087 1.104965928 1.669786220 0.605681831 -0.007935791 -0.785843081 0.009177145 0.618306926
1403715381.612143040 1.105016967 1.640950397 0.602762875 -0.008253053 -0.786830800 0.008520129 0.617054768
1403715381.662142992 1.107165689 1.612115183 0.598586008 -0.007427362 -0.788492888 0.006796815 0.614961464
1403715381.762142897 1.118757966 1.551174300 0.582594413 -0.006158289 -0.793712974 0.003109993 0.608253334
1403715381.812143087 1.124232786 1.517448237 0.583153106 -0.003903910 -0.796627394 0.000158619 0.604458046
1403715381.862143040 1.131172153 1.484252315 0.580868825 -0.002351558 -0.799570493 -0.002933474 0.600560482
1403715381.962142944 1.155435096 1.418247753 0.558175234 -0.010204766 -0.803411479 -0.007924616 0.595284015
1403715382.012142897 1.159258997 1.385959481 0.558059574 -0.014463508 -0.804622032 -0.010487824 0.593518489
1403715382.062143087 1.160189921 1.353307062 0.558218342 -0.019194459 -0.805440757 -0.014280233 0.592193241
1403715382.112143040 1.163130624 1.319532009 0.559142802 -0.027258079 -0.806187033 -0.017301320 0.590779256
1403715382.162142992 1.163224377 1.286654761 0.560413036 -0.035399377 -0.806100217 -0.020459112 0.590364929
1403715382.262142897 1.162633423 1.217002947 0.568431182 -0.053482282 -0.805362820 -0.030388000 0.589582007
1403715382.312143087 1.159495811 1.186175179 0.564768935 -0.064340180 -0.803979733 -0.033365444 0.590223413
1403715382.362143040 1.154733472 1.153909991 0.565859357 -0.074066896 -0.803053590 -0.038618516 0.590023420
1403715382.412142992 1.147376820 1.120621911 0.568653306 -0.083896202 -0.801780417 -0.044082297 0.590056218
1403715382.462142944 1.142455036 1.083415205 0.570404453 -0.094516747 -0.801234186 -0.049517532 0.588760034
1403715382.562143087 1.127925992 1.014448382 0.577526435 -0.110278260 -0.800142225 -0.058885929 0.586637514
1403715382.612143040 1.122222584 0.978304858 0.574237303 -0.119711050 -0.798587142 -0.061473976 0.586641963
1403715382.662142992 1.114580367 0.944557557 0.572987128 -0.128636219 -0.798363811 -0.065430140 0.584625388
1403715382.712142944 1.106719734 0.910418648 0.574101791 -0.137915420 -0.797718425 -0.068700968 0.583013575
1403715382.812143087 1.091711674 0.853353886 0.572337694 -0.154130263 -0.796307637 -0.076042325 0.579961701
1403715382.862143040 1.081096359 0.822981831 0.571303216 -0.161870366 -0.795080795 -0.079918706 0.579014261
1403715382.912142992 1.070672813 0.789597544 0.572885327 -0.169494771 -0.793746666 -0.085492535 0.577865711
1403715382.962142944 1.059560058 0.757801567 0.575497785 -0.177244507 -0.792480105 -0.090218045 0.576559079
1403715383.012142897 1.045178845 0.728097551 0.576717704 -0.185314030 -0.791266409 -0.093979257 0.575086149
1403715383.062143087 1.030973577 0.701284407 0.575123187 -0.192868158 -0.790070562 -0.094874275 0.574098644
1403715383.162142992 1.002243349 0.644836102 0.574785861 -0.204272506 -0.787919497 -0.096055914 0.572912621
1403715383.212142944 0.981389646 0.618271895 0.573531847 -0.208446494 -0.787724002 -0.095461990 0.571776149
1403715383.312143087 0.939700799 0.568334061 0.573081689 -0.213863682 -0.788555315 -0.095273061 0.568652693
1403715383.362143040 0.920181826 0.538826283 0.570552430 -0.214899408 -0.786817199 -0.095712310 0.570592756
1403715383.412142992 0.900078493 0.513133866 0.566049170 -0.215643677 -0.784945766 -0.096369538 0.572774704
1403715383.462142944 0.876185551 0.490386869 0.564670646 -0.217398231 -0.783860946 -0.096494770 0.573575441
1403715383.562143087 0.832217872 0.445154498 0.563435725 -0.222168970 -0.777954572 -0.101552771 0.578890894
1403715383.612143040 0.807324579 0.426901060 0.561786360 -0.224843811 -0.775389348 -0.104909742 0.580698343
1403715383.662142992 0.781582659 0.410018649 0.562235056 -0.229739343 -0.774105799 -0.108296917 0.579872248
1403715383.712142944 0.759581191 0.393292006 0.560988094 -0.235352775 -0.771835463 -0.113039537 0.579742316
1403715383.762142897 0.737930737 0.379555568 0.560839025 -0.243480213 -0.769381542 -0.118266369 0.578603919
1403715383.812143087 0.714930741 0.365731211 0.562057124 -0.252937234 -0.767122419 -0.124057518 0.576329490
1403715383.862143040 0.694544896 0.352530508 0.561431038 -0.262866204 -0.764395180 -0.130071744 0.574180032
1403715383.962142944 0.661174397 0.330075059 0.554255097 -0.284326559 -0.755992590 -0.144484492 0.571627363
1403715384.012142897 0.641568563 0.319783399 0.551348661 -0.296142377 -0.751532088 -0.151973007 0.569564235
1403715384.062143087 0.620395226 0.308307009 0.548577557 -0.307543170 -0.747294561 -0.158947065 0.567189446
1403715384.112143040 0.599928942 0.299550157 0.547257860 -0.319515097 -0.743346170 -0.166671004 0.563531145
1403715384.162142992 0.580892207 0.289915728 0.548209590 -0.331965615 -0.738571227 -0.175019688 0.560070962
1403715384.212142944 0.562375525 0.282967553 0.548298535 -0.343668917 -0.734866957 -0.181270162 0.555880706
1403715384.262142897 0.545566788 0.274452720 0.545709983 -0.355049774 -0.728632112 -0.188080302 0.554671708
1403715384.312143087 0.528477575 0.267018455 0.543829849 -0.367414356 -0.722575796 -0.194080247 0.552470603
1403715384.362143040 0.511684608 0.260192742 0.543617305 -0.379496212 -0.716975343 -0.200103776 0.549442864
1403715384.462142944 0.480831133 0.247938773 0.541055119 -0.402113108 -0.706869107 -0.212379681 0.541789613
1403715384.512142897 0.465646503 0.240728038 0.542593272 -0.412744057 -0.702213304 -0.218302309 0.537478299
1403715384.562143087 0.453093057 0.236131028 0.541280743 -0.423664413 -0.698302941 -0.223425010 0.531942414
1403715384.612143040 0.442387474 0.232097230 0.539772750 -0.434459708 -0.693644325 -0.228014432 0.527362998
1403715384.662142992 0.433392683 0.229927892 0.540663462 -0.444292107 -0.689644507 -0.232911656 0.522251988
1403715384.712142944 0.426991892 0.229220441 0.539549299 -0.454543262 -0.684917453 -0.237586645 0.517524001
1403715384.812143087 0.410503331 0.232395217 0.546770200 -0.471667592 -0.676986720 -0.248084858 0.507614585
1403715384.862143040 0.400024191 0.236550123 0.548268687 -0.480539511 -0.673044473 -0.252409426 0.502376749
1403715384.912142992 0.392296916 0.239642280 0.551330078 0.488235502 0.668133986 0.256601820 -0.499378191
1403715384.962142944 0.385877535 0.243174961 0.556164534 0.493490938 0.663399403 0.262165045 -0.497631807
1403715385.012142897 0.378372188 0.250623945 0.559528444 0.496973066 0.660493147 0.267050035 -0.495429968
1403715385.112143040 0.364510036 0.266562509 0.566866645 0.502317473 0.657458782 0.278822068 -0.487527805
1403715385.162142992 0.361559933 0.275356771 0.572709874 0.505356409 0.655124926 0.283700311 -0.484706473
1403715385.212142944 0.358627658 0.284756995 0.578903541 0.507903265 0.652781368 0.289049851 -0.482038320
1403715385.262142897 0.354653118 0.294977177 0.582970476 0.510318679 0.650594952 0.294097283 -0.479382773
1403715385.362143040 0.347232680 0.321336954 0.588237512 0.515592468 0.647855580 0.296615496 -0.475885283
1403715385.412142992 0.342973565 0.332280352 0.596113109 0.517252202 0.646297089 0.298320363 -0.475137027
1403715385.462142944 0.337394019 0.344158346 0.601911450 0.518721216 0.643621855 0.299271158 -0.476566870
1403715385.512142897 0.330044910 0.359540048 0.605917808 0.520538510 0.641348320 0.298429039 -0.478175806
1403715385.562143087 0.324124175 0.373807469 0.609612405 0.522609588 0.638138839 0.296341750 -0.481497257
1403715385.662142992 0.312888717 0.399972281 0.621736163 0.526281076 0.632957935 0.290619371 -0.487783624
1403715385.712142944 0.307442651 0.416091771 0.622285756 0.527660614 0.631241568 0.287617354 -0.490290339
1403715385.762142897 0.306026043 0.432967614 0.622847248 0.528614651 0.629254563 0.285792924 -0.492876911
1403715385.862143040 0.301915672 0.470772641 0.636348667 0.526558966 0.628581946 0.284369372 -0.496743850
1403715385.912142992 0.299175539 0.488367361 0.646683554 0.523525582 0.628413385 0.288513184 -0.497772764
1403715385.962142944 0.302908467 0.508165561 0.654513662 0.520189667 0.628264963 0.293643155 -0.498457164
1403715386.012142897 0.309940858 0.527514997 0.660280707 0.517169030 0.628554003 0.298346021 -0.498443287
1403715386.062143087 0.317289484 0.544838178 0.666870621 0.513771204 0.629690827 0.302807662 -0.497831429
1403715386.162142992 0.330386697 0.582825028 0.676321362 0.511415679 0.634196257 0.306800117 -0.492059752
1403715386.212142944 0.338023359 0.597157094 0.679918722 0.511008288 0.636150173 0.307664978 -0.489413679
1403715386.262142897 0.349264285 0.607509214 0.682814471 0.510867257 0.635735443 0.308132290 -0.489805660
1403715386.312143087 0.359620150 0.618400880 0.684862822 0.511103587 0.634800615 0.308131760 -0.490770946
1403715386.412142992 0.376777747 0.643583777 0.684302367 0.510724281 0.632892851 0.309617947 -0.492690648
1403715386.462142944 0.384215627 0.656495345 0.683799451 0.511000638 0.631633279 0.309803078 -0.493902623
1403715386.512142897 0.394610263 0.667590516 0.683473153 0.511654898 0.629419891 0.309655501 -0.496138425
1403715386.562143087 0.403441182 0.675404408 0.686194135 0.511706934 0.626989445 0.309948395 -0.498971183
1403715386.662142992 0.419710319 0.693830260 0.689101443 -0.513624975 -0.624991951 -0.308632139 0.500320547
1403715386.712142944 0.431662631 0.702423567 0.685798998 -0.515681328 -0.623792893 -0.305626579 0.501545201
1403715386.812143087 0.463491452 0.720770447 0.673273018 -0.523213756 -0.624647510 -0.291590394 0.501036821
1403715386.862143040 0.481038656 0.724029394 0.669710168 -0.526211763 -0.624334689 -0.285336381 0.501886967
1403715386.912142992 0.500104019 0.727584135 0.663549182 -0.529008202 -0.624093049 -0.279779802 0.502375805
1403715387.012142897 0.544797230 0.736449849 0.649617151 0.533505271 0.625173722 0.273199652 -0.499891881
1403715387.062143087 0.568810536 0.737131350 0.647185884 0.532266299 0.625578413 0.274572266 -0.499954305
1403715387.162142992 0.624376012 0.752278868 0.629144037 0.528234145 0.630782586 0.279057894 -0.495185529
1403715387.212142944 0.655332117 0.758265574 0.623391687 0.525101530 0.633342028 0.283351987 -0.492806159
1403715387.262142897 0.686505680 0.763238331 0.621928290 0.521480731 0.635455560 0.287403291 -0.491582573
1403715387.312143087 0.720731678 0.771199056 0.614979420 0.518632294 0.637186991 0.290463841 -0.490554828
1403715387.412142992 0.792594472 0.790350418 0.592680224 0.515118857 0.639725781 0.292549935 -0.489712184
1403715387.462142944 0.824980600 0.802342091 0.579119208 0.513606486 0.641515724 0.292734311 -0.488848214
1403715387.512142897 0.861016900 0.811623132 0.564970286 0.513601587 0.643536676 0.291619605 -0.486859284
1403715387.612143040 0.938293547 0.826380072 0.543753961 0.514861942 0.645444851 0.286755617 -0.485890256
1403715387.662142992 0.971554792 0.834175270 0.547548548 0.514234592 0.647507462 0.285093728 -0.484787002
1403715387.712142944 1.006500625 0.844692033 0.549534176 0.513658363 0.649633618 0.283447096 -0.483517314
1403715387.762142897 1.042973040 0.856462839 0.551911938 0.513727769 0.651065438 0.281119477 -0.482876189
1403715387.812143087 1.080382899 0.868711936 0.560404462 0.512889841 0.652601570 0.279997458 -0.482344923
1403715387.912142992 1.149878572 0.901652252 0.575962064 0.510193101 0.655638013 0.277819763 -0.482346323
1403715387.962142944 1.185236505 0.918304452 0.580503746 0.509004151 0.656379866 0.277411057 -0.482828491
1403715388.012142897 1.222725791 0.934595871 0.582266873 0.508348963 0.656274906 0.277202187 -0.483780454
1403715388.062143087 1.260472696 0.952514825 0.579482569 0.507178134 0.656495638 0.277566916 -0.484500180
1403715388.162142992 1.335145010 0.993608269 0.559352537 0.503868531 0.656080870 0.278129445 -0.488178663
1403715388.212142944 1.366503986 1.016031593 0.544959194 0.501927033 0.655795579 0.279322971 -0.489877628
1403715388.262142897 1.400124137 1.038402019 0.531324952 0.500006936 0.654968404 0.281501106 -0.491697652
1403715388.312143087 1.434917117 1.059711833 0.518258782 0.497902049 0.654285581 0.283776003 -0.493431969
1403715388.362143040 1.470117623 1.083082617 0.503614214 0.495301951 0.654092341 0.285825300 -0.495119263
1403715388.462142944 1.540915544 1.128325168 0.478689690 0.492994683 0.655385810 0.288663337 -0.494063924
1403715388.512142897 1.575922440 1.152446990 0.457935011 0.493072582 0.654889704 0.287796940 -0.495148287
1403715388.562143087 1.611949047 1.173635129 0.443049956 0.493304148 0.654318014 0.287976615 -0.495568789
1403715388.612143040 1.649037124 1.195947968 0.427474409 0.492446638 0.653627746 0.288237512 -0.497178252
1403715388.662142992 1.684873094 1.219500445 0.412624433 0.492397256 0.653945375 0.288183146 -0.496840883
1403715388.712142944 1.721492299 1.242944970 0.398470254 0.492127611 0.653632693 0.288426848 -0.497377795
1403715388.762142897 1.758636774 1.267053051 0.383239595 0.491506969 0.653286318 0.288794859 -0.498232291
1403715388.862143040 1.826347528 1.318207319 0.358214187 0.489687385 0.654646216 0.289036522 -0.498098873
1403715388.912142992 1.853558581 1.345266443 0.351059113 0.487551023 0.656353586 0.291079050 -0.496756436
1403715388.962142944 1.884400656 1.370586747 0.343976136 0.486365978 0.656521802 0.291424187 -0.497492916
1403715389.012142897 1.917860717 1.396951557 0.334313521 0.485292285 0.656319819 0.291101266 -0.498994735
1403715389.062143087 1.950308044 1.422767240 0.327623921 0.484529331 0.656482206 0.291068531 -0.499541341
1403715389.112143040 1.981107269 1.449766432 0.326876781 0.482934931 0.657459477 0.291489525 -0.499554547
1403715389.162142992 2.011310901 1.474508136 0.327219226 0.481977281 0.658364957 0.291621891 -0.499209532
1403715389.212142944 2.043503201 1.497825289 0.332203506 0.480411540 0.659114909 0.292768407 -0.499058062
1403715389.262142897 2.075371739 1.520553877 0.335430610 0.478250455 0.659642599 0.294674587 -0.499314561
1403715389.362143040 2.134455582 1.567891331 0.347540594 0.475034356 0.662708921 0.296031785 -0.497518271
1403715389.412142992 2.163389316 1.591317364 0.346335638 0.474230784 0.663513206 0.296250834 -0.497082319
1403715389.462142944 2.193067309 1.613487761 0.344348092 0.473909860 0.663993117 0.295877044 -0.496970180
1403715389.512142897 2.223652044 1.635262000 0.343278789 0.473881835 0.663410495 0.294776126 -0.498427083
1403715389.562143087 2.251414257 1.661384414 0.339411967 -0.473904559 -0.662435754 -0.292252084 0.501180665
1403715389.662142992 2.309803174 1.704443955 0.342304046 -0.473985422 -0.662691868 -0.286483640 0.504087722
1403715389.712142944 2.331396749 1.728196777 0.347373880 -0.471161829 -0.663718176 -0.283339137 0.507152489
1403715389.762142897 2.357145301 1.749016107 0.351404935 -0.468590149 -0.665818428 -0.279480017 0.508920439
1403715389.812143087 2.384663302 1.768629007 0.350460576 -0.464909163 -0.667868250 -0.275010392 0.512035892
1403715389.862143040 2.408368620 1.791548964 0.351433584 -0.460239064 -0.672257090 -0.269644402 0.513363716
1403715389.912142992 2.431386746 1.812214162 0.355266976 -0.454772682 -0.678000793 -0.264825871 0.513190015
1403715390.012142897 2.474309798 1.857403343 0.351811820 -0.441711618 -0.690102733 -0.254973663 0.513456420
1403715390.062143087 2.495999849 1.877579956 0.337735644 -0.435686007 -0.695879818 -0.249471833 0.513510260
1403715390.112143040 2.519633901 1.897036029 0.325439564 -0.429003595 -0.700780144 -0.244184137 0.515011857
1403715390.212142944 2.561946400 1.942487194 0.304294450 -0.413352843 -0.712346352 -0.235143873 0.516148681
1403715390.262142897 2.577847861 1.966503865 0.294818159 -0.405201243 -0.717709011 -0.230391798 0.517325185
1403715390.312143087 2.592317609 1.993916702 0.286943746 -0.395993905 -0.722029615 -0.226230283 0.520271008
1403715390.362143040 2.607340296 2.019331452 0.286754458 -0.386896868 -0.727114532 -0.222449968 0.521662038
1403715390.412142992 2.620035856 2.047933477 0.287463112 -0.376157561 -0.731699393 -0.220196744 0.524056182
1403715390.462142944 2.633955184 2.075607196 0.287485959 -0.364499242 -0.735932167 -0.219041941 0.526844166
1403715390.512142897 2.646559823 2.103571690 0.288995429 -0.353251053 -0.739900460 -0.217320942 0.529653293
1403715390.612143040 2.669101217 2.159376095 0.276299568 -0.332147506 -0.746970519 -0.211917552 0.535540875
1403715390.662142992 2.673794062 2.188123837 0.267434674 -0.323484294 -0.750253691 -0.206744380 0.538269517
1403715390.712142944 2.679014649 2.215623506 0.263103076 -0.315875267 -0.752911201 -0.199609210 0.541759819
1403715390.762142897 2.686695293 2.238439450 0.254998820 -0.311958148 -0.754170435 -0.189274924 0.545970761
1403715390.862143040 2.695728289 2.283050858 0.249265969 -0.304242300 -0.758359113 -0.173802796 0.549655043
1403715390.912142992 2.692302149 2.311991624 0.247534690 -0.299468041 -0.759814315 -0.169379124 0.551644643
1403715390.962142944 2.690127918 2.340524588 0.244265054 -0.297172683 -0.761509051 -0.163930622 0.552194815
1403715391.012142897 2.683773349 2.373607850 0.240702403 -0.294276850 -0.763256907 -0.158605192 0.552887351
1403715391.062143087 2.680203501 2.401293336 0.237737119 -0.292132209 -0.764951010 -0.153237315 0.553197116
1403715391.112143040 2.673579862 2.429915996 0.238842355 -0.288838781 -0.766716476 -0.148052144 0.553894003
1403715391.212142944 2.657566195 2.486265257 0.248097088 -0.280923639 -0.768294696 -0.138025943 0.558349360
1403715391.262142897 2.650705751 2.515717865 0.243380881 -0.278221166 -0.767392688 -0.133020936 0.562144889
1403715391.312143087 2.642214629 2.547792655 0.240540456 -0.275718771 -0.766774402 -0.129265219 0.565089974
1403715391.362143040 2.632716323 2.580001189 0.230112980 -0.273853904 -0.766042079 -0.126667519 0.567572825
1403715391.412142992 2.622033300 2.614277981 0.223695355 -0.272463430 -0.766477365 -0.124909793 0.568043724
1403715391.512142897 2.600019325 2.685092377 0.229861453 -0.269788694 -0.767676921 -0.124066253 0.567885349
1403715391.562143087 2.584657833 2.725702109 0.222275840 -0.269108892 -0.767604068 -0.121589194 0.568841337
1403715391.612143040 2.574757217 2.763443583 0.227015871 -0.268323312 -0.768078109 -0.117885336 0.569351970
1403715391.662142992 2.564511768 2.801904105 0.226214333 -0.267128036 -0.767713944 -0.114559266 0.571081507
1403715391.712142944 2.552915211 2.842175589 0.227694504 -0.263949876 -0.767928607 -0.112481010 0.572681534
1403715391.762142897 2.540063427 2.883388710 0.236324982 -0.259037222 -0.768089138 -0.111232696 0.574948763
1403715391.812143087 2.524758933 2.926205818 0.248061893 -0.251224921 -0.768856024 -0.112148827 0.577208017
1403715391.862143040 2.514881029 2.968879555 0.255465491 -0.242893622 -0.770346972 -0.113235912 0.578572259
1403715391.912142992 2.504964308 3.014128448 0.264352097 -0.236035245 -0.773032130 -0.112456332 0.577981196
1403715391.962142944 2.494101940 3.060232131 0.273501702 -0.230137842 -0.775533556 -0.111503080 0.577192637
1403715392.012142897 2.483307116 3.105054700 0.285589079 -0.226303089 -0.779472311 -0.109671312 0.573743873
1403715392.112143040 2.462091623 3.193768563 0.323124519 -0.218843299 -0.783161226 -0.108227549 0.571885393
1403715392.162142992 2.443828715 3.242343387 0.331759393 -0.216052703 -0.784284571 -0.106218648 0.571783648
1403715392.212142944 2.427383791 3.290585716 0.333576930 -0.213577316 -0.784012982 -0.103011907 0.573669697
1403715392.262142897 2.417124432 3.334886874 0.344364938 -0.209200030 -0.783170185 -0.101269283 0.576735937
1403715392.312143087 2.397087116 3.384531373 0.360543188 -0.202623116 -0.782602904 -0.098415598 0.580336917
1403715392.362143040 2.383109447 3.430259180 0.367854292 -0.195709262 -0.780536011 -0.095768578 0.585909378
1403715392.412142992 2.363692332 3.478254099 0.387476474 -0.187244620 -0.777322761 -0.092668732 0.593398082
1403715392.462142944 2.347002335 3.526775790 0.407282038 -0.178233530 -0.773773522 -0.089393010 0.601262202
1403715392.512142897 2.333022875 3.574314472 0.425716408 -0.168802310 -0.772083463 -0.086206379 0.606598192
1403715392.562143087 2.318026468 3.621204302 0.444722714 -0.158597328 -0.772353088 -0.082164155 0.609562668
1403715392.612143040 2.299995591 3.668331916 0.445755993 -0.148914718 -0.773135170 -0.076811324 0.611707804
1403715392.662142992 2.288394529 3.711862745 0.452459425 -0.139496465 -0.774036993 -0.071024366 0.613484318
1403715392.712142944 2.270728710 3.754983481 0.465208602 -0.129155730 -0.774637147 -0.065618577 0.615589384
1403715392.812143087 2.249922141 3.837695594 0.498121701 -0.108334806 -0.782030519 -0.054508385 0.611326977
1403715392.862143040 2.229568843 3.878640955 0.499625768 -0.097776518 -0.785773538 -0.047115237 0.608916951
1403715392.912142992 2.213414147 3.916769442 0.503257607 -0.086171624 -0.788529417 -0.040941697 0.607552127
1403715392.962142944 2.202499406 3.951851930 0.503719847 -0.074879141 -0.791292310 -0.035400801 0.605802259
1403715393.012142897 2.189093206 3.987406558 0.501146937 -0.063338560 -0.793395077 -0.029265850 0.604694955
1403715393.062143087 2.175243029 4.023932128 0.504954730 -0.052151635 -0.794948700 -0.021421171 0.604051243
1403715393.112143040 2.160018175 4.057659863 0.517553859 -0.039102710 -0.797091292 -0.016180886 0.602374160
1403715393.162142992 2.145865183 4.090661083 0.512840549 -0.025734914 -0.796650819 -0.010992189 0.603791651
1403715393.212142944 2.133409798 4.123605183 0.491971132 -0.012218263 -0.794303320 -0.005085924 0.607377217
1403715393.262142897 2.119034553 4.153625316 0.485157310 0.001905341 -0.791518308 0.000856088 0.611141886
1403715393.312143087 2.103098730 4.182116294 0.492362992 0.016832177 -0.789472695 0.006740256 0.613517816
1403715393.362143040 2.089129844 4.206291782 0.508955993 0.030975457 -0.788932567 0.012603012 0.613569140
1403715393.412142992 2.078113073 4.229075274 0.522078859 0.045688939 -0.787919754 0.017949746 0.613818205
1403715393.462142944 2.066017448 4.252116187 0.529790914 0.060538872 -0.786728514 0.023867282 0.613859628
1403715393.512142897 2.055079933 4.274597228 0.527056341 0.074947777 -0.783300701 0.030654765 0.616346598
1403715393.562143087 2.040402363 4.295566652 0.519428438 0.089644185 -0.779756304 0.037473310 0.618498001
1403715393.612143040 2.023468144 4.316252332 0.513535753 0.103343260 -0.777507136 0.046739119 0.618561459
1403715393.662142992 2.014970390 4.329813447 0.522106385 0.114929904 -0.776737421 0.057627967 0.616562336
1403715393.712142944 2.009277649 4.341155472 0.526712418 0.126211663 -0.776177471 0.069416179 0.613840812
1403715393.762142897 2.004231369 4.352465749 0.516564927 0.137062015 -0.774075978 0.081889042 0.612629227
1403715393.812143087 1.999221435 4.363511817 0.502631208 0.147715734 -0.772899585 0.094447903 0.609824472
1403715393.862143040 1.991887248 4.372521756 0.498387773 0.158762016 -0.772010276 0.106255996 0.606221427
1403715393.912142992 1.983312087 4.379419813 0.501891166 0.170842410 -0.771369817 0.115429286 0.602061090
1403715393.962142944 1.979889339 4.384544822 0.503797917 0.181594467 -0.770467968 0.125757900 0.597986213
1403715394.012142897 1.973741781 4.392240796 0.497621420 0.193039150 -0.767186966 0.136172563 0.596336380
1403715394.062143087 1.970930138 4.396452491 0.490923819 0.204857388 -0.763455837 0.145194847 0.595052175
1403715394.112143040 1.961853208 4.401478482 0.494521042 0.218151756 -0.760179848 0.153603839 0.592403807
1403715394.162142992 1.953385176 4.405293709 0.503570077 0.232039755 -0.756826302 0.160981332 0.589454419
1403715394.212142944 1.955752124 4.404969607 0.515123952 0.245305069 -0.753895674 0.168236995 0.585801203
1403715394.262142897 1.956347299 4.409925385 0.500514803 0.257848234 -0.749053509 0.177353185 0.583934051
1403715394.312143087 1.953465225 4.415127433 0.488171924 0.271252957 -0.742493293 0.186605918 0.583355615
1403715394.362143040 1.952070782 4.415451032 0.486009373 0.285903908 -0.735330059 0.193159675 0.583299237
1403715394.412142992 1.948515464 4.414364835 0.495509934 0.300434448 -0.728967440 0.200086558 0.581645067
1403715394.462142944 1.943038840 4.417352944 0.489558987 0.314130321 -0.720860546 0.208247915 0.581648537
1403715394.512142897 1.943871155 4.418134888 0.482341156 0.327658609 -0.712874431 0.215499194 0.581386257
1403715394.562143087 1.945495116 4.416618849 0.477311307 0.340635873 -0.706284268 0.223665876 0.578881085
1403715394.612143040 1.944502163 4.415572865 0.482843174 0.353931245 -0.700314338 0.232017531 0.574856823
1403715394.662142992 1.949670546 4.414659035 0.473683213 0.365919534 -0.694269996 0.242310048 0.570419064
1403715394.712142944 1.953969051 4.415936673 0.465380341 0.378483210 -0.688673727 0.251965520 0.564794064
1403715394.762142897 1.961179667 4.413149626 0.469012387 0.392231506 -0.684208076 0.259746720 0.557266001
1403715394.812143087 1.964466723 4.413562791 0.463342075 0.406247091 -0.678650138 0.268218873 0.549959933
1403715394.862143040 1.975907178 4.412387123 0.457996769 0.420197153 -0.672479000 0.276460894 0.542932519
1403715394.912142992 1.980468990 4.414820530 0.453963288 0.434870276 -0.665846718 0.284738250 0.535219694
1403715394.962142944 1.994283047 4.410705174 0.454712654 0.449643089 -0.658586208 0.292342718 0.527845654
1403715395.012142897 2.000751596 4.409006319 0.471330895 0.465667284 -0.651469391 0.299640924 0.518610576
1403715395.062143087 2.011979084 4.408005528 0.467319759 0.480207112 -0.642588590 0.308007836 0.511480406
1403715395.112143040 2.024841931 4.405305958 0.458084680 0.494747036 -0.632627419 0.315658871 0.505338892
1403715395.212142944 2.047893376 4.396405438 0.455699336 -0.521216591 0.616011419 -0.330003477 -0.489858044
1403715395.312143087 2.080771320 4.380807784 0.457838351 -0.543881264 0.600147297 -0.341885741 -0.476582136
1403715395.362143040 2.088752669 4.379955427 0.445190624 -0.554275127 0.591411687 -0.348111982 -0.470987631
1403715395.412142992 2.098416112 4.376351241 0.440844413 -0.563428638 0.584287351 -0.354543553 -0.464171662
1403715395.462142944 2.108701096 4.374395249 0.432506246 -0.572345003 0.577349418 -0.360345256 -0.457427747
1403715395.512142897 2.120319960 4.371215126 0.423345594 0.581526678 -0.569916799 0.364505941 0.451837342
1403715395.562143087 2.139889666 4.363007556 0.420828626 0.589476631 -0.563798047 0.368408436 0.446009291
1403715395.612143040 2.147047644 4.360638796 0.412804402 0.596121777 -0.557602973 0.374483287 0.439863636
1403715395.662142992 2.159272444 4.353666765 0.412664857 0.603036323 -0.551707223 0.378485265 0.434413670
1403715395.762142897 2.193320521 4.330727084 0.396072981 0.616603777 -0.539235630 0.383494283 0.426564008
1403715395.812143087 2.197837029 4.323836215 0.389850917 0.623180197 -0.532345562 0.386486249 0.422945651
1403715395.862143040 2.220587259 4.309132567 0.377904311 0.626254505 -0.528971361 0.390323460 0.419096875
1403715395.912142992 2.235609439 4.297755510 0.368438873 0.628928727 -0.526510773 0.393943777 0.414781102
1403715395.962142944 2.246719083 4.287750462 0.370817380 0.630261112 -0.526331172 0.398402913 0.408682699
1403715396.062143087 2.270838016 4.268632609 0.350645634 0.626990311 -0.527976525 0.411367458 0.398623574
1403715396.112143040 2.282237299 4.258738210 0.344571668 0.626279631 -0.528946269 0.414485635 0.395210484
1403715396.162142992 2.293515002 4.247617995 0.335497058 0.624597020 -0.529530119 0.417677241 0.393728507
1403715396.212142944 2.306534083 4.234668257 0.329114418 0.623553895 -0.529841082 0.418562738 0.394023099
1403715396.262142897 2.313256559 4.224057247 0.314659123 0.623130088 -0.528035240 0.418272719 0.397411136
1403715396.312143087 2.317396629 4.211318460 0.319738921 0.624073808 -0.526654342 0.415691280 0.400459543
1403715396.412142992 2.325713325 4.184750362 0.329117426 0.626484953 -0.522473786 0.409752363 0.408216545
1403715396.462142944 2.328186856 4.172285203 0.321037897 0.628933004 -0.519666474 0.405627587 0.412136255
1403715396.512142897 2.333903085 4.158474252 0.314397532 0.630513063 -0.516689816 0.404163715 0.414893485
1403715396.562143087 2.337850198 4.145380849 0.307951103 0.631937878 -0.513615713 0.404607216 0.416108662
1403715396.662142992 2.339026948 4.125491390 0.272507973 0.635848202 -0.503954633 0.409746062 0.416935195
1403715396.712142944 2.356667445 4.104279458 0.267420975 0.638142098 -0.501347537 0.410970238 0.415365830
1403715396.762142897 2.367486511 4.090118932 0.256339229 0.641267728 -0.499186996 0.411854975 0.412266325
1403715396.812143087 2.376018078 4.077320180 0.249803247 0.644221973 -0.497870580 0.413363613 0.407717376
1403715396.862143040 2.387979292 4.062301598 0.249047546 0.647553247 -0.497662927 0.413185923 0.402844631
1403715396.912142992 2.396882032 4.050128845 0.245811717 0.650717579 -0.497288749 0.412995416 0.398378361
1403715397.012142897 2.409554286 4.026938050 0.244932800 0.659334906 -0.499432661 0.407630095 0.386887845
1403715397.062143087 2.421050504 4.011900119 0.240672291 0.662760567 -0.500751321 0.404675154 0.382406283
1403715397.112143040 2.428263247 4.000060236 0.229665285 0.664912839 -0.501349947 0.404038331 0.378539527
1403715397.212142944 2.451029171 3.966220645 0.212014918 0.664264563 -0.506264698 0.407816223 0.368964191
1403715397.262142897 2.461510265 3.948087513 0.195404590 0.663328109 -0.508873749 0.410375746 0.364190986
1403715397.312143087 2.465384915 3.932244153 0.186068323 0.662304980 -0.510678087 0.413540103 0.359923030
1403715397.362143040 2.473798164 3.911157068 0.173949959 0.661603842 -0.512237978 0.415129960 0.357155044
1403715397.412142992 2.478525472 3.890355001 0.163968867 0.660699799 -0.513249408 0.417109594 0.355063948
1403715397.462142944 2.482267707 3.866493136 0.150551207 0.660418377 -0.513732742 0.418392147 0.353375506
1403715397.562143087 2.486900736 3.813550250 0.132617726 0.658729259 -0.513713174 0.422071753 0.352178895
1403715397.612143040 2.488863733 3.783156323 0.119425809 0.657383476 -0.512837003 0.424495137 0.353056726
1403715397.662142992 2.488295104 3.753881704 0.116379324 0.656465241 -0.511026271 0.426446237 0.355034005
1403715397.712142944 2.490889122 3.720789179 0.113105818 0.655013500 -0.508296081 0.428641423 0.358969273
1403715397.762142897 2.482848161 3.693048727 0.115702994 0.654270842 -0.505286041 0.430697466 0.362098571
1403715397.862143040 2.479439484 3.625673031 0.114746093 0.652832218 -0.501104574 0.431819454 0.369101964
1403715397.912142992 2.481159225 3.585447835 0.113843457 0.651228699 -0.499090471 0.432536291 0.373794383
1403715397.962142944 2.477113291 3.550881375 0.115256638 0.650142087 -0.495276019 0.433417005 0.379692812
1403715398.012142897 2.466951413 3.520608727 0.113407617 0.648317287 -0.490675401 0.435763558 0.386047235
1403715398.062143087 2.459650749 3.487635221 0.111699804 0.646692205 -0.486966420 0.437210945 0.391790106
1403715398.112143040 2.454813788 3.453557579 0.112326567 0.644691791 -0.484497488 0.438651772 0.396508891
1403715398.162142992 2.450566838 3.419436008 0.120778456 0.643479927 -0.483092925 0.438828147 0.399980834
1403715398.262142897 2.427843201 3.368062046 0.115295655 0.642950617 -0.481902725 0.437918976 0.403250838
1403715398.312143087 2.420345236 3.339204149 0.109844875 0.643623293 -0.483011317 0.435057510 0.403948124
1403715398.362143040 2.409957019 3.314779812 0.105523683 0.642879474 -0.484105458 0.434346567 0.404587379
1403715398.412142992 2.403107957 3.290207871 0.098818545 0.641918527 -0.486150623 0.433702762 0.404351445
1403715398.512142897 2.379400337 3.250424327 0.084572401 0.642139503 -0.487041085 0.430259064 0.406601744
1403715398.562143087 2.374585756 3.228000371 0.081748178 0.642273022 -0.487570335 0.427432424 0.408732254
1403715398.612143040 2.366729339 3.209601816 0.084018316 0.641311282 -0.487353631 0.427049774 0.410895082
1403715398.662142992 2.357374419 3.193727285 0.080180298 0.640712537 -0.484809261 0.426282336 0.415608944
1403715398.712142944 2.351383115 3.176887497 0.077230719 0.640092397 -0.481351891 0.425033647 0.421815695
1403715398.762142897 2.344935859 3.160817987 0.084910321 0.640029459 -0.478744269 0.422973238 0.426919028
1403715398.812143087 2.339630960 3.149348137 0.084592443 0.639741685 -0.476271508 0.421488728 0.431559125
1403715398.912142992 2.330317213 3.131459003 0.094333235 0.639609699 -0.474050709 0.420032847 0.435600466
1403715398.962142944 2.330234515 3.123782842 0.084334212 0.639986829 -0.472803777 0.419070550 0.437325189
1403715399.012142897 2.329630319 3.120181976 0.075894018 0.640016748 -0.471275995 0.419320173 0.438689059
1403715399.062143087 2.332002077 3.117544074 0.073441016 0.639975741 -0.471828102 0.420077786 0.437428790
1403715399.112143040 2.334615971 3.117123466 0.074973021 0.639337592 -0.473925529 0.422371862 0.433871003
1403715399.212142944 2.347068123 3.121090844 0.060745463 0.639366802 -0.475794016 0.425246564 0.428946974
1403715399.262142897 2.350349673 3.129668109 0.048127668 0.639664040 -0.474779073 0.426861658 0.428023216
1403715399.312143087 2.360343679 3.135051333 0.048705441 0.641504217 -0.475492456 0.424891194 0.426434915
1403715399.362143040 2.367486495 3.144908861 0.053504041 0.643409640 -0.476778422 0.423090712 0.423911101
1403715399.412142992 2.377847686 3.154412081 0.042622760 0.644774826 -0.477352165 0.421175957 0.423097090
1403715399.512142897 2.392293051 3.186138280 0.029213362 0.649026355 -0.475744088 0.416048760 0.423480556
1403715399.562143087 2.403140149 3.203449937 0.034120041 0.651582085 -0.478558227 0.412126732 0.420207527
1403715399.662142992 2.437389871 3.231739863 0.018422802 0.655015280 -0.490164222 0.404268445 0.408975601
1403715399.712142944 2.455281825 3.245229620 0.005034608 0.656661037 -0.494655311 0.400243434 0.404867385
1403715399.762142897 2.472482577 3.261023996 0.006156296 0.657970960 -0.498753443 0.396819158 0.401065798
1403715399.812143087 2.488631397 3.276345073 0.012563439 0.658443579 -0.502180898 0.394895531 0.397899381
1403715399.862143040 2.506952263 3.289906147 0.012859031 0.659072507 -0.504006033 0.392798020 0.396624589
1403715399.912142992 2.526019027 3.302660473 0.011738610 0.659310807 -0.505307244 0.391025250 0.396324492
1403715400.012142897 2.565844600 3.323400170 0.012330640 0.656648374 -0.508682292 0.387652469 0.399725908
1403715400.062143087 2.590910966 3.328586105 0.020921976 0.654728746 -0.511167252 0.384090145 0.403129099
1403715400.162142992 2.640656901 3.339559287 0.018597330 0.648041145 -0.516434756 0.377181705 0.413608244
1403715400.212142944 2.667939717 3.342707157 0.016767692 0.644659334 -0.519752847 0.371279036 0.420027615
1403715400.262142897 2.694677405 3.346713582 0.024813400 0.640621188 -0.523556017 0.365357373 0.426623464
1403715400.362143040 2.741694056 3.359298019 0.032442418 0.629325199 -0.532254784 0.357088472 0.439479763
1403715400.412142992 2.764775461 3.364822116 0.037041017 0.622277809 -0.538507622 0.353992722 0.444374867
1403715400.462142944 2.790841058 3.368087331 0.034081132 0.613931655 -0.545655484 0.351816974 0.448968633
1403715400.562143087 2.862885634 3.361823868 0.029340475 0.596323026 -0.564615985 0.342246122 0.456590878
1403715400.612143040 2.900765818 3.356566712 0.028104612 0.586763515 -0.575451084 0.336796884 0.459491552
1403715400.662142992 2.933641484 3.356269172 0.026090539 -0.576380287 0.586331677 -0.332321529 -0.462129129
1403715400.712142944 2.964606720 3.357125239 0.024210455 -0.565201878 0.596761191 -0.328615501 -0.465225505
1403715400.762142897 3.002576843 3.351053031 0.025047875 -0.553095439 0.608306244 -0.324341164 -0.467815944
1403715400.862143040 3.070470612 3.343549373 0.014492957 -0.526837311 0.628579288 -0.320057464 -0.474229635
1403715400.912142992 3.101295677 3.336526825 0.014087989 -0.515974906 0.638401885 -0.316724686 -0.475287706
1403715400.962142944 3.139284620 3.323734829 0.009258740 -0.506075847 0.647391054 -0.313213388 -0.476098135
1403715401.012142897 3.171543936 3.314845696 0.012864112 -0.497895017 0.655574196 -0.310112271 -0.475555890
1403715401.062143087 3.211270213 3.298130086 0.006270283 -0.491280933 0.661998615 -0.305433079 -0.476562181
1403715401.112143040 3.240979768 3.288375393 0.009503049 -0.487614430 0.666266248 -0.301011860 -0.477193163
1403715401.212142944 3.300184811 3.263864262 0.009414917 -0.483589398 0.670905674 -0.290894309 -0.481048201
1403715401.262142897 3.331699533 3.239730558 -0.003148084 -0.481709715 0.671478216 -0.286565461 -0.484719499
1403715401.312143087 3.355779832 3.221097529 -0.015663961 -0.479802118 0.671381010 -0.284760202 -0.487800261
1403715401.362143040 3.386171531 3.192081904 -0.027219610 -0.477292789 0.670855973 -0.283825954 -0.491514684
1403715401.412142992 3.414894591 3.163268798 -0.024261330 -0.476796709 0.670332619 -0.281654407 -0.493953311
1403715401.512142897 3.459650457 3.123467775 -0.009508765 -0.473812278 0.668093542 -0.286480298 -0.497073419
1403715401.562143087 3.484345058 3.096370664 -0.005591720 -0.470507250 0.667931069 -0.290679777 -0.497992250
1403715401.612143040 3.511708341 3.060365649 -0.005579478 0.467011051 -0.666095822 0.295149127 0.501102810
1403715401.662142992 3.536341002 3.023470433 -0.005680597 0.463575610 -0.664940535 0.298243763 0.503986504
1403715401.712142944 3.564668362 2.982337204 -0.001591020 0.457133165 -0.665152163 0.302694648 0.506929798
1403715401.762142897 3.588746625 2.943595679 0.003201658 0.451414037 -0.666394435 0.304843529 0.509130873
1403715401.862143040 3.618006772 2.892889920 0.032167944 0.440955244 -0.669501276 0.308689817 0.511895605
1403715401.912142992 3.636258855 2.857688897 0.036783272 0.439286846 -0.669623422 0.305339253 0.515169370
1403715401.962142944 3.651281173 2.826041247 0.045908631 0.440281726 -0.668957614 0.300052161 0.518282175
1403715402.012142897 3.661403045 2.799538884 0.055966195 0.441575466 -0.667837040 0.296466106 0.520684783
1403715402.062143087 3.672627615 2.771683573 0.051948978 0.441188229 -0.666128420 0.295807996 0.523568051
1403715402.112143040 3.687238673 2.740372760 0.054021067 0.440413598 -0.663184949 0.296226398 0.527703995
1403715402.212142944 3.712444422 2.683179725 0.064535626 0.435908888 -0.654221807 0.300704485 0.539957481
1403715402.262142897 3.723314721 2.655020216 0.069263594 0.433542682 -0.652773283 0.300541382 0.543693537
1403715402.312143087 3.734376684 2.626927938 0.070347306 0.434065788 -0.653321495 0.294706083 0.545807879
1403715402.362143040 3.745349848 2.599778566 0.073494968 0.434195183 -0.656200108 0.286321708 0.546713673
1403715402.412142992 3.759861484 2.573144556 0.068658584 0.431117449 -0.658576331 0.279081816 0.550025728
1403715402.462142944 3.766768651 2.557668288 0.052005237 0.427927381 -0.658939035 0.271813643 0.555693124
1403715402.512142897 3.775605176 2.541672300 0.057113486 0.423961715 -0.659286160 0.265339418 0.561420713
1403715402.562143087 3.787340465 2.522102953 0.050000647 0.419726998 -0.659563382 0.260623595 0.566463356
1403715402.612143040 3.803896160 2.498058039 0.056288508 0.416028292 -0.659727432 0.255909194 0.571131035
1403715402.662142992 3.820507169 2.477297705 0.084350650 0.413027817 -0.662183280 0.252473854 0.571994998
1403715402.712142944 3.839135145 2.458136930 0.132285337 0.409179091 -0.666968136 0.251804468 0.569491428
1403715402.762142897 3.859603167 2.441164417 0.132144989 0.404988885 -0.671906238 0.252456603 0.566384741
1403715402.812143087 3.883528957 2.419196853 0.118614517 0.400111122 -0.676506364 0.254374628 0.563510229
1403715402.862143040 3.911659574 2.393557073 0.092311328 0.394894612 -0.680379695 0.256831829 0.561408165
1403715402.912142992 3.933375868 2.378043506 0.072443171 0.390834012 -0.684264309 0.259974504 0.558072027
1403715402.962142944 3.955218300 2.360941691 0.063372733 0.387469373 -0.689721894 0.261889975 0.552779192
1403715403.012142897 3.982902634 2.334777645 0.066863568 0.384540907 -0.697067245 0.261817055 0.545598182
1403715403.062143087 4.006181643 2.316502775 0.078104731 0.384033036 -0.704290731 0.259778588 0.537594901
1403715403.112143040 4.028133010 2.299343797 0.072855969 0.382513066 -0.709602164 0.259566555 0.531764729
1403715403.162142992 4.049731960 2.282697925 0.055962739 0.381312481 -0.713238640 0.259634771 0.527713198
1403715403.212142944 4.064727773 2.272705561 0.044430331 0.381584984 -0.715223208 0.259417701 0.524929633
1403715403.262142897 4.084112286 2.249276753 0.050136380 0.383060309 -0.717247650 0.255764397 0.522881613
1403715403.312143087 4.100022919 2.229307904 0.063893764 0.384225288 -0.718019525 0.253840005 0.521904341
1403715403.362143040 4.113118194 2.211150406 0.065151029 0.384654719 -0.716924812 0.252180573 0.523893616
1403715403.412142992 4.127152682 2.183638947 0.065816080 0.383850815 -0.716347955 0.249097826 0.526739435
1403715403.462142944 4.138950357 2.157354568 0.070688658 0.381515514 -0.716532280 0.246343595 0.529473547
1403715403.512142897 4.145520127 2.137453753 0.068494445 0.377186023 -0.716361965 0.244891943 0.533464314
1403715403.562143087 4.151561155 2.115569072 0.074561882 0.371504295 -0.718279788 0.242513899 0.535953089
1403715403.612143040 4.155702489 2.095492264 0.068976982 0.365877323 -0.720735983 0.237984979 0.538550440
1403715403.662142992 4.161386365 2.069176176 0.081192916 0.359182148 -0.725359277 0.232135101 0.539402817
1403715403.712142944 4.163540206 2.046505875 0.081972625 0.351197090 -0.730598093 0.227514670 0.539559177
1403715403.762142897 4.162810145 2.027121153 0.085220155 0.342369410 -0.736498714 0.223525494 0.538877708
1403715403.812143087 4.162133442 2.006590482 0.081538596 0.332391127 -0.741494220 0.219953332 0.539743450
1403715403.862143040 4.162466643 1.977837300 0.092901972 0.321373201 -0.746997687 0.215756988 0.540520715
1403715403.912142992 4.158368733 1.955543083 0.097359695 0.311815166 -0.751227920 0.210715707 0.542242386
1403715403.962142944 4.154113464 1.931750851 0.101298371 0.301997690 -0.755019802 0.205299542 0.544604988
1403715404.012142897 4.148096974 1.905879849 0.096419307 0.292531356 -0.757165558 0.199213623 0.549035205
1403715404.062143087 4.139679144 1.879850558 0.105300482 0.282854705 -0.758562538 0.193101516 0.554335544
1403715404.112143040 4.129051162 1.851372287 0.102863736 0.273675640 -0.758581149 0.186421702 0.561162395
1403715404.162142992 4.116929419 1.824887469 0.112308783 0.266231270 -0.758018094 0.177256196 0.568427411
1403715404.212142944 4.103954563 1.799779777 0.114345577 0.258902609 -0.757458058 0.168689836 0.575126480
1403715404.262142897 4.089053572 1.775040151 0.127207906 0.253718215 -0.757061182 0.159810604 0.580470504
1403715404.312143087 4.075039502 1.750815233 0.141988669 0.249360049 -0.757648235 0.151690776 0.583762475
1403715404.362143040 4.061818132 1.723546323 0.152736369 0.245514799 -0.758654561 0.145497771 0.585658723
1403715404.412142992 4.050023300 1.695408013 0.154237520 0.241779177 -0.758488926 0.140800777 0.588568195
1403715404.462142944 4.037618206 1.663259937 0.155098932 0.238079378 -0.757883097 0.137810796 0.591556934
1403715404.512142897 4.025426710 1.628777407 0.152670336 0.235746090 -0.756883960 0.134457461 0.594534813
1403715404.562143087 4.012028123 1.593904813 0.156119654 0.233850651 -0.756406150 0.132224380 0.596389406
1403715404.612143040 3.998728423 1.559915224 0.158627666 0.231912970 -0.756033045 0.131702475 0.597733108
1403715404.662142992 3.989626008 1.516246454 0.157777620 0.227843778 -0.756176481 0.134034564 0.598597593
1403715404.712142944 3.980740416 1.477127548 0.158482772 0.224823800 -0.756186683 0.136354340 0.599202347
1403715404.762142897 3.970335288 1.445621435 0.159816985 0.221949534 -0.756007206 0.140794235 0.599473513
1403715404.812143087 3.965522505 1.408820469 0.159558119 0.218084362 -0.757120823 0.143037277 0.598955431
1403715404.862143040 3.958173483 1.377807110 0.148861332 0.213824698 -0.757413131 0.144445245 0.599783227
1403715404.912142992 3.950047632 1.344273925 0.133663218 0.207861766 -0.756925477 0.145627545 0.602204224
1403715404.962142944 3.940787368 1.308987388 0.132277500 0.201014528 -0.757583897 0.145379716 0.603758674
1403715405.012142897 3.931799908 1.272965639 0.127722645 0.192132171 -0.757923075 0.144957147 0.606321093
1403715405.062143087 3.922858350 1.240719095 0.131543583 0.182043070 -0.759505459 0.143856813 0.607714568
1403715405.112143040 3.917237040 1.207904870 0.142048757 0.169300560 -0.762613113 0.143134696 0.607676739
1403715405.162142992 3.910510649 1.177813325 0.135788002 0.156982193 -0.765175011 0.139520204 0.608603242
1403715405.212142944 3.904672094 1.147545600 0.135042999 0.143295597 -0.768852981 0.134223571 0.608535536
1403715405.262142897 3.897203091 1.123870685 0.128380246 0.129277745 -0.771936187 0.128458374 0.609015791
1403715405.312143087 3.889511236 1.098221491 0.119189442 0.115225103 -0.774670772 0.120631277 0.609964316
1403715405.362143040 3.882184364 1.070530273 0.123014172 0.101701604 -0.778284065 0.110684815 0.609655287
1403715405.412142992 3.876052717 1.045195508 0.123068570 0.088042275 -0.781661635 0.100819777 0.609170763
1403715405.462142944 3.869274979 1.024192234 0.114549917 0.074785362 -0.784195655 0.091573908 0.609145749
1403715405.512142897 3.860803274 1.006381467 0.113985873 0.061111837 -0.786809214 0.082857970 0.608548404
1403715405.562143087 3.853600304 0.984664919 0.111264989 0.047625710 -0.788836418 0.072477761 0.608453672
1403715405.612143040 3.845678895 0.965537298 0.106921074 0.035529909 -0.790477915 0.060588554 0.608449932
1403715405.662142992 3.834699493 0.953835615 0.110545760 0.024954394 -0.793553184 0.048553459 0.606047179
1403715405.712142944 3.826404180 0.933872583 0.116757020 0.013677937 -0.796619533 0.036583644 0.603217929
1403715405.762142897 3.819816661 0.912462604 0.113631847 0.002685148 -0.798140615 0.024451163 0.601968844
1403715405.812143087 3.809687323 0.899262002 0.097779266 -0.008487514 -0.798953806 0.014684464 0.601153179
1403715405.862143040 3.799349268 0.880150357 0.088708550 -0.020430205 -0.799889939 0.004924056 0.599778664
1403715405.912142992 3.786024111 0.868472867 0.079274200 -0.033446189 -0.799354699 -0.002059183 0.599924309
1403715405.962142944 3.776015889 0.848601903 0.082612207 -0.047144735 -0.798042270 -0.010560139 0.600661629
1403715406.012142897 3.764629920 0.831336166 0.086505463 -0.061085608 -0.795414616 -0.018804771 0.602686086
1403715406.062143087 3.752673434 0.814231550 0.086066064 -0.074879188 -0.792255741 -0.027191031 0.604966607
1403715406.112143040 3.740313230 0.797409540 0.074007217 -0.088803892 -0.788573680 -0.035401342 0.607463715
1403715406.162142992 3.726893719 0.785346312 0.068861286 -0.102498576 -0.786091843 -0.042490256 0.608069268
1403715406.212142944 3.712149997 0.769296196 0.068625617 -0.116535299 -0.784182430 -0.049572866 0.607470141
1403715406.262142897 3.698585024 0.754343298 0.069643647 -0.129792412 -0.782903467 -0.057119095 0.605766870
1403715406.312143087 3.688816645 0.738613812 0.066012036 -0.143806193 -0.781603698 -0.063280123 0.603664695
1403715406.362143040 3.678397043 0.722717608 0.057242977 -0.157203347 -0.779986815 -0.068748896 0.601814976
1403715406.412142992 3.665759213 0.710850623 0.048160277 -0.170696906 -0.778823419 -0.073230590 0.599110948
1403715406.462142944 3.658366167 0.696775741 0.038087139 -0.184691172 -0.776891653 -0.076713944 0.597028895
1403715406.512142897 3.646702551 0.683123865 0.028195349 -0.197754541 -0.775232362 -0.081746875 0.594327666
1403715406.562143087 3.636059748 0.669192319 0.023461169 -0.210358380 -0.773674711 -0.087153542 0.591253797
1403715406.612143040 3.623670103 0.659701791 0.017468429 -0.222656231 -0.771619659 -0.092261567 0.588655339
1403715406.662142992 3.610970212 0.648797050 0.016195021 -0.234377249 -0.769498738 -0.098518353 0.585861017
1403715406.712142944 3.598094801 0.640076995 0.008304936 -0.245603331 -0.766681263 -0.104672561 0.583885691
1403715406.762142897 3.585390093 0.631600858 0.005462134 -0.255395995 -0.764051541 -0.113503728 0.581476596
1403715406.812143087 3.571205380 0.625744297 -0.003204839 -0.265490939 -0.760168564 -0.121849307 0.580354256
1403715406.862143040 3.556468523 0.619408687 -0.015843194 -0.275336427 -0.756023622 -0.130841411 0.579222462
1403715406.912142992 3.541069438 0.617195138 -0.023384672 -0.284875459 -0.753039350 -0.138857889 0.576624832
1403715406.962142944 3.526676518 0.615404394 -0.028624992 -0.294017967 -0.749642673 -0.147647780 0.574272958
1403715407.012142897 3.512597744 0.612390464 -0.034415356 -0.303879373 -0.746593725 -0.154882542 0.571197456
1403715407.062143087 3.498431462 0.609252090 -0.043501866 -0.314357484 -0.743079052 -0.160947300 0.568426654
1403715407.112143040 3.484409058 0.608247811 -0.047328246 -0.325168476 -0.740747362 -0.165888796 0.563950100
1403715407.162142992 3.470240864 0.606133011 -0.042060932 -0.334934102 -0.739737941 -0.171345283 0.557895797
1403715407.212142944 3.454327699 0.610379956 -0.051368660 -0.343256443 -0.739809301 -0.174694685 0.551669267
1403715407.262142897 3.439584714 0.614111134 -0.059184457 -0.350740191 -0.740204425 -0.176693590 0.545763780
1403715407.312143087 3.424810165 0.614900233 -0.064087330 -0.356522056 -0.741467908 -0.179602943 0.539314517
1403715407.362143040 3.409165887 0.618300852 -0.071932375 -0.360777224 -0.741328086 -0.182252791 0.535776431
1403715407.412142992 3.391685619 0.623548535 -0.083624462 -0.363751984 -0.740225564 -0.184841235 0.534400905
1403715407.462142944 3.372888010 0.629752370 -0.090866039 -0.365778501 -0.738069056 -0.187266800 0.535155400
1403715407.512142897 3.352158168 0.641548780 -0.090856579 -0.366129679 -0.737259148 -0.190398463 0.534926567
1403715407.562143087 3.329536924 0.652492375 -0.091162898 -0.367141719 -0.735451446 -0.192005305 0.536145588
1403715407.612143040 3.305827266 0.663745175 -0.087834558 -0.366960284 -0.734322747 -0.194842275 0.536793015
1403715407.662142992 3.282333452 0.678848674 -0.083592489 -0.364683399 -0.733748787 -0.199143632 0.537550510
1403715407.712142944 3.259330544 0.692748077 -0.075275326 -0.360061765 -0.733000848 -0.206250132 0.539004791
1403715407.762142897 3.235709043 0.707707043 -0.069573112 -0.355957566 -0.732353886 -0.211521943 0.540564949
1403715407.812143087 3.213589955 0.721139210 -0.064179279 -0.353194426 -0.732383296 -0.214594973 0.541126051
1403715407.862143040 3.190264951 0.735166299 -0.057070588 -0.351145568 -0.732340184 -0.216343139 0.541821272
1403715407.912142992 3.164449293 0.749323896 -0.055313552 -0.350715134 -0.730855314 -0.215189379 0.544557560
1403715407.962142944 3.136240075 0.764954367 -0.048232342 -0.349797173 -0.731088002 -0.214338913 0.545170709
1403715408.012142897 3.107476069 0.780125480 -0.040315163 -0.350843122 -0.728872464 -0.211754772 0.548465088
1403715408.062143087 3.084155950 0.791314781 -0.031371676 -0.351198911 -0.728721734 -0.210635996 0.548868323
1403715408.112143040 3.061099958 0.806999594 -0.021176357 -0.351794750 -0.728042425 -0.207809896 0.550463194
1403715408.162142992 3.036183713 0.823166286 -0.003135693 -0.351626148 -0.726989111 -0.206312510 0.552522428
1403715408.212142944 3.008650796 0.844540765 0.018417705 -0.350910516 -0.726238690 -0.204912737 0.554481690
1403715408.262142897 2.990477553 0.861945063 0.036908541 -0.350124535 -0.725708501 -0.204490372 0.555827013
1403715408.312143087 2.964967746 0.879209164 0.057766853 -0.349899805 -0.725273274 -0.203145528 0.557028454
1403715408.362143040 2.947177787 0.898738633 0.079036094 -0.349293342 -0.725125614 -0.202521345 0.557828029
1403715408.412142992 2.929854881 0.916789048 0.095485569 -0.347582362 -0.723763831 -0.201703139 0.560952995
1403715408.462142944 2.910477965 0.934757512 0.105162434 -0.344086486 -0.722602655 -0.200851139 0.564897083
1403715408.512142897 2.890635681 0.949994312 0.115014127 -0.339197708 -0.721319684 -0.199200538 0.570054360
1403715408.562143087 2.874500166 0.967982444 0.118981891 -0.333308136 -0.721193698 -0.197158489 0.574381290
1403715408.612143040 2.857921878 0.987264492 0.125458827 -0.325424842 -0.720753280 -0.195020661 0.580155430
1403715408.662142992 2.842567819 1.005740098 0.128401153 -0.315272515 -0.722004963 -0.193426271 0.584720747
1403715408.712142944 2.827922825 1.024918044 0.129763907 -0.305073493 -0.722719622 -0.189839581 0.590396007
1403715408.762142897 2.800533818 1.041051934 0.125507464 -0.295020205 -0.724686519 -0.183502121 0.595079406
1403715408.812143087 2.790768737 1.055455207 0.125400111 -0.283472550 -0.726866666 -0.177801763 0.599745526
1403715408.862143040 2.780285909 1.069338809 0.127628546 -0.272284148 -0.730448065 -0.169876007 0.602867406
1403715408.912142992 2.755775122 1.080522746 0.133832426 -0.260137226 -0.734369944 -0.161763661 0.605691280
1403715408.962142944 2.738875328 1.095074916 0.130138139 -0.247707965 -0.738058441 -0.152836160 0.608729505
1403715409.012142897 2.719313876 1.103676139 0.134679385 -0.234596412 -0.741469465 -0.143652022 0.612006252
1403715409.062143087 2.711955480 1.115699908 0.132782877 -0.221635921 -0.744750780 -0.134623463 0.614898623
1403715409.112143040 2.708958421 1.122586747 0.136982009 -0.210419434 -0.747956634 -0.123960676 0.617185779
1403715409.162142992 2.705393551 1.129869802 0.142266648 -0.200133599 -0.750529498 -0.112914108 0.619598595
1403715409.212142944 2.699957452 1.137792865 0.153119768 -0.190427146 -0.754215460 -0.103404022 0.619842036
1403715409.262142897 2.692037592 1.148577546 0.162088158 -0.182704401 -0.758319213 -0.094231601 0.618620625
1403715409.312143087 2.684642425 1.157754396 0.166043449 -0.176144270 -0.760313318 -0.086755246 0.619169106
1403715409.362143040 2.681860925 1.165885048 0.171470836 -0.169666926 -0.761594110 -0.081979598 0.620053943
1403715409.412142992 2.677402060 1.173193043 0.179036345 -0.164184386 -0.762623264 -0.078641982 0.620696933
1403715409.462142944 2.673377455 1.179111283 0.193319366 -0.159022948 -0.763813852 -0.078100275 0.620645188
1403715409.512142897 2.672445800 1.184568058 0.202755156 -0.154017619 -0.763864370 -0.080052108 0.621595895
1403715409.562143087 2.673377726 1.190041453 0.213650904 -0.151225201 -0.765589815 -0.083618362 0.619686327
1403715409.612143040 2.670507692 1.200374101 0.220296994 -0.151031522 -0.767476316 -0.084336621 0.617298079
1403715409.662142992 2.667484312 1.208209268 0.228684611 -0.152651337 -0.769741273 -0.084067933 0.614107910
1403715409.712142944 2.663889916 1.214686727 0.242221359 -0.155294882 -0.773723013 -0.083108725 0.608546743
1403715409.762142897 2.661473541 1.220264497 0.248627872 -0.157775854 -0.776705658 -0.082817997 0.604132668
1403715409.812143087 2.660092173 1.223249061 0.254948292 -0.160256241 -0.779171855 -0.083272436 0.600229005
1403715409.862143040 2.657492797 1.226923559 0.265174915 -0.163406228 -0.781884511 -0.083598885 0.595790435
1403715409.912142992 2.657317173 1.230414857 0.273399310 -0.167256768 -0.784753011 -0.083277672 0.590976069
1403715409.962142944 2.658206431 1.234291798 0.283873984 -0.169584852 -0.786972063 -0.084728759 0.587143072
1403715410.012142897 2.657298648 1.241950047 0.292896233 -0.172815957 -0.788651812 -0.084289484 0.584001924
1403715410.062143087 2.654548758 1.247596110 0.305078164 -0.175010495 -0.789113623 -0.085205617 0.582589924
1403715410.112143040 2.647582145 1.256714477 0.316499310 -0.175811875 -0.787346536 -0.086795922 0.584501570
1403715410.162142992 2.641141549 1.262855777 0.324320922 -0.176207171 -0.783710135 -0.089514995 0.588843377
1403715410.212142944 2.632123628 1.269275653 0.331987524 -0.176916202 -0.780281209 -0.091062471 0.592932979
1403715410.262142897 2.622497527 1.276147003 0.337651370 -0.176943798 -0.776911403 -0.092858692 0.597056804
1403715410.312143087 2.613767912 1.282227483 0.347204253 -0.177123141 -0.775328364 -0.094514662 0.598799048
1403715410.362143040 2.605547660 1.289644103 0.352049779 -0.176822201 -0.774107370 -0.095501296 0.600309247
1403715410.412142992 2.596198510 1.298729786 0.346869973 -0.176161819 -0.773109416 -0.096475844 0.601632160
1403715410.462142944 2.583299442 1.304727331 0.341759093 -0.174625039 -0.772780321 -0.098681430 0.602145037
1403715410.512142897 2.568207492 1.309242161 0.341013939 -0.172076311 -0.773458954 -0.102202973 0.601419606
1403715410.562143087 2.557563393 1.313735072 0.335942969 -0.170232115 -0.773271767 -0.104401553 0.601807376
1403715410.612143040 2.548258472 1.316587057 0.333348268 -0.168341857 -0.773599499 -0.105514830 0.601723736
1403715410.662142992 2.536649013 1.320963913 0.327481899 -0.167010680 -0.773096777 -0.105340865 0.602770361
1403715410.712142944 2.523953134 1.323788675 0.323835902 -0.166670415 -0.772388526 -0.103542815 0.604082629
1403715410.762142897 2.512043602 1.325652164 0.322119489 -0.165498300 -0.769602512 -0.102162316 0.608181837
1403715410.812143087 2.497603293 1.328319366 0.321791861 -0.164437563 -0.764872650 -0.099936431 0.614770548
1403715410.862143040 2.484204175 1.330727591 0.321528186 -0.162633458 -0.761315981 -0.099006207 0.619795213
1403715410.912142992 2.470390743 1.330633933 0.325731798 -0.162087244 -0.759720298 -0.096024090 0.622360160
1403715410.962142944 2.457040553 1.330794470 0.324155948 -0.160149607 -0.760268927 -0.094235046 0.622465274
1403715411.012142897 2.448954485 1.326589487 0.316406111 -0.159473592 -0.761560840 -0.090807331 0.621568410
1403715411.062143087 2.440097730 1.325036654 0.311392644 -0.158060450 -0.763571523 -0.087267096 0.619967643
1403715411.112143040 2.432217036 1.320631816 0.311459604 -0.157411458 -0.766744203 -0.083958238 0.616665205
1403715411.162142992 2.426191809 1.314389148 0.308643174 -0.157465894 -0.768305637 -0.079933030 0.615241133
1403715411.212142944 2.418593344 1.308504614 0.312011405 -0.157426989 -0.769373571 -0.075879940 0.614429237
1403715411.262142897 2.410977177 1.300888258 0.316742102 -0.157604931 -0.770232357 -0.072611604 0.613702173
1403715411.312143087 2.402687693 1.295011628 0.321264065 -0.156947867 -0.769459089 -0.070522323 0.615082661
1403715411.362143040 2.396517289 1.290552095 0.323806793 -0.156714558 -0.767682913 -0.068287285 0.617608565
1403715411.412142992 2.392801874 1.286426053 0.321438882 -0.156828156 -0.764438283 -0.065644395 0.621876077
1403715411.462142944 2.386565843 1.283919546 0.328604371 -0.155923794 -0.762291485 -0.064120181 0.624890442
1403715411.512142897 2.381263389 1.282468102 0.331505264 -0.154471849 -0.761503144 -0.063761558 0.626247453
1403715411.562143087 2.378095996 1.280109019 0.331959613 -0.152612713 -0.762941488 -0.064030119 0.624923828
1403715411.612143040 2.375661142 1.279267904 0.329032471 -0.150651662 -0.764885668 -0.064638105 0.622957388
1403715411.662142992 2.374865121 1.277500072 0.321877639 -0.148527048 -0.766694513 -0.065482374 0.621153201
1403715411.712142944 2.374267889 1.275931117 0.318692764 -0.146365299 -0.768167473 -0.066503663 0.619736392
1403715411.762142897 2.375730450 1.272716880 0.307745542 -0.144910226 -0.768407564 -0.067164234 0.619709454
1403715411.812143087 2.376945027 1.271154343 0.301880750 -0.143883395 -0.768626393 -0.067449427 0.619646360
1403715411.862143040 2.379201842 1.268928482 0.297790062 -0.143338914 -0.769345139 -0.067079218 0.618920344
1403715411.912142992 2.380269992 1.268747298 0.294787354 -0.142445482 -0.769526180 -0.066517235 0.618962197
1403715411.962142944 2.383506111 1.266319558 0.290186399 -0.142921466 -0.769471657 -0.064981545 0.619083373
1403715412.012142897 2.386347220 1.263805360 0.289296033 -0.142722682 -0.770137188 -0.064680576 0.618332735
1403715412.062143087 2.389428887 1.261726709 0.287490942 -0.142984123 -0.770900185 -0.063973321 0.617394411
1403715412.112143040 2.393419217 1.257457373 0.292426360 -0.142637624 -0.771903749 -0.064704109 0.616143237
1403715412.162142992 2.396763223 1.258291387 0.290471057 -0.142419803 -0.773589726 -0.064180160 0.614130640
1403715412.212142944 2.404033226 1.255529237 0.285633631 -0.142527692 -0.774193159 -0.064123612 0.613350611
1403715412.262142897 2.411650844 1.253236813 0.279933111 -0.142881804 -0.774589462 -0.063823468 0.612798923
1403715412.312143087 2.418325759 1.251058847 0.271305050 -0.142555922 -0.774156039 -0.064052452 0.613398338
1403715412.362143040 2.424006929 1.248489977 0.264519724 -0.142977844 -0.774164251 -0.063954261 0.613300009
1403715412.412142992 2.430172493 1.245658050 0.262473893 -0.143598383 -0.774747392 -0.063720774 0.612442361
1403715412.462142944 2.434860290 1.243871369 0.264760165 -0.143925612 -0.776327275 -0.063431454 0.610391539
1403715412.512142897 2.440065573 1.242488489 0.262166906 -0.144184508 -0.777399661 -0.063147601 0.608993412
1403715412.562143087 2.446936663 1.238303034 0.260793475 -0.144470366 -0.778410270 -0.063663931 0.607579352
1403715412.612143040 2.452415114 1.238409957 0.255715418 -0.144056782 -0.778943048 -0.063979870 0.606961241
1403715412.662142992 2.459001328 1.235357573 0.255232322 -0.144073805 -0.779652468 -0.064385809 0.606002670
1403715412.712142944 2.466168265 1.230945363 0.249526078 -0.144516549 -0.780564590 -0.064757290 0.604682050
1403715412.762142897 2.472059646 1.232576160 0.248751162 -0.144212900 -0.781593311 -0.064283209 0.603475106
1403715412.812143087 2.478380073 1.233923682 0.248115974 -0.143833529 -0.782643388 -0.063976092 0.602236086
1403715412.862143040 2.484865967 1.231540129 0.251309685 -0.143561467 -0.783741493 -0.064475708 0.600817992
1403715412.912142992 2.489081038 1.232101211 0.249333561 -0.143172980 -0.783768649 -0.064528996 0.600869546
1403715412.962142944 2.492341872 1.232177125 0.249086234 -0.143062736 -0.783221149 -0.064740227 0.601586559
1403715413.062143087 2.497094969 1.231630633 0.238638335 -0.142614801 -0.780110505 -0.066087675 0.605574964
1403715413.112143040 2.498281773 1.230755070 0.229322193 -0.142157315 -0.778864094 -0.067067447 0.607177057
1403715413.162142992 2.498355800 1.231068616 0.218550432 -0.141866601 -0.777708204 -0.067413073 0.608686532
1403715413.212142944 2.496547996 1.230197850 0.210529012 -0.141263777 -0.777543956 -0.068405476 0.608925802
1403715413.262142897 2.495267516 1.227758584 0.196755024 -0.141670109 -0.776897329 -0.067963735 0.609705709
1403715413.312143087 2.494985127 1.225243912 0.184225010 -0.143275428 -0.776236843 -0.065724620 0.610416899
1403715413.412142992 2.496097801 1.223231435 0.154025949 -0.146839735 -0.774147141 -0.058685364 0.612935824
1403715413.462142944 2.497664886 1.219614696 0.139788485 -0.148508157 -0.773263235 -0.056402751 0.613863198
1403715413.512142897 2.499226743 1.214146191 0.128271858 -0.149650977 -0.772662817 -0.055851513 0.614391866
1403715413.562143087 2.499591947 1.211597079 0.120221732 -0.149835778 -0.773205133 -0.056490798 0.613605615
1403715413.612143040 2.500472939 1.212442813 0.110456284 -0.148974132 -0.773195958 -0.057952025 0.613690704
1403715413.662142992 2.503343522 1.211396711 0.101180623 -0.148215841 -0.772772709 -0.060111126 0.614199526
1403715413.712142944 2.506409299 1.210036544 0.093084215 -0.146992451 -0.772475571 -0.062985253 0.614579180
1403715413.762142897 2.511365053 1.210692856 0.086483835 -0.146470843 -0.773494812 -0.064634078 0.613249137
1403715413.812143087 2.519487799 1.211286163 0.080765870 -0.145967445 -0.774684590 -0.065898036 0.611730938
1403715413.862143040 2.526571555 1.213491199 0.068077408 -0.144809818 -0.775019587 -0.067279156 0.611431330
1403715413.912142992 2.532178354 1.216688150 0.054570768 -0.143680587 -0.774667712 -0.068266317 0.612033933
1403715413.962142944 2.536188612 1.218654420 0.046098395 -0.142000866 -0.774574500 -0.070081793 0.612338665
1403715414.012142897 2.541303595 1.221099089 0.038705806 -0.141600284 -0.775598014 -0.070229223 0.611117776
1403715414.062143087 2.548653496 1.218948405 0.035785793 -0.141454171 -0.776558853 -0.070913075 0.609851130
1403715414.112143040 2.555602232 1.217062476 0.031350284 -0.141669261 -0.778463671 -0.071209521 0.607332971
1403715414.162142992 2.564278094 1.217662528 0.028065423 -0.142248696 -0.781354611 -0.069951466 0.603619974
1403715414.212142944 2.572150819 1.220389081 0.027712907 -0.142139914 -0.785312839 -0.068855513 0.598614156
1403715414.262142897 2.584425418 1.213316864 0.026554277 -0.143553646 -0.788097164 -0.068573038 0.594636821
1403715414.312143087 2.591632767 1.210835340 0.033811415 -0.143680259 -0.791757301 -0.068452460 0.589737756
1403715414.362143040 2.594830842 1.210213056 0.034249867 -0.143050736 -0.793678702 -0.068762512 0.587266823
1403715414.412142992 2.596680044 1.206431538 0.034414217 -0.142978095 -0.793641315 -0.069349856 0.587265974
1403715414.462142944 2.596363968 1.206132199 0.036497900 -0.142062015 -0.793305922 -0.069711264 0.587898323
1403715414.512142897 2.594725307 1.202671861 0.039227941 -0.141661518 -0.792561868 -0.070668443 0.588883411
1403715414.562143087 2.592135992 1.198001707 0.041590350 -0.141353632 -0.790543588 -0.071638099 0.591547097
1403715414.612143040 2.589767720 1.195580486 0.038343418 -0.140993218 -0.787895429 -0.071994704 0.595112147
1403715414.662142992 2.585771620 1.192815780 0.032270687 -0.141700471 -0.785099132 -0.070750715 0.598777643
1403715414.712142944 2.581549999 1.187399989 0.025997728 -0.143495197 -0.782113621 -0.069230616 0.602423883
1403715414.762142897 2.574428357 1.183447375 0.021165392 -0.145472168 -0.779950557 -0.066500254 0.605055942
1403715414.812143087 2.566808135 1.179657185 0.020058709 -0.147649319 -0.779014070 -0.063817234 0.606023200
1403715414.862143040 2.560312974 1.174640271 0.018886668 -0.151398706 -0.777866614 -0.059698094 0.606991021
1403715414.912142992 2.557509060 1.168951757 0.016216186 -0.155861488 -0.776643909 -0.054823973 0.607886311
1403715414.962142944 2.554511077 1.164582602 0.008961597 -0.160279036 -0.775652725 -0.049508752 0.608459007
1403715415.012142897 2.552918018 1.158686597 -0.003835107 -0.163888092 -0.773362141 -0.046623201 0.610637347
1403715415.062143087 2.550094662 1.155937128 -0.019389994 -0.166603859 -0.771450286 -0.043994161 0.612512958
1403715415.112143040 2.547434806 1.153649654 -0.034062894 -0.169242773 -0.770039779 -0.042489759 0.613669490
1403715415.162142992 2.543447360 1.152507375 -0.046926176 -0.171708124 -0.768944490 -0.042077843 0.614385991
1403715415.212142944 2.537229249 1.156321253 -0.057574047 -0.173129522 -0.768215238 -0.042287896 0.614884745
1403715415.262142897 2.536879543 1.161019103 -0.061994142 -0.173189067 -0.768902734 -0.044719912 0.613835696
1403715415.312143087 2.538856606 1.166790428 -0.065393512 -0.170598190 -0.770663448 -0.051566566 0.611812878
1403715415.362143040 2.541145260 1.172884997 -0.078239791 -0.168129474 -0.771568915 -0.058427502 0.610737355
1403715415.412142992 2.542781302 1.181275437 -0.089190806 -0.164063643 -0.771529166 -0.067129620 0.610998757
1403715415.462142944 2.544038558 1.186769266 -0.105816767 -0.161605712 -0.772563426 -0.074117708 0.609537457
1403715415.512142897 2.557160218 1.195008354 -0.123181261 -0.159650700 -0.771707728 -0.078968194 0.610526708
1403715415.562143087 2.568275502 1.202329842 -0.133483633 -0.158410116 -0.771699823 -0.081651483 0.610506883
1403715415.612143040 2.575498096 1.210604750 -0.153807463 -0.156381680 -0.769561701 -0.084422460 0.613345259
1403715415.662142992 2.584442207 1.215136857 -0.172935478 -0.155582354 -0.768371080 -0.086524782 0.614746677
1403715415.712142944 2.593411391 1.218220412 -0.194510982 -0.156162910 -0.767917037 -0.086948739 0.615106891
1403715415.762142897 2.601372433 1.224672320 -0.219681894 -0.155933294 -0.766785391 -0.084949329 0.616853778
1403715415.812143087 2.611703703 1.226672437 -0.236441432 -0.155394911 -0.764540724 -0.085717326 0.619663170
1403715415.862143040 2.620068809 1.230855589 -0.244869309 -0.154766559 -0.762534975 -0.085398579 0.622330143
1403715415.912142992 2.624014473 1.236101859 -0.248146327 -0.154308268 -0.760981088 -0.084956216 0.624403062
1403715415.962142944 2.633862745 1.238411632 -0.257805399 -0.153380454 -0.760640557 -0.084284581 0.625137176
1403715416.012142897 2.634861140 1.243525743 -0.271740549 -0.152097471 -0.761452665 -0.083404552 0.624579762
1403715416.062143087 2.634276749 1.249447158 -0.278523102 -0.151176109 -0.760496953 -0.084511392 0.625817859
1403715416.112143040 2.633438044 1.253377916 -0.281221586 -0.151582440 -0.759880151 -0.083777012 0.626567101
1403715416.162142992 2.632737928 1.255484117 -0.286530449 -0.151729444 -0.758905979 -0.083060600 0.627806362
1403715416.212142944 2.633436184 1.257184949 -0.287059357 -0.152450050 -0.759872504 -0.081790609 0.626628324
1403715416.262142897 2.635207102 1.256623921 -0.287806039 -0.152724787 -0.760519509 -0.081398941 0.625826995
1403715416.312143087 2.637895144 1.257148709 -0.282520459 -0.152908141 -0.761313683 -0.081090491 0.624855910
1403715416.362143040 2.626267959 1.255933248 -0.277105023 -0.153043539 -0.761980122 -0.080716002 0.624058407
1403715416.412142992 2.633099276 1.252900785 -0.272492597 -0.153687156 -0.762601589 -0.081207018 0.623076637
1403715416.462142944 2.648135101 1.254513317 -0.268507378 -0.153769679 -0.763658781 -0.081509758 0.621720444
1403715416.512142897 2.659953566 1.259354810 -0.264642430 -0.153578711 -0.764287448 -0.081070976 0.621052151
1403715416.562143087 2.669029948 1.262247630 -0.261558689 -0.153260829 -0.764428210 -0.081348771 0.620921096
1403715416.612143040 2.673455879 1.266565898 -0.262053893 -0.152742101 -0.764647506 -0.081203018 0.620797964
1403715416.662142992 2.675336541 1.271044283 -0.260795921 -0.152381035 -0.764939019 -0.080522456 0.620616187
1403715416.712142944 2.676355849 1.274994476 -0.256448668 -0.151674097 -0.765603411 -0.080407326 0.619984716
1403715416.762142897 2.677278347 1.277370003 -0.253800088 -0.151315147 -0.765952242 -0.080232808 0.619664091
1403715416.812143087 2.678006986 1.279132086 -0.252971950 -0.150883016 -0.765621283 -0.080485998 0.620145442
1403715416.862143040 2.678990917 1.281598671 -0.249673276 -0.150679469 -0.766395349 -0.080066651 0.619292498
1403715416.912142992 2.680619240 1.281687860 -0.248545319 -0.150815856 -0.766620202 -0.080209756 0.618962388
1403715416.962142944 2.682936686 1.281987663 -0.246582067 -0.150549096 -0.766581284 -0.080611688 0.619023311
1403715417.012142897 2.685659541 1.282391942 -0.244827438 -0.150611121 -0.766577659 -0.080517300 0.619024998
1403715417.062143087 2.688183291 1.282696742 -0.243839091 -0.150554479 -0.766682055 -0.080754662 0.618878551
1403715417.112143040 2.690985515 1.283381839 -0.243685809 -0.150654353 -0.766863317 -0.080666553 0.618641113
1403715417.162142992 2.699255984 1.284393468 -0.242958779 -0.150589441 -0.767269539 -0.080486187 0.618176552
1403715417.212142944 2.706350436 1.287066988 -0.240453872 -0.150237171 -0.767582101 -0.080417370 0.617883126
1403715417.262142897 2.712677083 1.288648462 -0.239079858 -0.150024965 -0.767791833 -0.080483756 0.617665424
1403715417.312143087 2.718189950 1.292325493 -0.235282445 -0.149486744 -0.768275205 -0.080429345 0.617201785
1403715417.362143040 2.723629046 1.294855965 -0.232194111 -0.149150250 -0.768805016 -0.080440693 0.616621720
1403715417.412142992 2.728690776 1.297626466 -0.229096759 -0.148805484 -0.769240813 -0.080460943 0.616158694
1403715417.462142944 2.733418443 1.300297352 -0.226397287 -0.148457467 -0.769536076 -0.080372476 0.615885439
1403715417.512142897 2.738128495 1.302963299 -0.222801737 -0.148015649 -0.769936952 -0.080449812 0.615480531
1403715417.562143087 2.742463958 1.306432515 -0.218437311 -0.147589050 -0.770559494 -0.080326152 0.614819687
1403715417.612143040 2.746932655 1.308863756 -0.215271169 -0.147287042 -0.771002659 -0.080342035 0.614334261
1403715417.662142992 2.751077414 1.311313415 -0.212360862 -0.146916103 -0.771385493 -0.080393254 0.613935669
1403715417.712142944 2.755125166 1.313482219 -0.208640748 -0.146661221 -0.771808225 -0.080338964 0.613472250
1403715417.762142897 2.758706475 1.316000981 -0.205678776 -0.146246311 -0.772125678 -0.080347451 0.613170645
1403715417.812143087 2.762309545 1.318274978 -0.203142353 -0.146016089 -0.772491623 -0.080267158 0.612774981
1403715417.862143040 2.766001887 1.320632411 -0.200806507 -0.145746386 -0.772829663 -0.080249894 0.612415102
1403715417.912142992 2.769769970 1.322601911 -0.197600822 -0.145470746 -0.773228664 -0.080334736 0.611965706
1403715417.962142944 2.773697889 1.324044236 -0.194255085 -0.145196372 -0.773559916 -0.080546041 0.611584340
1403715418.012142897 2.777582493 1.325892138 -0.190625770 -0.144893792 -0.773941113 -0.080598216 0.611166811
1403715418.062143087 2.781024981 1.328263306 -0.187866092 -0.144553948 -0.774290153 -0.080556802 0.610810540
1403715418.112143040 2.784444055 1.331071776 -0.186236586 -0.144252639 -0.774551453 -0.080406986 0.610570176
1403715418.162142992 2.787874679 1.333640702 -0.184507512 -0.144001684 -0.774844499 -0.080198270 0.610284978
1403715418.212142944 2.791484880 1.335862336 -0.182205457 -0.143725451 -0.775154785 -0.080186671 0.609957500
1403715418.262142897 2.795172240 1.337674441 -0.180161409 -0.143485383 -0.775380403 -0.080266732 0.609716678
1403715418.312143087 2.798728486 1.339494934 -0.177702294 -0.143249246 -0.775722366 -0.080320397 0.609330040
1403715418.362143040 2.802372097 1.341585851 -0.175376033 -0.142972049 -0.776007839 -0.080361305 0.609026180
1403715418.412142992 2.806071239 1.343594443 -0.173467853 -0.142685956 -0.776205468 -0.080359723 0.608841608
1403715418.462142944 2.809375697 1.345896322 -0.171417337 -0.142368747 -0.776483426 -0.080305063 0.608568587
1403715418.512142897 2.807270700 1.347336832 -0.168756470 -0.142104139 -0.776802600 -0.080212101 0.608235278
1403715418.562143087 2.803840804 1.348396155 -0.166504399 -0.141890897 -0.777029926 -0.080175418 0.607999482
1403715418.612143040 2.800732414 1.348714146 -0.165444285 -0.141853621 -0.777089729 -0.080171187 0.607932302
1403715418.662142992 2.797943183 1.348175885 -0.166671750 -0.141952207 -0.777079680 -0.080210368 0.607916967
1403715418.712142944 2.774828213 1.343896295 -0.164074198 -0.141890224 -0.776984465 -0.080413442 0.608026302
1403715418.762142897 2.776546821 1.338622748 -0.173673494 -0.142947247 -0.775891281 -0.080522929 0.609159144
1403715418.812143087 2.778100628 1.335229659 -0.180765763 -0.143697721 -0.775172977 -0.080463457 0.609904462
