timestamp_ns,tx,ty,tz,qx,qy,qz,qw
1403715274662142976,0.000001097960,-0.000006077251,-0.000006671248,0.013995292574,-0.829667858140,0.000192306191,0.558081839853
1403715274712142848,-0.000002204685,-0.000469695889,-0.000170233418,0.013533209850,-0.829642873937,-0.000007644485,0.558130409401
1403715274762142976,-0.000058326446,-0.001798481483,-0.000525998600,0.013331609656,-0.829804230126,-0.000290608768,0.557895262029
1403715274812143104,-0.001230742092,-0.001020645799,-0.001923599445,0.013128948311,-0.829669823889,-0.000515229904,0.558099765797
1403715274862142976,0.000001973101,-0.001038306713,-0.000912859523,0.012974229728,-0.829668997067,-0.000417143428,0.558104695070
1403715274912143104,-0.000973830895,-0.001053725025,-0.001031767318,0.012978870360,-0.829746187094,-0.000485641133,0.557989765211
1403715274962142976,-0.000910976759,-0.001068793216,-0.000913665647,0.013044403432,-0.829767193687,-0.000509376187,0.557956977155
1403715275012142848,-0.000954818693,-0.000905494394,-0.000793455885,0.013126877039,-0.829712813273,-0.000204182918,0.558036101789
1403715275062142976,-0.000914821228,-0.000851407215,-0.000860608844,0.013171227190,-0.829636252128,-0.000290326545,0.558148836459
1403715275112143104,-0.000952936040,-0.000801207069,-0.000924414107,0.013144489591,-0.829681542780,-0.000165397491,0.558082191623
1403715275162142976,-0.000989786524,-0.000700033917,-0.000908109996,0.013216571255,-0.829756462867,0.000034958102,0.557969115052
1403715275212142848,-0.000975062538,-0.000535894733,-0.000899137797,0.013367977420,-0.829741587281,0.000090245624,0.557987622956
1403715275262142976,-0.000976953617,-0.000464576232,-0.000918124468,0.013444947058,-0.829756925030,0.000052125672,0.557962970139
1403715275312143104,-0.000950543059,-0.000395868929,-0.001092847154,0.013519410348,-0.829619200950,0.000064223047,0.558165927690
1403715275362142976,-0.001009563510,-0.000350660256,-0.000994397423,0.013429559003,-0.829609340742,0.000040294577,0.558182754190
1403715275412143104,-0.001008999514,-0.000387413118,-0.000980299264,0.013378507694,-0.829611148649,0.000135262172,0.558181278146
1403715275462142976,-0.001051611831,-0.000386152584,-0.000982324263,0.013438462559,-0.829648838042,0.000224516111,0.558123788109
1403715275512142848,-0.001078175748,-0.000439565949,-0.001241658846,0.013340756775,-0.829530664323,0.000127035970,0.558301786687
1403715275562142976,-0.001023844089,-0.000366706219,-0.001346552261,0.013405883730,-0.829534094117,0.000276897013,0.558295076376
1403715275612143104,-0.000981967524,-0.000152683737,-0.001140159012,0.013449830522,-0.829569855224,0.000333664874,0.558240849482
1403715275662142976,-0.000966001895,0.000022227973,-0.000918834880,0.013453075749,-0.829615900779,0.000494638942,0.558172220072
1403715275712142848,-0.001015857108,-0.000060092976,-0.000961897590,0.013412283395,-0.829593249703,0.000341368104,0.558206981477
1403715275762142976,-0.001041532392,-0.000206807424,-0.001085320331,0.013382704178,-0.829590761815,0.000268470308,0.558211428639
1403715275812143104,-0.001088307253,-0.000325178264,-0.001160046615,0.013444933788,-0.829664330727,0.000290381867,0.558100571360
1403715275862142976,-0.001065734757,-0.000348349436,-0.001164728301,0.013644266978,-0.829576127207,0.000595673627,0.558226592272
1403715275912143104,-0.001012443799,-0.000206392615,-0.001158828695,0.013679371969,-0.829430696045,0.000734331436,0.558441631685
1403715275962142976,-0.000988550430,-0.000201775915,-0.001072007983,0.013487328515,-0.829144903091,0.000485605754,0.558870813189
1403715276012142848,-0.001023627702,-0.000221448726,-0.001342165578,0.013290214234,-0.829082448999,0.000290236419,0.558968316392
1403715276062142976,-0.001096633803,0.000084993990,-0.001649742554,0.013441686371,-0.829317669807,0.000448069527,0.558615541179
1403715276112143104,-0.001164598544,0.000462701373,-0.002224295691,0.013389976156,-0.829325438798,0.000634881033,0.558605068029
1403715276162142976,-0.001155623210,0.000510153953,-0.002972808720,0.013471241800,-0.828930183002,0.000620376260,0.559189496044
1403715276212142848,-0.001230157809,0.000608333599,-0.003327596466,0.013744842800,-0.829077954935,0.000632965327,0.558963704808
1403715276262142976,-0.001296174733,0.000649391226,-0.003557743156,0.013783455715,-0.829157603387,0.000675399370,0.558844548090
1403715276312143104,-0.001318784808,0.000697268575,-0.003746605833,0.013623871780,-0.829273274016,0.000723598179,0.558676743319
1403715276362142976,-0.001293209877,0.000792861327,-0.004141820159,0.013890459681,-0.829167190950,0.000660517107,0.558827691063
1403715276412143104,-0.001217690008,0.000909757232,-0.004431539976,0.013741636160,-0.829108125092,0.000944233943,0.558918592251
1403715276462142976,-0.001210548428,0.000875089685,-0.004071920497,0.013970712410,-0.829228882472,0.000770856534,0.558734002410
1403715276512142848,-0.001190119441,0.000691735242,-0.003796475822,0.013888409391,-0.828875066488,0.000611505004,0.559260996585
1403715276562142976,-0.001239717394,0.001092735780,-0.003437377688,0.013776822772,-0.829089251821,0.000416690617,0.558946364187
1403715276612143104,-0.001360450635,0.001097255457,-0.003422533888,0.013491910396,-0.829358356729,0.000202044748,0.558554065114
1403715276662142976,-0.001431638240,0.001021478265,-0.003669103710,0.013287546434,-0.829292791494,0.000274901780,0.558656273137
1403715276712142848,-0.001393929036,0.000954200187,-0.003938150891,0.013398197945,-0.829053391834,0.000317726681,0.559008819993
1403715276762142976,-0.001276878397,0.000945546409,-0.003489735816,0.013526582469,-0.829052509893,0.000563767703,0.559006842152
1403715276812143104,-0.001330587059,0.001047898142,-0.003337803339,0.013574443752,-0.829182982714,0.000737316310,0.558811929024
1403715276862142976,-0.001432713390,0.000935968964,-0.002843905197,0.013685078933,-0.829455643845,0.000854677002,0.558404264880
1403715276912143104,-0.001390685482,0.000609414192,-0.003348879808,0.013937979997,-0.829129985479,0.000420800088,0.558881939967
1403715276962142976,-0.001320197978,0.000460444950,-0.004422323307,0.014438442422,-0.828836444277,-0.000148238153,0.559304620080
1403715277012142848,-0.001289434774,0.000550959798,-0.004646982661,0.014349242752,-0.829273829940,-0.000518797647,0.558657985765
1403715277062142976,-0.001286216036,0.000802523637,-0.004400008578,0.014636614268,-0.829994350127,-0.000542568878,0.557579459717
1403715277112143104,-0.001201159796,0.001087370663,-0.004391350047,0.014570190241,-0.829706985938,0.000005473449,0.558008984705
1403715277162142976,-0.001179471791,0.001241408171,-0.004056885530,0.014401963906,-0.829414752441,0.000489581134,0.558447412188
1403715277212142848,-0.001006151473,0.001390815766,-0.003719749698,0.014231595333,-0.829535319272,0.000723788127,0.558272417289
1403715277262142976,-0.000850313996,0.001559037194,-0.002957094542,0.013787858084,-0.829741717989,0.000561579462,0.557976935927
1403715277312143104,-0.001007075696,0.001656616054,-0.002262855283,0.013644161052,-0.830061509273,0.000252068181,0.557504855722
1403715277362142976,-0.000994349165,0.001833358745,-0.001578131094,0.013963807153,-0.830092400941,0.000070253954,0.557450996101
1403715277412143104,-0.000843422339,0.002363206341,-0.001366832963,0.013992439485,-0.829978800646,-0.000130267405,0.557619390934
1403715277462142976,-0.000838257106,0.002790866698,-0.001993371143,0.013781720564,-0.829180905201,0.000477067548,0.558810220947
1403715277512142848,-0.001150508367,0.002927768761,-0.001844967876,0.013890511218,-0.829643627323,0.000447722472,0.558120331905
1403715277562142976,-0.001222581999,0.003134961041,-0.002584228909,0.014157297820,-0.829137971428,0.000105445737,0.558864727940
1403715277612143104,-0.001331298689,0.003001560745,-0.002753570175,0.014255735670,-0.829466621005,0.000127890766,0.558374320938
1403715277662142976,-0.001470793644,0.002889094075,-0.002963178451,0.014101285386,-0.829505003088,0.000613148685,0.558320900245
1403715277712142848,-0.001234693010,0.002725729503,-0.003677324696,0.014150733553,-0.828831083283,0.000386203426,0.559319803843
1403715277762142976,-0.001309027783,0.002506555863,-0.004623351415,0.013993376154,-0.828156057024,0.000897778021,0.560322161468
1403715277812143104,-0.001545252963,0.002140146956,-0.004882198296,0.014131864520,-0.828458448489,-0.000015600169,0.559872207998
1403715277862142976,-0.001640883681,0.002323876974,-0.004934033488,0.013969512449,-0.828875802519,0.000578206555,0.559257921175
1403715277912143104,-0.001740179419,0.002428644430,-0.004941475508,0.014327845836,-0.828781114583,0.000041051559,0.559389466525
1403715277962142976,-0.001841857795,0.002691397860,-0.004959220792,0.014357169063,-0.828727492249,0.000266655470,0.559468090406
1403715278012142848,-0.002069262651,0.003034519804,-0.005568587922,0.014197498852,-0.828663844394,0.000724293498,0.559566027757
1403715278062142976,-0.002589982519,0.002568240965,-0.006912192091,0.014310684931,-0.828367120106,0.000614183480,0.560002447676
1403715278112143104,-0.002735942169,0.001817937475,-0.007412958264,0.014020037163,-0.827813288429,0.000576203586,0.560828196553
1403715278162142976,-0.003029881578,0.001373617615,-0.008275260119,0.013384514372,-0.828274364899,0.001391606064,0.560161132764
1403715278212142848,-0.002372125206,0.000974484788,-0.008126677703,0.013995131899,-0.827650006635,0.000496045833,0.561069832319
1403715278262142976,-0.001198609131,0.001200559951,-0.003253238782,0.014317805813,-0.828664221159,0.000349569625,0.559562763958
1403715278312143104,-0.001604818165,0.001460152260,-0.004239011763,0.012176075036,-0.828321561385,0.000439861617,0.560120469777
1403715278362142976,-0.003283678050,0.002239798107,-0.009563908649,0.012248331274,-0.826573504799,0.000211719408,0.562695454682
1403715278412143104,-0.004813079665,0.002872161223,-0.013854958808,0.012949131662,-0.825391363546,-0.000619006805,0.564412113445
1403715278462142976,-0.006773384120,0.003358274246,-0.015974729585,0.012528074346,-0.824653092604,-0.000978078444,0.565499219782
1403715278512142848,-0.009517239806,0.003296429937,-0.016049473959,0.011417688376,-0.823967142806,-0.000548877802,0.566522270261
1403715278562142976,-0.012665620076,0.001916221017,-0.014926943378,0.009806992154,-0.821348951896,-0.000051665415,0.570341756717
1403715278612143104,-0.017016767598,0.000497390906,-0.009227829180,0.009208166706,-0.819380126545,-0.000035513971,0.573176601605
1403715278662142976,-0.022665583622,-0.001531890334,0.000245820304,0.009503237025,-0.818338089619,-0.002242309222,0.574654184369
1403715278712142848,-0.029398938378,-0.003622824108,0.008900152778,0.008508263592,-0.815251076846,-0.000001333228,0.579045154673
1403715278762142976,-0.038599925033,-0.006225173825,0.022452580050,0.007287383253,-0.813257268838,0.001181654668,0.581857467443
1403715278812143104,-0.047502577613,-0.008688458733,0.038784566730,0.005917783603,-0.811918155511,0.002996127168,0.583733596610
1403715278862142976,-0.056807022727,-0.011292711957,0.055779956685,0.005269500111,-0.809370822728,0.004784690181,0.587254808772
1403715278912143104,-0.065898540209,-0.012990645021,0.071623312453,0.005396427618,-0.809357803062,0.005183762128,0.587268212831
1403715278962142976,-0.074434558404,-0.014846540444,0.086961824422,0.005571768618,-0.808859729380,0.004359941517,0.587959084029
1403715279012142848,-0.082088781148,-0.016132536828,0.097789033861,0.006782159008,-0.808323734866,0.002942279582,0.588691842106
1403715279062142976,-0.088958474606,-0.017304741055,0.103250179971,0.007397260006,-0.807515865944,0.002380058304,0.589794660975
1403715279112143104,-0.095239904185,-0.019166531603,0.107392136430,0.008028270596,-0.807090301532,0.001663118899,0.590371091840
1403715279162142976,-0.100345262266,-0.020207527648,0.106362654255,0.007968029644,-0.806729604354,0.001499077497,0.590865135821
1403715279212142848,-0.106126373524,-0.021545254254,0.104680885913,0.007495777863,-0.807750306269,0.001932231834,0.589473937097
1403715279262142976,-0.110472873367,-0.023633488764,0.104107421004,0.007402231050,-0.808306583942,0.001657627233,0.588712939898
1403715279312143104,-0.113285747975,-0.025111048946,0.103692983178,0.007479587791,-0.808163266553,0.002075788446,0.588907362378
1403715279362142976,-0.116638264401,-0.025961251713,0.102013166329,0.007643382941,-0.808516659029,0.003074739377,0.588415615656
1403715279412143104,-0.120921328643,-0.025987614775,0.100574367549,0.006825971884,-0.809927311906,0.003642555759,0.586479230087
1403715279462142976,-0.123723334549,-0.025526645166,0.099757313847,0.006412600640,-0.810513833192,0.004796233038,0.585664751292
1403715279512142848,-0.126154767798,-0.025171436616,0.098090409439,0.006401516542,-0.809915167780,0.005439909529,0.586486870245
1403715279562142976,-0.129738457107,-0.025820675714,0.096246168338,0.007533925468,-0.810538835040,0.004535924759,0.585618871149
1403715279612143104,-0.132171574968,-0.026889822037,0.097214857276,0.007802478633,-0.810896490436,0.004404458604,0.585121016432
1403715279662142976,-0.134387679894,-0.027824693626,0.100099518464,0.007945167381,-0.811049422814,0.004180735079,0.584908736062
1403715279712142848,-0.137254275010,-0.027838970272,0.103181957805,0.007067625162,-0.811678052979,0.004955632062,0.584041290234
1403715279762142976,-0.138263449135,-0.027703435394,0.107996544519,0.006926374058,-0.811465177834,0.005357868908,0.584335163879
1403715279812143104,-0.138347418448,-0.027283382636,0.115430007499,0.006870704821,-0.811281442877,0.005598214727,0.584588636437
1403715279862142976,-0.138811551706,-0.026749222161,0.121789096491,0.007028698850,-0.811458415215,0.005183405934,0.584344906773
1403715279912143104,-0.139667770404,-0.026092572559,0.127375156333,0.007333606523,-0.812352182430,0.005152954401,0.583098273859
1403715279962142976,-0.139920965188,-0.025360760552,0.134811932599,0.007407696018,-0.814504800840,0.004204852196,0.580094280843
1403715280012142848,-0.139622470770,-0.024354694354,0.142305611164,0.007161681397,-0.817179146461,0.004659309902,0.576320434950
1403715280062142976,-0.140747225224,-0.024078522977,0.147542007750,0.007719384391,-0.821631038489,0.003604801797,0.569956009794
1403715280112143104,-0.141978625479,-0.023691145110,0.151027902713,0.009928091068,-0.825531416960,0.000411969961,0.564268679709
1403715280162142976,-0.142728927241,-0.023280830095,0.156668937954,0.010853650131,-0.826533501705,-0.001972979292,0.562779420547
1403715280212142848,-0.145162420232,-0.022935010923,0.164529498625,0.014400484159,-0.826932844641,-0.005647232532,0.562087898175
1403715280262142976,-0.150437854026,-0.022216312386,0.173045592991,0.016413623251,-0.827173015668,-0.008966806726,0.561635995551
1403715280312143104,-0.155669479163,-0.021592904910,0.182513528650,0.017616650790,-0.825683753655,-0.011370012621,0.563743483668
1403715280362142976,-0.162310319000,-0.022720346555,0.193115387722,0.019684764830,-0.823707974292,-0.013900809105,0.566501942298
1403715280412143104,-0.170545731075,-0.023867793197,0.203949801519,0.019072133303,-0.822427667577,-0.015972405831,0.568325494402
1403715280462142976,-0.178755994431,-0.025711950491,0.215622486812,0.014149532578,-0.821858135928,-0.015582973169,0.569303228591
1403715280512142848,-0.187974637237,-0.029076084345,0.227120379141,0.007437942767,-0.821341218952,-0.015834285892,0.570168882392
1403715280562142976,-0.197082044825,-0.032073022440,0.237304626756,-0.000523211358,-0.820508059012,-0.016141657523,0.571406771257
1403715280612143104,-0.207336843151,-0.035388887750,0.246686061139,-0.009081302999,-0.819359889818,-0.017374675304,0.572944169664
1403715280662142976,-0.217825216145,-0.039300180711,0.255267226238,-0.017170344832,-0.818594555811,-0.020805276805,0.573737982804
1403715280712142848,-0.228088581742,-0.042771269687,0.261828182162,-0.027111474145,-0.817365441344,-0.025759821010,0.574904457181
1403715280762142976,-0.239390622088,-0.045624574831,0.268691613350,-0.037439923361,-0.817422512608,-0.031741826086,0.573943502879
1403715280812143104,-0.248486161390,-0.047187318003,0.273318796736,-0.048605745675,-0.816498747822,-0.037128923429,0.574098179180
1403715280862142976,-0.258419288445,-0.050092556131,0.277931755996,-0.059263697749,-0.815228263076,-0.043375872128,0.574464295607
1403715280912143104,-0.267127102650,-0.053260937916,0.282352859412,-0.067932840042,-0.813918368643,-0.049416213592,0.574873948152
1403715280962142976,-0.276563418201,-0.056116472787,0.286504687602,-0.076487039551,-0.812671498179,-0.054692659738,0.575085629972
1403715281012142848,-0.285484144933,-0.059911370424,0.289607598051,-0.083617229377,-0.811568736271,-0.058903946755,0.575234448130
1403715281062142976,-0.294730472375,-0.063606146295,0.293068609391,-0.089529836218,-0.810660836156,-0.063678723810,0.575116020715
1403715281112143104,-0.305925616307,-0.066524915798,0.295426290372,-0.095223827357,-0.810311760232,-0.066776115674,0.574341557184
1403715281162142976,-0.316727589210,-0.069529058473,0.297333064105,-0.100580135739,-0.809813454997,-0.069667188678,0.573787667366
1403715281212142848,-0.325640812859,-0.073114813061,0.298433988166,-0.105636954004,-0.808525972404,-0.072737574042,0.574313356296
1403715281262142976,-0.334035277948,-0.077044327006,0.298414789618,-0.110516808591,-0.807094429430,-0.075694898290,0.575025998869
1403715281312143104,-0.342025193228,-0.080468035005,0.297127437643,-0.115561943840,-0.805996783779,-0.078530165213,0.575193562921
1403715281362142976,-0.351693251152,-0.083189241271,0.294924829554,-0.120774093047,-0.806212605816,-0.082471957120,0.573265408830
1403715281412143104,-0.361696375679,-0.085187528275,0.294483403807,-0.127128816964,-0.806202812800,-0.087275485143,0.571190229454
1403715281462142976,-0.369429093787,-0.087299933429,0.295441851536,-0.133904615958,-0.804052715465,-0.092721877550,0.571814163869
1403715281512142848,-0.378231669121,-0.088333823401,0.295422042482,-0.141983558072,-0.802532151328,-0.099206573189,0.570912314772
1403715281562142976,-0.386796098224,-0.088392931996,0.295632129549,-0.151205570336,-0.800819604655,-0.106378847685,0.569656367527
1403715281612143104,-0.395532896961,-0.088723162471,0.295180624829,-0.160739508189,-0.798729292757,-0.113724632567,0.568560494008
1403715281662142976,-0.405479407690,-0.089514124409,0.295948536707,-0.171422996298,-0.796798839352,-0.121353482775,0.566567823094
1403715281712142848,-0.415317706810,-0.093058758364,0.295269459590,-0.181913274059,-0.794243457123,-0.130014578176,0.564961149991
1403715281762142976,-0.426644917516,-0.096675232405,0.294211809178,-0.193813957190,-0.791608485032,-0.138629369583,0.562649139618
1403715281812143104,-0.437871768216,-0.099420925664,0.292574909861,-0.206454117134,-0.788741230260,-0.147055774696,0.560034434954
1403715281862142976,-0.449948481994,-0.101016756231,0.291095035927,-0.219542586140,-0.785402175450,-0.155256579896,0.557530151712
1403715281912143104,-0.461102617749,-0.102733765765,0.287213747815,-0.231801937616,-0.781571776729,-0.163889415645,0.555476083174
1403715281962142976,-0.473228266511,-0.103191091241,0.282824786319,-0.244677383715,-0.777562066055,-0.171682257346,0.553222752463
1403715282012142848,-0.485455650333,-0.102832922416,0.278542864801,-0.257644072033,-0.773997708013,-0.178894790085,0.550039756943
1403715282062142976,-0.497109826243,-0.103783790421,0.274835687957,-0.268361746380,-0.770103571117,-0.186982322533,0.547686108910
1403715282112143104,-0.510248839662,-0.104311372844,0.272916089312,-0.278131044790,-0.767045295787,-0.195485598615,0.544123163327
1403715282212142848,-0.537242253429,-0.108414205544,0.265401125465,-0.297339451178,-0.757559890557,-0.212713747581,0.540781956598
1403715282262142976,-0.552573934966,-0.107882448351,0.260181516780,-0.308746224013,-0.754171033533,-0.219389821949,0.536441914249
1403715282312143104,-0.566069580177,-0.108681945776,0.256333325367,-0.319137775519,-0.749944275826,-0.226605117478,0.533277398852
1403715282362142976,-0.580278043513,-0.110408778211,0.254313435982,-0.328580256052,-0.745862192619,-0.234187533163,0.529981890507
1403715282412143104,-0.592759925575,-0.109385764314,0.250864712393,-0.337552551853,-0.742868759504,-0.242946901643,0.524577052369
1403715282512142848,-0.622059539609,-0.108986523684,0.238205961109,-0.356154741218,-0.732905175091,-0.255843991928,0.520141957956
1403715282562142976,-0.640293026750,-0.107193289854,0.233523341640,-0.366095155332,-0.728485767124,-0.261930931322,0.516405859337
1403715282612143104,-0.658279035216,-0.106238020012,0.228875526879,-0.374862122676,-0.722832656419,-0.269546307697,0.514136293024
1403715282662142976,-0.676712902521,-0.106505986174,0.223401042638,-0.384425332303,-0.717162689708,-0.275356473728,0.511931296904
1403715282762142976,-0.715273260184,-0.105212433946,0.210304878715,-0.403974623840,-0.706201657074,-0.285100511233,0.506755780760
1403715282812143104,-0.735069846487,-0.103714571836,0.200333864372,-0.414040742156,-0.700428389499,-0.289577479649,0.504098421243
1403715282862142976,-0.752572108255,-0.103008735138,0.192491328641,-0.422684551800,-0.693869513369,-0.295028993939,0.502832736426
1403715282962142976,-0.786781106488,-0.100943559330,0.179467264300,-0.440435875033,-0.679093924347,-0.306806163080,0.500717145896
1403715283012142848,-0.803021409684,-0.100067971604,0.175662274758,0.449381299582,0.672434029200,0.311889477272,-0.498611951247
1403715283062142976,-0.820737756679,-0.098993611258,0.168427692919,0.458222281780,0.666706923929,0.316798870648,-0.495149163001
1403715283112143104,-0.839158261280,-0.098448093240,0.160613352606,0.467040914639,0.661127209302,0.321126435444,-0.491590693191
1403715283162142976,-0.857316939873,-0.097509529802,0.152322847822,0.476023730106,0.654311961263,0.325405066570,-0.489273756065
1403715283212142848,-0.876027375871,-0.097719843477,0.145476222461,0.484430439116,0.648000539624,0.330012097030,-0.486327529674
1403715283312143104,-0.908398299630,-0.096657822418,0.134125563443,0.501074322331,0.634828859324,0.337783185531,-0.481476232480
1403715283362142976,-0.923665818845,-0.096329485691,0.127353029577,0.508390514511,0.628590797134,0.343334003305,-0.478052776049
1403715283462142976,-0.950416912417,-0.100860954820,0.116266906469,0.523918165103,0.619308838073,0.349591659738,-0.468777122736
1403715283512142848,-0.963283165355,-0.103348071649,0.111428052086,0.530606815395,0.615601911308,0.353667138283,-0.463044543807
1403715283562142976,-0.973480516420,-0.105395118253,0.104986498273,0.536862396180,0.612317838657,0.357774524534,-0.456993459061
1403715283612143104,-0.983576290505,-0.107725038680,0.100392677868,0.542491700915,0.609256036428,0.360939928383,-0.451920573346
1403715283662142976,-0.994697373380,-0.107377938653,0.096327561912,0.547180454080,0.606545888036,0.364255233013,-0.447228981174
1403715283762142976,-1.018017745271,-0.109177416640,0.090443955159,0.554028727179,0.603546146808,0.367722352480,-0.439959645445
1403715283812143104,-1.029829555160,-0.112199174154,0.086197090567,0.554674466445,0.600531508851,0.371022864539,-0.440499917300
1403715283912143104,-1.053837201724,-0.111184774356,0.077717100985,0.556494554627,0.595675121648,0.375057949063,-0.441380215874
1403715283962142976,-1.065569131923,-0.107546045599,0.072045508505,0.558943179908,0.594826055291,0.373725434542,-0.440560762164
1403715284012142848,-1.077869278601,-0.105518316148,0.066302364905,0.560832852860,0.594845176534,0.372457254370,-0.439205328718
1403715284112143104,-1.102262752593,-0.104059641962,0.055869162838,0.562099445362,0.595450344533,0.370139961283,-0.438724867977
1403715284162142976,-1.114743908578,-0.101231455832,0.053776038005,0.564175855955,0.595544521054,0.366551126590,-0.438944869654
1403715284212142848,-1.126027632435,-0.098675443572,0.046952986761,0.566122514775,0.595636527331,0.362796238198,-0.439432947244
1403715284312143104,-1.146065027271,-0.092580869537,0.031317368339,0.567274115332,0.594597920639,0.357127370621,-0.443974584858
1403715284362142976,-1.155423438707,-0.088647455903,0.017511101265,0.565034894274,0.595169978816,0.357898056897,-0.445440507181
1403715284462142976,-1.169478122233,-0.075234231374,0.011055408323,0.560268325009,0.598459066852,0.361044247099,-0.444514567736
1403715284512142848,-1.175380686253,-0.066054986579,0.012513695554,0.558018677482,0.600862295542,0.362342901394,-0.443043202394
1403715284612143104,-1.186180922406,-0.051623349929,0.011469656643,0.552204672301,0.606753340428,0.364797370105,-0.440276347915
1403715284662142976,-1.191734666859,-0.044008647216,0.012550708139,0.549938918784,0.608292944348,0.365787439090,-0.440166364989
1403715284712142848,-1.197096854498,-0.034665965456,0.009294346354,0.547868019323,0.609504292053,0.367088414946,-0.439990053279
1403715284812143104,-1.207048422383,-0.014736987894,0.005883558872,0.545585389748,0.607691130474,0.372342413161,-0.440918586360
1403715284862142976,-1.211601961645,-0.007484178039,0.003407766079,0.545152008740,0.604393153554,0.375899584619,-0.442964677584
1403715284912143104,-1.215964554596,0.001672706967,-0.002928333649,0.547068989539,0.599436045930,0.379915576290,-0.443910016126
1403715285012142848,-1.222782521827,0.013192190849,-0.010382550354,0.554712037394,0.583519723859,0.387845012272,-0.448748853918
1403715285062142976,-1.225781911043,0.020727124323,-0.014642004066,0.560635297352,0.576120726917,0.392140228067,-0.447212491900
1403715285162142976,-1.230220291116,0.032946682782,-0.013447200494,0.575163383850,0.561965303435,0.401264696252,-0.438598590006
1403715285212142848,-1.232067140657,0.032930139013,-0.010135581769,0.582760387165,0.554854363241,0.403342581440,-0.435708306945
1403715285262142976,-1.233511452557,0.033371249731,-0.006055945316,0.591190846371,0.548374139435,0.403734012071,-0.432178243162
1403715285362142976,-1.237452752624,0.030401014808,0.003850158258,0.607169016693,0.542253155783,0.398906799051,-0.422114517499
1403715285412143104,-1.238780541571,0.030884524768,0.013827875481,0.612252982038,0.539497292525,0.398092095426,-0.419060426314
1403715285512142848,-1.240081167040,0.033274095981,0.044748865387,0.620911410387,0.536148913527,0.395757512339,-0.412782454089
1403715285562142976,-1.240254522518,0.034119118248,0.064966023245,0.623416309641,0.534000411734,0.395355866896,-0.412176422970
1403715285612143104,-1.238243236906,0.036760649655,0.086877434955,0.625608134525,0.531949581234,0.394949694143,-0.411896642542
1403715285712142848,-1.228467756927,0.042109039837,0.131744089504,0.629945088719,0.529536391255,0.392691278136,-0.410553231155
1403715285762142976,-1.220348911867,0.046337584668,0.155393753688,0.631538100524,0.529740578046,0.392063167657,-0.408437290321
1403715285862142976,-1.204562226214,0.054364198298,0.190918798949,0.629392864140,0.531814734269,0.397839422687,-0.403437113736
1403715285912143104,-1.194719831544,0.059993763339,0.209778954468,0.628206195036,0.534111238652,0.400565615920,-0.399536417122
1403715286012142848,-1.173474626217,0.072141658318,0.245826673189,0.624610622881,0.537724986176,0.407489200286,-0.393275934524
1403715286062142976,-1.162383514614,0.079062148986,0.263967463400,0.623977880288,0.538902196023,0.408878235066,-0.391221953527
1403715286112143104,-1.152309442593,0.086126960965,0.278868701376,0.623709571852,0.539532110866,0.409654590546,-0.389967418857
1403715286212142848,-1.133228222486,0.099797106883,0.302625333131,0.625540188888,0.538404609259,0.406931081044,-0.391442261509
1403715286262142976,-1.125577977410,0.108552260051,0.307175127425,0.624945847637,0.538517245961,0.407958003006,-0.391167650895
1403715286362142976,-1.105168846251,0.130663038755,0.328859347456,0.624166698018,0.539404956906,0.409348028737,-0.389733776980
1403715286412143104,-1.094326318362,0.140698501543,0.338193166679,0.623117443617,0.539530459170,0.410761348466,-0.389752036165
1403715286512142848,-1.071291990864,0.167455545955,0.354697364821,0.623249103505,0.540941182739,0.411897818937,-0.386372072686
1403715286562142976,-1.060656237336,0.181427538302,0.366627267615,0.623701148182,0.539135550850,0.413285073740,-0.386684863152
1403715286662142976,-1.039256085644,0.209381402319,0.379418848754,0.624546827813,0.532008720050,0.419789623448,-0.388181212456
1403715286712142848,-1.029405110246,0.222020433246,0.386983715859,0.624609698884,0.527100750605,0.425042791118,-0.389058027151
1403715286762142976,-1.018988611892,0.236164310730,0.393042030752,0.626697278688,0.522718393199,0.428814767931,-0.387471156476
1403715286812143104,-1.007780862550,0.249288031200,0.399628004604,0.630020407601,0.518856423814,0.431279933177,-0.384525573547
1403715286862142976,-0.999174680769,0.261361582035,0.406005800894,0.634253482509,0.516698466901,0.431170589528,-0.380574745555
1403715286912143104,-0.991273297276,0.273740795338,0.411208772857,0.637731136743,0.515370639956,0.432170141585,-0.375394551668
1403715287012142848,-0.977140105140,0.300191999818,0.426010924398,0.644358012652,0.513088934400,0.433371886882,-0.365692910224
1403715287062142976,-0.970359075583,0.311671554251,0.434313712931,0.646555828926,0.510168295594,0.434402090127,-0.364676149955
1403715287112143104,-0.963275321255,0.326439214623,0.438893386233,0.647493966872,0.509062220983,0.436383297949,-0.362183427704
1403715287212142848,-0.949127826161,0.358780305401,0.448640341151,0.647418015346,0.503643810000,0.441919536025,-0.363180326744
1403715287262142976,-0.945140589133,0.374743079601,0.456680045810,0.646141696453,0.500825473399,0.445705953859,-0.364720380556
1403715287312143104,-0.941498206577,0.393997916187,0.462142141734,0.645624241790,0.498190068379,0.448248226162,-0.366127739900
1403715287362142976,-0.938425713543,0.413346398199,0.466992397350,0.646140823482,0.496873534270,0.449036548798,-0.366039485596
1403715287412143104,-0.935221875200,0.430683105835,0.475204231857,0.647477983758,0.494817020410,0.447699288045,-0.368094721974
1403715287462142976,-0.932293220943,0.446856766300,0.483442905918,0.649852398305,0.491272064040,0.445843658515,-0.370900325793
1403715287512142848,-0.929441780879,0.464119571476,0.490564306343,0.653129351898,0.487152037773,0.444699315184,-0.371950885007
1403715287562142976,-0.927316230109,0.478294652923,0.497129846209,0.656950263397,0.482622952999,0.443576528817,-0.372466508218
1403715287612143104,-0.925507398367,0.491538610566,0.503257624651,0.661690000939,0.477076299562,0.442758899280,-0.372194981376
1403715287662142976,-0.924327993518,0.504936840446,0.510005497818,0.666636885736,0.471120008449,0.443229088153,-0.370390571735
1403715287712142848,-0.920934151481,0.516301344011,0.520046927728,0.671722421101,0.463964597258,0.444291423621,-0.368959309923
1403715287812143104,-0.913347269702,0.540033550427,0.532768122647,0.679523959099,0.449587179231,0.454646435834,-0.359743207948
1403715287862142976,-0.906985769995,0.551053961307,0.544433976711,0.684580589920,0.441499880076,0.459517186864,-0.353936755331
1403715287912143104,-0.900926539621,0.560032018699,0.554869486289,0.688396383675,0.433240625543,0.466706471333,-0.347272297970
1403715287962142976,-0.892193245562,0.572001476274,0.565922242077,0.694235374343,0.424378631695,0.472790633680,-0.338244051945
1403715288012142848,-0.884003859715,0.579077060621,0.576937089540,0.699288640591,0.415486720521,0.478354441936,-0.330973125934
1403715288062142976,-0.874237619614,0.587576856758,0.587270921254,0.704611301540,0.404989217227,0.483927806168,-0.324531240545
1403715288112143104,-0.863794314179,0.597724333232,0.596814758343,0.710616612367,0.395877026707,0.487251583326,-0.317633915852
1403715288162142976,-0.854107851267,0.606780814368,0.603391736170,0.715666560881,0.388546767779,0.489684621890,-0.311547354298
1403715288212142848,-0.845671226147,0.613748312410,0.609267968493,0.720220551757,0.382083298232,0.491552076563,-0.306057618865
1403715288262142976,-0.839165664936,0.617969491870,0.614161943866,0.723957246718,0.376947324061,0.492853391465,-0.301483257130
1403715288312143104,-0.833600783681,0.619978984485,0.616901622779,0.726034293209,0.373968346655,0.494729948159,-0.297092846057
1403715288362142976,-0.828300831772,0.623268382781,0.613632956299,0.728229806296,0.371190130697,0.495693458061,-0.293576619865
1403715288412143104,-0.820980655966,0.627832756544,0.604184432868,0.730005232648,0.367654378016,0.496677787600,-0.291948272708
1403715288462142976,-0.812457863896,0.632724911716,0.593991166482,0.731196659515,0.364739082110,0.497349359738,-0.291479778825
1403715288562142976,-0.792620459138,0.638645692006,0.586911378650,0.732623920171,0.360785377457,0.497192845123,-0.293079132259
1403715288612143104,-0.783754951788,0.642234226349,0.588541791295,0.733435133242,0.359941544953,0.496252776526,-0.293680389766
1403715288662142976,-0.775069382903,0.644686222075,0.591564822497,0.734836572571,0.360785158859,0.493879134667,-0.293142765730
1403715288712142848,-0.766277313973,0.645330961615,0.597193570670,0.734219021997,0.360979229311,0.494785587516,-0.292922594091
1403715288762142976,-0.756236542508,0.645804313641,0.606140664853,0.734363563047,0.363350406891,0.494196767465,-0.290613478883
1403715288812143104,-0.746679370175,0.646779716250,0.614187945973,0.734727275805,0.364981078330,0.493607090147,-0.288646294286
1403715288912143104,-0.731607949446,0.646113275193,0.620218986969,0.733492755342,0.366558704904,0.498747570019,-0.280845073164
1403715288962142976,-0.724395651619,0.643590385195,0.620017492673,0.733767659880,0.366112383796,0.500449616455,-0.277663330555
1403715289012142848,-0.717126447594,0.640406892960,0.616550084400,0.735298447805,0.364596168876,0.500854957884,-0.274863852587
1403715289112143104,-0.700772307477,0.638829229156,0.595733737902,0.740353591433,0.358217150943,0.502389750079,-0.266761263001
1403715289162142976,-0.693261268169,0.636203950541,0.577680496499,0.741511755676,0.355244221067,0.504604297323,-0.263317987832
1403715289212142848,-0.683642458282,0.635004120521,0.559779858390,0.742815609075,0.352181390014,0.506577477452,-0.259947107662
1403715289262142976,-0.673896986227,0.635834124514,0.542320015496,0.745638486509,0.348906668418,0.506817952486,-0.255779098458
1403715289312143104,-0.666402629308,0.634935497528,0.525527148283,0.747835320277,0.345939684993,0.508132900333,-0.250736961163
1403715289362142976,-0.658142735819,0.635886410206,0.511640893761,0.751307357514,0.341681983549,0.508519678724,-0.245353648872
1403715289462142976,-0.645774765547,0.640045547559,0.478049212454,0.758973024828,0.330365231420,0.510086789488,-0.233731103284
1403715289512142848,-0.640548022039,0.641139981247,0.459740575000,0.762542624665,0.323679204652,0.511325520976,-0.228706645385
1403715289562142976,-0.635353030115,0.643712730038,0.440716600832,0.766731148291,0.316476613515,0.511778378303,-0.223715870781
1403715289662142976,-0.624500636012,0.646268446344,0.407179824538,0.774758289844,0.302753011149,0.510584592507,-0.217700667092
1403715289712142848,-0.620378876481,0.651509640773,0.390550021660,0.778093633120,0.296871832838,0.510071877747,-0.215090893572
1403715289762142976,-0.616954631549,0.657031685347,0.371759626253,0.779048153746,0.293985493479,0.511519440933,-0.212142323255
1403715289812143104,-0.612187303625,0.664287057381,0.352483658647,0.779869398830,0.291895087167,0.512389772546,-0.209899261185
1403715289862142976,-0.605971345090,0.672158927462,0.337662903042,0.779881967549,0.290084391682,0.513436901914,-0.209803980291
1403715289962142976,-0.597818464246,0.689826646757,0.315689345916,0.779373798655,0.290591747139,0.513445872421,-0.210965055303
1403715290012142848,-0.590641163689,0.699254181287,0.312938446054,0.779710390117,0.290560724856,0.512263557059,-0.212631655272
1403715290062142976,-0.584317285639,0.709499839774,0.312790078108,0.778532986939,0.291834713900,0.512389770573,-0.214885111215
1403715290162142976,-0.569316015413,0.733141594036,0.325426111014,0.776237782944,0.296178213954,0.511544630412,-0.219215558311
1403715290212142848,-0.563312439778,0.745535107302,0.331960704174,0.775467982710,0.299688472516,0.510215735045,-0.220263775836
1403715290262142976,-0.557336174428,0.760507937821,0.336557146293,0.775107164060,0.303496388767,0.508287321552,-0.220777772835
1403715290312143104,-0.550831846101,0.776565698007,0.341195875751,0.775679667938,0.306506583828,0.505506042595,-0.220994135029
1403715290362142976,-0.544559923908,0.791356107120,0.347240429871,0.776597623377,0.308740349065,0.502306840896,-0.221953521742
1403715290412143104,-0.539766545167,0.807149803610,0.349707429749,0.777511023624,0.310754782922,0.499105561071,-0.223162971710
1403715290512142848,-0.527275464790,0.839728827440,0.356603553795,0.776730169943,0.312223819468,0.497547996886,-0.227271908629
1403715290562142976,-0.518919993424,0.857260842860,0.361582831353,0.775671415450,0.312266087900,0.498578069727,-0.228568707369
1403715290612143104,-0.510941080709,0.875755626657,0.365733964930,0.774227274372,0.310936787612,0.500377852523,-0.231327573868
1403715290662142976,-0.501082722190,0.894948736745,0.370500361510,0.774182765129,0.309071147146,0.500566347399,-0.233558138437
1403715290762142976,-0.484069051892,0.934195460659,0.376845416283,0.768193990676,0.308554229847,0.509371178409,-0.234975067909
1403715290812143104,-0.471963853583,0.955625913646,0.378793071922,0.767406146664,0.306298297230,0.511254373265,-0.236406694053
1403715290862142976,-0.459726960160,0.977987087625,0.379098921092,0.768747885843,0.304062939430,0.510450374540,-0.236670302338
1403715290912143104,-0.448418467153,0.999212350540,0.382286303387,0.769865680895,0.302205424887,0.509895891266,-0.236611273230
1403715290962142976,-0.438975726474,1.019480910947,0.386280930807,0.770133802096,0.298785783416,0.510282824613,-0.239232985607
1403715291012142848,-0.429023445253,1.039845443636,0.389995549124,0.771233957990,0.293654368127,0.509997140417,-0.242627720777
1403715291112143104,-0.409941832990,1.077285835699,0.394907664823,0.773794154662,0.282575181615,0.508862681709,-0.249905270273
1403715291162142976,-0.398766608451,1.097849388702,0.391457495266,0.775073070318,0.277668513352,0.509145263421,-0.250864571227
1403715291212142848,-0.386825526557,1.116999216367,0.389481135062,0.776614074263,0.272605657591,0.509176853431,-0.251586301370
1403715291262142976,-0.376102962364,1.133672177290,0.389388525518,0.777444727907,0.268614488134,0.509929542697,-0.251789223954
1403715291362142976,-0.354002181825,1.161732982463,0.384741760756,0.779465678161,0.261581956356,0.511641752905,-0.249461125954
1403715291412143104,-0.341204713437,1.173786794145,0.383318794267,0.781395378420,0.257159344964,0.511594472579,-0.248115758282
1403715291462142976,-0.326162889388,1.187843760951,0.376023139533,0.784168876596,0.254188869558,0.511346113790,-0.242883394829
1403715291512142848,-0.311212662899,1.198193566002,0.371166753744,0.787001478487,0.251298606591,0.510455278574,-0.238564649017
1403715291562142976,-0.296730126225,1.207950365112,0.361773189808,0.789414314551,0.247819856723,0.509993885381,-0.235194803237
1403715291612143104,-0.279102054095,1.216445992337,0.355399583741,0.792633231320,0.243318121782,0.508214249908,-0.232910129472
1403715291712142848,-0.241134851428,1.228412237466,0.343569588923,0.796583537306,0.235869794565,0.507277497312,-0.229106195521
1403715291762142976,-0.222497472626,1.234909578159,0.335275894266,0.797568446534,0.235893485140,0.508126212781,-0.223710948876
1403715291812143104,-0.203508104581,1.241953441760,0.325761944105,0.797390003469,0.237574108772,0.510914388024,-0.216088438653
1403715291862142976,-0.179440276195,1.247149676541,0.324091744383,0.797070466988,0.239509936183,0.513628556103,-0.208565019792
1403715291912143104,-0.154045603162,1.250129198480,0.324563766575,0.797580215572,0.240767759921,0.514060882499,-0.204054146235
1403715291962142976,-0.130302532957,1.255964612076,0.312078998650,0.798043048978,0.242347682807,0.514300312771,-0.199725013203
1403715292062142976,-0.083343455625,1.269668640254,0.283367063644,0.799238147029,0.245986849987,0.513340211782,-0.192848855154
1403715292112143104,-0.063392249611,1.278250288054,0.275582358784,0.799013653144,0.248250168014,0.512784294911,-0.192357227739
1403715292162142976,-0.042789058268,1.286643153937,0.266917246502,0.798075757686,0.252315243363,0.511971698420,-0.193124527128
1403715292212142848,-0.020560915920,1.295094055293,0.258802258161,0.796558265542,0.258150449096,0.510739025176,-0.194933125431
1403715292262142976,0.002455615543,1.303846989404,0.259197579894,0.794881342225,0.263836774564,0.508803754993,-0.199179685399
1403715292312143104,0.026718065583,1.315415467455,0.253979632569,0.793537138263,0.271976705355,0.505347594083,-0.202364253504
1403715292362142976,0.047717911669,1.329841163528,0.246107714717,0.790189244407,0.283006582296,0.503529694059,-0.204856241306
1403715292412143104,0.069621769880,1.348003702984,0.232648023311,0.786767191940,0.293367417663,0.501490904328,-0.208422208071
1403715292462142976,0.094275197170,1.365212737776,0.221971011418,0.782500478630,0.303227703238,0.499888423695,-0.214143701258
1403715292512142848,0.116266412420,1.382790515689,0.210562743778,0.775308420205,0.312601092704,0.500946534013,-0.224120459709
1403715292612143104,0.163411893128,1.420230719696,0.190900046419,0.755910243686,0.333549292860,0.507816206248,-0.243859126125
1403715292662142976,0.191410325234,1.440095267706,0.193295510393,0.745254652149,0.343926258308,0.511432026812,-0.254455328588
1403715292712142848,0.216262071523,1.458740223257,0.193089186278,0.736170427147,0.355997030939,0.511877075220,-0.263250975347
1403715292762142976,0.241231028736,1.476804311332,0.189065834910,0.726386696244,0.367818967045,0.513210332050,-0.271452997918
1403715292812143104,0.265221361411,1.496066754345,0.175765431421,0.718211777511,0.380538632836,0.511390968556,-0.279000840218
1403715292912143104,0.311069058923,1.535634754244,0.140821488688,0.709238910252,0.404413501866,0.496890998842,-0.294158499729
1403715292962142976,0.332958081697,1.555377493142,0.123741808665,0.704961514236,0.414372838027,0.489177062789,-0.303364822932
1403715293012142848,0.354793680539,1.574831953606,0.108592319759,0.700116594086,0.423699288473,0.481954771786,-0.313105837674
1403715293062142976,0.377993424134,1.593400370004,0.094860766960,0.695627853816,0.431139021022,0.475378566366,-0.322856395611
1403715293112143104,0.401677937950,1.621255964232,0.097309900370,0.690720282018,0.438486922204,0.468937038893,-0.332765329653
1403715293162142976,0.396730861635,1.635243456829,0.124905905222,0.685218412998,0.447124012072,0.462902106558,-0.340994844625
1403715293212142848,0.410025367267,1.652529238341,0.124402998601,0.678726099568,0.454654526711,0.459082715810,-0.349089104886
1403715293262142976,0.423966242005,1.668997410402,0.130290121702,0.671330486004,0.462429225333,0.456024418634,-0.357094272887
1403715293312143104,0.430669680139,1.686747381253,0.135422900246,0.663754902228,0.470500990057,0.453757450140,-0.363541503223
1403715293362142976,0.437572904651,1.697591499504,0.123143474798,0.655472901781,0.476783540461,0.452761258930,-0.371537310358
1403715293412143104,0.445120670380,1.715793678579,0.153845934305,0.646552652102,0.481744243900,0.452555438411,-0.380901203324
1403715293462142976,0.443043362081,1.733665274725,0.200326388169,0.638206685486,0.487704093908,0.451725906972,-0.388304839471
1403715293512142848,0.438298950857,1.749795025218,0.244328756376,0.631853872423,0.494695147012,0.448754058690,-0.393264783875
1403715293562142976,0.437023722582,1.766219558394,0.273457627218,0.627743874172,0.501638850207,0.443709662198,-0.396759156259
1403715293612143104,0.436609905255,1.782131246015,0.295978951671,0.624332776061,0.508794164384,0.438340156406,-0.398992468984
1403715293662142976,0.441268486891,1.793474021949,0.316451466965,0.621140132822,0.516303938357,0.432984778290,-0.400174162590
1403715293712142848,0.448766465159,1.803473211760,0.334420040528,0.617707332969,0.523284379615,0.427855926893,-0.401933346053
1403715293762142976,0.461579350015,1.811348274424,0.348398748275,0.613724901338,0.530268037370,0.423170617434,-0.403836826654
1403715293812143104,0.473026779875,1.820165882809,0.359768252101,0.609430226182,0.537290590038,0.418767167445,-0.405644771619
1403715293862142976,0.484169538702,1.826883899550,0.370574527014,0.605104873187,0.543338511684,0.414344497822,-0.408595143499
1403715293912143104,0.496358468654,1.833185914021,0.383774254106,0.599538512729,0.549794077053,0.410518013936,-0.412013355155
1403715293962142976,0.510143726693,1.840733301079,0.392088240989,0.593341983400,0.556589841545,0.406661862340,-0.415667136952
1403715294012142848,0.520687693580,1.848779045197,0.398837372679,0.586736314695,0.563780603427,0.402171055840,-0.419702716290
1403715294062142976,0.531986670984,1.856057386625,0.404586630703,0.580464019112,0.570703664255,0.396997591536,-0.423971417003
1403715294112143104,0.544678395498,1.862547558356,0.406344850647,0.573870033177,0.576390742308,0.392154415893,-0.429722947141
1403715294162142976,0.555839194714,1.869677942406,0.407737752214,0.566379011308,0.581745571751,0.388280023657,-0.435919176599
1403715294212142848,0.569359616666,1.875432380841,0.406603876662,0.558886754593,0.587031391900,0.384423238145,-0.441880656330
1403715294312143104,0.596632905240,1.887190635180,0.405342855632,0.544948206215,0.596604728860,0.375424909662,-0.454037869841
1403715294362142976,0.602874818761,1.894575719871,0.395777389169,0.537646011616,0.602489157808,0.370200710495,-0.459233072488
1403715294412143104,0.611193954055,1.900069474258,0.388447708335,0.529088046846,0.607984521673,0.366297312308,-0.465023589818
1403715294462142976,0.622110762743,1.905312861961,0.379107628700,0.520486477372,0.614026452187,0.362571551905,-0.469688420805
1403715294512142848,0.633445383676,1.913072081768,0.360315608529,0.512850714049,0.621549605100,0.356954449543,-0.472486777012
1403715294612143104,0.659106821305,1.920366874504,0.330849491634,0.498851110238,0.638246451128,0.344465040673,-0.474481688995
1403715294662142976,0.669901697890,1.923448923856,0.314745869025,0.489946331750,0.647231602098,0.339762216289,-0.474979453906
1403715294712142848,0.681293728097,1.927296205847,0.297896570100,0.481531860589,0.656245166720,0.334235731819,-0.475137689486
1403715294762142976,0.695846098418,1.929992127470,0.284003046242,0.473884909895,0.663801601897,0.328615110975,-0.476248500609
1403715294812143104,0.709358688088,1.931852443291,0.270466709343,0.466224282801,0.671118354287,0.322888815055,-0.477470298320
1403715294862142976,0.719829501986,1.933891336006,0.257641489741,0.457324588551,0.677320850769,0.318152737913,-0.480488835644
1403715294912143104,0.730198545951,1.935831236155,0.253135288085,0.447345130524,0.681637728418,0.314872716907,-0.485908956021
1403715295012142848,0.748974749489,1.943847801120,0.224094984760,0.428787445944,0.688798847944,0.307160687800,-0.497342724026
1403715295062142976,0.756707226485,1.947490331440,0.214453378829,-0.419920667169,-0.693527419512,-0.302967800179,0.500896060799
1403715295112143104,0.765662687068,1.949847812055,0.205278066038,-0.411534877711,-0.695665703368,-0.298257077767,0.507672127605
1403715295162142976,0.769665286394,1.953891032543,0.192722341643,-0.403949092674,-0.697795928655,-0.291470122816,0.514734047820
1403715295212142848,0.777237920292,1.955959576988,0.182668183493,-0.396719932386,-0.701455767760,-0.284780264714,0.519108179432
1403715295312143104,0.790869085692,1.960341849208,0.176843058579,-0.378898642501,-0.709678976703,-0.272068035353,0.527987265827
1403715295362142976,0.799321692571,1.960925923358,0.176352073044,-0.370993257369,-0.714397824924,-0.264681424581,0.530983515953
1403715295412143104,0.806565327019,1.961713258204,0.176408475058,-0.362206679699,-0.720613528305,-0.257018707953,0.532413230271
1403715295462142976,0.816096283998,1.959857948729,0.182080607138,-0.352668887460,-0.726974825749,-0.249881491670,0.533564896396
1403715295512142848,0.825904638695,1.958348544199,0.191977441625,-0.341980007486,-0.733096595336,-0.243956327945,0.534887246475
1403715295562142976,0.834912925166,1.958062253455,0.194798126077,-0.331169591789,-0.738139445789,-0.239584012156,0.536727455199
1403715295612143104,0.847837901787,1.955822641221,0.195174256428,-0.322540644374,-0.741016472014,-0.235796206489,0.539687196380
1403715295662142976,0.856800974456,1.954790862939,0.189696073234,-0.314733484050,-0.743045514508,-0.232028620415,0.543128821456
1403715295712142848,0.864633164324,1.953841958892,0.184783178904,-0.307806849768,-0.744612658711,-0.228647950117,0.546376286665
1403715295812143104,0.880371497934,1.949922892732,0.168088567464,-0.295827568452,-0.747801399636,-0.219381812084,0.552404504844
1403715295862142976,0.885042483174,1.946926393923,0.156253564770,-0.290471849844,-0.748464380981,-0.214137389170,0.556392265771
1403715295912143104,0.894808093078,1.940866163882,0.144558914630,-0.286401351415,-0.750615657898,-0.207912213340,0.557963181196
1403715295962142976,0.903537583149,1.935526631378,0.133367617698,-0.281131362850,-0.751003857560,-0.202374327817,0.562141436111
1403715296012142848,0.916698416706,1.930304045128,0.120633637453,-0.277149628699,-0.751357955556,-0.196830912921,0.565603127337
1403715296062142976,0.929228488122,1.924656360773,0.109018368070,-0.275093958329,-0.753054415336,-0.190166872590,0.566629439936
1403715296112143104,0.940980217294,1.919250593152,0.099478455057,-0.273588503200,-0.755658444269,-0.183303595455,0.566153193416
1403715296162142976,0.951509052757,1.914328703701,0.087227862921,-0.271192756262,-0.759923971539,-0.177146424935,0.563550521749
1403715296262142976,0.976609452749,1.908221709815,0.051521750898,-0.264658874170,-0.770393910692,-0.164984619635,0.556083607001
1403715296312143104,0.992140638186,1.904474222158,0.034708590412,-0.261069047992,-0.776535511194,-0.160180684574,0.550615746528
1403715296362142976,1.006566665196,1.903323781625,0.018269510357,-0.256104975606,-0.782036490912,-0.155710047899,0.546427990988
1403715296412143104,1.020822380449,1.903693556303,0.003897429737,-0.250749753881,-0.786367775268,-0.150183316891,0.544238233016
1403715296462142976,1.037472978840,1.906007532562,-0.003961370017,-0.245848647278,-0.788628683838,-0.144972624494,0.544615625747
1403715296512142848,1.050844029269,1.911227746896,-0.005089889792,-0.240833941446,-0.790362476461,-0.140218949974,0.545586670033
1403715296562142976,1.066363579964,1.915713873007,0.000639868215,-0.235461780640,-0.792229518787,-0.138857278543,0.545571989398
1403715296662142976,1.092706467845,1.930267741224,0.001707593540,-0.225118112906,-0.792680928567,-0.138887843041,0.549262184920
1403715296712142848,1.106270871914,1.940062136841,0.005163430823,-0.220848069823,-0.792629685714,-0.139437216126,0.550927921001
1403715296762142976,1.115421840817,1.952940509474,0.009849695822,-0.216730973623,-0.793128338740,-0.138713754079,0.552026827056
1403715296812143104,1.127076811149,1.964704949104,0.012041328039,-0.211976840405,-0.793093724240,-0.140143182487,0.553559438638
1403715296862142976,1.136607149116,1.976809479048,0.010934062460,-0.206202698877,-0.792457874789,-0.142276927571,0.556100925679
1403715296912143104,1.143117052525,1.988890251400,0.007184136764,-0.199238135353,-0.791890228484,-0.142985669114,0.559257659653
1403715296962142976,1.151369777360,2.000086703219,0.000202414542,-0.192386880662,-0.791278315293,-0.142355431768,0.562672948472
1403715297062142976,1.166123518142,2.021157487461,-0.001519494079,-0.180259647879,-0.795061693113,-0.129619374602,0.564430847154
1403715297112143104,1.174007929689,2.030086527437,-0.003489717677,-0.174900342705,-0.798371517086,-0.120418823079,0.563482118506
1403715297162142976,1.183700811724,2.037383736991,-0.003981129125,-0.169846911856,-0.804560778484,-0.109872875253,0.558356455628
1403715297212142848,1.191098332529,2.047124527554,-0.006048137748,-0.162546490719,-0.810681561801,-0.098872436830,0.553713179314
1403715297262142976,1.198605826115,2.058117622120,-0.005181675851,-0.153872881381,-0.815321197462,-0.088205225002,0.551175398242
1403715297312143104,1.199529300702,2.073067535109,-0.004777331482,-0.142721541860,-0.819012851513,-0.078272783896,0.550201673795
1403715297362142976,1.199924267869,2.088831948220,-0.006037886654,-0.130758181003,-0.821660487254,-0.070375625263,0.550294115138
1403715297412143104,1.202833702282,2.105651669232,-0.010228528905,-0.118282867506,-0.823201022946,-0.064900551683,0.551486316663
1403715297512142848,1.203832214096,2.142318890826,-0.022336477614,-0.095033405506,-0.824432670719,-0.055445414133,0.555162345031
1403715297562142976,1.203030740802,2.161624368735,-0.034452988612,-0.086883797498,-0.825601873157,-0.048154481998,0.555440274588
1403715297612143104,1.200727483103,2.181187706311,-0.046977592001,-0.079946615266,-0.827602452330,-0.040320142566,0.554127246857
1403715297662142976,1.193392684199,2.202110147181,-0.059581867542,-0.073318115576,-0.829188415770,-0.032321204515,0.553196497476
1403715297712142848,1.185406940935,2.223468021940,-0.070069300725,-0.067555705219,-0.829450250955,-0.024030607510,0.553959418898
1403715297762142976,1.175516887065,2.246315756663,-0.083125145854,-0.060967920124,-0.827541939842,-0.016658996639,0.557834857596
1403715297812143104,1.164318982203,2.272612100465,-0.084162048285,-0.054138207486,-0.825014686912,-0.009815774739,0.562426414242
1403715297862142976,1.153682694991,2.299572068629,-0.079564715226,-0.046761083938,-0.822050419323,-0.004005859727,0.567477279024
1403715297912143104,1.140663155557,2.328303508467,-0.076223382268,-0.038457281845,-0.818064260466,0.001298538430,0.573838145315
1403715297962142976,1.126908809643,2.357366971087,-0.074176702665,-0.030419699007,-0.811705714168,0.007982916464,0.583219297129
1403715298062142976,1.099031690238,2.418777030777,-0.063520078074,-0.007069571931,-0.800068843568,0.016936627059,0.599627398781
1403715298112143104,1.084642583775,2.449596876249,-0.062931744168,0.007911736991,-0.796120926561,0.017897240441,0.604821100404
1403715298162142976,1.074487195378,2.479546719179,-0.063493236420,0.025392248679,-0.794149046363,0.015196158729,0.607002143841
1403715298212142848,1.070345377023,2.508684176773,-0.061023494696,0.042551240236,-0.794699710447,0.011262001127,0.605404765013
1403715298262142976,1.063795010306,2.538333499523,-0.063000991204,0.059325263944,-0.794878236106,0.009162648042,0.603792305933
1403715298312143104,1.056385613807,2.567879301766,-0.062706637104,0.073685661573,-0.795299837754,0.008727490265,0.601658060912
1403715298362142976,1.059181995341,2.592744770618,-0.061698106773,0.083652357517,-0.798013767880,0.008549123899,0.596743849433
1403715298412143104,1.059778667729,2.617663137138,-0.060307690248,0.091835705545,-0.800511351612,0.008931723194,0.592172275142
1403715298462142976,1.054720870098,2.643548747939,-0.060062858911,0.099849786327,-0.801319054137,0.009030824045,0.589776430408
1403715298512142848,1.054642309305,2.666061675711,-0.058581129283,0.106471587998,-0.801606456356,0.007136696697,0.588251610825
1403715298562142976,1.051292738734,2.686358116875,-0.061528121084,0.112632838216,-0.801400466201,0.004341900176,0.587411512001
1403715298612143104,1.047172388265,2.703270163331,-0.061689667694,0.118240172463,-0.800626009434,0.000590199120,0.587381397645
1403715298662142976,1.052816646277,2.713599829500,-0.063006646033,0.121641731918,-0.799615968118,-0.003886346053,0.588049733357
1403715298712142848,1.056063799940,2.721740185069,-0.063049252644,0.123599297652,-0.799601419248,-0.006659276127,0.587636314397
1403715298812143104,1.073335149151,2.724159720368,-0.062965151607,0.118936663513,-0.802868331674,-0.005434336291,0.584146368692
1403715298862142976,1.073772909179,2.725056396469,-0.058450460973,0.113219011926,-0.807714674268,0.003575388140,0.578589385411
1403715298912143104,1.073427986466,2.722986902052,-0.054856032132,0.106252799868,-0.812164389017,0.016514849183,0.573434048073
1403715298962142976,1.077233827005,2.715694164031,-0.050449508011,0.099936193720,-0.816211017418,0.029477696297,0.568281090352
1403715299012142848,1.077149279449,2.707789745624,-0.044096854308,0.098561148678,-0.819101515964,0.039404406277,0.563742582463
1403715299062142976,1.079060012705,2.698116324148,-0.036361600056,0.098722643441,-0.821653602372,0.048943603502,0.559234942629
1403715299112143104,1.082412155166,2.687284626802,-0.030213312787,0.100922909602,-0.823093023193,0.056988277406,0.555953934897
1403715299162142976,1.084865415768,2.676389368957,-0.021804019803,0.104737465368,-0.823973864780,0.063907198424,0.553184420874
1403715299262142976,1.081349207671,2.652422558913,-0.016392233563,0.116204472567,-0.823422861886,0.076799409509,0.550066506687
1403715299312143104,1.079110813827,2.638333081378,-0.018312007174,0.122292316791,-0.821716819416,0.083841023488,0.550269698169
1403715299362142976,1.072643995504,2.623257497048,-0.014759151935,0.129661057817,-0.821606456345,0.090527192292,0.547682087013
1403715299412143104,1.065716401335,2.608546098213,-0.008539292555,0.137681438052,-0.820622697436,0.097618658029,0.545978761193
1403715299462142976,1.056077745599,2.594853098122,-0.005679573263,0.146951656192,-0.818118933247,0.104618233938,0.546023485697
1403715299512142848,1.046421788992,2.579889979007,0.004014016695,0.156741190818,-0.815576097167,0.111536967030,0.545735589656
1403715299562142976,1.034161675706,2.565194615050,0.008807295932,0.167372972158,-0.811712745977,0.118842535994,0.546795352803
1403715299612143104,1.017791017998,2.551916156683,0.016771301321,0.178503247895,-0.807641436065,0.126228878766,0.547647853467
1403715299712142848,0.989975534867,2.522175004543,0.031575056711,0.200320719440,-0.800897093392,0.142826978282,0.545926652065
1403715299762142976,0.972226307286,2.508145103862,0.037802890291,0.212674446829,-0.798228170427,0.150780432459,0.543016232529
1403715299812143104,0.956030417363,2.493788812922,0.042803802679,0.223977862834,-0.794582496196,0.160517074852,0.541023883373
1403715299862142976,0.940263507574,2.479644629403,0.041510667734,0.235546911257,-0.790445557610,0.170034010055,0.539260520042
1403715299912143104,0.922610269324,2.466074928021,0.041699731336,0.248581596751,-0.785023575439,0.178024205667,0.538750923859
1403715299962142976,0.901527673219,2.453220037047,0.041800032320,0.261197676313,-0.779632093533,0.186900968423,0.537603571998
1403715300012142848,0.881269788198,2.440975723704,0.041800151244,0.272873337453,-0.774835755852,0.193623484828,0.536357753075
1403715300062142976,0.863943981041,2.428191090110,0.042077920024,0.282352026873,-0.768662997543,0.199566636996,0.538152103524
1403715300112143104,0.843671416727,2.417673967047,0.043200659661,0.291152433698,-0.762091853486,0.204784993257,0.540841357274
1403715300162142976,0.821201962768,2.408966750216,0.047768341324,0.300475436643,-0.756181510474,0.206852970776,0.543245693654
1403715300212142848,0.801575893677,2.399704697025,0.045807088698,0.308157117163,-0.750953440206,0.207056736989,0.546109539793
1403715300262142976,0.779797510932,2.391841608114,0.045423872484,0.313010069917,-0.746640666281,0.210092517149,0.548099941456
1403715300312143104,0.757882340546,2.384137786744,0.044947315054,0.315966262510,-0.742574701622,0.214278062949,0.550302685079
1403715300362142976,0.740352622145,2.375381493090,0.046009854421,0.316577535192,-0.739727466351,0.218614805635,0.552077446102
1403715300412143104,0.725459797783,2.366824179965,0.056389463578,0.316409370235,-0.739263333945,0.222114219099,0.551398319897
1403715300462142976,0.708075261320,2.360448641831,0.067715935843,0.316568644151,-0.738769104285,0.224692482010,0.550924489039
1403715300562142976,0.678735548069,2.352061174812,0.069152685628,0.314384072683,-0.739089699984,0.228709291537,0.550091928849
1403715300612143104,0.664669265497,2.350888090020,0.069278821391,0.313771300752,-0.739788747523,0.229361154234,0.549230043599
1403715300662142976,0.652530876863,2.350159843219,0.069128254757,0.312360905664,-0.740715008638,0.229767043901,0.548615572262
1403715300712142848,0.643556820805,2.349529507391,0.070690670609,0.310201826333,-0.742353326651,0.229843897360,0.547593049806
1403715300762142976,0.631293150969,2.350989282840,0.074482832550,0.309586568594,-0.742468664214,0.228684623346,0.548269807897
1403715300812143104,0.621948927778,2.352840888714,0.073895656912,0.308745883414,-0.741655301571,0.226870309439,0.550593548657
1403715300862142976,0.612779525297,2.354694647530,0.074924780891,0.308411345044,-0.741567824528,0.224126421159,0.552020788750
1403715300912143104,0.602196068469,2.358502678543,0.074319984401,0.308895426999,-0.741298977859,0.221134969776,0.553316153520
1403715300962142976,0.593081833674,2.362963492148,0.074586304095,0.309738654770,-0.740863603831,0.217614514196,0.554821601483
1403715301062142976,0.583168730463,2.374870732724,0.073191988824,0.309812769104,-0.739303871116,0.211440415040,0.559230529514
1403715301112143104,0.578182484628,2.382174957330,0.075375876371,0.310622835391,-0.737050975692,0.207877728022,0.563077404588
1403715301162142976,0.574554390293,2.388991574727,0.079365779499,0.311677109212,-0.735361635253,0.204132589798,0.566065836078
1403715301212142848,0.569639873982,2.397444595578,0.085780707880,0.313221094966,-0.733992072428,0.201009390553,0.568105103120
1403715301262142976,0.573160175366,2.405497795586,0.084920359045,0.313850546089,-0.732635457063,0.197744397697,0.570648994526
1403715301312143104,0.576670267507,2.414442941160,0.077002905577,0.314235300538,-0.730198967085,0.196419293416,0.574007931598
1403715301362142976,0.581470220333,2.423686103540,0.073642611790,0.314212679308,-0.729783391885,0.196171084644,0.574633360188
1403715301462142976,0.599050917542,2.442163942202,0.062985096194,0.310474817196,-0.734169478623,0.201650859713,0.569155071419
1403715301512142848,0.613143832686,2.451589000420,0.058114502691,0.308403386281,-0.738551765479,0.204591895194,0.563534202564
1403715301562142976,0.627548988825,2.460936417402,0.051346007411,0.306820412608,-0.743903283589,0.206606255260,0.556581525349
1403715301612143104,0.639814979616,2.471491748378,0.042108975077,0.305738003498,-0.748770036987,0.208186719177,0.550023631207
1403715301662142976,0.656243670712,2.481997597118,0.036094036295,0.304233383552,-0.752693548041,0.208768340923,0.545261635271
1403715301712142848,0.671651984608,2.493196680387,0.027843821210,0.303672494731,-0.754472768153,0.207923002108,0.543435261327
1403715301762142976,0.687622973520,2.504564247320,0.016964587044,0.303018111161,-0.755425210414,0.206372210578,0.543068399449
1403715301812143104,0.704915482903,2.515792868851,0.016422996138,0.303755743677,-0.755901351617,0.202913042510,0.543297240915
1403715301862142976,0.720941961255,2.527436553004,0.018352784874,0.305291333515,-0.755674512502,0.198734100783,0.544295866254
1403715301962142976,0.756241594346,2.549773815385,0.012158194665,0.303637734571,-0.758304271581,0.196438560665,0.542393445509
1403715302012142848,0.774767564001,2.558799520165,0.005246940945,0.303944363777,-0.757334235372,0.193705092390,0.544555797733
1403715302062142976,0.794266584000,2.567871791474,0.001974733873,0.304006587365,-0.757504813556,0.191057940298,0.545218594443
1403715302112143104,0.811608535941,2.577115276322,-0.007348421978,0.304108347891,-0.757787540592,0.189288225165,0.545386215337
1403715302162142976,0.831306358671,2.585479643997,-0.012002492729,0.304734162914,-0.759183253823,0.185891909466,0.544262873126
1403715302262142976,0.871790610318,2.600336727631,-0.022383212944,0.304244515867,-0.762304693545,0.180550403789,0.541967139645
1403715302312143104,0.894109878236,2.606599469844,-0.017526647360,0.304571294718,-0.764443846549,0.176561789708,0.540081351577
1403715302362142976,0.910539212690,2.613782290478,-0.021599786257,0.304746313464,-0.764298689510,0.174337376982,0.540910044861
1403715302412143104,0.932882919496,2.617086003840,-0.020011577248,0.303446964795,-0.765199119803,0.172442276628,0.540974960457
1403715302462142976,0.958077096626,2.619004200127,-0.020530044042,0.299875685247,-0.766288959408,0.173242198800,0.541168129737
1403715302512142848,0.982112505773,2.620342113446,-0.019369448698,0.294183623647,-0.769005643922,0.177691540198,0.538991680581
1403715302612143104,1.022348312179,2.622402321917,0.003920447104,0.289678930430,-0.773520368049,0.180285679785,0.534087475178
1403715302662142976,1.042820270690,2.621417316795,-0.001036982878,0.286654690790,-0.775235542802,0.182303544075,0.532545171081
1403715302712142848,1.064000264860,2.619996746342,-0.008126488008,0.283165696856,-0.776712243449,0.185345870987,0.531208233283
1403715302812143104,1.107127205715,2.614854786836,-0.011284230454,0.280988002200,-0.780532897952,0.184979078096,0.526874632623
1403715302862142976,1.123075441486,2.612343893787,-0.011334923444,0.281306913567,-0.783520207053,0.184555975591,0.522399844365
1403715302912143104,1.139547457512,2.609423835468,-0.010122126959,0.282433221515,-0.786160361089,0.185613148762,0.517427406545
1403715302962142976,1.158988903098,2.605700638103,-0.010764246069,0.284987536140,-0.787525835702,0.187133953867,0.513386838219
1403715303012142848,1.174824636256,2.602623703667,-0.011452940149,0.290322895044,-0.787593138473,0.188612682739,0.509740052137
1403715303112143104,1.206562153978,2.591490425974,-0.018755770912,0.303744159088,-0.784653655574,0.195450801031,0.503842347357
1403715303162142976,1.219696209019,2.583192696917,-0.023641678326,0.312213137394,-0.781558315993,0.200565674310,0.501460831799
1403715303212142848,1.230292957840,2.574758206968,-0.029852695448,0.322176694101,-0.776143303759,0.206983313134,0.500960734880
1403715303262142976,1.242782284310,2.564793039986,-0.020918668270,0.333069541278,-0.769566551570,0.213724055882,0.501152702592
1403715303362142976,1.261126634238,2.544750578956,-0.023198786826,0.357731561040,-0.751717346517,0.228658887422,0.504642719540
1403715303412143104,1.264132450407,2.531519176070,-0.033962248433,0.370358330316,-0.741904403264,0.236001118435,0.506671526415
1403715303462142976,1.268579622850,2.515521225903,-0.039991947457,0.382634420156,-0.733964970946,0.242674287223,0.505959990766
1403715303512142848,1.276360239947,2.502179560651,-0.043624610251,0.394913189513,-0.726120805338,0.249239982079,0.504649958027
1403715303562142976,1.283467514302,2.487489585554,-0.044904600196,0.406720276483,-0.718617108194,0.256136941926,0.502555405392
1403715303612143104,1.293135712095,2.470836003021,-0.042237815207,-0.416575610247,0.713206987918,-0.265027663156,-0.497554912642
1403715303662142976,1.302875662590,2.455620129589,-0.042622178768,-0.425093145805,0.706552681594,-0.276213003908,-0.493746394411
1403715303712142848,1.312203099908,2.440857585119,-0.053682193393,-0.433150025814,0.699381262080,-0.287875652328,-0.490280036495
1403715303762142976,1.321614032089,2.423577456947,-0.061148587534,-0.441216290719,0.692305811591,-0.298873205881,-0.486534330595
1403715303812143104,1.332614504910,2.405778321712,-0.061204339156,-0.449276738664,0.685889166465,-0.308324159564,-0.482330463532
1403715303862142976,1.344424211238,2.388984665362,-0.056654535294,-0.455830127086,0.680019933106,-0.318943223362,-0.477563614706
1403715303912143104,1.356413951562,2.373138467888,-0.061743637709,-0.461945121043,0.673580206569,-0.327118501022,-0.475278756890
1403715304012142848,1.377234074905,2.345038920161,-0.059160692021,-0.471468156378,0.665626670063,-0.338984625983,-0.468773225525
1403715304062142976,1.383653463258,2.335010016601,-0.059494438590,-0.475740864498,0.662324783263,-0.343059522057,-0.466161641116
1403715304112143104,1.391337667573,2.323804189831,-0.063807179141,-0.477506672894,0.659988255074,-0.347718660756,-0.464213973796
1403715304162142976,1.400814030248,2.312935476449,-0.065310498094,-0.479204926252,0.658028198348,-0.350252700390,-0.463340668088
1403715304212142848,1.405671363071,2.306395267676,-0.073300491683,-0.480899481273,0.656454741564,-0.352408899587,-0.462180515254
1403715304262142976,1.413971656941,2.298958587728,-0.076287290480,-0.481725974265,0.656885985707,-0.353260585389,-0.460052003920
1403715304312143104,1.420873680174,2.293206320530,-0.086136281461,-0.482159146706,0.657084039959,-0.353950177483,-0.458783602081
1403715304362142976,1.427593605806,2.289136466506,-0.089789821808,-0.482507644033,0.658256041509,-0.353304535502,-0.457232175661
1403715304412143104,1.435786100596,2.284605372355,-0.093627827018,-0.483163583726,0.659611258800,-0.350779512714,-0.456530034154
1403715304462142976,1.440451113802,2.280804250695,-0.104923839708,-0.483622433972,0.659611262897,-0.348224345956,-0.457997956439
1403715304512142848,1.443992532237,2.278524420910,-0.107326321705,-0.483788280174,0.659727073123,-0.345600159176,-0.459640749861
1403715304612143104,1.454150061681,2.274813324080,-0.122439266862,-0.482461212993,0.661026301294,-0.341192689694,-0.462453192717
1403715304662142976,1.458040046581,2.274954702591,-0.137609881871,-0.480540464081,0.661050310759,-0.341009817014,-0.464548871192
1403715304712142848,1.462817707708,2.275206711885,-0.149397633906,-0.479793688622,0.661602259377,-0.338855046567,-0.466109133317
1403715304762142976,1.463892261673,2.277920244111,-0.164148374822,-0.480352602447,0.661743407782,-0.336126144180,-0.467307452089
1403715304812143104,1.469933412640,2.277304025350,-0.176080340743,-0.479713432146,0.662647397406,-0.333931336322,-0.468255605788
1403715304862142976,1.474421756514,2.278133152468,-0.189828320686,-0.479114817351,0.663314818385,-0.332413873846,-0.469002622573
1403715304962142976,1.489808454445,2.277290905004,-0.194598146330,-0.477876351913,0.666399990129,-0.328998672333,-0.468300244546
1403715305012142848,1.498327222616,2.277841584083,-0.185382901498,-0.477925266054,0.667859658850,-0.327318260378,-0.467347485893
1403715305062142976,1.505915740434,2.278940712844,-0.179833000674,-0.477304138172,0.669308115062,-0.327280672827,-0.465934295786
1403715305112143104,1.512511121874,2.279397840157,-0.181468399604,-0.476593102963,0.669164141829,-0.327917841983,-0.466420683941
1403715305162142976,1.517951866693,2.281331365888,-0.174857725531,-0.477168622354,0.669823285112,-0.327540343628,-0.465149648886
1403715305262142976,1.531287096872,2.284254518389,-0.176660041926,-0.476443115844,0.670730808474,-0.329686204253,-0.463064948635
1403715305312143104,1.534924193562,2.288721825468,-0.166861940087,-0.478610081187,0.670661170301,-0.328761629683,-0.461586151964
1403715305362142976,1.542708801771,2.289975984568,-0.152349191085,-0.479522065084,0.672605972507,-0.328472881607,-0.458001485690
1403715305412143104,1.546996408714,2.292468470640,-0.147526716560,-0.481286005615,0.671881628290,-0.328337640017,-0.457310892625
1403715305462142976,1.554646025562,2.291608880006,-0.141213438732,-0.482413959562,0.670939949840,-0.328810945338,-0.457164869117
1403715305562142976,1.563388101386,2.294644247252,-0.128814758903,-0.485389322779,0.667150709002,-0.331990226600,-0.457263191448
1403715305612143104,1.568864893815,2.295047906086,-0.123684633709,-0.486892535994,0.665190225916,-0.333694231321,-0.457280856502
1403715305662142976,1.573969211300,2.295394955507,-0.106719711718,-0.487822033682,0.663584288475,-0.336461694000,-0.456595098543
1403715305762142976,1.592463037256,2.289570082078,-0.063060235734,-0.487923356732,0.663599717666,-0.339951157962,-0.453871592930
1403715305812143104,1.593998078075,2.291783951986,-0.043105208305,-0.489775020868,0.662463834024,-0.340697333627,-0.452976185249
1403715305862142976,1.594831320940,2.293887297042,-0.020797926143,-0.491643117675,0.661751225263,-0.340892868399,-0.451845563196
1403715305912143104,1.600069918092,2.293062966523,0.000756862940,-0.492676602740,0.662130804815,-0.340022218372,-0.450818648062
1403715305962142976,1.604192950341,2.292592709096,0.020176378304,-0.492731559654,0.662165314872,-0.340364981392,-0.450449092954
1403715306062142976,1.604803061330,2.295850213605,0.064828698649,-0.494257348010,0.663320040102,-0.339941070310,-0.447388273264
1403715306112143104,1.604213378572,2.297171018993,0.079866982887,-0.494935078571,0.664169295082,-0.339576411893,-0.445652640468
1403715306212142848,1.610716645343,2.292927534200,0.109706642714,-0.487798169017,0.668440763377,-0.346088341362,-0.442111696444
1403715306262142976,1.609899581063,2.292417602518,0.126791378830,-0.482565706153,0.670365165182,-0.350258215611,-0.441656050512
1403715306312143104,1.605903531046,2.293561034984,0.143489973790,-0.476429890977,0.672136115446,-0.354525794314,-0.442220603841
1403715306362142976,1.602871066092,2.294144249425,0.153367975862,-0.468995791674,0.673616998671,-0.358143258586,-0.444990441272
1403715306462142976,1.594167077674,2.295710402217,0.176136455832,-0.453415232687,0.676493577650,-0.359830790857,-0.455294265412
1403715306512142848,1.582326075867,2.300683101676,0.189311230803,-0.446087941300,0.678586130907,-0.358433315249,-0.460491009778
1403715306562142976,1.570007942287,2.307014411527,0.204369057527,-0.438767955383,0.681176028581,-0.354770655549,-0.466497246912
1403715306612143104,1.555348952788,2.316399711273,0.221853773014,-0.430994585337,0.683501012118,-0.350447420378,-0.473557429880
1403715306712142848,1.528440724877,2.335039882104,0.260950641992,-0.416521626365,0.688510949649,-0.334341628387,-0.490589525481
1403715306762142976,1.512944631182,2.350646960576,0.273373683258,0.409266326933,-0.690625743526,0.324753112649,0.500072566576
1403715306812143104,1.499912687253,2.366565148389,0.287977350341,0.400106214412,-0.692260307794,0.315769305995,0.510862436311
1403715306862142976,1.484956669321,2.386249460212,0.295754168928,0.391111229047,-0.692800221138,0.306668147858,0.522507901560
1403715306912143104,1.469175416810,2.409839626011,0.304740289873,0.384051870972,-0.693603154646,0.294654826153,0.533476670242
1403715307012142848,1.443745549565,2.457755653630,0.333775767451,0.373301316047,-0.699852485314,0.262879641193,0.549314955635
1403715307062142976,1.435577673702,2.484939116052,0.345211216958,0.367701378349,-0.704300283854,0.246316524381,0.555054030109
1403715307112143104,1.427147062787,2.514363206651,0.346576557991,0.361813564874,-0.709990759562,0.231352641337,0.558103951748
1403715307162142976,1.422984933102,2.543140499879,0.344638107817,0.356122892515,-0.717240157408,0.215620205680,0.558794209822
1403715307212142848,1.419774032134,2.570637612780,0.343843758097,0.350447293899,-0.724399386967,0.200520888089,0.558769716253
1403715307312143104,1.414509829550,2.629378545894,0.307905730498,0.334441733392,-0.737882363272,0.179502264710,0.558083579674
1403715307362142976,1.420389775206,2.653057503197,0.295454199472,0.324032747489,-0.746664124048,0.171636926706,0.555010116850
1403715307412143104,1.428436338033,2.676547353711,0.283741485611,0.311189165823,-0.756713672577,0.168102712348,0.549806510430
1403715307462142976,1.437747665527,2.698873757697,0.268418535830,0.298596883040,-0.764616550896,0.165181040220,0.546732709363
1403715307512142848,1.449457418283,2.719068101883,0.254698991200,0.286080106567,-0.772045376259,0.162458884586,0.543793361896
1403715307562142976,1.460734209799,2.738552296751,0.245442301385,0.273895712998,-0.778877854467,0.159524227636,0.541186148215
1403715307612143104,1.472881965872,2.757405160633,0.231160466646,0.261783232481,-0.784357760895,0.156756849071,0.540073821236
1403715307662142976,1.486253431348,2.774088650836,0.222796018849,0.249400446683,-0.790260097836,0.153046232151,0.538391350030
1403715307712142848,1.496402234622,2.792318311706,0.201857591112,0.238359555008,-0.794135755637,0.147390808620,0.539267163556
1403715307762142976,1.506890405077,2.809537427424,0.188262294970,0.228101021151,-0.797724337474,0.140009593582,0.540373129658
1403715307812143104,1.515242742809,2.826297850557,0.180822542550,0.218525901493,-0.801441084090,0.130757042883,0.541148052612
1403715307912143104,1.529427714489,2.854711811032,0.163490691759,0.198788138470,-0.808052223680,0.112330215519,0.543062429644
1403715307962142976,1.534807957877,2.869193693181,0.147284921985,0.188826381782,-0.810433382878,0.103962544578,0.544733071132
1403715308012142848,1.539547283871,2.881558428915,0.133401023299,0.178738557105,-0.812414614569,0.095609535147,0.546711842772
1403715308062142976,1.541521325808,2.894539102748,0.120542438265,0.169116074783,-0.814126968190,0.087319384151,0.548609476829
1403715308112143104,1.541469699544,2.906454030338,0.104809641644,0.160096646112,-0.814973922723,0.079330702213,0.551265098542
1403715308162142976,1.545983845745,2.914277229040,0.090104175042,0.150669730783,-0.816589441345,0.072402090737,0.552483713575
1403715308212142848,1.546668924284,2.922006863225,0.073422265604,0.142096281895,-0.817449350435,0.066461227339,0.554227490662
1403715308262142976,1.552166270116,2.926474931994,0.065935450342,0.133746491099,-0.819251576702,0.059646069460,0.554419585321
1403715308312143104,1.556033851806,2.931790748655,0.050440691489,0.125791869729,-0.819979118928,0.053294200000,0.555851039649
1403715308362142976,1.555826387268,2.935976354766,0.041771252274,0.118367585540,-0.820938331951,0.048131357303,0.556536380007
1403715308412143104,1.551751214843,2.941828361381,0.030049617615,0.111907205071,-0.821836330501,0.044966148043,0.556812238418
1403715308462142976,1.551861255649,2.944340247698,0.018691165547,0.105512610004,-0.822629284029,0.043141725231,0.557034057965
1403715308512142848,1.552824541730,2.944505367469,0.005665954478,0.098984259480,-0.822912278390,0.043313305023,0.557800552222
1403715308562142976,1.551771844692,2.943460630564,-0.002859951500,0.093746044435,-0.823448490554,0.044347907676,0.557832883257
1403715308612143104,1.549901571280,2.942401156047,-0.007488016611,0.089840638805,-0.823740785305,0.045238675405,0.557972437036
1403715308712142848,1.536909985592,2.942723943896,-0.005818014502,0.085676442570,-0.825004169025,0.047619873321,0.556560882515
1403715308762142976,1.534137373090,2.940682433240,-0.003027592775,0.084331028388,-0.825214991041,0.047989551205,0.556422051312
1403715308812143104,1.528258363932,2.939838972692,0.003795025957,0.083908790679,-0.826451253008,0.048527558195,0.554601404022
1403715308862142976,1.517884941598,2.940333807495,0.007565252897,0.083476223212,-0.826983075098,0.050361058196,0.553709741180
1403715308912143104,1.509133091561,2.938824137495,0.014203255977,0.083160801498,-0.827433106061,0.051944900728,0.552938028514
1403715308962142976,1.495092374785,2.939643913216,0.020949507178,0.083980875477,-0.826649383019,0.053991607427,0.553789595817
1403715309012142848,1.484589600672,2.938927306089,0.021766515206,0.083327184633,-0.825872966263,0.058028106515,0.554637866316
1403715309062142976,1.476118571983,2.937031441603,0.019201364231,0.081271211567,-0.824590965963,0.063647924825,0.556231669980
1403715309112143104,1.464334772152,2.936588138536,0.023832961537,0.081121730866,-0.823225398234,0.068042141298,0.557753956051
1403715309162142976,1.450808754541,2.937244383029,0.026163359967,0.081448227984,-0.821665224146,0.072448545160,0.559449420316
1403715309212142848,1.435838353675,2.938935241376,0.031422089062,0.081525951997,-0.818660600998,0.077937732279,0.563093286598
1403715309262142976,1.418559662627,2.942723432564,0.039504562330,0.082110325294,-0.813849761907,0.083494007985,0.569153063907
1403715309312143104,1.403822457772,2.946103382829,0.048719278968,0.083627208553,-0.809528526196,0.087090126710,0.574530560627
1403715309412143104,1.378724434590,2.955815070936,0.073684215589,0.093752782837,-0.807755370636,0.082699852405,0.576109721608
1403715309462142976,1.361408533580,2.965733970475,0.065721835793,0.099622773449,-0.806178370550,0.080417682964,0.577654511048
1403715309512142848,1.348860092024,2.973372662739,0.063088368467,0.104466939211,-0.805459497662,0.077804266013,0.578159279462
1403715309562142976,1.335766618081,2.982345885736,0.067004545046,0.108824329634,-0.806083380076,0.075967229594,0.576728558052
1403715309612143104,1.318035308022,2.995030564318,0.069890167637,0.112913832686,-0.805989674463,0.075796555176,0.576095472358
1403715309662142976,1.305695651189,3.005671764830,0.074170247111,0.115230706240,-0.806914614802,0.076559367571,0.574238062128
1403715309712142848,1.293959967623,3.014887313217,0.080815777139,0.117053170211,-0.808005125911,0.077767504068,0.572169980998
1403715309762142976,1.283912956013,3.024127071071,0.086158216344,0.118094520103,-0.808972079625,0.079522757655,0.570345500309
1403715309862142976,1.259478362730,3.046518960977,0.075014123614,0.115815657297,-0.810073684374,0.090271286397,0.567642893254
1403715309912143104,1.255282170296,3.053697845566,0.076064380091,0.112793057032,-0.811604621134,0.095553505443,0.565194827327
1403715309962142976,1.249087606703,3.062583013397,0.077499266429,0.110518826132,-0.811277470909,0.099912100139,0.565360085708
1403715310012142848,1.243617227139,3.072067259105,0.084696179132,0.109302621329,-0.809380017932,0.102472828765,0.567852307302
1403715310062142976,1.232653132076,3.085364737837,0.086484222312,0.107678067212,-0.805985100400,0.105202880471,0.572473410487
1403715310112143104,1.218113037952,3.101229895435,0.086418377508,0.106106864636,-0.802195169449,0.106024148389,0.577912729872
1403715310162142976,1.211343305524,3.115545422058,0.085621136355,0.103572567434,-0.798117361446,0.103454294214,0.584447268488
1403715310212142848,1.203467371999,3.131947638018,0.083883105456,0.101191556812,-0.795359948269,0.098626915252,0.589436640453
1403715310262142976,1.195919991585,3.149823143509,0.087333607565,0.099785210967,-0.793704969572,0.090142698602,0.593253425475
1403715310312143104,1.187642664300,3.169787726177,0.088083395998,0.098245178985,-0.792716117595,0.080434115568,0.596220927815
1403715310362142976,1.181078475404,3.191037147755,0.093517511823,0.094911866963,-0.793106618783,0.071504751568,0.597378187797
1403715310412143104,1.176643717456,3.214083402668,0.094252245341,0.090311918210,-0.793891352262,0.063363970724,0.597967629097
1403715310462142976,1.174472501599,3.237203316050,0.096336853502,0.084733830730,-0.795296948137,0.055033001152,0.597741006622
1403715310512142848,1.172853509960,3.260698164487,0.102941634015,0.079908236907,-0.798396449640,0.047308580852,0.594928299086
1403715310562142976,1.170080409445,3.284549469939,0.110571808993,0.075572240622,-0.802117679371,0.041009336775,0.590943566836
1403715310612143104,1.170738543961,3.306734236972,0.114838657742,0.071267264657,-0.806090982644,0.035315741082,0.586422290778
1403715310712142848,1.176351213611,3.349689791335,0.107387070921,0.063015990814,-0.812140208733,0.028013002721,0.579372538131
1403715310762142976,1.182824134428,3.368181280610,0.118488641271,0.059480608593,-0.815717469821,0.024684229369,0.574854551561
1403715310812143104,1.188011968228,3.387409350539,0.129289055237,0.056810546914,-0.818001973670,0.022621713891,0.571955934397
1403715310862142976,1.186784015674,3.408400430291,0.131343093614,0.054928256321,-0.818372737729,0.021827913076,0.571640176169
1403715310912143104,1.191587112479,3.425511785860,0.127750209802,0.052162495033,-0.818322220442,0.021323179061,0.571990506632
1403715310962142976,1.192090736502,3.442734519045,0.126098965489,0.048825517641,-0.819774616921,0.022269737447,0.570166383676
1403715311012142848,1.195791113903,3.456554737046,0.131262037567,0.044980027833,-0.821694046989,0.022903880611,0.567689265789
1403715311062142976,1.194523512331,3.472523036565,0.136420098308,0.041376469206,-0.823027979003,0.024954030402,0.565941896258
1403715311112143104,1.197718336997,3.486388522796,0.133472279129,0.037329266544,-0.824330654559,0.026758539611,0.564242393277
1403715311162142976,1.201779330062,3.499580012257,0.132181739964,0.033393074352,-0.825248767968,0.028411229882,0.563064983434
1403715311212142848,1.199968053052,3.515494592290,0.137144759621,0.030726536394,-0.825270125253,0.030268875608,0.563088710147
1403715311262142976,1.193273655786,3.534265611579,0.141312029876,0.029737205802,-0.825689549757,0.031371710599,0.562466249465
1403715311312143104,1.192482899230,3.551131447222,0.141408585317,0.027007250807,-0.826204886542,0.033378243249,0.561731240662
1403715311412143104,1.186591242538,3.586936591788,0.159084637503,0.025991659212,-0.828649791258,0.031283257425,0.558287842339
1403715311462142976,1.182586435496,3.606485371061,0.163028825896,0.028017310800,-0.828986632048,0.027130409944,0.557906923274
1403715311512142848,1.173593397458,3.629149199954,0.156489296079,0.030098173387,-0.829112453776,0.023696636992,0.557767969991
1403715311562142976,1.168829698728,3.649256071978,0.153536771996,0.031062916048,-0.828784265153,0.020430027205,0.558331757175
1403715311612143104,1.158537580256,3.670490340137,0.156694844003,0.032532295666,-0.827740891676,0.017634583532,0.559888995650
1403715311662142976,1.143475982713,3.693913944939,0.151636873312,0.033912530126,-0.826300827869,0.016326621210,0.561970037995
1403715311712142848,1.136230314415,3.713407940477,0.156629461654,0.032704881762,-0.825886929759,0.016110539916,0.562655863264
1403715311812143104,1.113626948760,3.752805091089,0.147622090666,0.029459513470,-0.823703221561,0.018002389336,0.565969127986
1403715311862142976,1.102448833445,3.771451281174,0.155409985615,0.026501358697,-0.823327735213,0.019121339495,0.566624648945
1403715311912143104,1.090583771441,3.790582803104,0.163883048953,0.025042898576,-0.822453757032,0.018097285514,0.567992217405
1403715312012142848,1.060451005487,3.829824341049,0.185290821969,0.025561393832,-0.823783282573,0.011117841554,0.566219137876
1403715312062142976,1.045883837841,3.851003176135,0.168241913250,0.024909589144,-0.823294800644,0.009076531488,0.566994532757
1403715312112143104,1.031296108084,3.871005675748,0.165265486959,0.024500684439,-0.822298763061,0.006829392345,0.568487308680
1403715312162142976,1.017385925323,3.890146426551,0.166787059286,0.024619642857,-0.820936706746,0.003400504927,0.570478074311
1403715312212142848,1.003375194149,3.908584658199,0.168676862623,0.023663310840,-0.820931871326,0.001228279954,0.570534312456
1403715312262142976,0.987902967207,3.927705809488,0.159823035600,0.021382161653,-0.820836006388,0.001428119765,0.570761784157
1403715312362142976,0.953483424333,3.964209397627,0.171843830332,0.017043703015,-0.821431431186,0.002883232980,0.570045264006
1403715312412143104,0.929288877351,3.982799636419,0.179334410376,0.016004856356,-0.821344031057,0.003734989095,0.570196349581
1403715312512142848,0.897023261850,4.016676568392,0.179176910445,0.011833609539,-0.818745897090,0.005769410863,0.574005083237
1403715312562142976,0.875675230603,4.033124856643,0.178580725917,0.012281823254,-0.817298360362,0.004649534369,0.576065038686
1403715312612143104,0.853473940279,4.049594587341,0.182018533230,0.013633892872,-0.815698969686,0.002506769281,0.578310490935
1403715312662142976,0.834884873902,4.065879573843,0.178987246434,0.015426190626,-0.812961601990,0.000150224264,0.582112913244
1403715312712142848,0.809405740587,4.082636173245,0.177878191482,0.017898045928,-0.810106205753,-0.001253165153,0.586008553632
1403715312762142976,0.790037992990,4.098801619823,0.173511398166,0.020378196905,-0.808124547799,-0.002970746817,0.588651525946
1403715312812143104,0.769738731625,4.115848935345,0.165247889903,0.023955962246,-0.805795612478,-0.004590550114,0.591691194487
1403715312862142976,0.755617075938,4.131001895326,0.157248925681,0.026819894761,-0.802886855455,-0.005463395696,0.595502763966
1403715312912143104,0.739946223247,4.143401880036,0.168273989336,0.030742169215,-0.800705533687,-0.006944388360,0.598228503856
1403715312962142976,0.726229312746,4.156414394109,0.177610509782,0.034547443907,-0.798297976240,-0.007424445478,0.601225159870
1403715313012142848,0.720285190122,4.168751452886,0.183850475052,0.037165228250,-0.796015284093,-0.007412541099,0.604088956639
1403715313062142976,0.710435945022,4.180681062903,0.190034554921,0.040305562972,-0.795634072837,-0.007055505115,0.604393996977
1403715313112143104,0.703467995283,4.190247263476,0.202189544799,0.043340764490,-0.796566421960,-0.007495340812,0.602948864668
1403715313162142976,0.696163715515,4.199190747517,0.209151379335,0.045233896349,-0.796845724552,-0.005894262351,0.602458333460
1403715313212142848,0.688088667235,4.207459020729,0.217085129212,0.046183634748,-0.797813470328,-0.002536301608,0.601127528582
1403715313262142976,0.679758190972,4.212713542638,0.228125217062,0.046368249541,-0.799546754270,0.001197356693,0.598810103045
1403715313312143104,0.676748318372,4.217409899383,0.237720984896,0.046364825379,-0.801268989380,0.004295210810,0.596489614988
1403715313362142976,0.674622712932,4.221348101023,0.249404248932,0.046580284842,-0.803305980495,0.006412880814,0.593707548988
1403715313412143104,0.677622518721,4.222873441928,0.262690424181,0.046672791746,-0.805812085756,0.006789931299,0.590290123408
1403715313462142976,0.681480684363,4.223395920741,0.280843517233,0.045628825259,-0.807622126772,0.006089480199,0.587900866545
1403715313512142848,0.689229138958,4.225906168095,0.292005984454,0.043727131941,-0.808364148480,0.003663430336,0.587045075494
1403715313562142976,0.691700997661,4.229937987429,0.302615982171,0.041206155877,-0.809650175782,0.001118958344,0.585463400655
1403715313612143104,0.690843841380,4.234296381119,0.316809549054,0.040238765913,-0.810632205127,-0.003231155454,0.584162502531
1403715313662142976,0.686358742345,4.239934252011,0.320635093773,0.039322609592,-0.810625905458,-0.006325355677,0.584208322134
1403715313712142848,0.686960484478,4.243447333835,0.326337075763,0.037867485753,-0.810891857683,-0.008963011925,0.583900773320
1403715313762142976,0.692605942857,4.243996090603,0.335578049401,0.035102214132,-0.811187325654,-0.010580769417,0.583636020632
1403715313812143104,0.694053619311,4.244028423503,0.338915703862,0.032418456934,-0.811206897645,-0.011034017729,0.583755653777
1403715313862142976,0.694412264686,4.244127949568,0.339831690207,0.029881858902,-0.811302605439,-0.011097958580,0.583756792021
1403715313912143104,0.700781407899,4.242405254485,0.351444593803,0.027253313583,-0.811174128291,-0.010804838729,0.584069384535
1403715313962142976,0.710964167634,4.240923719012,0.364033614388,0.024026488994,-0.810707025726,-0.009178206282,0.584886832468
1403715314012142848,0.716003646741,4.239851545441,0.372091352156,0.020842192408,-0.811612915510,-0.008016995724,0.583768623834
1403715314062142976,0.723354060728,4.237894671639,0.381649864107,0.017820534873,-0.812118710698,-0.010869878050,0.583118747788
1403715314112143104,0.728102933025,4.237612491805,0.388588538911,0.014778256811,-0.812153797239,-0.016939114318,0.583010187872
1403715314162142976,0.734404545306,4.237862373201,0.395397064348,0.008895883174,-0.811985477934,-0.024058882874,0.583113725650
1403715314212142848,0.738829539074,4.236730282672,0.393951005932,0.001921020959,-0.812154093494,-0.032402831822,0.582539350250
1403715314262142976,0.737295499678,4.236685777363,0.391220587655,-0.005718200404,-0.812024609768,-0.039869927429,0.582231675712
1403715314312143104,0.736662177604,4.233607114005,0.391201985216,-0.014717859056,-0.812501769522,-0.047639778454,0.580822443314
1403715314362142976,0.742234670587,4.229455893852,0.397273766087,-0.023718029511,-0.812917097117,-0.055723028400,0.579222057934
1403715314412143104,0.745053891209,4.224743193489,0.397883127319,-0.032946795145,-0.812953222503,-0.060675900339,0.578221412461
1403715314462142976,0.752407970216,4.219971080173,0.396528674383,-0.040826119693,-0.813018717514,-0.065617641209,0.577085884496
1403715314512142848,0.755188417623,4.213277115296,0.392232991638,-0.048594234519,-0.813145968073,-0.068558473059,0.575961778897
1403715314562142976,0.754559415973,4.204758505577,0.390780971928,-0.056276879404,-0.814084472812,-0.069604457109,0.573807113516
1403715314612143104,0.759508097845,4.195125600864,0.394386021147,-0.062713708285,-0.813585369732,-0.070468963482,0.573742069345
1403715314662142976,0.766008408527,4.186705492030,0.392854961352,-0.067690259125,-0.812277360745,-0.071434381952,0.574909251200
1403715314712142848,0.769992269843,4.176632755540,0.387792059532,-0.071877485355,-0.811430151756,-0.072111217117,0.575512561363
1403715314762142976,0.771723841181,4.165576251448,0.388512343360,-0.074248682740,-0.810689933817,-0.073929773996,0.576023743292
1403715314812143104,0.775686685736,4.155259384360,0.389595497238,-0.075688802747,-0.809194439754,-0.075587107396,0.577721518558
1403715314862142976,0.776490713467,4.144735347784,0.387565794755,-0.076585171408,-0.808982840482,-0.077173865000,0.577689942692
1403715314912143104,0.774849694756,4.134475745881,0.384493349038,-0.077398366533,-0.807925267054,-0.077238984603,0.579051288722
1403715314962142976,0.773376143670,4.120650985279,0.378599764300,-0.079211859683,-0.807068021365,-0.076539025132,0.580093499194
1403715315012142848,0.764066784914,4.103091642522,0.379747159220,-0.080005225517,-0.806016823192,-0.075737998263,0.581549482195
1403715315062142976,0.750293148924,4.085970285313,0.384214573093,-0.080571664373,-0.804577691756,-0.073893918080,0.583697381953
1403715315112143104,0.742930022989,4.065809250778,0.391142133606,-0.081214329299,-0.804696542326,-0.073762521936,0.583461050836
1403715315162142976,0.736409685457,4.047391024366,0.389543318736,-0.082031194576,-0.804940233113,-0.072537369185,0.583164157252
1403715315212142848,0.733612872760,4.028009663447,0.392099083070,-0.082628289653,-0.806172975316,-0.072133513653,0.581424505699
1403715315262142976,0.731098127219,4.007977425395,0.398980149535,-0.083231011601,-0.806355220925,-0.072838176603,0.580997811032
1403715315312143104,0.733215861327,3.988319998873,0.402542390169,-0.085632208759,-0.806685089635,-0.074619838799,0.579963939086
1403715315362142976,0.735447491864,3.970779471138,0.402191517532,-0.089291208634,-0.806204883556,-0.077117495141,0.579753100669
1403715315412143104,0.737673649456,3.955030119629,0.400483191414,-0.093922260823,-0.805438493345,-0.079156189652,0.579811814298
1403715315462142976,0.740235905160,3.939055952898,0.396354728154,-0.100105661930,-0.804618498612,-0.081466220973,0.579595706489
1403715315512142848,0.743591028137,3.924180426518,0.395678842863,-0.106437204421,-0.803451124336,-0.084256656073,0.579688043888
1403715315562142976,0.744785808202,3.908863360174,0.400160614753,-0.112415384062,-0.802137152403,-0.087233944407,0.579938797723
1403715315612143104,0.745933297515,3.894998930502,0.402860560829,-0.118660075237,-0.800489253710,-0.090089626679,0.580534753830
1403715315662142976,0.748425184149,3.881202278525,0.398987753915,-0.126455590697,-0.799143481702,-0.092929816059,0.580295380407
1403715315712142848,0.740989556733,3.865911301063,0.398958652972,-0.136043635023,-0.796664614320,-0.093522577401,0.581438861082
1403715315762142976,0.738171166236,3.848693566399,0.405502370285,-0.146514541648,-0.794319590570,-0.094843754280,0.581888768921
1403715315812143104,0.738929154635,3.833010049850,0.408327083614,-0.157493046093,-0.792083389054,-0.096590136278,0.581781909989
1403715315862142976,0.737001333051,3.818435013247,0.410331975909,-0.167653764413,-0.790345751572,-0.100171023332,0.580699211585
1403715315912143104,0.741476417606,3.804369615017,0.410178176319,-0.177404594498,-0.788854250267,-0.105904526317,0.578809824546
1403715315962142976,0.748544530793,3.792360266683,0.411364281045,-0.186151924794,-0.787907322810,-0.113229679861,0.575958810295
1403715316012142848,0.754097036677,3.782913433534,0.415665700601,-0.194412445677,-0.786998174226,-0.120675945955,0.572952869614
1403715316062142976,0.763767695134,3.775750162504,0.419175703529,-0.201503391048,-0.784757361471,-0.129636634536,0.571617538219
1403715316112143104,0.769321589085,3.770677366996,0.412034780289,-0.208323420207,-0.782679632950,-0.138554171618,0.569926913108
1403715316162142976,0.777016800207,3.765655228476,0.402046218192,-0.215561952718,-0.781164435938,-0.148171756842,0.566886495729
1403715316212142848,0.785551690469,3.758880893757,0.396988237494,-0.223418762051,-0.781196810579,-0.158361867996,0.561014365832
1403715316262142976,0.791755701627,3.753722223438,0.398975295547,-0.230766191135,-0.782497303573,-0.168933350933,0.553088110406
1403715316312143104,0.797368569485,3.749067828987,0.400603818006,-0.238913475441,-0.783186955406,-0.178105923492,0.545725960672
1403715316362142976,0.808251514049,3.743764139378,0.399121285170,-0.246371776809,-0.785177402266,-0.187246355548,0.536410474262
1403715316412143104,0.814328033765,3.740974366900,0.391227232726,-0.252540502844,-0.786641922098,-0.194148202675,0.528889644652
1403715316462142976,0.817601453841,3.738915021787,0.381874908299,-0.258359202796,-0.787437544973,-0.199238251451,0.522969171420
1403715316512142848,0.824346251880,3.731050751271,0.380375458648,-0.264881116167,-0.785963290110,-0.203782906060,0.520165577576
1403715316562142976,0.820174745754,3.726202896006,0.375062530372,-0.269687164701,-0.783216493836,-0.206551106376,0.520746961041
1403715316612143104,0.818082174682,3.720175330031,0.367642442408,-0.274905848197,-0.779989419629,-0.207938857130,0.522307104670
1403715316662142976,0.810898703540,3.713924396485,0.363710826280,-0.278054951647,-0.776348729683,-0.210095629009,0.525193222020
1403715316712142848,0.802918593512,3.706645860816,0.354474835124,-0.282544644002,-0.772681557025,-0.211696040203,0.527557126898
1403715316762142976,0.793687738704,3.699890423989,0.350536604926,-0.286860445513,-0.768905080025,-0.214792787990,0.529490435172
1403715316812143104,0.785213368687,3.691448022527,0.335846881074,-0.292690381203,-0.765559747320,-0.217863863610,0.529892395650
1403715316862142976,0.776381844836,3.684347795970,0.328207906545,-0.298319806493,-0.761362827340,-0.221783352297,0.531172366415
1403715316912143104,0.768725202774,3.675660226411,0.321297865577,-0.305728495366,-0.756743353227,-0.226548964621,0.531549763518
1403715316962142976,0.757802352403,3.668886157956,0.310116290950,-0.312578354040,-0.751993551145,-0.232547164264,0.531716360491
1403715317012142848,0.744805716184,3.662686961372,0.292597585017,-0.321358316731,-0.745410427515,-0.237222033261,0.533683271009
1403715317062142976,0.739448761665,3.653915773332,0.278909439111,-0.332066398629,-0.740500765327,-0.242047596203,0.531792708321
1403715317112143104,0.726384606375,3.646049937611,0.272130370863,-0.342112120843,-0.736214441542,-0.247222852897,0.528988141495
1403715317162142976,0.714952657741,3.637730002345,0.261325018526,-0.353378780461,-0.732628421950,-0.252427939392,0.524079353042
1403715317212142848,0.697276392839,3.627277872008,0.252452069239,-0.364162392286,-0.728952894874,-0.258413380465,0.518879517708
1403715317262142976,0.683028713519,3.616889028368,0.246381462570,-0.374277840725,-0.724318413078,-0.266315455863,0.514154658042
1403715317312143104,0.670717371409,3.606622244974,0.240834210832,-0.385575529229,-0.719316478447,-0.273842195534,0.508847488977
1403715317362142976,0.654764166514,3.596972207543,0.234024510096,-0.397107068188,-0.713861361760,-0.279876091264,0.504358311244
1403715317412143104,0.640852222900,3.587578595891,0.223017058828,0.409808134599,0.708282285495,0.285046835968,-0.499141060397
1403715317462142976,0.629941537673,3.577085923769,0.213243108739,0.422461463737,0.701833162447,0.290071548823,-0.494787853842
1403715317512142848,0.618459670974,3.566764282624,0.211389021226,0.433596859632,0.694334196595,0.296160441280,-0.492120696351
1403715317562142976,0.605193806664,3.557796050769,0.202696993057,0.444288591000,0.687706761872,0.302523272835,-0.488002794024
1403715317612143104,0.590247079836,3.548626129893,0.202246796250,0.454394498662,0.680204854666,0.308685081611,-0.485345769185
1403715317662142976,0.577348090757,3.539636215901,0.201978172315,0.464477937469,0.673136588175,0.314285213600,-0.482049980580
1403715317712142848,0.565699490263,3.531726334074,0.200914412397,0.474510866007,0.666110218692,0.319424562056,-0.478648685103
1403715317762142976,0.556512200659,3.522995672318,0.197969891003,0.485024823997,0.658276734293,0.323475587832,-0.476220752668
1403715317812143104,0.547611845471,3.515526456479,0.188327512951,0.496810914745,0.650114502615,0.324699422766,-0.474447397860
1403715317862142976,0.533387677363,3.508153146897,0.184953328235,0.508321937198,0.641686588278,0.325746230641,-0.473007953221
1403715317912143104,0.526770054652,3.499364276059,0.184308183685,0.518159735267,0.633625285128,0.329724365143,-0.470437381408
1403715317962142976,0.522197046476,3.491657724978,0.173461579477,0.527979904467,0.626970577116,0.333401522667,-0.465820287872
1403715318012142848,0.512568018391,3.485545575290,0.176276693903,0.535938848848,0.621084647347,0.337068893966,-0.461961006846
1403715318062142976,0.505961650843,3.478610670698,0.194581751438,0.541821828846,0.613829563429,0.342177134267,-0.461039240879
1403715318112143104,0.499364879341,3.472895943669,0.198965154380,0.547596669390,0.607871803041,0.344737368583,-0.460202026769
1403715318162142976,0.498083863797,3.468217676886,0.190063418029,0.552288133634,0.603854907620,0.347511626046,-0.457791150803
1403715318212142848,0.497458812149,3.463847974327,0.174368809303,0.556112084464,0.601250497779,0.349581032292,-0.455005813474
1403715318262142976,0.499129085987,3.459829557451,0.159553490444,0.559262653848,0.599592426573,0.351584890150,-0.451776793367
1403715318312143104,0.504639112208,3.456107582399,0.146074253409,0.562021515532,0.598594650297,0.353710193115,-0.448001517856
1403715318362142976,0.517418158534,3.452582532359,0.133103487335,0.564810070812,0.596530110234,0.356895260700,-0.444710225183
1403715318412143104,0.526915856162,3.447733435818,0.128224036532,0.566501014718,0.595838201571,0.361541350080,-0.439705913144
1403715318462142976,0.534856637169,3.443678433600,0.126607091241,0.568023826490,0.595666042805,0.367153877331,-0.433276964942
1403715318512142848,0.542943559808,3.439870070763,0.127070531536,0.569608608303,0.595585449010,0.372664835634,-0.426550028199
1403715318612143104,0.564791489109,3.435914230766,0.109199246574,0.579378880783,0.594661444131,0.377067360585,-0.410509543066
1403715318662142976,0.569950449550,3.435549538226,0.110455357330,0.585885966998,0.594272152285,0.377506632124,-0.401331515576
1403715318712142848,0.581351419461,3.436200617606,0.112174148882,0.592839596334,0.592824067864,0.377176932094,-0.393495107309
1403715318762142976,0.580636294464,3.440614977581,0.103842830181,0.599953935524,0.590596471820,0.376674848137,-0.386480454232
1403715318812143104,0.587703761112,3.444774385286,0.099861684030,0.606429024651,0.587853914263,0.378373443034,-0.378820737491
1403715318912143104,0.603763951067,3.458707583970,0.091641884568,0.615962413017,0.578699682974,0.387121036573,-0.368557031840
1403715318962142976,0.614813422751,3.468155976384,0.090024705394,0.620053433705,0.573438130952,0.391639074280,-0.365131873188
1403715319012142848,0.624172167931,3.480656232105,0.098660554015,0.623443038299,0.566906627656,0.396827214651,-0.363955787465
1403715319062142976,0.629677069294,3.495338280472,0.110164803869,0.625399266409,0.560524026069,0.404283148807,-0.362275736651
1403715319112143104,0.634735989567,3.512402735150,0.110348337752,0.627681246103,0.554358692305,0.412084363213,-0.359011380254
1403715319212142848,0.645095082558,3.552960988936,0.092057212417,0.635674388935,0.543083721011,0.422169037684,-0.350359025638
1403715319262142976,0.647763346476,3.574622769509,0.089675340416,0.640284092992,0.537305755926,0.427248016602,-0.344670766412
1403715319312143104,0.649888344950,3.595078188835,0.101106156625,0.643754395108,0.530383089386,0.434601780829,-0.339698909878
1403715319412143104,0.637074157420,3.640873420671,0.100081453692,0.651747392077,0.517326222373,0.444586687925,-0.331574416213
1403715319462142976,0.638532156995,3.663043772410,0.081183602608,0.657123961207,0.509193269109,0.448382021623,-0.328426364634
1403715319512142848,0.637709008675,3.685451875931,0.070338869472,0.662470961808,0.500459726965,0.452158491535,-0.325921746712
1403715319562142976,0.640668124788,3.707411594738,0.063369616997,0.667172426173,0.492537056024,0.456806061404,-0.321895051939
1403715319612143104,0.644679477781,3.730110476534,0.049666777539,0.671869580557,0.485051633227,0.460034195007,-0.318880415283
1403715319712142848,0.628236181117,3.779390000840,0.060333508384,0.675654747660,0.474700954826,0.465662787374,-0.318288915777
1403715319762142976,0.628291542990,3.804097184161,0.060850852172,0.678322326098,0.472226460514,0.466121499381,-0.315613275579
1403715319812143104,0.626684634150,3.830685341370,0.080449646578,0.679999345541,0.469503677766,0.466645429587,-0.315292292443
1403715319862142976,0.633076917698,3.857222627570,0.094821836722,0.682335665101,0.467501011956,0.466553929597,-0.313350083341
1403715319962142976,0.621754808084,3.911618250528,0.135673631973,0.684304733525,0.463669675097,0.468678166769,-0.311573811583
1403715320012142848,0.611144026520,3.941051237357,0.151080748857,0.685570807414,0.461374800464,0.470315987353,-0.309723802054
1403715320062142976,0.603180554813,3.970882277382,0.162892846450,0.688174918161,0.458236480057,0.471697992205,-0.306489175190
1403715320112143104,0.595465063885,3.999993652821,0.174604953075,0.690409275179,0.454151859141,0.474728909985,-0.302842506279
1403715320212142848,0.577702527284,4.056504193643,0.212669190320,0.695369260361,0.440417702217,0.484678889636,-0.295939543252
1403715320262142976,0.568922132342,4.085044118993,0.219916510718,0.698115669039,0.430304792262,0.491885981118,-0.292438848272
1403715320312143104,0.559618501303,4.113492382635,0.221947298529,0.702099392135,0.418075741874,0.498143934030,-0.290037477939
1403715320362142976,0.549658912328,4.140892273096,0.234003559862,0.706923745894,0.404483431883,0.503870234001,-0.287692123825
1403715320412143104,0.541507140450,4.167408756440,0.251312764363,0.713294270426,0.389400471849,0.508490585315,-0.284632888029
1403715320462142976,0.516227847998,4.194312875499,0.258699691905,0.720331606393,0.374786784965,0.511778439942,-0.280606612640
1403715320562142976,0.493496047327,4.240729668276,0.272137581115,0.735888603770,0.345282872112,0.516795111373,-0.268645703350
1403715320612143104,0.482465085588,4.259312276555,0.289622133693,0.742821445130,0.329931536416,0.518863183705,-0.264844253344
1403715320662142976,0.463830335978,4.278995636182,0.298538688896,0.750113053896,0.314621457312,0.519470718144,-0.261713427177
1403715320712142848,0.445224537122,4.299430281477,0.301384247221,0.756662015320,0.299943029359,0.520522473448,-0.257978930043
1403715320762142976,0.426290776748,4.316393051007,0.314959621541,0.761538617673,0.285491957040,0.521696239314,-0.257655409693
1403715320862142976,0.377032689519,4.350912355496,0.319400919549,0.770724838974,0.265257250600,0.519809367282,-0.255773406120
1403715320912143104,0.365699318073,4.364755927864,0.330974375647,0.775658613347,0.256971653939,0.517571382390,-0.253848672921
1403715320962142976,0.353516672990,4.377438906444,0.334268669328,0.780441485269,0.251451812980,0.514844295698,-0.250236737925
1403715321062142976,0.325145645063,4.394547710558,0.354671998551,0.784766559564,0.246836397056,0.515024028818,-0.240756079504
1403715321112143104,0.316058033559,4.400412210315,0.364368133921,0.786931061384,0.245236989511,0.514512281548,-0.236379854768
1403715321162142976,0.308380611422,4.403479170105,0.373753043249,0.787743420849,0.244435648661,0.515521056396,-0.232270439327
1403715321212142848,0.303906948916,4.404011670900,0.380904950607,0.788378505324,0.244337946271,0.516155670131,-0.228782920137
1403715321312143104,0.296681738506,4.402286898067,0.379614289636,0.789722733639,0.244519550169,0.515564179258,-0.225259340816
1403715321362142976,0.297735193356,4.399066085313,0.391589455321,0.789944480970,0.244371344608,0.515438631391,-0.224929722779
1403715321462142976,0.299705528423,4.391529614475,0.390524202159,0.789705536757,0.245054488569,0.515438874154,-0.225024953857
1403715321512142848,0.303675652233,4.384404045576,0.399310670942,0.789756577798,0.245945349524,0.514688526890,-0.225590676136
1403715321612143104,0.315207305937,4.366189914393,0.406746938346,0.787925314624,0.251506974753,0.515335195194,-0.224382657128
1403715321662142976,0.328324761744,4.353903322061,0.421346665772,0.786101324282,0.252969540484,0.517874076383,-0.223288066319
1403715321712142848,0.341087452185,4.342772700694,0.414369992452,0.784924501735,0.253048897834,0.520113397064,-0.222130223236
1403715321812143104,0.368176110002,4.308715699202,0.444444097899,0.781972901136,0.244203075643,0.526751976002,-0.226750072797
1403715321862142976,0.383816210620,4.293815723598,0.426109519550,0.781047061186,0.239270655243,0.529870736511,-0.227929911031
1403715321912143104,0.401162621153,4.273890893119,0.421358143994,0.779983272599,0.234633768261,0.533222150793,-0.228576523646
1403715322012142848,0.419135072803,4.230504421223,0.402646294477,0.784338220808,0.230236791989,0.531562048558,-0.221915216981
1403715322062142976,0.420968270155,4.207465383818,0.396736855969,0.786859952247,0.228797586879,0.530262365647,-0.217542877076
1403715322162142976,0.447739090643,4.150238673814,0.415755144701,0.790863728946,0.229700458811,0.529895894815,-0.202441601745
1403715322212142848,0.473200412770,4.116315917868,0.438958434474,0.792221208949,0.229946449397,0.530896839375,-0.194058579929
1403715322262142976,0.492913921938,4.083104729085,0.447722102205,0.793622094773,0.230074354259,0.531950723244,-0.185089681616
1403715322362142976,0.542390789051,4.016563530471,0.455747168815,0.798828645660,0.225328474982,0.532658068445,-0.165454692756
1403715322412143104,0.555535307963,3.984581499652,0.457649428962,0.801701815855,0.222024664243,0.532564808763,-0.156057589980
1403715322462142976,0.568239489965,3.953075619047,0.453914462160,0.804558815534,0.217661432032,0.532592999420,-0.147150638193
1403715322512142848,0.587032138643,3.919017350193,0.444162553221,0.807351025092,0.212296593573,0.532280666556,-0.140683228035
1403715322612143104,0.614265801953,3.857932294646,0.415718501643,0.811901944176,0.206090944869,0.530389520843,-0.130494105864
1403715322662142976,0.634446233080,3.828991967648,0.409067915059,0.813722490829,0.203241876060,0.529562472910,-0.126933191165
1403715322712142848,0.663551971782,3.800177609166,0.400147720691,0.814225664962,0.200370845119,0.530650306668,-0.123686470465
1403715322762142976,0.692001482662,3.773695312822,0.394859939324,0.814268744383,0.197506123915,0.532061972103,-0.121933591678
1403715322812143104,0.716236256884,3.750971104150,0.378810351603,0.815025564270,0.197071108473,0.531642389471,-0.119384578186
1403715322912143104,0.773127488393,3.708767085277,0.360058045421,0.814656656075,0.197287457033,0.533287398403,-0.114090940549
1403715322962142976,0.796200426041,3.691239435631,0.355782728612,0.814240769526,0.197687733982,0.533897444216,-0.113512325912
1403715323012142848,0.825977888285,3.673764320898,0.354321947901,0.813720965230,0.198129951050,0.534845449175,-0.111995797857
1403715323062142976,0.856802054082,3.657379075851,0.358802944982,0.813579494646,0.198045644985,0.535226723698,-0.111349371947
1403715323162142976,0.906529243802,3.633404859391,0.371472567586,0.811960917374,0.200988221732,0.536774250318,-0.110438252330
1403715323212142848,0.936352467303,3.622388949300,0.379597609960,0.810967017305,0.201949195998,0.537995872704,-0.110042991750
1403715323262142976,0.964294869560,3.614302485795,0.379456889869,0.810324468857,0.203115981008,0.538555984087,-0.109889059674
1403715323312143104,1.000173223204,3.605923024361,0.375844293020,0.810396688172,0.203363224750,0.538457904521,-0.109378661891
1403715323362142976,1.031589509009,3.600085613001,0.368370263789,0.810135019612,0.203464729599,0.538659662888,-0.110132290383
1403715323412143104,1.061477270603,3.596886828279,0.361836752783,0.809812567105,0.204044648581,0.538904272197,-0.110234173249
1403715323462142976,1.094177092186,3.595472187037,0.353523049926,0.810878638088,0.204329446410,0.537253309724,-0.109928125667
1403715323512142848,1.125937688826,3.596419014633,0.348544450777,0.811824669751,0.204293600776,0.535870733681,-0.109760589695
1403715323562142976,1.156702679674,3.597724404583,0.359274895127,0.811491261418,0.203730395297,0.536511696244,-0.110141084380
1403715323612143104,1.187642383287,3.601383708565,0.370136936478,0.807487266061,0.201611061260,0.542770633881,-0.112771158205
1403715323662142976,1.218293434305,3.607747039508,0.380562790840,0.801684486277,0.198678124568,0.551519136445,-0.116857303649
1403715323712142848,1.242996554559,3.616751979504,0.392694787937,0.794741364060,0.197809942718,0.561228022312,-0.119501036755
1403715323762142976,1.275777924898,3.624165314918,0.402495430690,0.787408198486,0.195937203964,0.571679601568,-0.121570449579
1403715323812143104,1.309747269628,3.633770903103,0.406382783824,0.782193308107,0.193323881758,0.579148677749,-0.124041583979
1403715323862142976,1.333942507307,3.645808343071,0.410316279993,0.776900045054,0.192300362951,0.586116026296,-0.126154247344
1403715323912143104,1.353674805212,3.657956982756,0.430490839467,0.770536736556,0.190604719580,0.594424308798,-0.128851540933
1403715323962142976,1.377973842116,3.669775384965,0.437161489859,0.764853572936,0.188818876547,0.601729844883,-0.131406383420
1403715324012142848,1.397223298437,3.682955105699,0.436440989397,0.760944661038,0.187727018209,0.606484659347,-0.133783958111
1403715324062142976,1.414879533006,3.691448963121,0.442385970687,0.759038481459,0.186702128638,0.608645669114,-0.136210676146
1403715324112143104,1.431248775506,3.699333475371,0.445041627951,0.761843065250,0.185472391065,0.605034115234,-0.138307105696
1403715324212142848,1.435690997206,3.718884136828,0.463731394057,0.768312455754,0.185064819669,0.595997007531,-0.142248198122
1403715324262142976,1.439641602528,3.725432998950,0.464236866841,0.772063371255,0.183391310813,0.590909793355,-0.145297604943
1403715324312143104,1.446376372641,3.728759157550,0.470195033837,0.775796740735,0.180370216145,0.585914911695,-0.149364381453
1403715324362142976,1.439217655325,3.736806621000,0.470315112339,0.780746182926,0.177621192977,0.578588864834,-0.155309481819
1403715324412143104,1.435846412060,3.741450586741,0.470053586899,0.787426151486,0.175455733794,0.569211313235,-0.158662605298
1403715324462142976,1.422452236638,3.746536106541,0.477621176101,0.793894918114,0.175300438825,0.559493353540,-0.161145283784
1403715324512142848,1.415045100457,3.748598178151,0.479864942006,0.799556389547,0.175380826985,0.551350563108,-0.161132560403
1403715324612143104,1.408624452770,3.743451857826,0.497477089760,0.806538421876,0.175640130178,0.541509825911,-0.159415893655
1403715324662142976,1.403244293643,3.740379626798,0.504499774060,0.807883525199,0.176920281109,0.539572105525,-0.157750964447
1403715324712142848,1.396661708484,3.737150361850,0.515017371631,0.807890879387,0.178085787812,0.539517090830,-0.156585720567
1403715324762142976,1.392516642225,3.733820693934,0.526005975508,0.807466468329,0.179678939808,0.540243207543,-0.154436581862
1403715324862142976,1.387444023938,3.726021085218,0.540258264353,0.802684020480,0.188192503257,0.547630604425,-0.142767874821
1403715324912143104,1.387007003749,3.721315787183,0.548928707958,0.799890765587,0.191728014901,0.551446469795,-0.139003317883
1403715324962142976,1.380453475516,3.717641399118,0.558943668414,0.795911937437,0.194090842648,0.556512380494,-0.138372334672
1403715325012142848,1.384334882006,3.710704493570,0.566468429939,0.792686375519,0.194354732003,0.561047069634,-0.138205404635
1403715325062142976,1.382732016877,3.706308576700,0.569835844776,0.790311469911,0.194696247371,0.564054546879,-0.139081342860
1403715325162142976,1.379120291554,3.696846631465,0.576724456339,0.786813648653,0.194275875321,0.568328112545,-0.142071542022
1403715325212142848,1.372817699694,3.694549353832,0.578885990296,0.785465485346,0.194463954321,0.569838956673,-0.143217684868
1403715325262142976,1.369455281838,3.690706857330,0.576373387782,0.786072340236,0.194343679190,0.568798114098,-0.144185698572
1403715325362142976,1.365180225630,3.677431975244,0.578547328593,0.790539346758,0.193586356014,0.562356725398,-0.146036904216
1403715325412143104,1.356394745626,3.672324360077,0.580547343990,0.793229041733,0.193758502976,0.558185884888,-0.147220405474
1403715325462142976,1.342284564032,3.667990789331,0.583946193582,0.795827077720,0.194117798242,0.554060742305,-0.148304540082
1403715325512142848,1.334451947717,3.660358218353,0.586121893851,0.798686716742,0.193137464862,0.549866734143,-0.149813293298
1403715325612143104,1.305874712618,3.651263556679,0.585864772654,0.802173089518,0.188755998873,0.543944047358,-0.158159352191
1403715325662142976,1.297470341412,3.644239346785,0.576719523073,0.803670151123,0.185552281500,0.541451148893,-0.162835169377
1403715325712142848,1.289796686886,3.635827835319,0.571916882277,0.804973184015,0.183182545851,0.539311141374,-0.166149994587
1403715325812143104,1.271789138936,3.618338725408,0.566879899891,0.807125314724,0.182278798618,0.536108458258,-0.167065516757
1403715325862142976,1.265438173956,3.606882743973,0.576240520314,0.807733355135,0.181684215956,0.535420672747,-0.166980166095
1403715325912143104,1.264034441018,3.593126922174,0.584183651500,0.808160614490,0.181372255547,0.535153456598,-0.166106303298
1403715325962142976,1.266813668890,3.578105065831,0.587860827262,0.808462825218,0.181613121494,0.535365003313,-0.163672989735
1403715326012142848,1.267181073744,3.564013079941,0.585653611769,0.808524446405,0.182755967571,0.535691080251,-0.161007895528
1403715326112143104,1.274336346024,3.535204649843,0.560971544331,0.807284319702,0.188188648038,0.539072907354,-0.149256358224
1403715326162142976,1.278687114846,3.518089467724,0.562523565847,0.806136759617,0.190263728836,0.541251203840,-0.144880546056
1403715326262142976,1.296677419741,3.482092925274,0.555904341547,0.803462862907,0.192982504316,0.546503304295,-0.136159169182
1403715326312143104,1.297647552739,3.466012115872,0.564812766151,0.799807749983,0.193232046343,0.552047066075,-0.134955459952
1403715326362142976,1.299727590210,3.450164028769,0.564301266629,0.795709534119,0.192793610507,0.558069137597,-0.135039989345
1403715326412143104,1.304054222142,3.435430218959,0.557009565100,0.792015472053,0.191780203899,0.563417379881,-0.135987872505
1403715326512142848,1.316910600918,3.407555048507,0.530057456643,0.788373804340,0.189610241398,0.569123810074,-0.136428698572
1403715326562142976,1.312986645479,3.395120278684,0.528301812894,0.786377842746,0.188827424363,0.572181676989,-0.136243241173
1403715326662142976,1.311748470550,3.364935522422,0.525929198638,0.783876743620,0.186793692582,0.576621119607,-0.134734745504
1403715326712142848,1.311759411383,3.347725028761,0.521643582127,0.785415183771,0.184916732055,0.575041810994,-0.135113681455
1403715326762142976,1.310237378442,3.330490617388,0.514855912510,0.787883396647,0.182914067444,0.572198781753,-0.135538744938
1403715326812143104,1.306033125626,3.314232648755,0.508024803741,0.791078760224,0.180964970649,0.568286602089,-0.136001516194
1403715326862142976,1.294922586161,3.299531779890,0.504113118079,0.794167393539,0.179220897813,0.564193487511,-0.137345292879
1403715326962142976,1.275426130627,3.266711147649,0.502796351956,0.799100027698,0.176074786408,0.557865011112,-0.138648637576
1403715327012142848,1.268480926376,3.249027552121,0.497424191203,0.801765717637,0.172851161622,0.554460563342,-0.140952806447
1403715327112143104,1.250590644684,3.213642526967,0.493238083449,0.805313431296,0.167801382420,0.549704807558,-0.145387750449
1403715327162142976,1.247250023802,3.192049360271,0.492147950411,0.807233834031,0.165538478616,0.547122381609,-0.147063417734
1403715327212142848,1.242113443397,3.171802860581,0.487357361731,0.809253458603,0.163774354389,0.544361741385,-0.148179266770
1403715327262142976,1.234759537058,3.152440524386,0.481231608286,0.811278007909,0.162721459784,0.541574618316,-0.148481154377
1403715327362142976,1.225891837823,3.109324604769,0.477711506114,0.813096626972,0.159638074001,0.539435898464,-0.149661190643
1403715327412143104,1.220949914015,3.089247454572,0.468968760797,0.813991647373,0.158602575931,0.538254121620,-0.150150995580
1403715327462142976,1.221247622172,3.065855329914,0.460805410121,0.814829211664,0.158812313583,0.537018101690,-0.149811759655
1403715327562142976,1.215421258474,3.021471778566,0.433828751193,0.814802468577,0.166970517041,0.535213190215,-0.147528385947
1403715327612143104,1.219338709012,2.995506154709,0.431275693864,0.814217163367,0.172944823002,0.534741171397,-0.145576023742
1403715327662142976,1.223242984716,2.968884714448,0.432781943277,0.812834879493,0.179390558052,0.534587413762,-0.146064312578
1403715327712142848,1.232348953965,2.940072568643,0.431528579457,0.811393546013,0.186289215804,0.534158017266,-0.147010387912
1403715327812143104,1.249996389457,2.882930909809,0.438496743394,0.807116579245,0.201285680420,0.532760444067,-0.155605949768
1403715327862142976,1.254729852192,2.858182433070,0.440184977087,0.804460635443,0.210075214639,0.531956881376,-0.160416229144
1403715327912143104,1.258998739386,2.835499564702,0.431127938934,0.801183480207,0.220626492231,0.531392637370,-0.164471416722
1403715328012142848,1.296297747941,2.777831483203,0.428192019733,0.794704532015,0.235771430486,0.531935339976,-0.172920020376
1403715328062142976,1.307447363765,2.753563616017,0.423155864383,0.791109727761,0.242641338145,0.533078529260,-0.176345857076
1403715328112143104,1.319000306667,2.729513816629,0.415326068467,0.787535142760,0.248340180551,0.535093962917,-0.178297516784
1403715328162142976,1.325008096772,2.706678103269,0.418152471662,0.782596323286,0.252941315535,0.539301402737,-0.180880299315
1403715328212142848,1.335090546762,2.682793757159,0.412312877515,0.778806298931,0.256398950887,0.543095014759,-0.181019699680
1403715328262142976,1.349040690055,2.656707253276,0.409552446656,0.775995129324,0.257150599140,0.546636801759,-0.181365199504
1403715328362142976,1.369886656103,2.607213243118,0.410676095162,0.771313468259,0.257591661126,0.553589115251,-0.179613922833
1403715328412143104,1.376240963277,2.585538314836,0.403367566299,0.770160345444,0.257602532486,0.556091913833,-0.176792988922
1403715328462142976,1.379727266860,2.563470927275,0.402438095902,0.769499152871,0.256727791142,0.557986751464,-0.174964796961
1403715328562142976,1.375808390650,2.527829729331,0.388959755306,0.772476565628,0.257355665040,0.554839432364,-0.170883649075
1403715328612143104,1.373442329033,2.507352581519,0.388533620908,0.774718778420,0.258644093636,0.551703377781,-0.168930252279
1403715328662142976,1.373953954769,2.486548522473,0.392538033520,0.776990561568,0.260277061117,0.548032667413,-0.167933659933
1403715328712142848,1.371150885055,2.470316460074,0.391427617565,0.778645218529,0.262626977045,0.544053250260,-0.169542783605
1403715328812143104,1.356064547998,2.441143426632,0.394429650084,0.777587969639,0.272684260213,0.537470075723,-0.179237723168
1403715328862142976,1.352094992901,2.429337633711,0.387483449609,0.774962689382,0.279186539414,0.535495975960,-0.186364605026
1403715328912143104,1.347136717833,2.423293501858,0.379630538905,0.772374471965,0.287352615117,0.531919676534,-0.194750115171
1403715329012142848,1.341818697669,2.406780458999,0.346880255566,0.765326985181,0.309308081119,0.523337549224,-0.211473228281
1403715329062142976,1.336537481220,2.396986593081,0.350579568267,0.760297060601,0.320805947404,0.519470628128,-0.221770580249
1403715329112143104,1.328405822543,2.390815643333,0.352233312543,0.754736838196,0.332641855895,0.515004824680,-0.233434640388
1403715329162142976,1.323457634966,2.385642791180,0.345772936823,0.749747332200,0.345328154233,0.509067926957,-0.243879579909
1403715329262142976,1.318203295998,2.367908935616,0.341649831939,0.740305295014,0.368644165326,0.498233964142,-0.260408268918
1403715329312143104,1.313202512279,2.359482923749,0.340821598681,0.735532932228,0.378632780053,0.493815362150,-0.267908401477
1403715329362142976,1.308924699220,2.349981639630,0.347042407642,0.730831948758,0.385555048551,0.491193790010,-0.275609556921
1403715329412143104,1.303688246000,2.345594096087,0.344337774918,0.726800756687,0.391674466985,0.488695293265,-0.282008301885
1403715329462142976,1.297726711759,2.342444828598,0.334597928549,0.723952514138,0.398092346336,0.485678614569,-0.285537255736
1403715329562142976,1.288235955853,2.335750230477,0.308894592044,0.721361152328,0.406967792151,0.479769112140,-0.289546029329
1403715329612143104,1.281938340131,2.330306830488,0.304710330082,0.719871304942,0.410299216904,0.478564393779,-0.290544278786
1403715329662142976,1.278380663446,2.324751760940,0.302866639087,0.718211837371,0.411489623593,0.479163391619,-0.291976866324
1403715329712142848,1.275417658959,2.320809422826,0.298174136129,0.716804798931,0.411813050958,0.480078887727,-0.293470872233
1403715329812143104,1.270368901185,2.316890111611,0.269450803194,0.716994121321,0.411807132047,0.478951900628,-0.294854867471
1403715329862142976,1.265521099143,2.315400398938,0.262226561655,0.717281122369,0.411877823605,0.478598093418,-0.294632508206
1403715329912143104,1.262162687412,2.312964220297,0.256890134817,0.716925819508,0.411801854320,0.479666304934,-0.293865339930
1403715329962142976,1.258594305704,2.310439834686,0.250957397437,0.716592955423,0.411417126192,0.480050115304,-0.294588477898
1403715330062142976,1.253596842871,2.307280443282,0.216548481802,0.716659471428,0.413081222681,0.476110965174,-0.298465164336
1403715330112143104,1.247451716691,2.306121560105,0.205350529196,0.715627076907,0.415186169267,0.475212154653,-0.299452399753
1403715330162142976,1.246205978690,2.303072064046,0.195745855872,0.714306762328,0.416945709692,0.475541198497,-0.299637602770
1403715330262142976,1.246288802537,2.298171769776,0.178973013809,0.713745588872,0.420547136573,0.475088706823,-0.296644671174
1403715330312143104,1.243685041173,2.297363449781,0.172893349813,0.713982091118,0.422354582510,0.474225577377,-0.294883505739
1403715330362142976,1.240343117941,2.296589856134,0.167527126017,0.714436912654,0.423479649110,0.473272067434,-0.293697863142
1403715330462142976,1.238500948903,2.295394894132,0.159064411662,0.714220580529,0.422626962435,0.473296106117,-0.295408545756
1403715330512142848,1.235427666232,2.296102561909,0.152416672596,0.713651381912,0.423019263128,0.473934345050,-0.295199330454
1403715330562142976,1.234858516945,2.297105219157,0.149679415314,0.713082693299,0.423029701973,0.474663004029,-0.295387840597
1403715330612143104,1.231201871907,2.300463949612,0.153861510075,0.711437793022,0.421400983687,0.476514327225,-0.298683065400
1403715330712142848,1.232023636968,2.304469227636,0.164610024975,0.709242493723,0.414998410832,0.479822018633,-0.307444685332
1403715330762142976,1.230548723507,2.306905350500,0.173711469988,0.709020776513,0.412787469660,0.477928554036,-0.313815774943
1403715330862142976,1.226024110586,2.312401947228,0.190127243528,0.706619409428,0.417134141700,0.471639442731,-0.322868942618
1403715330912143104,1.228988030079,2.311794678443,0.202444401069,0.704677781203,0.420942646756,0.467028837442,-0.328816936636
1403715330962142976,1.229764127073,2.312083084044,0.212071981201,0.701141628579,0.426418436506,0.462320730061,-0.335897716928
1403715331012142848,1.232392803380,2.309784930175,0.222981753222,0.696599265350,0.432537664165,0.457701277728,-0.343758887825
1403715331112143104,1.243045517110,2.303538670906,0.235476254417,0.687300526375,0.448282698503,0.445551833490,-0.357972306667
1403715331162142976,1.253771948067,2.297192922649,0.254405663374,0.681415628894,0.458128419825,0.441482296404,-0.361779592582
1403715331212142848,1.261074690017,2.293888850017,0.266008264068,0.675037585589,0.468703570291,0.438015694733,-0.364394665721
1403715331312143104,1.281148207021,2.283868313811,0.290213957833,0.663216709182,0.487507144950,0.434984423593,-0.365060175198
1403715331362142976,1.292771662188,2.276732833359,0.303047501440,0.658885212875,0.493917978475,0.433514934125,-0.366032933879
1403715331412143104,1.303738904845,2.271747789164,0.320960527644,0.654912106172,0.499184358313,0.432409921272,-0.367323793935
1403715331512142848,1.323909010499,2.267326033342,0.353244205170,0.649172580446,0.507397842783,0.430544404462,-0.368447968814
1403715331562142976,1.330782832679,2.266561392565,0.372818319805,0.646454558498,0.510291200194,0.430628134676,-0.369132502534
1403715331612143104,1.340952027978,2.260686415592,0.398254859652,0.644365466417,0.511945785682,0.431323719420,-0.369681629619
1403715331712142848,1.369551444213,2.249668748813,0.435636465181,0.640241032909,0.514785131078,0.435366645755,-0.368162426606
1403715331762142976,1.385507530043,2.244037807655,0.453227330817,0.639100608592,0.515356687565,0.436743108243,-0.367713684926
1403715331812143104,1.399273402516,2.240069994834,0.465977202124,0.638378980246,0.515503675164,0.437951974012,-0.367323164165
1403715331862142976,1.411584360553,2.236101721188,0.480829593497,0.638118280370,0.514890697462,0.439336287866,-0.366982637312
1403715331962142976,1.441993577968,2.224386031214,0.508794827008,0.641757872138,0.511151006173,0.438218614490,-0.367200120304
1403715332012142848,1.451102918808,2.221626429526,0.516250988646,0.644899760373,0.508977678910,0.436125498460,-0.367206441985
1403715332112143104,1.470984053769,2.214152574583,0.523188527110,0.651681668021,0.506332709457,0.432952016099,-0.362616522866
1403715332162142976,1.478930734151,2.212156192522,0.524901348021,0.655448731768,0.503302372688,0.429422844804,-0.364238523542
1403715332212142848,1.490202200544,2.210519851812,0.523185151993,0.659251066829,0.499333746967,0.425595555960,-0.367317659215
1403715332312143104,1.512592973071,2.211317035456,0.521945856136,0.661654820876,0.493650757383,0.421112092041,-0.375747832573
1403715332362142976,1.524995033671,2.212179546596,0.518482342062,0.662233441216,0.494653150524,0.418628997857,-0.376184651687
1403715332462142976,1.552816010051,2.214879154334,0.519141921708,0.660861675000,0.499894652911,0.415020375683,-0.375666434852
1403715332512142848,1.574669975347,2.212765540860,0.522086969385,0.661385644735,0.501048051530,0.412418522039,-0.376072920689
1403715332562142976,1.593622157980,2.211471637308,0.534991923991,0.659469754299,0.502210132011,0.412773594274,-0.377495147439
1403715332662142976,1.636927293334,2.219212673152,0.532444801930,0.656475977717,0.504375518353,0.413713924922,-0.378794687783
1403715332712142848,1.656749779425,2.225420584322,0.533940021777,0.654390729403,0.505969281096,0.414897172205,-0.378983108271
1403715332762142976,1.679505118434,2.229113275452,0.540138750776,0.652506096598,0.507553158541,0.415804198319,-0.379120632277
1403715332862142976,1.725594998759,2.249372128605,0.546662493973,0.647117546352,0.514735197187,0.415375391894,-0.379143563559
1403715332912143104,1.749240545909,2.259822275843,0.550562933434,0.640629387855,0.516004028417,0.419280695297,-0.384106142394
1403715333012142848,1.804763052741,2.276634755347,0.558856384044,0.623577540289,0.516083562418,0.432012315899,-0.397711159965
1403715333062142976,1.832950783237,2.283671440643,0.563797401543,0.615912277105,0.515855588118,0.436879281146,-0.404575793671
1403715333112143104,1.858618147162,2.292612466057,0.570158520496,0.609297762372,0.516328280530,0.440195013467,-0.410353132817
1403715333212142848,1.914970836558,2.305893801764,0.562798076482,0.602766028234,0.520084709704,0.441971362844,-0.413335607424
1403715333262142976,1.941074531202,2.307356623356,0.559787526852,0.602529901680,0.522204355096,0.440219646187,-0.412876485418
1403715333312143104,1.966201008314,2.305987968156,0.562705695860,0.602730551720,0.524707575694,0.438220666486,-0.411534311447
1403715333412143104,2.015359887199,2.305252875871,0.566000240974,0.603660184235,0.530323562303,0.433770154808,-0.407669908176
1403715333462142976,2.039568604246,2.299614845527,0.576622410753,0.603746396855,0.530752652566,0.432565824433,-0.408263049530
1403715333562142976,2.087918008032,2.295090476205,0.558499980983,0.606189539970,0.530738661989,0.428752992398,-0.408682744693
1403715333612143104,2.111859148227,2.293945914446,0.536900239224,0.607679053371,0.532287805506,0.426769881926,-0.406525925476
1403715333662142976,2.135806564133,2.285521896203,0.534778582480,0.608856885869,0.534110557582,0.425087904541,-0.404128046814
1403715333712142848,2.158734166594,2.276563266505,0.532428860313,0.610636042343,0.536346463981,0.422251919766,-0.401446647291
1403715333812143104,2.199532330443,2.264157356087,0.528513057421,0.615213788464,0.542285049904,0.411810165948,-0.397305054532
1403715333862142976,2.219638046742,2.254941006766,0.516694930057,0.616584519488,0.545476285978,0.407033909989,-0.395730397976
1403715333962142976,2.263237073436,2.232639571041,0.518151810752,0.612412135834,0.552060259715,0.402632252362,-0.397577809849
1403715334012142848,2.286699277983,2.225274058347,0.514183977359,0.609419541869,0.555442639917,0.399819607340,-0.400294363358
1403715334062142976,2.308030498012,2.220474287229,0.505343488724,0.606386696969,0.558940666639,0.396528531711,-0.403293476833
1403715334112143104,2.329350757974,2.215299050112,0.495962071653,0.604032995924,0.562396059174,0.393234898976,-0.405242059378
1403715334212142848,2.379247564551,2.198461191397,0.490937817429,0.600056253790,0.567513325315,0.387758565489,-0.409273029612
1403715334262142976,2.401652898865,2.190290118233,0.500178334023,0.598335917929,0.569483947322,0.385277796898,-0.411391762528
1403715334362142976,2.454639977999,2.176954456453,0.499736423980,0.596343108801,0.572994301543,0.382050778899,-0.412419239764
1403715334412143104,2.480663379615,2.175686487559,0.493593461407,0.595826832982,0.574578270625,0.380647721224,-0.412259030647
1403715334512142848,2.528735409294,2.174875224739,0.504060451063,0.592633803699,0.575730886712,0.381028552652,-0.414893194526
1403715334562142976,2.549777635159,2.178229954113,0.509131383306,0.590204364304,0.576922146570,0.382349785715,-0.415485603260
1403715334612143104,2.572366701748,2.180552554557,0.511970247900,0.588342084252,0.578422086846,0.383470163768,-0.415008572015
1403715334662142976,2.597308904614,2.183679549334,0.503310366398,0.587679037327,0.580123882488,0.383486040065,-0.413555422076
1403715334762142976,2.648738706388,2.185816596751,0.503698892667,0.585388782458,0.579665740477,0.385897606202,-0.415199518567
1403715334812143104,2.673031039375,2.187525070266,0.508597687948,0.584435574631,0.579652749084,0.387303469418,-0.415251456544
1403715334912143104,2.725301620819,2.191599287438,0.500190883858,0.584601092235,0.579394666445,0.388477996026,-0.414280376142
1403715334962142976,2.748423492154,2.195124576195,0.502943842503,0.584174389923,0.579169915864,0.389538718070,-0.414200528539
1403715335012142848,2.772383882560,2.198949204081,0.507419759111,0.583823597332,0.579394484859,0.390121676106,-0.413832231642
1403715335112143104,2.821779154250,2.206009964128,0.503666236245,0.584033260904,0.581529120059,0.388859820805,-0.411724510377
1403715335162142976,2.845883168709,2.212359497553,0.496006687693,0.584189439478,0.582464251136,0.387975617486,-0.411014616756
1403715335212142848,2.866034789399,2.221252166064,0.499985410326,0.583667430753,0.583450458232,0.387529057712,-0.410778678240
1403715335262142976,2.884030099896,2.231877413685,0.507147086586,0.581506913605,0.584906214812,0.387934057745,-0.411389834762
1403715335362142976,2.921500803006,2.252121406318,0.513570089823,0.575984842271,0.588465764174,0.386905962851,-0.415034073035
1403715335412143104,2.943566681932,2.258932152959,0.513226938002,0.572834290994,0.590551271735,0.385842363150,-0.417415549917
1403715335462142976,2.965066349103,2.266637668321,0.510448495454,0.570667143679,0.593692011419,0.383315315889,-0.418256112098
1403715335512142848,2.983700679978,2.274960747400,0.507795533449,0.569585342874,0.595530239220,0.379687885856,-0.420420480819
1403715335612143104,3.014953206627,2.299065512704,0.501708314364,0.567344299578,0.599087668442,0.372331321595,-0.424951524549
1403715335662142976,3.032556037747,2.307754390871,0.499876849591,0.565723331704,0.601752656507,0.368905427473,-0.426332778394
1403715335712142848,3.051183978833,2.317032646388,0.499013844187,0.562568977337,0.605276215724,0.366147781992,-0.427893269589
1403715335762142976,3.072395785100,2.325950572490,0.499486371112,0.558280314447,0.608495896313,0.364048654702,-0.430725448146
1403715335812143104,3.089659036764,2.339250875932,0.495122311323,0.554201611475,0.612194741754,0.361797692664,-0.432643735181
1403715335862142976,3.109207116435,2.347944612086,0.493313846483,0.550337308632,0.614098561209,0.360650030191,-0.435824918484
1403715335962142976,3.145968317061,2.370510992870,0.489643165383,0.542555847128,0.617175584599,0.359045672936,-0.442508367456
1403715336012142848,3.165039887586,2.379669275199,0.490218253599,0.538329945902,0.618535679845,0.359957250551,-0.445022763328
1403715336062142976,3.181674954072,2.392947645886,0.493589694502,0.534238112926,0.618861708763,0.360948309520,-0.448682674035
1403715336162142976,3.220907272304,2.419320743508,0.476069623204,0.529073312932,0.617721435131,0.361689376867,-0.455721902903
1403715336212142848,3.237759580146,2.431450673085,0.470118197198,0.527337624985,0.617382159556,0.361821113250,-0.458082722162
1403715336262142976,3.255360438288,2.442120030580,0.471858248606,0.526723759741,0.618550043658,0.360753205065,-0.458055727451
1403715336312143104,3.267922375739,2.457139387684,0.472494000901,0.526143558725,0.621003709185,0.358878287502,-0.456873859562
1403715336362142976,3.286475617076,2.464196932145,0.474178914869,0.526713766957,0.623521509442,0.356785485395,-0.454420127605
1403715336412143104,3.301907323967,2.477568010895,0.476132763142,0.526340936719,0.625985485400,0.355228811310,-0.452680772751
1403715336462142976,3.320012921786,2.484946025607,0.474006679353,0.526214215237,0.628217624304,0.355173129404,-0.449770235061
1403715336512142848,3.338328435391,2.492021774624,0.469616783222,0.526770891701,0.628891268297,0.354161378251,-0.448974296004
1403715336562142976,3.355046172404,2.501511478042,0.467281533191,0.527080755251,0.628938933385,0.353547908254,-0.449027362292
1403715336662142976,3.385213537976,2.524491817727,0.472391324316,0.526732545651,0.629504937681,0.353656733985,-0.448556878549
1403715336712142848,3.400282297470,2.536439910480,0.470452192361,0.527092158860,0.629574323614,0.353819857352,-0.447907954447
1403715336762142976,3.415388470136,2.548625309110,0.471028170925,0.527253981582,0.629057922513,0.354173480978,-0.448163490705
1403715336812143104,3.429873182520,2.560181155824,0.471753827073,0.527000379277,0.629381598828,0.355199367208,-0.447194379252
1403715336862142976,3.441641961554,2.574504508186,0.483887152800,0.525285961585,0.628863819297,0.357083940011,-0.448437303451
1403715336912143104,3.450894711109,2.591448336651,0.496182457267,0.523736674331,0.629369570096,0.358177155577,-0.448667990189
1403715336962142976,3.462658961353,2.608268113718,0.492290457386,0.523019565073,0.629771399404,0.358626679044,-0.448581569083
1403715337012142848,3.480339724100,2.617000011937,0.482082139812,0.523596847473,0.629614486781,0.358195253402,-0.448473075884
1403715337062142976,3.489628965736,2.634538138958,0.478679608882,0.522558251423,0.631234640608,0.356783231807,-0.448532527101
1403715337112143104,3.500059239171,2.648352209889,0.483271591116,0.521261404995,0.633702081728,0.354325142826,-0.448510771819
1403715337212142848,3.519516343944,2.675313235651,0.473049261325,0.517653634157,0.641641238193,0.345693504139,-0.448137520958
1403715337262142976,3.525237463233,2.688251842439,0.478748539000,0.514552073190,0.644978989136,0.340518502155,-0.450871841257
1403715337312143104,3.535344080477,2.697876753168,0.480354417956,0.512076577276,0.648796216641,0.334131298529,-0.452987111982
1403715337362142976,3.543739801316,2.710758634242,0.484219486385,0.509643743888,0.652178788857,0.327507066292,-0.455702976960
1403715337412143104,3.553459911644,2.723701431295,0.497106354314,0.507163412617,0.654613925834,0.321972941544,-0.458910999999
1403715337462142976,3.560808745208,2.737534165070,0.491842897917,0.504887503399,0.655365022776,0.317715952040,-0.463294581937
1403715337512142848,3.563102130019,2.757632605066,0.498539538231,0.502832782181,0.656135022646,0.312756416730,-0.467792100206
1403715337562142976,3.567917791682,2.777228581072,0.505402836701,0.500202463878,0.656118481251,0.310212115404,-0.472307608607
1403715337612143104,3.572927803894,2.797553319751,0.512460942554,0.496918567525,0.658550012860,0.309848274778,-0.472628674996
1403715337662142976,3.578926776074,2.819358272189,0.515301802152,0.492842868109,0.660031780106,0.310792769008,-0.474206507058
1403715337712142848,3.591097004633,2.836256946356,0.507992411554,0.490905952589,0.660700027150,0.311216218981,-0.475006615617
1403715337762142976,3.605988351963,2.849094617889,0.512156078966,0.489616147254,0.661309516071,0.312198308318,-0.474845204867
1403715337812143104,3.615800630172,2.869723516316,0.517257416369,0.487684069821,0.661274228211,0.313422663044,-0.476074445268
1403715337862142976,3.624121434477,2.890873213300,0.524830677186,0.486108580367,0.661273095177,0.315556100253,-0.476277953806
1403715337912143104,3.635409369479,2.908550491765,0.530864650154,0.485712239639,0.662156162524,0.317967656802,-0.473845339666
1403715337962142976,3.645511661748,2.929042923453,0.534932218229,0.485463742347,0.662311987792,0.320074722086,-0.472461594179
1403715338012142848,3.658315487258,2.947596364380,0.537720412958,0.486328066601,0.661381009290,0.321335765702,-0.472020654068
1403715338062142976,3.668681704076,2.967822176383,0.542864747473,0.487587027407,0.659587664236,0.322102635153,-0.472708045541
1403715338112143104,3.676846208952,2.990633476725,0.543961084227,0.489387023334,0.658186133882,0.322204139514,-0.472732320704
1403715338162142976,3.685011304740,3.012579484595,0.541972718612,0.490454037106,0.657105081381,0.322040310144,-0.473241786143
1403715338212142848,3.691584066218,3.036615976700,0.531722763296,0.491313243055,0.656229922432,0.320295741410,-0.474746484071
1403715338262142976,3.699262241553,3.058004122444,0.530516978390,0.491062941183,0.655734706054,0.318633459181,-0.476803839922
1403715338312143104,3.707774199975,3.080446460095,0.527661365635,0.490531778595,0.656179565686,0.315821978270,-0.478605714347
1403715338362142976,3.716297321436,3.100603732158,0.527398919688,0.489726501878,0.657019345265,0.312270485245,-0.480604491605
1403715338412143104,3.728604218008,3.115611552571,0.529927378779,0.487426105548,0.658803208275,0.309337874029,-0.482394241351
1403715338462142976,3.739005396675,3.134724553264,0.536747877214,0.483795314102,0.661334004600,0.305585770639,-0.484970891081
1403715338512142848,3.752029462347,3.150512345096,0.553890805781,0.478406028456,0.664299019206,0.302787769319,-0.488010298835
1403715338562142976,3.769581260406,3.163938730152,0.563803944761,0.471683749517,0.668425301541,0.300600344397,-0.490266753564
1403715338612143104,3.785516132813,3.183719115736,0.567979307854,0.463998077627,0.673880634030,0.296900291989,-0.492382871000
1403715338662142976,3.798632347664,3.204315366764,0.569452149292,0.456056798187,0.678643791682,0.293263031850,-0.495430716639
1403715338712142848,3.813065711952,3.225112478643,0.569081997746,0.447666790205,0.683462523911,0.288919696699,-0.498997827867
1403715338762142976,3.820890896204,3.250323276830,0.571399066255,-0.440331005566,-0.689408494093,-0.283959018400,0.500191772902
1403715338812143104,3.837683188974,3.267912408514,0.570513638641,-0.434244679691,-0.694795170851,-0.280262252824,0.500144277549
1403715338862142976,3.852886232429,3.288029035159,0.573952802861,-0.428674193266,-0.698192785055,-0.276623977861,0.502239430747
1403715338912143104,3.866030213274,3.308330280204,0.581125752276,-0.423828253743,-0.700796917847,-0.274162221612,0.504071788049
1403715338962142976,3.879073331854,3.328496835128,0.587969390050,-0.418642811143,-0.703711047213,-0.273400708532,0.504758369206
1403715339012142848,3.889024929428,3.353251469434,0.594512583170,-0.415226049926,-0.707922376192,-0.271337528528,0.502801334884
1403715339062142976,3.904992032347,3.370148051527,0.599935443667,-0.412856153487,-0.711077394259,-0.269791218701,0.501130156959
1403715339112143104,3.916942124560,3.392819444453,0.593996816790,-0.409859895939,-0.713450430808,-0.269128616732,0.500572808027
1403715339162142976,3.930917216918,3.413099844077,0.595275320443,-0.406384039737,-0.715150030778,-0.270095495088,0.500460657053
1403715339212142848,3.944723329951,3.435047406433,0.589188091405,0.403930056757,0.717459895915,0.271057715442,-0.498617610902
1403715339262142976,3.954390460389,3.457616449352,0.583410581188,0.402230711143,0.717975083571,0.271218331897,-0.499162148833
1403715339312143104,3.967249064387,3.477768860914,0.581989112521,-0.401315181135,-0.716853070728,-0.270962181388,0.501644591953
1403715339362142976,3.979752882021,3.497951247195,0.578869454700,-0.401307602299,-0.715332974166,-0.270542732468,0.504041242675
1403715339412143104,3.990834022975,3.519261555360,0.579321604174,-0.401504158817,-0.713288653752,-0.269989664030,0.507069313012
1403715339462142976,4.000527996782,3.540713022932,0.583784534806,-0.402131274278,-0.712349458501,-0.269993550798,0.507889918928
1403715339512142848,4.009657849457,3.563920567231,0.577077122557,-0.402963718839,-0.710697714635,-0.269948012705,0.509565570019
1403715339562142976,4.019476998641,3.583128266469,0.572353679277,-0.404832873920,-0.709295784413,-0.269517289131,0.510264897153
1403715339612143104,4.027999567550,3.605801171457,0.579355916673,-0.407056268721,-0.711087043400,-0.268790875689,0.506371282707
1403715339662142976,4.037653248466,3.627268571489,0.571081049316,-0.407535090161,-0.712004098554,-0.270950841512,0.503538434892
1403715339712142848,4.049886137845,3.645190442643,0.572042759032,0.406960689196,0.713364025798,0.275393275576,-0.499653187635
1403715339762142976,4.061241471376,3.664880792096,0.564830985119,0.405143541599,0.713330696021,0.281439674446,-0.497804920088
1403715339812143104,4.071549166436,3.685025151620,0.556798617592,0.403238979016,0.714152951432,0.287782221653,-0.494535419017
1403715339862142976,4.077756958155,3.708960278231,0.551163412465,0.400452042832,0.715142593247,0.293352275097,-0.492091125108
1403715339912143104,4.085881409646,3.729270317680,0.545943802102,0.397123605069,0.716621073821,0.297315798022,-0.490255438623
1403715339962142976,4.087169950751,3.750864904776,0.546343092476,0.393083725447,0.719284979160,0.299232524731,-0.488440579485
1403715340012142848,4.086976137431,3.771188353171,0.541793370183,0.387407859591,0.722227510862,0.300618564514,-0.487781766316
1403715340062142976,4.087506244010,3.787331814537,0.531468774906,0.382560642501,0.725237822063,0.298551034335,-0.488410417739
1403715340112143104,4.078266399376,3.806602190197,0.525280540732,0.377264510787,0.728346783516,0.293808557895,-0.490773861519
1403715340162142976,4.070226094060,3.821364570007,0.521524445590,0.371017110119,0.730870025287,0.288769935648,-0.494759774438
1403715340212142848,4.065403807479,3.828916211559,0.524082907248,0.365903860633,0.733760137659,0.280712279639,-0.498909852795
1403715340262142976,4.052891431436,3.843079914781,0.527243163686,-0.359471297999,-0.736655873990,-0.270510090051,0.504918607709
1403715340312143104,4.045019318083,3.850317905567,0.522261754239,-0.352559727446,-0.739134517422,-0.259462161600,0.511919124898
1403715340362142976,4.038246694070,3.854142993080,0.523832979267,-0.344753217149,-0.742538023585,-0.247421831375,0.518232515532
1403715340412143104,4.027760562642,3.858791022081,0.537279870024,-0.334350713206,-0.746595874163,-0.237394965404,0.523877687692
1403715340462142976,4.018678990259,3.860349044772,0.546006219767,-0.325917741537,-0.751319060128,-0.227043124216,0.527018704968
1403715340512142848,4.004791166579,3.867865973771,0.546461148059,-0.318085109075,-0.755045969617,-0.217184369066,0.530620765691
1403715340562142976,3.990613634778,3.874474998608,0.551665756325,-0.312210881429,-0.758489773363,-0.207215071825,0.533178716032
1403715340612143104,3.977998561958,3.878803925999,0.570146732025,-0.306723733554,-0.761419698939,-0.199961946249,0.534954029235
1403715340662142976,3.961294763665,3.887972578400,0.581824001375,-0.302031931617,-0.763759991757,-0.193455719032,0.536677064955
1403715340712142848,3.945658828704,3.896925981831,0.589275632180,-0.298775536870,-0.766067761365,-0.188240734652,0.537064976873
1403715340762142976,3.934492218171,3.902166589443,0.595101437396,-0.297093123581,-0.768336695792,-0.184230111881,0.536147054172
1403715340812143104,3.919488326368,3.912524469238,0.596749791350,-0.295648761588,-0.769679840714,-0.180805017876,0.536184947644
1403715340862142976,3.901096473192,3.926125237866,0.604314024056,-0.296525352217,-0.769895636909,-0.175904778951,0.537020420937
1403715340912143104,3.884231007805,3.938206165899,0.612006482587,-0.298770250839,-0.769536306864,-0.171468795384,0.537725452105
1403715340962142976,3.871340666725,3.947646263653,0.616163784980,-0.301386210012,-0.769330613092,-0.168815596619,0.537399343611
1403715341012142848,3.857445768819,3.958685969740,0.622845124924,-0.303780798783,-0.768445862201,-0.166932757500,0.537904859274
1403715341062142976,3.841201514773,3.972606394089,0.632774583711,-0.304724897585,-0.767241591269,-0.168432470427,0.538621927074
1403715341112143104,3.822685793493,3.991814338414,0.639221793986,-0.304798858823,-0.767352176397,-0.171745309369,0.537374954524
1403715341162142976,3.813476013104,4.004786814916,0.635825772504,-0.304104203605,-0.766299090016,-0.177818457137,0.537295946654
1403715341212142848,3.795845969827,4.025745677800,0.634511352016,-0.304279411002,-0.762081981525,-0.181339938536,0.541997158819
1403715341262142976,3.784209427191,4.040674851177,0.642652094213,-0.305460766715,-0.758591457257,-0.185324465627,0.544873896800
1403715341312143104,3.771315649073,4.057316709844,0.656283364562,-0.305722157479,-0.755802445910,-0.190544869539,0.546799120222
1403715341362142976,3.760219247093,4.072400492336,0.668769809450,-0.306105535751,-0.753135383874,-0.196443546161,0.548175544613
1403715341412143104,3.750081402593,4.088031869773,0.677399688039,-0.307956563500,-0.750788156006,-0.200384651220,0.548931590778
1403715341462142976,3.732833122346,4.110228355469,0.686474578672,-0.308348925262,-0.750950302018,-0.204488189773,0.546972727321
1403715341512142848,3.719645628754,4.129491194125,0.686790305366,-0.310171030691,-0.750815003464,-0.206989639109,0.545184419802
1403715341562142976,3.706729468559,4.148429336311,0.688588714876,-0.309580543216,-0.751418209546,-0.212109782426,0.542715396708
1403715341612143104,3.698736969860,4.162862845478,0.687172076352,-0.308063500548,-0.749706372991,-0.217964223782,0.543625635045
1403715341662142976,3.688297016770,4.177898476259,0.689564515823,-0.306389015594,-0.748295878015,-0.223805560930,0.544141636861
1403715341712142848,3.679031753032,4.191108402073,0.695322793211,-0.304551148125,-0.748265803968,-0.229859658477,0.542689065850
1403715341762142976,3.659975673951,4.210903077853,0.701948105808,-0.303152282147,-0.750445479316,-0.232625399634,0.539273307191
1403715341812143104,3.648602744224,4.222869505063,0.701729737730,-0.302016409701,-0.751122712355,-0.235538532554,0.537700993990
1403715341862142976,3.639690483490,4.230358915489,0.705559253833,-0.300169321238,-0.752026444320,-0.239465297989,0.535734054070
1403715341912143104,3.630820641479,4.236422847547,0.699707292325,-0.303271043250,-0.752466260116,-0.235185680393,0.535265258962
1403715341962142976,3.615494571421,4.246117831947,0.694238674945,-0.306752393749,-0.752648602188,-0.228474133814,0.535931544818
1403715342012142848,3.604800745042,4.250470519368,0.691634677537,-0.310397229724,-0.753114296016,-0.221875923230,0.535951016053
1403715342062142976,3.594924145076,4.250280310950,0.701915584166,-0.313067392949,-0.754002297698,-0.216920855698,0.535177246248
1403715342112143104,3.579333947676,4.255696220421,0.702081161310,-0.315451301388,-0.756331252031,-0.211058533706,0.532830000098
1403715342162142976,3.558947118056,4.261945682951,0.715493709077,-0.317547324129,-0.758476156601,-0.204673619565,0.531023847168
1403715342212142848,3.541090092487,4.267244302190,0.717252607868,-0.318325597411,-0.760243789246,-0.200416080328,0.529652329073
1403715342262142976,3.530206136159,4.266765634796,0.724422695092,-0.318434600914,-0.760489559072,-0.198031681437,0.530130633553
1403715342312143104,3.517081964139,4.271390020786,0.724699702592,-0.318272665542,-0.761348278893,-0.194739516984,0.530214889569
1403715342362142976,3.499380071762,4.279013382976,0.729828592128,-0.315349783427,-0.763421966553,-0.192021101813,0.529971047828
1403715342412143104,3.481268633480,4.285557722627,0.738620424526,-0.309855879990,-0.765952886989,-0.190311746557,0.530176336394
1403715342462142976,3.466491121106,4.289835750273,0.740670641530,-0.304073311143,-0.769039644731,-0.186637113383,0.530362172661
1403715342512142848,3.452904438208,4.295788503237,0.738412044291,-0.296274151650,-0.772765454328,-0.184205126812,0.530210949450
1403715342562142976,3.435430821467,4.304010907346,0.741731888955,-0.286335546326,-0.776931707054,-0.183446409975,0.529845724859
1403715342612143104,3.415782806860,4.313830370633,0.744560746553,-0.274610541745,-0.781295643239,-0.184019174799,0.529436598210
1403715342662142976,3.393078125276,4.326552905360,0.740358150730,-0.261251787384,-0.784062196941,-0.185255448781,0.531671321037
1403715342712142848,3.381122922192,4.332339591653,0.728375272248,-0.249877062485,-0.786183979283,-0.184804322342,0.534156874716
1403715342762142976,3.365402294334,4.339632110464,0.717510788946,-0.241729284439,-0.788291015334,-0.181056425906,0.536080962941
1403715342812143104,3.343565879842,4.349793102187,0.709537035691,-0.236735713843,-0.789442153284,-0.173587146393,0.539077722612
1403715342862142976,3.319655496266,4.357500800660,0.714335170730,-0.231702235142,-0.789725637323,-0.168101477372,0.542576616978
1403715342912143104,3.304490715616,4.358296582287,0.714651610203,-0.229793199611,-0.789412559570,-0.162360670954,0.545584007036
1403715342962142976,3.285705085137,4.360867958400,0.716872718603,-0.227458691619,-0.788121110118,-0.158189395206,0.549639677095
1403715343012142848,3.263508524795,4.367481262652,0.709559653644,-0.225384784518,-0.786187801487,-0.154170873236,0.554384146189
1403715343062142976,3.232523882216,4.380288332701,0.705525058318,-0.223651929518,-0.784861286057,-0.149262959239,0.558294854957
1403715343112143104,3.205911388282,4.393014187583,0.683781934804,-0.222408663237,-0.784529251170,-0.145826020994,0.560163379896
1403715343162142976,3.183700084497,4.399365722588,0.680557341239,-0.221074717281,-0.784601686426,-0.143927128320,0.561080337181
1403715343212142848,3.164235290745,4.402762510934,0.693929739904,-0.219847849912,-0.785471979566,-0.143330517962,0.560497149705
1403715343262142976,3.141875656367,4.409889166649,0.691004861971,-0.219422355818,-0.787548127624,-0.141360175291,0.558246430606
1403715343312143104,3.117503847456,4.417594000247,0.689557968721,-0.218775312476,-0.788478741647,-0.139956224257,0.557540036153
1403715343362142976,3.088388264114,4.425498585039,0.700758504750,-0.217789567192,-0.790893466269,-0.139648552556,0.554575072649
1403715343412143104,3.066791282071,4.430126062960,0.696605383467,-0.217026425889,-0.792985761205,-0.140761588105,0.551597034353
1403715343462142976,3.045895930535,4.435132782675,0.687222445064,-0.216287870494,-0.793066825051,-0.142356476775,0.551361226059
1403715343512142848,3.015001698598,4.445818750105,0.681127000833,-0.216156902699,-0.792975560495,-0.142140477588,0.551599527288
1403715343562142976,2.985758240951,4.454597212201,0.674851311125,-0.216306578309,-0.793748615990,-0.143224596181,0.550146629402
1403715343612143104,2.962094172169,4.459739726185,0.668923582908,-0.217789661112,-0.794005744922,-0.143716353798,0.549061153420
1403715343662142976,2.936662818092,4.465531998009,0.666618921414,-0.217514644899,-0.792985217479,-0.146057891658,0.550026287008
1403715343712142848,2.908635040479,4.471286696559,0.674996408878,-0.216296842213,-0.792608639370,-0.149808807991,0.550040491139
1403715343762142976,2.879381747226,4.478740134918,0.671390505299,-0.214972938904,-0.791595661333,-0.153623785534,0.550965223054
1403715343812143104,2.856044871754,4.482525705798,0.668258697418,-0.214483524489,-0.788959456548,-0.156961400654,0.553988187917
1403715343862142976,2.827349839451,4.488983515482,0.669295350893,-0.214269059558,-0.787728662037,-0.158586704887,0.555358066615
1403715343912143104,2.793387930999,4.497606822143,0.669482796654,-0.213439568698,-0.786749066006,-0.158975758180,0.556952570660
1403715343962142976,2.763603425797,4.500673283679,0.680010573070,-0.212540188706,-0.786688430314,-0.158027521279,0.557651579674
1403715344012142848,2.730327151205,4.506536176683,0.679262807169,-0.210265811275,-0.787100240616,-0.155668340767,0.558595441723
1403715344062142976,2.702273057050,4.507319412179,0.684983600911,-0.207013748389,-0.787701705289,-0.152698191057,0.559780844537
1403715344112143104,2.669087428939,4.509558965483,0.689207983363,-0.202043675301,-0.788213874543,-0.148647973492,0.561961761355
1403715344162142976,2.636679328303,4.509427410894,0.698418978356,-0.195992597271,-0.789636075332,-0.144221650307,0.563260051780
1403715344212142848,2.608213009072,4.509043789970,0.688668883566,-0.188582543351,-0.790099128732,-0.140996171966,0.565950590257
1403715344262142976,2.579647623180,4.507645486947,0.676399781896,-0.179484601030,-0.789388221656,-0.140794553786,0.569937195775
1403715344312143104,2.549497128930,4.505648748443,0.676245502222,-0.169736303109,-0.789402686712,-0.142233897635,0.572540395066
1403715344362142976,2.521988549605,4.503021391051,0.669533786009,-0.162092827156,-0.788942121980,-0.142321325392,0.575361524512
1403715344412143104,2.498969808937,4.497020069402,0.665821437376,-0.155019752503,-0.788290144055,-0.143050006877,0.578017491649
1403715344462142976,2.473591607622,4.491908086004,0.669020659570,-0.148412915147,-0.787399799425,-0.142863815304,0.581003522157
1403715344512142848,2.440695034317,4.488942362584,0.659378363568,-0.142644262373,-0.787344600250,-0.142165468709,0.582692092255
1403715344562142976,2.412486490839,4.479960679494,0.661165014789,-0.138101379919,-0.787784002300,-0.141023574489,0.583469558780
1403715344612143104,2.389246157914,4.466263582504,0.658972646394,-0.135963221514,-0.789601932573,-0.138564772103,0.582101876310
1403715344662142976,2.360440692040,4.451709711500,0.654024365912,-0.133192322132,-0.792878064800,-0.137524127919,0.578525102242
1403715344712142848,2.324562421816,4.439356401383,0.647551291878,-0.130820120813,-0.796283700937,-0.135060165735,0.574958359574
1403715344762142976,2.300668250081,4.418616888590,0.645145861670,-0.129560018739,-0.799511400008,-0.133989702446,0.571001298108
1403715344812143104,2.282361875501,4.395764295477,0.639430268716,-0.128623385695,-0.800530456247,-0.132786896142,0.570065481753
1403715344862142976,2.257925339669,4.373082172680,0.642636969519,-0.127623457308,-0.802205282880,-0.132047395906,0.568104235593
1403715344912143104,2.235437824574,4.348360144504,0.635654513856,-0.127657139984,-0.802285860019,-0.130474971020,0.568346140448
1403715344962142976,2.213773891037,4.321482017416,0.627397283529,-0.129197178352,-0.801544340385,-0.127406341459,0.569738873221
1403715345012142848,2.187272488244,4.292764973185,0.621699210643,-0.132016320049,-0.799046945149,-0.121990297532,0.573771764726
1403715345062142976,2.159582622937,4.264057754288,0.620897114557,-0.133977039235,-0.797081732854,-0.117802730525,0.576917135115
1403715345112143104,2.138039635710,4.232500802411,0.615660927710,-0.136692333513,-0.794421340177,-0.114111909655,0.580679268017
1403715345162142976,2.117146657016,4.199625857770,0.617837120233,-0.138562499289,-0.793277471150,-0.111771476559,0.582252887141
1403715345212142848,2.090057715501,4.170183377414,0.618485766125,-0.139867966644,-0.793574446719,-0.108717780311,0.582114244514
1403715345262142976,2.069039533539,4.139252999111,0.618806674056,-0.139934921560,-0.794873373227,-0.107769094216,0.580500095258
1403715345312143104,2.053921325446,4.105294996014,0.619074772238,-0.141878756630,-0.795502486181,-0.105816546147,0.579524866988
1403715345362142976,2.040468840487,4.071007270486,0.612158011084,-0.143166139684,-0.796169414400,-0.104763849209,0.578482718775
1403715345412143104,2.017178203318,4.040057275459,0.603842176028,-0.143018177390,-0.795930385300,-0.103568906104,0.579063126421
1403715345462142976,1.994679543521,4.004451201672,0.608826170094,-0.143025289990,-0.797031819681,-0.103082598925,0.577631389935
1403715345512142848,1.970811997174,3.970342686394,0.604968960429,-0.142234753216,-0.797639721267,-0.103392643198,0.576931634916
1403715345562142976,1.951048485684,3.935667313502,0.600458100748,-0.142312191591,-0.796758017617,-0.102232795712,0.578335851360
1403715345612143104,1.935265998121,3.900000307396,0.596066737019,-0.142802051324,-0.796406305491,-0.100766370768,0.578956569385
1403715345662142976,1.919016641817,3.864703409343,0.590669504933,-0.143154920385,-0.796025233388,-0.099426784670,0.579624715717
1403715345712142848,1.900310149284,3.829227602796,0.589467031955,-0.143185271794,-0.795983442194,-0.098243073553,0.579876397341
1403715345762142976,1.882897064169,3.792135524879,0.586984854465,-0.143588684903,-0.795996809287,-0.097399868099,0.579900538771
1403715345812143104,1.866417856070,3.755235402742,0.581048344960,-0.143953921353,-0.796298011617,-0.096493817235,0.579547831035
1403715345862142976,1.850634170858,3.718112470467,0.573760505201,-0.145022243006,-0.797600948792,-0.094863488163,0.577756171870
1403715345912143104,1.836184875979,3.682427132750,0.562527785763,-0.146195108806,-0.801496566255,-0.093341387736,0.572291560115
1403715345962142976,1.824655858226,3.644696220468,0.554234258737,-0.147532066671,-0.806583541422,-0.091996871976,0.564972437874
1403715346012142848,1.811114954793,3.608030585865,0.544420082555,-0.149350056833,-0.810271693210,-0.089924428316,0.559524745564
1403715346062142976,1.797267880463,3.569421843014,0.545599698417,-0.150419063061,-0.813208811811,-0.088716125262,0.555153116698
1403715346112143104,1.780270935087,3.532916763474,0.546543123741,-0.150969307879,-0.815499066787,-0.088785366276,0.551621880352
1403715346162142976,1.761571388087,3.497818048758,0.544140772859,-0.151086662232,-0.815786310912,-0.088711393724,0.551176744835
1403715346212142848,1.742927651726,3.463398705905,0.546760696271,-0.151273366732,-0.814658228274,-0.089183345484,0.552715723054
1403715346262142976,1.723957559425,3.429787335334,0.547535688681,-0.151563505037,-0.812668883676,-0.089951912402,0.555433562995
1403715346312143104,1.703287971863,3.399132322970,0.549554155877,-0.152430817898,-0.810799927638,-0.089984706559,0.557916728269
1403715346362142976,1.685226109084,3.366955814534,0.550402316665,-0.153117375866,-0.808687432431,-0.090677353827,0.560675773812
1403715346412143104,1.663048843651,3.336149479811,0.552280752610,-0.153808736818,-0.805962394868,-0.091403606616,0.564280844292
1403715346462142976,1.643086339152,3.304594706333,0.552065613870,-0.155158114066,-0.803559533724,-0.092361522799,0.567174915266
1403715346512142848,1.622822671867,3.273804270231,0.557295849693,-0.156555470863,-0.801235319408,-0.092662511551,0.570022812201
1403715346562142976,1.605302843772,3.242930973758,0.558748415200,-0.159142583160,-0.799334748165,-0.092573735707,0.571985753371
1403715346612143104,1.588684442818,3.212781816152,0.557836841502,-0.162917876515,-0.797486837810,-0.091646518591,0.573649217433
1403715346662142976,1.574608424925,3.182337218688,0.561325318387,-0.165705514039,-0.795959432372,-0.092555917676,0.574824900938
1403715346712142848,1.558173853865,3.154591880989,0.562614570458,-0.167952554846,-0.793635265938,-0.093106364474,0.577292134777
1403715346762142976,1.541661440753,3.126619869409,0.564187636358,-0.170344293414,-0.792494447549,-0.093614497789,0.578075858438
1403715346812143104,1.521045111149,3.099432948637,0.574105701037,-0.171766169073,-0.793023109453,-0.095325012186,0.576648829953
1403715346862142976,1.508302614084,3.071913583356,0.570287637880,-0.174305909143,-0.793802013397,-0.096831155355,0.574560302246
1403715346912143104,1.497474718117,3.044763322109,0.569806267033,-0.178265045849,-0.794480063558,-0.095654788988,0.572602098653
1403715346962142976,1.484175124636,3.019658633926,0.571740245776,-0.181445621561,-0.795546304055,-0.094222364945,0.570355775341
1403715347012142848,1.473633711512,2.993367283186,0.576025576555,-0.184593516088,-0.796606512292,-0.093729830769,0.567941913593
1403715347062142976,1.454608076223,2.970391003291,0.590652816368,-0.184504972412,-0.798384562977,-0.094730279515,0.565301847599
1403715347112143104,1.440259365438,2.950913692175,0.587780024793,-0.183398988578,-0.800171784721,-0.096027850159,0.562910808138
1403715347162142976,1.429290253634,2.930503823912,0.580732895067,-0.180304259451,-0.801320824703,-0.097472678753,0.562027033886
1403715347212142848,1.417499903905,2.909099400596,0.579331654013,-0.173888957624,-0.801886720210,-0.099783332675,0.562835326617
1403715347262142976,1.407509269223,2.889326376965,0.573643994413,-0.166751518124,-0.801287953539,-0.099301847599,0.565924632597
1403715347312143104,1.398720562909,2.869094227491,0.567199116962,-0.158669123405,-0.801198884783,-0.097905995509,0.568611354392
1403715347362142976,1.386521281297,2.848717874660,0.569930925290,-0.147952748645,-0.801236213445,-0.096801753131,0.571629193642
1403715347412143104,1.377612184708,2.828393679420,0.567708166767,-0.136518039540,-0.801334218352,-0.095329381171,0.574576891689
1403715347462142976,1.370137523592,2.805226287464,0.568912136435,-0.125512057967,-0.801445370314,-0.093069546353,0.577295506001
1403715347512142848,1.361738449743,2.783751004522,0.568645255570,-0.114553720679,-0.801103718557,-0.091319222746,0.580319805582
1403715347562142976,1.351919529867,2.763952176369,0.570829591975,-0.105011704858,-0.801301767426,-0.088950873729,0.582216249710
1403715347612143104,1.342966430624,2.742444382576,0.574526635817,-0.097688012994,-0.801947113247,-0.086298820958,0.583001194830
1403715347662142976,1.331521280361,2.719320837964,0.582701165156,-0.092117888949,-0.802514505943,-0.082808850113,0.583632981102
1403715347712142848,1.317319087560,2.695092893234,0.589687119117,-0.090134721173,-0.802916308697,-0.076152580022,0.584296087462
1403715347762142976,1.304242454859,2.671167062272,0.596220610908,-0.089255268862,-0.803948684445,-0.068041983393,0.584012241529
1403715347812143104,1.292921212527,2.644032235263,0.600551613242,-0.086735978742,-0.803433636237,-0.061347438506,0.585839358479
1403715347862142976,1.279048350584,2.617186201815,0.604164375733,-0.084354867738,-0.803287347570,-0.052319786572,0.587261724835
1403715347912143104,1.271013704783,2.587570747504,0.605496635971,-0.081945338971,-0.803592654588,-0.043674325188,0.587891452763
1403715347962142976,1.259675309420,2.561818914414,0.605700268770,-0.078323897225,-0.803062876208,-0.032493285435,0.589830119934
1403715348062142976,1.240467486608,2.506170101889,0.623073408854,-0.066146027860,-0.803914039600,-0.011676320744,0.590940422942
1403715348112143104,1.232247927742,2.480088909513,0.631284885298,-0.057368602878,-0.804528130397,-0.001956366446,0.591134082451
1403715348162142976,1.224498671520,2.460860448850,0.630048622015,-0.046865039500,-0.805532018591,0.008736154715,0.590631454207
1403715348212142848,1.221709963128,2.439141281278,0.625362915835,-0.036149907539,-0.805742816910,0.017905948518,0.590890069464
1403715348262142976,1.214683250065,2.416150892262,0.627091687789,-0.023095510947,-0.808094926028,0.025006777398,0.588067894878
1403715348312143104,1.206363900941,2.397547200935,0.629378267956,-0.010463638145,-0.810089856670,0.032176563490,0.585328630053
1403715348362142976,1.205669777030,2.376940569594,0.637449807964,0.000737158016,-0.811805871645,0.037112720486,0.582746367933
1403715348412143104,1.199902367247,2.363031572485,0.640543770456,0.010880820992,-0.813403324360,0.041328403494,0.580128091648
1403715348462142976,1.193420672399,2.352710968871,0.639360478381,0.018072986844,-0.815819581684,0.046520758845,0.576148935852
1403715348512142848,1.184776615454,2.343868782963,0.628975258690,0.024877242843,-0.816496240207,0.050347126538,0.574613069262
1403715348562142976,1.173543800386,2.335914162646,0.614029497107,0.029976776742,-0.816065761509,0.054099358794,0.574640170131
1403715348612143104,1.166206610126,2.327496195076,0.592620317755,0.032014163066,-0.814000868882,0.058358842329,0.577037194940
1403715348662142976,1.157856861093,2.319814560306,0.576810906382,0.032354395641,-0.811939106841,0.063431839781,0.579382845420
1403715348712142848,1.147221369767,2.316113421904,0.563969140601,0.033277497365,-0.810578246668,0.067717377691,0.580749404611
1403715348762142976,1.131551606283,2.314832637034,0.554273804711,0.036068658248,-0.809799578555,0.071371467190,0.581231286268
1403715348862142976,1.101275838230,2.314572046251,0.529885043839,0.042534632239,-0.809372350553,0.078209037728,0.580508871283
1403715348912143104,1.089963589424,2.314717523974,0.512453289747,0.045104167355,-0.809179680275,0.081882945709,0.580076755541
1403715348962142976,1.082978338582,2.317600335644,0.488624033427,0.047604953158,-0.808305634495,0.085120655048,0.580629179221
1403715349012142848,1.074124434641,2.321633483408,0.468792884433,0.051520401138,-0.806332212642,0.086080634739,0.582892902209
1403715349062142976,1.063006528082,2.326200489935,0.460249714081,0.056195389230,-0.805749695061,0.085133200908,0.583405386709
1403715349112143104,1.052199489922,2.332717564427,0.452031737190,0.061620549382,-0.805336107651,0.083738417113,0.583630481646
1403715349162142976,1.039454103992,2.343495358611,0.435771807955,0.066522536164,-0.803159164216,0.085248201756,0.585869314109
1403715349212142848,1.027716078196,2.353245553481,0.423653086211,0.071362987906,-0.801205331851,0.085196413892,0.587978665626
1403715349262142976,1.016618454897,2.364224041791,0.411833167058,0.074772384383,-0.799738542469,0.086405033841,0.589373840912
1403715349362142976,0.996187482387,2.383333915127,0.426434329410,0.083351317271,-0.798861890928,0.082966639984,0.589905732962
1403715349412143104,0.988436735691,2.398302826536,0.408041732447,0.085726327922,-0.796492907786,0.082550239335,0.592819957942
1403715349462142976,0.979709387574,2.414646665346,0.391368440533,0.088808013048,-0.794720338042,0.080823615802,0.594979213292
1403715349512142848,0.971909811172,2.430618602483,0.376944155491,0.091128092930,-0.793961450093,0.078438583345,0.595959960978
1403715349612143104,0.951209300971,2.468959877052,0.340578743238,0.098741347155,-0.794612266156,0.078870700590,0.593818916358
1403715349662142976,0.951123331591,2.485229194053,0.322031727279,0.102075333473,-0.794488270814,0.080720558084,0.593172154891
1403715349712142848,0.950467558798,2.501163760545,0.300351178632,0.105711611302,-0.794453602817,0.084759571404,0.592017181561
1403715349762142976,0.946869832061,2.517140637452,0.284035013400,0.110835008208,-0.794299613516,0.089680921651,0.590559952262
1403715349862142976,0.942998073777,2.547993263981,0.258093032223,0.122458823259,-0.794554525416,0.102896005241,0.585746835120
1403715349912143104,0.944111197514,2.563585606254,0.249749760176,0.129599218893,-0.794228823983,0.108937522452,0.583555681849
1403715349962142976,0.948203887247,2.578116125436,0.246621623625,0.137812173650,-0.794490965530,0.113972260515,0.580346650131
1403715350012142848,0.950181249785,2.594604651659,0.240760348569,0.147056649763,-0.793835306604,0.117764697597,0.578213908298
1403715350062142976,0.952878799157,2.610873498146,0.242035824126,0.154949484036,-0.794317035421,0.120341178458,0.574951393950
1403715350162142976,0.963289352708,2.644138236025,0.220453832347,0.168288512693,-0.795731508907,0.121779659535,0.568911290758
1403715350212142848,0.961569086339,2.663382096771,0.212884383255,0.174538397246,-0.797225995164,0.121296050268,0.565025954016
1403715350262142976,0.961735739058,2.681743761472,0.204148815136,0.180371868104,-0.800502648904,0.118474248873,0.559129100162
1403715350312143104,0.959728161180,2.701666210975,0.185880112254,0.185744556312,-0.802087147807,0.115776204464,0.555653702951
1403715350362142976,0.958352696897,2.719621256842,0.176615760174,0.189986656816,-0.804689024204,0.112280407396,0.551156742382
1403715350412143104,0.955777517708,2.737277366002,0.158737696797,0.193717912314,-0.805046624419,0.108300338333,0.550131202239
1403715350512142848,0.950563307710,2.765360861622,0.132194237172,0.197805356311,-0.805873661160,0.100452126613,0.548953598697
1403715350562142976,0.940440750263,2.777543485966,0.122539096386,0.198724433237,-0.806656687606,0.098629492142,0.547800886504
1403715350612143104,0.931352905431,2.786018217683,0.116397556283,0.197686919864,-0.807488669084,0.098289571378,0.547011052149
1403715350662142976,0.922612360494,2.792592602696,0.108828960460,0.195812174428,-0.807791120204,0.099177713954,0.547078494844
1403715350712142848,0.913957814978,2.796741842629,0.101563596390,0.193040403793,-0.808019906646,0.101417363160,0.547315038545
1403715350762142976,0.900707624198,2.800977453160,0.099688421132,0.191736101735,-0.808578799512,0.103756486928,0.546509088389
1403715350862142976,0.881935196241,2.800579098035,0.099086512933,0.192895109444,-0.804474321171,0.101332576420,0.552579634338
1403715350912143104,0.871354196233,2.797663172674,0.091712776751,0.193639231210,-0.803535413241,0.099994231505,0.553927650032
1403715350962142976,0.858353629955,2.794398701965,0.078906202333,0.194553632299,-0.801334619874,0.099514166223,0.556873991017
1403715351012142848,0.844293267900,2.789332586687,0.070734164355,0.196042077997,-0.799714345700,0.098691123029,0.558824239965
1403715351062142976,0.836247635740,2.780659238293,0.063939189659,0.196084544829,-0.799248400315,0.098047054266,0.559588796371
1403715351112143104,0.820599776578,2.773072503703,0.051032598209,0.195862137546,-0.798479881517,0.099954880830,0.560425662944
1403715351212142848,0.791948684557,2.748847318051,0.047505985482,0.195488485166,-0.799079608772,0.102910986474,0.559164877184
1403715351262142976,0.776508551290,2.734535436220,0.039741802018,0.194687194991,-0.798944523167,0.105374629799,0.559178622984
1403715351312143104,0.763856195190,2.717406621729,0.034759952287,0.192755092263,-0.796112677244,0.108563948233,0.563261882859
1403715351362142976,0.748437010389,2.700170508274,0.040572553357,0.192495602131,-0.794966583188,0.109851742668,0.564717778547
1403715351412143104,0.733124517396,2.681298833158,0.041044792726,0.191416279275,-0.792485146371,0.111653778219,0.568208178945
1403715351462142976,0.717700346456,2.661515938024,0.044739787739,0.190896294540,-0.791689480895,0.112231906261,0.569377177087
1403715351562142976,0.686918873399,2.619104302555,0.040402268084,0.190213182155,-0.785370598370,0.113096158449,0.578118696718
1403715351612143104,0.672091773579,2.596075381039,0.051881817111,0.190225944383,-0.781612027912,0.112832188348,0.583237194613
1403715351662142976,0.659944237557,2.571799079529,0.064978781199,0.191062792103,-0.780643258428,0.112582317101,0.584308424055
1403715351712142848,0.646830797346,2.548479797758,0.062014109216,0.193056990607,-0.779168102596,0.114139399895,0.585318941832
1403715351762142976,0.637261447023,2.521657541113,0.063763721313,0.196087007430,-0.779498776131,0.115646313760,0.583573023401
1403715351812143104,0.626628069984,2.492291830456,0.066965072367,0.199421114021,-0.779355333249,0.119984129310,0.581756214004
1403715351862142976,0.617712393397,2.462065861237,0.074904492950,0.203142288990,-0.780481544261,0.125713565588,0.577735120033
1403715351962142976,0.605910452665,2.400054438611,0.086518801625,0.210405528941,-0.782270339577,0.141982009752,0.568879370443
1403715352012142848,0.605248145931,2.369458174239,0.095969284505,0.215163510427,-0.782550668474,0.149769340909,0.564701920995
1403715352062142976,0.604119220265,2.338192956926,0.106440883133,0.220711689564,-0.782465618232,0.156929790679,0.560720025656
1403715352112143104,0.600811407906,2.307464550649,0.110974937301,0.226143012614,-0.781182229166,0.162906796414,0.558636767822
1403715352162142976,0.598360250607,2.277580577630,0.110496027055,0.229463312040,-0.779208755130,0.170316980236,0.557828316420
1403715352212142848,0.593506295569,2.248559695884,0.118005642367,0.233147824298,-0.777466426503,0.175981425623,0.556972697286
1403715352262142976,0.584096326196,2.221687507611,0.125646747836,0.237053578466,-0.777243561134,0.180160001748,0.554292721748
1403715352362142976,0.575244820690,2.166450381923,0.126908193564,0.238156937910,-0.778944383829,0.189199303637,0.548389043773
1403715352412143104,0.568214556823,2.139434997192,0.135920769808,0.237950213647,-0.779534965224,0.194485620231,0.545784094073
1403715352462142976,0.560107186135,2.113518721442,0.145269620799,0.236063390981,-0.779484105790,0.201650087982,0.544073383172
1403715352512142848,0.552107669949,2.088458203114,0.153287224267,0.234012946893,-0.778893489531,0.207564897662,0.543580431869
1403715352562142976,0.544444728162,2.063968666110,0.164205174586,0.234894041347,-0.778495858336,0.208174962964,0.543536726163
1403715352612143104,0.534672600740,2.042080987583,0.171001185061,0.238311330346,-0.777022041243,0.205252318498,0.545266854854
1403715352712142848,0.512543836695,2.002537229394,0.160364460131,0.243676361567,-0.769618433444,0.201322053172,0.554778089531
1403715352762142976,0.501064987145,1.983372004711,0.157704748043,0.245623227846,-0.766636724407,0.198676039688,0.558985862064
1403715352812143104,0.491736649174,1.964809181470,0.163424211227,0.246288872260,-0.765309119908,0.196720134479,0.561199546575
1403715352862142976,0.482516511105,1.947199621496,0.170040713746,0.247816178237,-0.764010787484,0.194154223507,0.563186288812
1403715352912143104,0.469673490764,1.931724608597,0.175058111028,0.250749610000,-0.762634997369,0.191530402047,0.564649093654
1403715352962142976,0.460442408335,1.916796176815,0.171511549345,0.249304025528,-0.761437353514,0.193905548432,0.566093011630
1403715353012142848,0.451818090648,1.902303615225,0.172144494962,0.247929173832,-0.760556084486,0.196515967654,0.566980635975
1403715353112143104,0.432564060263,1.874958065594,0.187005313547,0.251135661441,-0.760714904611,0.195136328905,0.565831712258
1403715353162142976,0.425083332112,1.861228893227,0.197662114812,0.252065433393,-0.762751984675,0.194584352802,0.562858203109
1403715353212142848,0.418075618290,1.849282804218,0.201941965147,0.252918593180,-0.762736669406,0.195194879292,0.562284552042
1403715353262142976,0.414060533464,1.837897447987,0.211351793853,0.253600767913,-0.763099769770,0.195464054114,0.561390412673
1403715353362142976,0.402391721106,1.817334949239,0.241128162404,0.258860198359,-0.762817315773,0.194722910652,0.559628563003
1403715353412143104,0.397289491533,1.807348137904,0.251479070921,0.262076869908,-0.762482897655,0.193547933138,0.558994403032
1403715353462142976,0.392609989660,1.798206158000,0.257037339920,0.264363455987,-0.761640264192,0.193566674824,0.559059937303
1403715353512142848,0.388831714808,1.789852030008,0.257059783701,0.266020362234,-0.761081680321,0.193987726973,0.558888722861
1403715353562142976,0.384409241025,1.781540586580,0.255514998061,0.267796047641,-0.761041695022,0.193853526345,0.558141223732
1403715353612143104,0.382046525343,1.773000274288,0.254555896747,0.269569210040,-0.760960638846,0.193975638873,0.557355181773
1403715353662142976,0.380055799733,1.764519717679,0.251021546876,0.271284720309,-0.760839061853,0.193502217913,0.556853135169
1403715353712142848,0.377973253995,1.756212197789,0.246514261754,0.273174389593,-0.760473172377,0.192991073288,0.556606461153
1403715353812143104,0.373375451577,1.740306058446,0.228244140012,0.277321020328,-0.757523857421,0.193130803626,0.558525872107
1403715353862142976,0.371441915319,1.731864611120,0.219993043660,0.278046313020,-0.757306966329,0.194022879911,0.558150095079
1403715353912143104,0.371070279110,1.723064429793,0.212522432435,0.278586534772,-0.756449612183,0.194994553092,0.558704439876
1403715353962142976,0.370102212362,1.715048183644,0.204969660635,0.279332827505,-0.756951071848,0.196111900302,0.557259696072
1403715354012142848,0.371560148880,1.707236736701,0.190307250748,0.279333733820,-0.756299989207,0.197889071359,0.557514938735
1403715354112143104,0.369488645612,1.692731779580,0.160491863862,0.274092012822,-0.759833101872,0.210471681794,0.550662234922
1403715354162142976,0.372408184539,1.683569738242,0.157477047149,0.271543519958,-0.762776991643,0.215078770275,0.546055400455
1403715354212142848,0.374692235212,1.675362375352,0.150986447260,0.270125327519,-0.764286532092,0.218620226865,0.543234388365
1403715354262142976,0.375603629835,1.667651511673,0.145156278724,0.270105519468,-0.766044102451,0.219442112513,0.540430014626
1403715354312143104,0.376487981849,1.661261238977,0.135841065343,0.271026694677,-0.766073070897,0.218478600732,0.540318130218
1403715354362142976,0.376231851888,1.654974763272,0.131694495308,0.274239521278,-0.766852566398,0.214114069247,0.539337548970
1403715354412143104,0.374455570983,1.649656019754,0.128708456447,0.278040676358,-0.767321310661,0.209180277691,0.538660375302
1403715354462142976,0.371644409657,1.645709463197,0.117002247853,0.280778193097,-0.766530733080,0.206236418486,0.539500492321
1403715354512142848,0.370074892130,1.641664782754,0.103342050891,0.281962910245,-0.765877501211,0.204268230254,0.540558100941
1403715354562142976,0.368378968234,1.637056128963,0.096061050334,0.282835393848,-0.765773846269,0.202665601854,0.540852299784
1403715354662142976,0.361052117079,1.628161495726,0.086428096938,0.283062749976,-0.764364807454,0.202166611404,0.542909368068
1403715354712142848,0.353951794172,1.623663011481,0.085790694703,0.282483964988,-0.764236281517,0.203474688124,0.542903091564
1403715354812143104,0.343897008244,1.612561782922,0.096679048092,0.281469211419,-0.764404906685,0.203410130213,0.543216844902
1403715354862142976,0.336672605842,1.607878724354,0.106036193664,0.281029603444,-0.764593957917,0.204024567799,0.542947895510
1403715354912143104,0.328884744070,1.603171572710,0.118607783288,0.278644193903,-0.765238610870,0.208560239568,0.541544003853
1403715354962142976,0.321395786862,1.599197201289,0.128675079765,0.276912128965,-0.764290703633,0.212587313991,0.542204783363
1403715355012142848,0.313919570669,1.595041050623,0.142608615682,0.275612988602,-0.763682152868,0.215944434139,0.542397503007
1403715355062142976,0.303343649613,1.591601537537,0.159284556104,0.278194668225,-0.762649450823,0.215865005739,0.542564135405
1403715355112143104,0.293270493703,1.588568124699,0.170406185464,0.281430550463,-0.761210515320,0.215400672601,0.543100310141
1403715355212142848,0.277175887990,1.580957143765,0.196610160402,0.289313549645,-0.759935165715,0.219184267216,0.539216534341
1403715355262142976,0.269095995554,1.576117849530,0.209405429383,0.295997455535,-0.757751133799,0.221436510822,0.537740269292
1403715355312143104,0.261690498786,1.571595130165,0.221832555929,0.304237497842,-0.755396013820,0.223220638054,0.535713499884
1403715355362142976,0.251556260920,1.568066886589,0.231029668810,0.313024583421,-0.751814967792,0.227457392459,0.533903548400
1403715355412143104,0.241340082310,1.563876447728,0.241001663998,0.321245688030,-0.748058154065,0.233609978113,0.531635762703
1403715355462142976,0.234804645347,1.558727129674,0.252115708428,0.329632258160,-0.743735095156,0.240330328800,0.529567763060
1403715355512142848,0.224927491149,1.553758485774,0.265438121065,0.339156718966,-0.738718511232,0.247075291728,0.527467042914
1403715355562142976,0.215209297472,1.548733735384,0.276946775424,0.348256006067,-0.734226923170,0.254330877688,0.524351393804
1403715355612143104,0.209644331789,1.543808486304,0.285631545489,0.357195434441,-0.728918482293,0.260583438892,0.522671540416
1403715355662142976,0.200129244159,1.539238781336,0.297478671426,0.367449710291,-0.724013889305,0.264608885817,0.520352511330
1403715355712142848,0.192315634682,1.535338798110,0.306207503228,0.375402884745,-0.719785050934,0.268492353518,0.518549911464
1403715355762142976,0.183374996605,1.531078443654,0.314217879246,0.381853972663,-0.716820367105,0.271288454570,0.516486862642
1403715355862142976,0.164223531285,1.522790238839,0.328422098324,0.392136225444,-0.713480036414,0.274168665270,0.511866155668
1403715355912143104,0.153532044371,1.518676518570,0.333349396005,0.395658728231,-0.711952150393,0.275149975678,0.510755124507
1403715355962142976,0.141220462422,1.515964598106,0.331860104452,0.399134547917,-0.709394793522,0.275509611705,0.511414795876
1403715356012142848,0.131060467210,1.511933696804,0.337092955396,0.402038424747,-0.707968705664,0.273974260324,0.511940935566
1403715356062142976,0.122352544746,1.508532951955,0.344585895473,0.404849106398,-0.707171656948,0.270426825071,0.512713156590
1403715356112143104,0.114094998156,1.505329571525,0.349064612870,0.406717580635,-0.706553808798,0.266223798457,0.514283398537
1403715356162142976,0.105438024027,1.501461127850,0.351865805075,0.407769001728,-0.706113895606,0.262137233951,0.516150828962
1403715356212142848,0.095498269048,1.494928444775,0.361652165277,0.408850496809,-0.706240374238,0.257539023406,0.517435461172
1403715356262142976,0.089247680021,1.486231760433,0.373767453525,0.408809359210,-0.707426591206,0.252766467261,0.518200384895
1403715356312143104,0.083645783546,1.478199342521,0.381354041496,0.407816186515,-0.709429069736,0.248916686399,0.518108903864
1403715356362142976,0.079491590615,1.470416644038,0.384102318301,0.405745509769,-0.712232955530,0.246729750166,0.516932518558
1403715356412143104,0.077559424140,1.461966046944,0.382014711389,0.402735070460,-0.714770106836,0.245431073952,0.516402696869
1403715356462142976,0.073929209816,1.451811875297,0.382350095696,0.398071552400,-0.718960651680,0.246831862249,0.513525707521
1403715356512142848,0.070601972891,1.441078162239,0.377913906896,0.392441961834,-0.721689272241,0.251667036386,0.511681154354
1403715356562142976,0.069862317614,1.427882708067,0.378517874173,0.388290055234,-0.724073027234,0.254500832281,0.510076867351
1403715356662142976,0.065946324880,1.400018118475,0.373160850767,0.384479202848,-0.723784430990,0.263770408519,0.508661981697
1403715356712142848,0.063563809200,1.382238206114,0.373673161966,0.385121233639,-0.722823929999,0.267989837417,0.507334848658
1403715356762142976,0.060085847362,1.365056977225,0.371454429624,0.386921549094,-0.720591525613,0.273591844523,0.506149257306
1403715356812143104,0.059320394445,1.346675336350,0.372098393620,0.390342350473,-0.717463993538,0.278165528343,0.505472260609
1403715356862142976,0.055824232513,1.327914917094,0.379366025748,0.396423756061,-0.715879518917,0.281723114239,0.500995815280
1403715356912143104,0.052958950550,1.307942364833,0.387735730169,-0.403269529542,0.713048916801,-0.286441168639,-0.496876630262
1403715356962142976,0.051460310395,1.286898990615,0.400700413402,-0.410991414082,0.709226023998,-0.291839513385,-0.492863269947
1403715357012142848,0.044289635396,1.265148155443,0.412439600176,-0.420186933445,0.704055925563,-0.298266281842,-0.488656750448
1403715357062142976,0.037100558233,1.246073078372,0.414592519395,-0.428053834804,0.698390451685,-0.307217670032,-0.484394461905
1403715357112143104,0.028778774037,1.227043112639,0.410917812105,-0.436472725793,0.690295448427,-0.315771570541,-0.482982472516
1403715357162142976,0.019670330534,1.207326284321,0.411064709604,-0.445808651649,0.682698408039,-0.322062448601,-0.481095945709
1403715357212142848,0.011522915537,1.185657975801,0.415708343332,-0.455048459632,0.675626505744,-0.326632584358,-0.479344217614
1403715357262142976,0.001704171216,1.164366470864,0.418845296495,-0.462287333449,0.668374081993,-0.330735045604,-0.479771651374
1403715357312143104,-0.010330611072,1.144599312936,0.426866314757,-0.469025526850,0.662675469665,-0.332306665050,-0.480050577993
1403715357412143104,-0.031286728252,1.106563896353,0.446497234735,-0.478483869229,0.654049894431,-0.333671435215,-0.481596611081
1403715357462142976,-0.043683090239,1.087672254621,0.459795501534,-0.482339271382,0.650975217212,-0.333732197221,-0.481874376156
1403715357512142848,-0.058101899524,1.069118742034,0.468561357800,-0.485901546237,0.648990329703,-0.334040678246,-0.480757802425
1403715357562142976,-0.070376192389,1.049105113074,0.476887766066,-0.488843810373,0.648178002268,-0.333095820714,-0.479524953113
1403715357612143104,-0.079896358563,1.029067407723,0.485612709337,-0.491840060871,0.648027823375,-0.330996909648,-0.478115404958
1403715357662142976,-0.089994333531,1.007596472762,0.492385340059,-0.494428259892,0.646919041387,-0.329265437087,-0.478142992891
1403715357712142848,-0.099279008859,0.987069016721,0.500177624165,-0.495862612213,0.644239376094,-0.328982672161,-0.480464668333
1403715357762142976,-0.106172908796,0.967716874954,0.506808189516,-0.497438853592,0.642088530930,-0.327551710892,-0.482687043618
1403715357812143104,-0.113530539131,0.947620479374,0.511741821993,-0.499643089812,0.638524958746,-0.325882405999,-0.486254375118
1403715357862142976,-0.121450924177,0.925585859707,0.516485318430,-0.502042477225,0.636468320991,-0.323094086100,-0.488335580276
1403715357912143104,-0.127029385657,0.901248138054,0.521322137245,-0.503655796844,0.636647216225,-0.320152349970,-0.488378575684
1403715357962142976,-0.132055573676,0.875566480646,0.523419117469,-0.505651518029,0.637422964786,-0.317511826081,-0.487026433139
1403715358012142848,-0.133216446328,0.851014324769,0.522783857092,-0.506624073364,0.638118674217,-0.315136179199,-0.486647505350
1403715358062142976,-0.134024852935,0.827345192038,0.520081419664,-0.506856786310,0.638753953448,-0.313981451126,-0.486318037374
1403715358112143104,-0.134114549617,0.802777612320,0.515734238886,-0.505722504772,0.639564861778,-0.315770566852,-0.485273618546
1403715358162142976,-0.133174715013,0.774894387153,0.514961163790,-0.504022300391,0.641801601542,-0.318149535532,-0.482527820968
1403715358212142848,-0.128639925902,0.747276376241,0.513930795197,-0.501371839906,0.645737327426,-0.320478756653,-0.478479830977
1403715358262142976,-0.122979738239,0.721247400418,0.512533634047,-0.499222527794,0.646853426220,-0.323685067144,-0.477059210202
1403715358312143104,-0.117259452817,0.692308940997,0.513129926986,-0.498690409521,0.648975853102,-0.324306949912,-0.474302877685
1403715358362142976,-0.110610248036,0.662860922239,0.510755476427,-0.500365008551,0.648179211830,-0.323278776455,-0.474330475791
1403715358412143104,-0.105396238401,0.630943213098,0.508118238006,-0.503513767794,0.646162724159,-0.322074497610,-0.474568896514
1403715358462142976,-0.098981245210,0.598325049651,0.506086831323,-0.507184273504,0.642477372230,-0.323039201842,-0.475008013571
1403715358512142848,-0.090803117500,0.563193517886,0.506435439913,-0.510733025493,0.637941895381,-0.324570683045,-0.476272806799
1403715358562142976,-0.081513733946,0.529581645139,0.505952097690,-0.513634473748,0.632915024016,-0.327147717828,-0.478092637960
1403715358612143104,-0.074959947697,0.497495487597,0.503881327172,-0.515359302132,0.627844505870,-0.333127709945,-0.478792225315
1403715358662142976,-0.065803286104,0.463565585331,0.499038315845,-0.516167448962,0.623211529470,-0.340804565389,-0.478571627218
1403715358712142848,-0.053966593526,0.425317598333,0.496045668717,-0.515363737251,0.620021040018,-0.350433350954,-0.476624165145
1403715358762142976,-0.041240771001,0.386781124510,0.494785860033,-0.515472662217,0.617535963943,-0.358739638942,-0.473543175640
1403715358812143104,-0.028667011309,0.350473268043,0.493501874980,-0.516244400753,0.614140510049,-0.366283446071,-0.471338084333
1403715358862142976,-0.015892803685,0.314917438759,0.491645821488,-0.516275403817,0.611703992085,-0.373014332583,-0.469188918420
1403715358912143104,-0.002216013818,0.278006107149,0.492426913290,-0.516895607934,0.609092328349,-0.378086139533,-0.467842213933
1403715358962142976,0.010568299374,0.242225692603,0.490857669870,-0.518923283568,0.606953250085,-0.381334597191,-0.465736301965
1403715359012142848,0.023798687157,0.207290170819,0.487258749979,-0.520436299653,0.607205602326,-0.383547999888,-0.461885642004
1403715359062142976,0.036959557799,0.176068332424,0.480576906141,-0.522759123747,0.606385965988,-0.384543034288,-0.459505836277
1403715359112143104,0.047525517485,0.146763412071,0.472261042233,-0.523948716407,0.605849391237,-0.385309167873,-0.458215127278
1403715359162142976,0.057995869038,0.118426906011,0.465638415277,-0.524426986326,0.604620538065,-0.386099443344,-0.458625730648
1403715359212142848,0.067737847332,0.091066180087,0.459586414244,-0.524325863967,0.603197805905,-0.387713594799,-0.459252614292
1403715359262142976,0.078272810790,0.064933451638,0.454289171713,-0.525406406844,0.601485448663,-0.387394642933,-0.460530947192
1403715359312143104,0.088489879134,0.041758990030,0.448601522171,-0.526947900058,0.599616399392,-0.385822697251,-0.462522356747
1403715359362142976,0.097756044343,0.020602946782,0.443557287581,-0.528133206534,0.598954494907,-0.383644673764,-0.463837895690
1403715359412143104,0.106016759597,0.001804513411,0.437870113901,-0.529109544905,0.596561395381,-0.382481530080,-0.466760613355
1403715359462142976,0.116131074490,-0.018908720397,0.433809915088,-0.529937934094,0.595527943466,-0.378890232400,-0.470057918082
1403715359512142848,0.127444238046,-0.038345638125,0.430244778160,-0.530625390693,0.593878033814,-0.376670398208,-0.473143727443
1403715359562142976,0.137818747031,-0.058308174654,0.425520536648,-0.531121466863,0.592548395918,-0.375678556675,-0.475038954178
1403715359612143104,0.150510344375,-0.077804631194,0.423799213459,-0.530753420847,0.593615489881,-0.374683013165,-0.474904302021
1403715359662142976,0.163568706505,-0.094696021971,0.421029437369,-0.530034471501,0.594542734637,-0.375600796299,-0.473821102875
1403715359712142848,0.178854410985,-0.110926519813,0.422140323403,-0.529071132926,0.596394322674,-0.376502034975,-0.471851423487
1403715359762142976,0.197151327129,-0.126653342125,0.425063772352,-0.528483876225,0.598822934804,-0.376316746990,-0.469575969633
1403715359812143104,0.216005944684,-0.141015768655,0.427295412794,-0.527219318707,0.599721054307,-0.377798188142,-0.468660832628
1403715359862142976,0.234831742709,-0.155521550173,0.429828940900,-0.527395793573,0.601792803980,-0.376636929653,-0.466737315007
1403715359912143104,0.253829402432,-0.167949024456,0.430039406729,-0.526960555757,0.603843662474,-0.377653020559,-0.463749501379
1403715359962142976,0.272719234932,-0.178959550203,0.431882467265,-0.525636963368,0.606492558191,-0.379647516312,-0.460152499677
1403715360012142848,0.291892409267,-0.189736665749,0.432298319542,-0.526051437627,0.607803607361,-0.379411199581,-0.458139500024
1403715360062142976,0.311306422617,-0.199061675362,0.435316265580,-0.526510520817,0.608639314599,-0.379657537481,-0.456294872235
1403715360112143104,0.331266012937,-0.208380240982,0.437574083703,-0.526882991368,0.608928016545,-0.379325492699,-0.455755586539
1403715360162142976,0.349952370684,-0.218715290672,0.439465253330,-0.527555402794,0.609072562622,-0.378192273070,-0.455726359820
1403715360212142848,0.367837270354,-0.228075792920,0.441488035592,-0.528563969039,0.608788105280,-0.377242417566,-0.455725061734
1403715360262142976,0.385211045329,-0.238982869554,0.443417480267,-0.528176560567,0.610345956998,-0.375967795155,-0.455143439644
1403715360312143104,0.401868733082,-0.247422314007,0.445344945421,-0.525827769787,0.612474303051,-0.376917800809,-0.454217300480
1403715360362142976,0.418151921619,-0.255253541422,0.446877548573,-0.521027250921,0.616445485323,-0.379399279374,-0.452307145901
1403715360412143104,0.435126649629,-0.264480764247,0.449789306140,-0.515350355970,0.622163582530,-0.380567283121,-0.449994477958
1403715360462142976,0.451615161542,-0.272069213144,0.452029102131,-0.508411324868,0.628098678408,-0.381748624212,-0.448640126205
1403715360512142848,0.466348499496,-0.278417232898,0.451767609875,-0.499599287478,0.633587930803,-0.383376725455,-0.449432055234
1403715360562142976,0.480612320507,-0.285707628073,0.451336704329,-0.490625593549,0.639515545527,-0.383131227221,-0.451128425963
1403715360612143104,0.492956763595,-0.292326005254,0.454267880985,-0.482436968292,0.645519033885,-0.379840223352,-0.454181850409
1403715360662142976,0.502984729463,-0.297353844322,0.459166781145,-0.474765710437,0.650409580519,-0.374960489257,-0.459314194488
1403715360712142848,0.508455068889,-0.302848440154,0.462043276048,-0.467524051838,0.655673807112,-0.368037051599,-0.464824534928
1403715360762142976,0.512228456050,-0.307176872465,0.466856224623,-0.461659294173,0.660475632619,-0.358438208125,-0.471343490223
1403715360812143104,0.516271900510,-0.313099049007,0.474310308203,-0.455746472846,0.666119077611,-0.346870584274,-0.477767019263
1403715360862142976,0.518441207039,-0.318568215445,0.480563261908,-0.449153836907,0.671756071281,-0.335156028220,-0.484432707646
1403715360912143104,0.518564166809,-0.321349845306,0.485166195379,-0.441049939859,0.676707146740,-0.325536337686,-0.491496165750
1403715360962142976,0.518898499021,-0.322487813922,0.488533334880,-0.432854141107,0.682080602307,-0.316571451621,-0.497177896232
1403715361012142848,0.520518806447,-0.325268331612,0.493194364144,0.423779618272,-0.688315224326,0.307001916812,0.502377159285
1403715361112143104,0.523732237131,-0.324651348552,0.500445515250,0.404085166245,-0.699779153418,0.290929727783,0.512234524759
1403715361162142976,0.524199522248,-0.326233533257,0.501985010399,0.393737455254,-0.706261099126,0.281892989478,0.516432395067
1403715361212142848,0.524909467036,-0.326808028390,0.505327027046,0.384419584975,-0.712497063750,0.272266465841,0.520038929709
1403715361262142976,0.526279445037,-0.325981812120,0.507928623945,0.374128041369,-0.717545910567,0.264578996139,0.524551265075
1403715361312143104,0.526915387808,-0.324922900276,0.510438588763,0.363718040323,-0.722561599984,0.256838603700,0.528817409908
1403715361362142976,0.527053006875,-0.324628278593,0.515419186960,0.352994682758,-0.727304461861,0.249887063214,0.532897203351
1403715361462142976,0.531972419669,-0.329867921502,0.523600906931,0.332578017111,-0.736896705974,0.234764687366,0.539685694478
1403715361512142848,0.534938826802,-0.334331565922,0.525741793795,0.323996928564,-0.740360643775,0.228261800299,0.542944433579
1403715361562142976,0.538865883423,-0.340584571928,0.527598704248,0.317314405486,-0.744165213768,0.220926749166,0.544721097619
1403715361612143104,0.541909592508,-0.346633065021,0.529896284727,0.311766083987,-0.747630355909,0.214033934764,0.545930613327
1403715361662142976,0.545477704838,-0.351315630431,0.530147326885,0.306074605368,-0.750161234888,0.209739558012,0.547344293315
1403715361712142848,0.549968027172,-0.357138292188,0.526806759266,0.300704178245,-0.752908632795,0.205858013629,0.548021957656
1403715361762142976,0.553829421561,-0.365316172377,0.521724689778,0.295656008502,-0.756925229703,0.201008918543,0.547034858069
1403715361812143104,0.557694982765,-0.373525112633,0.517030982344,0.288480244992,-0.760834703990,0.197251160135,0.546810461932
1403715361862142976,0.560988930414,-0.381712186923,0.513252479833,0.281312247853,-0.764884674752,0.193027065461,0.546402237859
1403715361962142976,0.568971555235,-0.396636747295,0.504827874744,0.263908085444,-0.769834756464,0.184810574481,0.550955553322
1403715362012142848,0.570863299607,-0.407736510353,0.505113966214,0.253996239020,-0.773396351869,0.179599106750,0.552347856277
1403715362062142976,0.572548227793,-0.420413609604,0.505216151822,0.244638022287,-0.776524613607,0.172734997473,0.554368454336
1403715362112143104,0.571888715212,-0.434734529284,0.505659641678,0.235080515195,-0.780466216246,0.165535131403,0.555164621482
1403715362212142848,0.574680387282,-0.462471170977,0.495329299038,0.213772097474,-0.785019966796,0.148190069554,0.562214234397
1403715362262142976,0.574047780257,-0.477451072355,0.489778050324,0.202404031765,-0.787577016514,0.139002180014,0.565184434442
1403715362312143104,0.573220878260,-0.494195072584,0.485187826577,0.191159965590,-0.791305223765,0.129325747861,0.566187920516
1403715362362142976,0.574003191617,-0.510148620957,0.479069314822,0.179262306747,-0.793743938126,0.119904757027,0.568734063786
1403715362412143104,0.572946094663,-0.527810843681,0.475298388105,0.166673190753,-0.796603667722,0.109690874736,0.570622954371
1403715362462142976,0.573858504336,-0.545166079133,0.467567767550,0.154603078066,-0.798080471521,0.100573819952,0.573629110114
1403715362512142848,0.573982213720,-0.564520962284,0.460304641986,0.142144559445,-0.799818393397,0.091904041567,0.575881158702
1403715362562142976,0.570910875006,-0.585550834773,0.454987103904,0.129053302533,-0.802087417708,0.083149985536,0.577136984922
1403715362662142976,0.562041635459,-0.627950532861,0.448523484948,0.101322819099,-0.806106455817,0.068050825418,0.579046762688
1403715362712142848,0.558926696082,-0.652398039379,0.448404121014,0.087520548665,-0.808376505168,0.061095611948,0.578908374144
1403715362762142976,0.556050543229,-0.674556911557,0.447009865112,0.071920438498,-0.809877073762,0.057830853642,0.579294543638
1403715362812143104,0.551863781732,-0.697907791465,0.445349207589,0.055255165255,-0.811327404208,0.056169479044,0.579257886885
1403715362862142976,0.551076148688,-0.718538739372,0.439494743641,0.036261536247,-0.809870577548,0.060283506283,0.582375005886
1403715362962142976,0.542803278440,-0.769676358698,0.431441352426,0.002655489639,-0.805362436258,0.061986826616,0.589526867891
1403715363012142848,0.538512051190,-0.790138501401,0.433730429629,-0.012860856198,-0.802696897172,0.063414463759,0.592866675935
1403715363062142976,0.533050265319,-0.809094537271,0.435397811366,-0.025828432515,-0.802116087874,0.062966300509,0.593277269620
1403715363112143104,0.526978778384,-0.826204259027,0.438574323683,-0.037996721004,-0.801741948626,0.060344205322,0.593400938566
1403715363162142976,0.524144824427,-0.839808654992,0.442863534088,-0.047927657849,-0.802833078168,0.056706739808,0.591562620416
1403715363212142848,0.520847793074,-0.851350954330,0.447623405261,-0.057597106912,-0.803905087922,0.051548580806,0.589713427612
1403715363312143104,0.518517560041,-0.869313147112,0.457409696007,-0.075423946724,-0.803895680913,0.040403191101,0.588583506920
1403715363362142976,0.516772646411,-0.875079246182,0.460811751806,-0.082910563532,-0.803860000024,0.033981930857,0.588030753610
1403715363462142976,0.513532735756,-0.878501240690,0.467504316162,-0.097968869992,-0.801811233152,0.019243846383,0.589177835021
1403715363512142848,0.510234996177,-0.877988332580,0.472419940342,-0.104766223578,-0.801479191749,0.010284663470,0.588684439482
1403715363562142976,0.510110930164,-0.874397209693,0.478876004707,-0.110584761326,-0.801304882568,-0.000209115986,0.587946810524
1403715363612143104,0.509621672772,-0.868428374115,0.484987334944,-0.114857293253,-0.801431012702,-0.013420530303,0.586801519624
1403715363662142976,0.509115165329,-0.861154840531,0.489233072882,-0.121280363915,-0.800898266476,-0.024890866966,0.585861318766
1403715363712142848,0.511454858825,-0.850545556131,0.493344247773,-0.127176647788,-0.799520148856,-0.035714373182,0.585933541777
1403715363762142976,0.512661096595,-0.840483236722,0.497959368251,-0.135586850589,-0.798104233748,-0.045830965348,0.585273748460
1403715363812143104,0.514739002480,-0.829969985300,0.503826059608,-0.145186546869,-0.796413434860,-0.055685559678,0.584419049849
1403715363862142976,0.519042011978,-0.821175995995,0.504865321930,-0.155666090944,-0.793652090998,-0.065599838376,0.584449388561
1403715363912143104,0.521189803118,-0.812005035476,0.508580769486,-0.166534445719,-0.790539928316,-0.075674278113,0.584453850838
1403715363962142976,0.523561421432,-0.798285966440,0.514761060981,-0.177501297866,-0.787424615063,-0.085728687096,0.584043112328
1403715364012142848,0.525947648959,-0.786507487365,0.518691753802,-0.190489429598,-0.783867462571,-0.095404812901,0.583235372735
1403715364062142976,0.529900297333,-0.770395305490,0.523403884194,-0.202394423703,-0.780513904248,-0.104604910639,0.582144617085
1403715364112143104,0.530932355736,-0.756483789987,0.529696272224,-0.213670437091,-0.778199880604,-0.112990863873,0.579640366799
1403715364162142976,0.537369183557,-0.744028770153,0.531323961154,-0.222554489642,-0.775154417811,-0.120260335730,0.578915001825
1403715364212142848,0.543319466428,-0.732555366769,0.531427471776,-0.230661855314,-0.773099983532,-0.126655776400,0.577122030658
1403715364262142976,0.550651495997,-0.719608934843,0.534407527269,-0.238780112784,-0.771573674195,-0.130103173307,0.575092416332
1403715364312143104,0.558020715535,-0.707077068935,0.537129603581,-0.245543456743,-0.770727435718,-0.131507732404,0.573056146463
1403715364362142976,0.565726087324,-0.695370119700,0.537244079496,-0.250494518914,-0.770484956083,-0.132279747394,0.571058225467
1403715364412143104,0.574634882734,-0.683057805853,0.535168848106,-0.255109404783,-0.769321350866,-0.131703075778,0.570717224659
1403715364462142976,0.585348462828,-0.667865593551,0.541745659113,-0.259093478627,-0.768599567188,-0.130054006079,0.570272943558
1403715364512142848,0.594965205068,-0.654405902074,0.555607763601,-0.262838639778,-0.769320712363,-0.127400562341,0.568181826253
1403715364562142976,0.604884074833,-0.641648126117,0.567385726156,-0.264389725942,-0.769530566572,-0.126189704543,0.567447740673
1403715364612143104,0.615715905072,-0.629284548383,0.569968525515,-0.264617792926,-0.768479424898,-0.126319241697,0.568735655954
1403715364662142976,0.627234982910,-0.617461152135,0.561684477574,-0.264783399294,-0.765106808188,-0.128362326351,0.572734176295
1403715364712142848,0.638660976492,-0.601685089818,0.560100969904,-0.263781493081,-0.763378323092,-0.133359567085,0.574358847419
1403715364762142976,0.649250013300,-0.584221853393,0.566896040300,-0.263351940226,-0.763929243701,-0.139697747316,0.572313205852
1403715364812143104,0.661738439382,-0.565147354486,0.575624580889,-0.263121624132,-0.765550575715,-0.146674762309,0.568494363243
1403715364862142976,0.676354247714,-0.546965040313,0.584782699521,-0.263850761206,-0.767021992904,-0.153195325444,0.564438863363
1403715364912143104,0.691288035892,-0.532666785258,0.590156167853,-0.266699456683,-0.766828003227,-0.159600074266,0.561581721182
1403715364962142976,0.707364629163,-0.515504514927,0.594395404457,-0.269971155243,-0.766709552446,-0.165019446860,0.558605961016
1403715365012142848,0.719360605902,-0.500356353835,0.600608851962,-0.275768657569,-0.765985307793,-0.168959274500,0.555581604544
1403715365062142976,0.733623907113,-0.485975665463,0.605783292743,-0.279367849300,-0.765135698906,-0.174581770212,0.553210784915
1403715365112143104,0.745672377669,-0.472463978290,0.611187953162,-0.284744440623,-0.762315948998,-0.179754667026,0.552705398128
1403715365162142976,0.754987408276,-0.457243174090,0.619747632412,-0.290493831960,-0.758693022205,-0.184857983851,0.553015151200
1403715365212142848,0.765394150008,-0.442218570531,0.626138920165,-0.295247444762,-0.755712973227,-0.189765733187,0.552915739481
1403715365262142976,0.774111960903,-0.427586509939,0.632875201758,-0.300176805037,-0.753524872325,-0.194441428126,0.551621866439
1403715365312143104,0.782844277235,-0.416289189440,0.636972585678,-0.304281911738,-0.750555162717,-0.198712601145,0.551899237229
1403715365362142976,0.792932709586,-0.407041144495,0.637501439957,-0.308684590125,-0.746919986956,-0.202498365167,0.553008832669
1403715365412143104,0.800558017235,-0.395979556640,0.642884423007,-0.315035145834,-0.743755819435,-0.205302360243,0.552658193484
1403715365462142976,0.810697676350,-0.384872696346,0.648315933393,-0.321564360858,-0.740998651645,-0.208429131350,0.551429648541
1403715365512142848,0.821142565466,-0.376294093475,0.652329478352,-0.328282462067,-0.737028289611,-0.212241140725,0.551338030247
1403715365562142976,0.831000115970,-0.366111226742,0.658134001231,-0.335851096899,-0.733965740108,-0.216481080261,0.549212413323
1403715365612143104,0.842598850120,-0.356058956888,0.663641275904,-0.346256528551,-0.729157539297,-0.218458845639,0.548371618598
1403715365662142976,0.853240517753,-0.347823995353,0.668726254871,-0.357655021603,-0.723697225545,-0.220856898393,0.547327545162
1403715365712142848,0.863894473233,-0.338972393405,0.674918262121,-0.369337173235,-0.718402832687,-0.223309006772,0.545546065835
1403715365762142976,0.875104236759,-0.330789446258,0.680510917059,-0.380717104228,-0.713275265719,-0.226284534931,0.543220204993
1403715365812143104,0.886282753877,-0.324297056554,0.686750749004,-0.391355041159,-0.708710175212,-0.230096451939,0.540024760650
1403715365862142976,0.902146614943,-0.318585908055,0.691301464201,-0.400325986499,-0.703575417748,-0.234650026195,0.538200800149
1403715365912143104,0.917076530624,-0.311718904424,0.697319086818,-0.409305619164,-0.699835418139,-0.238467583796,0.534633060254
1403715365962142976,0.934674232222,-0.307315133257,0.698766551872,-0.416554854694,-0.695389431487,-0.241438543475,0.533500722897
1403715366012142848,0.949049512204,-0.301245871059,0.702799224362,-0.423956971136,-0.690816753226,-0.242116216701,0.533303326164
1403715366062142976,0.961976062417,-0.293768891066,0.709586115216,-0.431094762497,-0.688303177607,-0.241783845106,0.530977036875
1403715366162142976,0.990362473535,-0.282509445392,0.721005792204,-0.440297769149,-0.683584380068,-0.243008933606,0.528958342402
1403715366212142848,1.007280783977,-0.276913953421,0.725193440736,-0.444022906514,-0.682484089382,-0.243336210019,0.527111577490
1403715366262142976,1.029752362460,-0.270403088693,0.727473832114,-0.446588545746,-0.681369611827,-0.243406707009,0.526352826410
1403715366312143104,1.055246010600,-0.266822087926,0.726423112647,-0.447257817428,-0.680233560618,-0.245378464717,0.526338443221
1403715366362142976,1.078855503777,-0.264791685492,0.729350013136,-0.446414713973,-0.679815677573,-0.248951386801,0.525916109930
1403715366412143104,1.102663612645,-0.262453718249,0.734679965499,-0.445446013305,-0.681864129507,-0.252703845260,0.522283375873
1403715366462142976,1.132219938225,-0.254634477391,0.732647328229,-0.442872924259,-0.683873540370,-0.255977229171,0.520246299253
1403715366562142976,1.190527726239,-0.237851798121,0.725797402004,-0.438953057439,-0.687771568088,-0.259328174576,0.516758532940
1403715366612143104,1.213333909984,-0.228145629434,0.719675392973,-0.436462903801,-0.690852424652,-0.260480953689,0.514171891222
1403715366662142976,1.234627455006,-0.217113383037,0.717049224594,-0.434951800122,-0.694531059640,-0.260688802925,0.510377200506
1403715366712142848,1.256225079094,-0.209937414589,0.713620175277,-0.434223575733,-0.697357054513,-0.260800101198,0.507076258578
1403715366762142976,1.284439839080,-0.200758507828,0.710704837621,-0.432930218873,-0.699713147414,-0.259072290767,0.505820605630
1403715366812143104,1.310152985801,-0.193892254583,0.710995556311,-0.431847001436,-0.702710577911,-0.258209501040,0.503024715711
1403715366912143104,1.360618238888,-0.178812109927,0.710510346627,-0.430124808930,-0.706444844345,-0.255319172505,0.500739903337
1403715366962142976,1.384029342269,-0.170455148204,0.711641763039,-0.430378825703,-0.707514118272,-0.252221815846,0.500581656120
1403715367012142848,1.406549324480,-0.163269190270,0.713328333888,-0.429741988387,-0.708007618000,-0.250794172155,0.501148001577
1403715367112143104,1.451417742881,-0.142692627435,0.710268920739,-0.429922888107,-0.707618318198,-0.246563850263,0.503635675638
1403715367162142976,1.474130098187,-0.130902667916,0.711163864328,-0.429186237148,-0.708221080875,-0.245201321307,0.504081725990
1403715367212142848,1.495080248695,-0.112139671742,0.714110152177,-0.428100643840,-0.709644873234,-0.243176809620,0.503983166286
1403715367262142976,1.515942626572,-0.096412091203,0.717551985944,-0.428345342962,-0.709856551733,-0.240116455059,0.504943592032
1403715367312143104,1.536736413647,-0.080579222675,0.721021411059,-0.428380233432,-0.711184353295,-0.238138220229,0.503981526745
1403715367362142976,1.556498304276,-0.063463380275,0.723917552271,-0.428296231969,-0.712407593896,-0.235854370249,0.503398921210
1403715367462142976,1.594339410270,-0.025391109130,0.729134988101,-0.427181622606,-0.714174860242,-0.233430362359,0.502971566031
1403715367512142848,1.613270011712,-0.003705559788,0.728354243773,-0.427012368368,-0.715207667434,-0.231746084633,0.502426295054
1403715367612143104,1.651884973017,0.039381001088,0.732027346173,-0.425977085244,-0.715945371127,-0.230419452512,0.502864419414
1403715367662142976,1.668264962062,0.060962803816,0.739229676132,-0.424372302938,-0.716498942336,-0.230918299080,0.503203888379
1403715367712142848,1.686308897636,0.087018448524,0.743697680841,-0.422769370662,-0.716868486212,-0.231537853209,0.503741853768
1403715367762142976,1.703592348439,0.113105873370,0.746871000741,-0.421363023044,-0.716869317029,-0.231941209975,0.504732464013
1403715367862142976,1.737195568306,0.170259397468,0.748562764976,-0.417112246718,-0.716579309708,-0.235191954553,0.507164875607
1403715367912143104,1.759740925293,0.199209314961,0.742644425237,-0.415394131903,-0.714196020857,-0.237361278101,0.510912304246
1403715367962142976,1.779126809444,0.230243064385,0.748524038273,-0.413666825714,-0.712034440115,-0.239853393940,0.514156652013
1403715368062142976,1.810003618306,0.296888494762,0.769650402556,-0.412296801376,-0.709377543425,-0.242734224209,0.517566367587
1403715368112143104,1.821829514724,0.330979298819,0.774186631012,-0.412599093273,-0.708209017124,-0.242982947775,0.518807539831
1403715368162142976,1.835227480906,0.364657729471,0.776779699343,-0.413032927630,-0.707058075240,-0.243037023578,0.520005465453
1403715368212142848,1.853769446789,0.398109517913,0.776037631845,-0.413596309101,-0.705698180634,-0.242304887117,0.521743723132
1403715368262142976,1.872225875722,0.430874008818,0.776216257465,-0.415653315081,-0.703872739948,-0.240066207705,0.523606439550
1403715368312143104,1.893481543781,0.463314935302,0.767395441532,-0.417957898300,-0.701086113347,-0.236925081045,0.526930700276
1403715368412143104,1.929637725276,0.527197331588,0.766900576354,-0.421889036863,-0.697032315063,-0.232691122733,0.531046545731
1403715368462142976,1.946482738694,0.559577426794,0.765576989909,-0.423036067040,-0.695104719889,-0.231791414246,0.533050330319
1403715368512142848,1.967036806707,0.592660427681,0.764802081602,-0.423290939133,-0.694038643359,-0.232253230878,0.534035185282
1403715368562142976,1.988756009536,0.627212613865,0.760635576276,-0.422553910826,-0.693909925491,-0.234396853522,0.533849531993
1403715368662142976,2.036275567629,0.700084947328,0.759175441610,-0.416244942206,-0.698266810999,-0.244377829033,0.528623765472
1403715368712142848,2.062601034292,0.730336611729,0.750209748831,-0.416182159229,-0.698924928752,-0.246722044402,0.526711104036
1403715368762142976,2.088171890558,0.761932024041,0.744713580484,-0.414550513148,-0.699877137380,-0.250315420290,0.525035289277
1403715368812143104,2.115832239577,0.791914759898,0.740380838840,-0.413834723273,-0.700510366749,-0.252883397569,0.523522716914
1403715368862142976,2.145856219860,0.822983657973,0.732562145560,-0.414754034393,-0.700831505792,-0.253007823548,0.522303870048
1403715368912143104,2.175350033073,0.854873756537,0.723308526568,-0.414052010890,-0.701406983450,-0.252476549236,0.522345448847
1403715368962142976,2.203004430154,0.883638470237,0.721650206361,-0.412417729620,-0.703732565246,-0.251515286976,0.520972315315
1403715369062142976,2.256607619867,0.946235276500,0.713571183961,-0.407172331301,-0.711252502014,-0.243528293064,0.518675757559
1403715369112143104,2.280557030987,0.972819417687,0.709836969242,-0.402888901451,-0.715072633322,-0.239390570906,0.518694338434
1403715369162142976,2.305182619806,0.998452231551,0.708420598920,-0.396512830872,-0.719161025589,-0.235592980755,0.519693122570
1403715369262142976,2.355310919613,1.061398430453,0.693211499138,-0.380493580777,-0.727784339992,-0.224042533725,0.524747112934
1403715369312143104,2.378177072074,1.091278253946,0.686754062960,-0.371498660142,-0.732685945824,-0.218551949946,0.526683107267
1403715369362142976,2.396180573975,1.120751922043,0.686020659997,-0.361759641489,-0.738124473738,-0.213566956602,0.527912282587
1403715369412143104,2.417257946167,1.151324797125,0.678698862011,-0.352121386626,-0.743783868002,-0.206259768876,0.529389265593
1403715369462142976,2.436112196458,1.182658331030,0.669285556340,-0.342538322729,-0.748441169737,-0.198165895240,0.532196947444
1403715369512142848,2.454445506682,1.210640664553,0.667731015375,-0.332005933214,-0.753298847553,-0.190858038886,0.534683191786
1403715369562142976,2.473173680254,1.233599580615,0.671119044763,-0.320781748437,-0.757327131091,-0.184850591120,0.537945113692
1403715369662142976,2.511509054798,1.286007525690,0.678696531821,-0.299112049835,-0.766184920994,-0.172128190522,0.542092736081
1403715369712142848,2.527727978804,1.314497691400,0.678520022250,-0.289911061289,-0.769440027251,-0.166808949610,0.544140051214
1403715369812143104,2.561359125050,1.364830522959,0.683611631543,-0.272821390935,-0.774688505249,-0.162117194607,0.546940786280
1403715369862142976,2.571928610877,1.397379428667,0.679823763342,-0.265677235339,-0.777620721184,-0.160073101535,0.546898731734
1403715369912143104,2.584297114648,1.429648636825,0.671369474819,-0.260548755411,-0.780656537347,-0.158043627285,0.545629845798
1403715369962142976,2.598536150987,1.458686684183,0.665975415031,-0.256765992796,-0.783752711737,-0.156988826999,0.543283922076
1403715370012142848,2.609577010536,1.490525010078,0.656124687180,-0.252582359779,-0.785937612868,-0.157628014943,0.541901862991
1403715370062142976,2.621666341526,1.518932375307,0.646335026548,-0.249452004677,-0.787467884689,-0.159433560263,0.540600562160
1403715370112143104,2.634974081904,1.544959021823,0.637450907543,-0.246491908043,-0.786735766159,-0.162361919638,0.542150514680
1403715370212142848,2.653027665001,1.610915173009,0.619053559583,-0.246946061561,-0.782518249395,-0.158832586017,0.549049216065
1403715370262142976,2.654660814446,1.641801601627,0.620602135020,-0.248628106184,-0.779459642189,-0.156127732062,0.553399369620
1403715370312143104,2.655114084712,1.670659538579,0.623289862409,-0.250670055350,-0.777245298502,-0.153891451219,0.556211911548
1403715370362142976,2.658614849467,1.697601039021,0.616927389259,-0.254108226843,-0.773823117586,-0.150089529767,0.560446183674
1403715370412143104,2.659747249698,1.721555822754,0.621112190000,-0.257672715101,-0.771517152180,-0.147392767876,0.562709008069
1403715370462142976,2.660977080014,1.748007212080,0.619191989436,-0.261167561393,-0.769850393292,-0.144551046867,0.564116009056
1403715370562142976,2.665798839202,1.793132612138,0.626810799914,-0.266029719938,-0.767410547832,-0.143987057400,0.565311388960
1403715370612143104,2.669826406132,1.818773403704,0.618346508311,-0.267320310720,-0.765465451366,-0.144210849005,0.567279230425
1403715370662142976,2.670531006050,1.848333037748,0.616180027395,-0.268774152706,-0.765435763788,-0.143290493460,0.566865399222
1403715370712142848,2.674477150002,1.875232438289,0.615530104912,-0.269010558596,-0.764767891879,-0.143980102105,0.567479621760
1403715370762142976,2.678973265769,1.900307164082,0.617459679752,-0.268440903978,-0.764898329770,-0.146833798911,0.566842007692
1403715370812143104,2.684928253340,1.927016855286,0.613795228720,-0.267592166209,-0.765531471173,-0.149488503468,0.565693544738
1403715370862142976,2.689591013322,1.956725031948,0.606261485998,-0.267562269914,-0.766460970277,-0.150616410627,0.564147772849
1403715370962142976,2.698116661303,2.011841718876,0.608771636014,-0.268257994798,-0.769885280831,-0.152119238043,0.558725370825
1403715371012142848,2.698356273660,2.040543728478,0.607913782538,-0.269267231385,-0.773348609277,-0.151368305333,0.553637717982
1403715371062142976,2.699035126292,2.067267288549,0.610094934197,-0.270346915816,-0.777651715489,-0.150738782854,0.547218579591
1403715371112143104,2.699361450245,2.093423790440,0.608596085407,-0.270681427915,-0.781151703118,-0.151050204308,0.541957025119
1403715371212142848,2.700139214941,2.146213041920,0.610894556362,-0.271540223251,-0.786878349351,-0.151482506315,0.533049172929
1403715371262142976,2.698212078521,2.175680257297,0.608461385038,-0.271829539188,-0.788248871895,-0.151439383405,0.530884668017
1403715371312143104,2.695093754807,2.206327129737,0.606543455957,-0.272255832954,-0.789310679533,-0.151273786622,0.529132926662
1403715371362142976,2.689248845962,2.237514738083,0.606459967255,-0.271692260733,-0.789531557755,-0.151491718585,0.529030711743
1403715371412143104,2.677797662717,2.269688155696,0.601478851296,-0.270752920160,-0.788659199556,-0.151927959096,0.530685800097
1403715371512142848,2.658178489315,2.337696768686,0.590998035088,-0.271739786136,-0.779541518547,-0.148492073197,0.544447071523
1403715371562142976,2.641678169580,2.369798728038,0.599666192055,-0.273420007976,-0.776158494244,-0.145902635335,0.549119214792
1403715371612143104,2.627716304380,2.401182139434,0.601034334598,-0.275106548608,-0.772544014207,-0.143390722336,0.554013748723
1403715371662142976,2.613392820321,2.435926634379,0.598873538958,-0.276059123503,-0.768360744924,-0.140271935642,0.560122227788
1403715371762142976,2.581560337599,2.504233254603,0.603332237336,-0.279236332884,-0.765216862874,-0.133819616868,0.564413441825
1403715371812143104,2.565344397109,2.541173993833,0.597656728824,-0.278812728812,-0.764578395643,-0.132867601488,0.565711533950
1403715371862142976,2.557614186048,2.572924110325,0.592906560027,-0.277171467907,-0.766587253378,-0.135095296289,0.563266563234
1403715371912143104,2.550244676479,2.608806951601,0.589666537801,-0.273151884233,-0.768117426795,-0.139335844697,0.562111367237
1403715371962142976,2.543531646595,2.647424954317,0.581633704804,-0.269781390598,-0.769695151595,-0.142793334667,0.560711546584
1403715372012142848,2.537268209677,2.687522289014,0.567773160042,-0.268590119279,-0.770712255330,-0.143475596839,0.559711283093
1403715372062142976,2.525207846096,2.731135524775,0.556479241097,-0.268015142645,-0.771395236862,-0.143286132346,0.559094228317
1403715372112143104,2.511366853716,2.772816231282,0.553686527091,-0.267038813787,-0.771526756298,-0.143127712931,0.559420409029
1403715372162142976,2.494716552614,2.815958324525,0.550207441625,-0.264937632696,-0.771185264494,-0.142655129524,0.561008781240
1403715372212142848,2.482243810667,2.852368517249,0.550658238013,-0.263892907518,-0.771041797196,-0.141006670397,0.562114044693
1403715372312143104,2.448737237184,2.930406488348,0.562270311644,-0.255194265855,-0.773577040172,-0.138818654626,0.563190758733
1403715372362142976,2.437187496654,2.966240155979,0.558516698415,-0.249777636028,-0.773903424577,-0.136039006094,0.565842743868
1403715372412143104,2.430430558256,3.000207970952,0.558723671222,-0.243508616880,-0.775269859525,-0.133438229245,0.567322163672
1403715372462142976,2.423136011654,3.036929261989,0.558768183298,-0.238233170984,-0.776433882073,-0.129706850202,0.568833469499
1403715372512142848,2.415176800842,3.072916605223,0.558885048044,-0.232499746098,-0.776872258006,-0.127842307295,0.571025137162
1403715372562142976,2.407302568648,3.109141604517,0.559735917167,-0.227506711859,-0.776783421972,-0.125863266381,0.573591012468
1403715372612143104,2.399533411396,3.146319574464,0.567720627787,-0.222842415002,-0.776962831755,-0.124117427069,0.575556148821
1403715372662142976,2.388286214029,3.184455868995,0.575501374097,-0.219236630398,-0.778069931424,-0.122468017566,0.575798633534
1403715372712142848,2.371975115907,3.224392434095,0.574910214772,-0.217050036582,-0.778485595297,-0.119413656942,0.576706023959
1403715372812143104,2.348748476852,3.297160222340,0.585311731706,-0.213039404417,-0.779536952024,-0.117228857432,0.577229371723
1403715372862142976,2.337983256421,3.333016584123,0.596697943835,-0.211378452474,-0.780005030075,-0.116086278822,0.577438549767
1403715372912143104,2.325629449802,3.369408785099,0.604083408963,-0.211393761122,-0.780424495007,-0.113716904269,0.577337640411
1403715372962142976,2.316545270192,3.406362978878,0.605311807171,-0.212335143991,-0.780124941071,-0.110767463263,0.577970096136
1403715373012142848,2.309762392707,3.441375422762,0.610346083386,-0.213148908810,-0.779864758303,-0.108464745132,0.578458209808
1403715373062142976,2.302737630886,3.475512732593,0.616583145551,-0.214178131841,-0.779152504383,-0.106564169258,0.579390352514
1403715373112143104,2.290909645620,3.512545045580,0.622186607041,-0.215098466086,-0.779037216571,-0.104788220339,0.579528337498
1403715373162142976,2.279553843441,3.548516775685,0.631258990232,-0.215731648233,-0.778894276106,-0.103588169565,0.579700831227
1403715373212142848,2.270138960742,3.583890735476,0.643261473736,-0.215735254422,-0.778406606028,-0.103983222894,0.580283504029
1403715373262142976,2.264788320681,3.616667175182,0.651872479234,-0.215926965898,-0.778369725415,-0.106066816368,0.579884425054
1403715373312143104,2.251787952044,3.653716558133,0.654578238268,-0.214112736659,-0.778303465626,-0.109546142128,0.579999219085
1403715373362142976,2.239860675392,3.693298546278,0.646480548933,-0.214718479467,-0.778402814010,-0.109658318473,0.579620640511
1403715373412143104,2.232420773107,3.728763662031,0.645679078890,-0.214810521188,-0.778154506006,-0.110978917783,0.579668598923
1403715373462142976,2.222229650020,3.766834004555,0.651565484268,-0.213648780275,-0.778663316863,-0.112773364943,0.579068049385
1403715373512142848,2.210124028444,3.804430068839,0.648948556023,-0.212139480692,-0.779218707105,-0.113123946494,0.578807411804
1403715373562142976,2.203000744425,3.836930306770,0.651266987688,-0.207981092457,-0.779160130309,-0.115732094280,0.579878813953
1403715373612143104,2.190025729229,3.873331371205,0.649306618771,-0.200819418943,-0.780350796762,-0.118103750534,0.580323788137
1403715373662142976,2.179182838474,3.909650946030,0.639262519711,-0.193597510967,-0.781255893430,-0.118099265143,0.581559795980
1403715373712142848,2.175427940283,3.938503591013,0.631202193827,-0.185843577136,-0.783018068098,-0.118279932308,0.581682669058
1403715373762142976,2.165727426250,3.970629273631,0.623935816629,-0.177141648413,-0.784790421620,-0.115206543289,0.582625336657
1403715373812143104,2.155167437609,4.001469855125,0.621625108944,-0.168444561750,-0.786463538682,-0.109393483661,0.584067288652
1403715373862142976,2.148007761574,4.026444100810,0.626534747143,-0.159901521786,-0.787999791571,-0.102380853329,0.585667134716
1403715373912143104,2.136832130721,4.050493614826,0.634377131961,-0.150051341102,-0.788968435037,-0.094527658550,0.588283881573
1403715373962142976,2.127810099464,4.073303267645,0.641074071690,-0.139855928276,-0.789499568343,-0.085850363843,0.591405500432
1403715374012142848,2.113244838572,4.098482319785,0.644227445232,-0.128373636916,-0.791394843733,-0.077007288243,0.592692406072
1403715374062142976,2.097146897880,4.121872239268,0.640931820760,-0.117479327773,-0.793381130378,-0.067015270725,0.593509850799
1403715374112143104,2.083125936425,4.142466458405,0.643907931541,-0.106074203295,-0.795782862706,-0.057565453606,0.593434172736
1403715374162142976,2.067461196658,4.162858792723,0.649027748683,-0.093220057827,-0.798156393836,-0.049633692332,0.593121310006
1403715374212142848,2.058165157961,4.180461825623,0.647789756430,-0.081393569042,-0.798959201662,-0.040462706228,0.594476282456
1403715374262142976,2.048163171984,4.197537186221,0.644621848627,-0.069449826705,-0.799114498123,-0.031444238129,0.596325414811
1403715374312143104,2.037799344898,4.211226309493,0.648839547666,-0.057638447464,-0.799858569020,-0.023091541276,0.596968055813
1403715374362142976,2.024234202150,4.226602244946,0.646872257332,-0.046781541200,-0.801854747726,-0.015326355711,0.595487660471
1403715374412143104,2.014328423674,4.239942891152,0.645132843899,-0.037417702023,-0.803709908999,-0.008915863358,0.593776730037
1403715374462142976,2.005842725694,4.251455487616,0.650868516126,-0.028679949607,-0.805165385798,-0.004569234650,0.592338825419
1403715374512142848,1.990614880497,4.266296873594,0.655398238381,-0.021352699414,-0.808182647331,-0.000690464261,0.588544300830
1403715374562142976,1.979743092970,4.279015794037,0.653166232547,-0.016123939191,-0.810197309934,0.002453551016,0.585930301015
1403715374612143104,1.969073517118,4.289466654833,0.658338933098,-0.011888697623,-0.813017265279,0.003720386830,0.582106299527
1403715374662142976,1.953105709381,4.303945447398,0.657835493018,-0.008844497666,-0.814335144005,0.006005783510,0.580296457566
1403715374712142848,1.939659828309,4.313606163627,0.664959978433,-0.006947708790,-0.816243020442,0.006226962724,0.577633348983
1403715374762142976,1.923274814585,4.325712074694,0.656749078424,-0.005672475705,-0.816176844305,0.006695124695,0.577735542567
1403715374812143104,1.903901888582,4.336164863509,0.660367618979,-0.004548315763,-0.816843523823,0.005972049193,0.576810458504
1403715374862142976,1.885759562168,4.345861688119,0.661252476230,-0.004199858641,-0.816317869557,0.005012368237,0.577565903766
1403715374912143104,1.865385676081,4.355757685433,0.660846984520,-0.004076733687,-0.816082236450,0.003313191639,0.577911919200
1403715374962142976,1.848253629747,4.363536069946,0.658887585635,-0.004835422640,-0.813452031441,0.001889025019,0.581608840044
1403715375012142848,1.824477508282,4.371704300518,0.666589133625,-0.005082540930,-0.811459436726,0.000158224984,0.584386623128
1403715375062142976,1.797307781388,4.379923587375,0.671773078298,-0.004539004019,-0.808864206737,-0.002575265311,0.587972329716
1403715375112143104,1.777579327678,4.384425071600,0.667144133840,-0.007003321132,-0.807718008179,-0.003862575226,0.589514760858
1403715375162142976,1.753391762663,4.388766599094,0.668440037098,-0.008383853773,-0.806012181812,-0.005447768183,0.591814494236
1403715375212142848,1.726558379243,4.393455125679,0.672221138418,-0.009893527307,-0.804694064963,-0.006649951223,0.593570011102
1403715375262142976,1.700310000834,4.396251551025,0.674321661475,-0.012853189684,-0.804883530302,-0.006627335265,0.593256585796
1403715375312143104,1.677742678764,4.398908220335,0.660455254856,-0.016485586944,-0.804144671460,-0.006481516873,0.594169641369
1403715375362142976,1.652491746792,4.399137064708,0.663590959777,-0.019825680997,-0.803180228691,-0.005612375966,0.595379680413
1403715375412143104,1.624979378828,4.399472240499,0.667651949348,-0.021307682552,-0.804278753879,-0.007972943844,0.593816554913
1403715375462142976,1.597188216932,4.396965631200,0.675866178904,-0.024443800213,-0.805014580342,-0.008035876211,0.592696761221
1403715375512142848,1.575041456524,4.393074499695,0.675781027836,-0.027265913910,-0.805313398665,-0.008786202757,0.592156822566
1403715375562142976,1.555427211657,4.388890469999,0.670984564612,-0.030903092958,-0.804474825428,-0.008236819110,0.593125120788
1403715375612143104,1.528948281613,4.387161298905,0.670037204577,-0.033017838555,-0.803819357071,-0.008196307597,0.593899893986
1403715375662142976,1.507695846912,4.383246337149,0.672146442844,-0.034986553435,-0.802819472652,-0.009010970292,0.595126572944
1403715375712142848,1.476535501942,4.381686707686,0.671054961904,-0.036062437803,-0.802204598327,-0.009967759149,0.595875764551
1403715375762142976,1.449627394220,4.376121188155,0.669213868640,-0.038081641374,-0.802279238988,-0.010553460058,0.595639518300
1403715375812143104,1.417924228634,4.372027589274,0.671458917467,-0.038622922541,-0.802446469575,-0.011497312037,0.595361860667
1403715375862142976,1.388007546633,4.368066212821,0.673567427454,-0.038391272626,-0.802404135471,-0.013196003543,0.595398672367
1403715375912143104,1.362591993253,4.362404849382,0.673320191252,-0.037611507546,-0.802062061141,-0.015824539390,0.595845121262
1403715375962142976,1.337810607856,4.357623405270,0.669859811704,-0.037313674971,-0.800513479472,-0.016886605014,0.597913623708
1403715376012142848,1.317612029648,4.351867964315,0.661503052531,-0.036889540946,-0.799031919333,-0.018081482579,0.599883500059
1403715376062142976,1.291207896713,4.346792425488,0.655738263311,-0.037292548782,-0.797924681311,-0.016773979212,0.601368524602
1403715376112143104,1.270839239845,4.338535469748,0.653122039983,-0.038166587854,-0.797001577831,-0.015313998633,0.602575537134
1403715376162142976,1.245188183630,4.330271467085,0.653496860888,-0.039053968514,-0.796941842790,-0.012430085165,0.602664068729
1403715376212142848,1.216148455475,4.321533990013,0.652120686097,-0.040130622138,-0.796433097211,-0.009292314739,0.603322059700
1403715376262142976,1.194709520977,4.309896922722,0.655089831446,-0.041088671406,-0.796030933490,-0.007733145636,0.603810129485
1403715376312143104,1.170232210323,4.302175656404,0.646881955460,-0.040509455813,-0.791526455928,-0.006837480092,0.609752492755
1403715376362142976,1.147919855204,4.295461312341,0.647466763235,-0.039530212525,-0.785677800405,-0.006068548509,0.617341825059
1403715376412143104,1.129146817754,4.288340284486,0.641901124338,-0.037587888145,-0.782103425109,-0.008120286198,0.621960966661
1403715376462142976,1.104361822024,4.282482933107,0.633924893398,-0.034475385264,-0.782374692699,-0.010550870188,0.621763594281
1403715376512142848,1.087281777944,4.273213497551,0.627737288775,-0.032358072923,-0.785756616652,-0.013243424753,0.617546845352
1403715376562142976,1.072430917483,4.264611305501,0.618177576363,-0.030389008651,-0.788960772817,-0.014297780046,0.613525044798
1403715376612143104,1.053942170008,4.256425409673,0.604370520435,-0.028500289626,-0.791181586754,-0.014006594652,0.610756289840
1403715376662142976,1.039762749804,4.246207695796,0.593640817085,-0.026551266357,-0.792329370034,-0.013565257651,0.609364573487
1403715376712142848,1.025353150611,4.233263039818,0.595710611969,-0.024460854116,-0.793079023681,-0.013916587942,0.608468287910
1403715376762142976,1.010208718603,4.219204465633,0.594410197119,-0.022539633181,-0.793606933819,-0.014535482515,0.607839386087
1403715376812143104,0.995925039171,4.206704135881,0.581451202947,-0.021345269592,-0.792077810014,-0.013552548672,0.609896262305
1403715376862142976,0.982089493231,4.192705919461,0.578897117890,-0.019976160412,-0.790083614067,-0.012435476608,0.612547299985
1403715376912143104,0.974243414386,4.177426208950,0.575950562726,-0.018981868806,-0.786156877233,-0.011455864154,0.617629189897
1403715376962142976,0.965566495801,4.161973888123,0.571239886941,-0.017104256599,-0.781380752896,-0.011254455163,0.623718606945
1403715377012142848,0.952920366960,4.145960847388,0.567833683360,-0.016546779011,-0.778998334356,-0.008447614992,0.626750697627
1403715377062142976,0.943494698846,4.128162299797,0.568718262810,-0.014360978664,-0.779847861973,-0.007831625087,0.625755335667
1403715377112143104,0.936271742591,4.109711674596,0.569509872783,-0.011840344400,-0.782759495096,-0.007543711947,0.622165951729
1403715377162142976,0.935246558617,4.090186063440,0.566172347392,-0.009646107340,-0.786023700118,-0.008092119994,0.618068129788
1403715377212142848,0.935230500218,4.072328383312,0.558435351114,-0.007302096557,-0.788463553626,-0.008389647574,0.614980908487
1403715377262142976,0.936175059085,4.053702656644,0.553486359371,-0.005478724192,-0.790306959606,-0.007593286440,0.612639563838
1403715377312143104,0.933766395150,4.034100036262,0.547663448659,-0.004843781538,-0.791020797395,-0.004949554511,0.611750061528
1403715377362142976,0.933856921235,4.012499906298,0.547962883381,-0.003669901052,-0.791152280209,-0.003894151647,0.611595811733
1403715377412143104,0.936508305599,3.989644581156,0.548267552907,-0.003758866985,-0.790497037873,-0.001476435362,0.612452548506
1403715377462142976,0.936112276457,3.968425755210,0.542282074421,-0.002632364163,-0.789096431840,-0.000006335314,0.614263698973
1403715377512142848,0.940456852236,3.946519606286,0.532818368754,-0.002314977752,-0.788558130223,0.001737100239,0.614953411747
1403715377562142976,0.944662619273,3.922666247410,0.529702066470,-0.001758188825,-0.787884656690,0.003302886674,0.615811470715
1403715377612143104,0.949947088113,3.899003640252,0.526181065250,-0.001073964001,-0.788211136507,0.003897623267,0.615391630932
1403715377662142976,0.960317774299,3.873686716170,0.519208825815,-0.001136094800,-0.789668710399,0.004466949931,0.613516163980
1403715377712142848,0.966508936033,3.848260998276,0.515426854402,-0.000911219521,-0.791070345121,0.005086122084,0.611703367746
1403715377762142976,0.970605803772,3.822480559634,0.513955921717,0.000359398729,-0.790792974045,0.005068822677,0.612062619402
1403715377812143104,0.979826190715,3.794955892443,0.509602483980,0.000037547020,-0.791477529457,0.005347317789,0.611174872805
1403715377862142976,0.986199342547,3.767779632358,0.503009167183,0.000079920745,-0.791576567812,0.005952628159,0.611040994633
1403715377912143104,0.995802917696,3.739601888461,0.497686202092,-0.000047530911,-0.792475229161,0.006286119557,0.609871702581
1403715377962142976,1.006582783960,3.711216833286,0.489848176372,-0.000339796094,-0.791687145319,0.006977487146,0.610886784232
1403715378012142848,1.016761460788,3.683269595805,0.483285078214,-0.001443247193,-0.791846684224,0.009472721754,0.610644752097
1403715378062142976,1.030208752000,3.653735900419,0.476368139232,-0.003211845240,-0.790731258572,0.012707124076,0.612023112117
1403715378112143104,1.040739848584,3.625087353292,0.472089229165,-0.004378668728,-0.790710175364,0.015661087595,0.611974653209
1403715378162142976,1.053107692273,3.596504113352,0.466799785804,-0.005631957728,-0.790073818025,0.019171091423,0.612685981868
1403715378212142848,1.064049100803,3.568333853995,0.458933242296,-0.007317132860,-0.788936435469,0.023085175711,0.613997422648
1403715378262142976,1.076227698475,3.540106897376,0.453505404347,-0.008709530476,-0.789910899216,0.026247764311,0.612597723019
1403715378312143104,1.089392570003,3.512087978132,0.449120171970,-0.010834704671,-0.791923555341,0.029951460580,0.609788981271
1403715378362142976,1.101291146840,3.485478353824,0.445776218003,-0.011630062866,-0.793663656998,0.032572881555,0.607372825030
1403715378412143104,1.116900643449,3.460771067038,0.444133377947,-0.012171336745,-0.796755270636,0.033584599668,0.603245366282
1403715378462142976,1.130813394901,3.437883005534,0.435915902391,-0.011774475163,-0.798581409546,0.033274437584,0.600850984742
1403715378512142848,1.145065080336,3.414368519334,0.432636833313,-0.010169367910,-0.801005649167,0.030786972977,0.597778132967
1403715378562142976,1.156744470370,3.393150631842,0.434343006538,-0.006742846282,-0.802230734861,0.026721989548,0.596377663350
1403715378612143104,1.170039905479,3.372533325813,0.430997152489,-0.005536432021,-0.803093253699,0.025161704401,0.595296113220
1403715378662142976,1.183840571475,3.351974567601,0.426357482209,-0.004406240154,-0.804235901076,0.023401537859,0.593832946622
1403715378712142848,1.196382034691,3.331369561875,0.423275032044,-0.003540948673,-0.805643308758,0.022050067379,0.591979826737
1403715378762142976,1.205899304873,3.311974649593,0.419132251825,-0.003171087410,-0.807472646823,0.021955083355,0.589487780324
1403715378812143104,1.216607885939,3.292237667585,0.414542061069,-0.002967488127,-0.809159545264,0.022035759388,0.587168161288
1403715378862142976,1.225902020783,3.271988151295,0.418544102237,-0.002780615232,-0.811284178008,0.021868426338,0.584236272943
1403715378912143104,1.236610133599,3.251996161837,0.415561858292,-0.003296491924,-0.811984861810,0.022440089654,0.583237652856
1403715378962142976,1.243889282185,3.233731423724,0.412867142651,-0.003957425863,-0.812821698149,0.023504448687,0.582024713127
1403715379012142848,1.250062680551,3.216253012990,0.417142933497,-0.003759914714,-0.813105659623,0.023588550778,0.581625850184
1403715379062142976,1.254209595499,3.198539235500,0.419459415778,-0.003564997310,-0.813347270084,0.022888242828,0.581317157309
1403715379112143104,1.261964922473,3.179826018837,0.416293750903,-0.003022721608,-0.811568940078,0.021718697466,0.583845028098
1403715379162142976,1.261544725594,3.162959070334,0.424034755273,0.000014952590,-0.809972458627,0.017668059110,0.586201719316
1403715379212142848,1.265126484198,3.145003064405,0.431125914357,0.001972810391,-0.809210559034,0.013851663372,0.587352118059
1403715379262142976,1.264484627657,3.129252210259,0.435233384677,0.004461967674,-0.808179107168,0.010935530609,0.588818338499
1403715379312143104,1.265318714487,3.111378006482,0.438938402042,0.005999585712,-0.807325091351,0.008076027881,0.590021168790
1403715379362142976,1.266037982512,3.091063535023,0.447850809262,0.007646904206,-0.806978181475,0.004731131124,0.590512790614
1403715379412143104,1.261365308817,3.073730346375,0.449005469759,0.008817735156,-0.807029976548,0.003608807888,0.590433604230
1403715379462142976,1.262496457089,3.053327903078,0.450995368361,0.009621688083,-0.807142645321,0.001825535549,0.590275224487
1403715379512142848,1.261352990131,3.033008262619,0.453919394055,0.010145777512,-0.807887276434,0.000496105649,0.589249493554
1403715379562142976,1.259353224977,3.011314039106,0.458069081199,0.010327145489,-0.808082956888,0.000176329862,0.588978143704
1403715379612143104,1.257392929406,2.986783470524,0.468148670015,0.010902562148,-0.809417678547,-0.001563698837,0.587130062798
1403715379662142976,1.247749295098,2.965609059558,0.470948026860,0.011830650160,-0.810605484834,-0.001369793923,0.585471525643
1403715379712142848,1.242987689997,2.941316514849,0.469907258343,0.012224523261,-0.809694994218,-0.001805087424,0.586720818642
1403715379762142976,1.238467332632,2.915191403742,0.473223014400,0.012164672318,-0.809446776858,-0.002168858941,0.587063226776
1403715379812143104,1.233348718635,2.888662640410,0.476643643634,0.012716745300,-0.807414472119,-0.002590446617,0.589841880666
1403715379862142976,1.225691365610,2.860935000570,0.484277686837,0.013870136443,-0.805342117029,-0.003868740306,0.592635407904
1403715379912143104,1.219288766496,2.831118234589,0.491358206234,0.014397616733,-0.802721227984,-0.004779008756,0.596161471291
1403715379962142976,1.211326367171,2.802504835200,0.496091186085,0.013974435344,-0.801341703889,-0.004710539164,0.598025082740
1403715380012142848,1.202676509365,2.773765306656,0.502255163317,0.015186768023,-0.799802781861,-0.005839983481,0.600042304173
1403715380062142976,1.196430352589,2.741113036064,0.510269319779,0.013918188422,-0.798360616981,-0.005200514534,0.601996315548
1403715380112143104,1.186952159298,2.709496100854,0.512645052552,0.011433808533,-0.796455494594,-0.001014820478,0.604588193147
1403715380162142976,1.177169015203,2.674695824405,0.523868350716,0.008705389446,-0.795310817022,0.003570120553,0.606128843367
1403715380212142848,1.172349819161,2.637218589805,0.528833969889,0.005639947190,-0.794351380240,0.006449446714,0.607398123428
1403715380262142976,1.161412640392,2.601412148081,0.533986108424,0.003869366317,-0.794530460246,0.010116065498,0.607127697412
1403715380312143104,1.151738332652,2.564635952268,0.543020742581,0.002622688130,-0.795810813801,0.012118374474,0.605418380251
1403715380362142976,1.146644807667,2.526918512208,0.549312560229,0.001131391173,-0.796711183316,0.012274171079,0.604234519915
1403715380412143104,1.144868679799,2.490204336743,0.546689923727,0.000120203708,-0.797150384135,0.011737285502,0.603666701710
1403715380462142976,1.140760193049,2.456736030187,0.543696602473,0.001107138587,-0.796328384049,0.010765254896,0.604767714324
1403715380512142848,1.133638390322,2.423814731665,0.544492814426,0.002852261675,-0.795656224870,0.009625209958,0.605665247279
1403715380562142976,1.130340741782,2.388697204581,0.546678452468,0.003491954365,-0.796009100140,0.008436316255,0.605215785747
1403715380612143104,1.129197688061,2.352215728132,0.549515216840,0.004885978971,-0.795273733480,0.006580084285,0.606195115897
1403715380662142976,1.122698768966,2.315772103220,0.553543434018,0.006311979497,-0.795054744520,0.006068750438,0.606474469701
1403715380712142848,1.118631003594,2.277667857170,0.557397123534,0.006722052653,-0.794475775237,0.005662727706,0.607232237356
1403715380762142976,1.113740645757,2.240952701126,0.562517896956,0.006906665534,-0.794448034663,0.005671705215,0.607266374791
1403715380812143104,1.108627736201,2.204745955697,0.568196909547,0.007566722027,-0.793965804713,0.005852715247,0.607887153499
1403715380862142976,1.103789359952,2.169186996146,0.571091012681,0.008046593403,-0.793275146987,0.006215107150,0.608778421061
1403715380912143104,1.099222759703,2.132681525365,0.577826260747,0.008635931862,-0.793656928838,0.005796891727,0.608276660768
1403715380962142976,1.096216173963,2.095537412691,0.584013533137,0.009200325210,-0.793625657179,0.005199458177,0.608314586310
1403715381012142848,1.094174265604,2.057738484741,0.589753723876,0.010143281580,-0.793712949535,0.003794896280,0.608196075573
1403715381062142976,1.091341475644,2.022156473274,0.589661265066,0.009553974417,-0.793086124233,0.004409101237,0.609018621183
1403715381112143104,1.092278050184,1.983881987276,0.589979195230,0.007430896019,-0.792896284802,0.005465414689,0.609286790086
1403715381162142976,1.091164036649,1.948347218850,0.587992097307,0.004796451939,-0.792045626315,0.008153673901,0.610388595474
1403715381212142848,1.090142335066,1.911814642142,0.592213793173,0.003816882154,-0.791087658855,0.009226312458,0.611621306510
1403715381262142976,1.088985333347,1.875977492570,0.596394528122,0.001555838046,-0.790923232083,0.010745726228,0.611819049791
1403715381312143104,1.091310637763,1.840586314509,0.593503869463,-0.001576910077,-0.789972541293,0.012338335321,0.613016037995
1403715381362142976,1.094427997487,1.804689385359,0.592348930976,-0.003670067303,-0.789013828767,0.013141835881,0.614223901171
1403715381412143104,1.096859620678,1.769724516833,0.597586393555,-0.005665342581,-0.788458947588,0.013605606814,0.614910789730
1403715381462142976,1.101076049720,1.736357240274,0.598898934577,-0.007849781456,-0.787650339447,0.013595376989,0.615922470304
1403715381512142848,1.103192252575,1.702731750595,0.603177713656,-0.008144433307,-0.785318856829,0.012272379773,0.618916270597
1403715381562142976,1.104965927828,1.669786219555,0.605681831401,-0.007935790827,-0.785843081386,0.009177145337,0.618306925940
1403715381612143104,1.105016966853,1.640950397190,0.602762875180,-0.008253053494,-0.786830799849,0.008520128816,0.617054768171
1403715381662142976,1.107165688954,1.612115183084,0.598586008050,-0.007427362057,-0.788492888419,0.006796815301,0.614961464245
1403715381762142976,1.118757965526,1.551174300009,0.582594412699,-0.006158288841,-0.793712973786,0.003109992644,0.608253334285
1403715381812143104,1.124232785503,1.517448236968,0.583153105603,-0.003903909906,-0.796627394286,0.000158619085,0.604458045691
1403715381862142976,1.131172152586,1.484252315271,0.580868824541,-0.002351558214,-0.799570492668,-0.002933474030,0.600560481683
1403715381962142976,1.155435096456,1.418247753326,0.558175233565,-0.010204766342,-0.803411478952,-0.007924615632,0.595284015155
1403715382012142848,1.159258996859,1.385959481087,0.558059573816,-0.014463507904,-0.804622032490,-0.010487824137,0.593518489447
1403715382062142976,1.160189921272,1.353307061963,0.558218341769,-0.019194458575,-0.805440757012,-0.014280233001,0.592193240969
1403715382112143104,1.163130624299,1.319532009474,0.559142802349,-0.027258078589,-0.806187032697,-0.017301320156,0.590779256393
1403715382162142976,1.163224377263,1.286654760761,0.560413035859,-0.035399377231,-0.806100217047,-0.020459111525,0.590364928602
1403715382262142976,1.162633423060,1.217002947444,0.568431181959,-0.053482281586,-0.805362820357,-0.030388000103,0.589582006673
1403715382312143104,1.159495811321,1.186175179297,0.564768935225,-0.064340179834,-0.803979732684,-0.033365444262,0.590223413481
1403715382362142976,1.154733472480,1.153909990726,0.565859357061,-0.074066896329,-0.803053590337,-0.038618516282,0.590023419972
1403715382412143104,1.147376820034,1.120621910891,0.568653306216,-0.083896202050,-0.801780417379,-0.044082297165,0.590056218224
1403715382462142976,1.142455035552,1.083415204928,0.570404452569,-0.094516746805,-0.801234185841,-0.049517531788,0.588760034359
1403715382562142976,1.127925992365,1.014448381912,0.577526435018,-0.110278260280,-0.800142225095,-0.058885929176,0.586637513524
1403715382612143104,1.122222583710,0.978304858118,0.574237302639,-0.119711049654,-0.798587141579,-0.061473975508,0.586641962556
1403715382662142976,1.114580367356,0.944557556664,0.572987128247,-0.128636219346,-0.798363811211,-0.065430140044,0.584625388428
1403715382712142848,1.106719733893,0.910418647783,0.574101790657,-0.137915419907,-0.797718425212,-0.068700967532,0.583013574532
1403715382812143104,1.091711674071,0.853353885628,0.572337693860,-0.154130263103,-0.796307636632,-0.076042325352,0.579961700970
1403715382862142976,1.081096358549,0.822981830844,0.571303215565,-0.161870365973,-0.795080794910,-0.079918706069,0.579014261141
1403715382912143104,1.070672813267,0.789597544169,0.572885327009,-0.169494771323,-0.793746665503,-0.085492535148,0.577865710984
1403715382962142976,1.059560057993,0.757801567209,0.575497785446,-0.177244506542,-0.792480105177,-0.090218045213,0.576559079468
1403715383012142848,1.045178845423,0.728097550622,0.576717704105,-0.185314029861,-0.791266409472,-0.093979257313,0.575086149001
1403715383062142976,1.030973576513,0.701284406649,0.575123187172,-0.192868157600,-0.790070562248,-0.094874274596,0.574098643504
1403715383162142976,1.002243348823,0.644836102033,0.574785861247,-0.204272505601,-0.787919496833,-0.096055914125,0.572912621023
1403715383212142848,0.981389645840,0.618271895305,0.573531847187,-0.208446493952,-0.787724002114,-0.095461990127,0.571776148587
1403715383312143104,0.939700799177,0.568334060925,0.573081688738,-0.213863681674,-0.788555314650,-0.095273060542,0.568652693068
1403715383362142976,0.920181826104,0.538826283184,0.570552430137,-0.214899408371,-0.786817198865,-0.095712310116,0.570592756301
1403715383412143104,0.900078493341,0.513133865548,0.566049169551,-0.215643677496,-0.784945765795,-0.096369538432,0.572774703682
1403715383462142976,0.876185550699,0.490386869007,0.564670645920,-0.217398230883,-0.783860945816,-0.096494770383,0.573575440655
1403715383562142976,0.832217871621,0.445154498114,0.563435724537,-0.222168969516,-0.777954571865,-0.101552771482,0.578890894472
1403715383612143104,0.807324579013,0.426901059929,0.561786360259,-0.224843811219,-0.775389347790,-0.104909742316,0.580698343254
1403715383662142976,0.781582658668,0.410018649209,0.562235056381,-0.229739342707,-0.774105799006,-0.108296917065,0.579872248096
1403715383712142848,0.759581190922,0.393292005534,0.560988093772,-0.235352775247,-0.771835462674,-0.113039537456,0.579742315787
1403715383762142976,0.737930736651,0.379555568439,0.560839025413,-0.243480212507,-0.769381541845,-0.118266368938,0.578603919070
1403715383812143104,0.714930740650,0.365731210906,0.562057124254,-0.252937234074,-0.767122419285,-0.124057518459,0.576329490450
1403715383862142976,0.694544896447,0.352530508280,0.561431037891,-0.262866203714,-0.764395179781,-0.130071744156,0.574180032259
1403715383962142976,0.661174397233,0.330075059347,0.554255097338,-0.284326558850,-0.755992590475,-0.144484492018,0.571627363451
1403715384012142848,0.641568562900,0.319783399292,0.551348661466,-0.296142377373,-0.751532088475,-0.151973006756,0.569564234774
1403715384062142976,0.620395226493,0.308307009227,0.548577556978,-0.307543169751,-0.747294561138,-0.158947065252,0.567189446377
1403715384112143104,0.599928942149,0.299550156564,0.547257860349,-0.319515096887,-0.743346169728,-0.166671004194,0.563531144812
1403715384162142976,0.580892207025,0.289915727531,0.548209590186,-0.331965614745,-0.738571226773,-0.175019687824,0.560070962008
1403715384212142848,0.562375524523,0.282967553144,0.548298535181,-0.343668916723,-0.734866957353,-0.181270161611,0.555880705889
1403715384262142976,0.545566788107,0.274452720359,0.545709982832,-0.355049773585,-0.728632111752,-0.188080301580,0.554671708454
1403715384312143104,0.528477575148,0.267018455259,0.543829848549,-0.367414355758,-0.722575796225,-0.194080247395,0.552470603258
1403715384362142976,0.511684608354,0.260192741858,0.543617304915,-0.379496212479,-0.716975343172,-0.200103775724,0.549442864125
1403715384462142976,0.480831132535,0.247938773412,0.541055119161,-0.402113107978,-0.706869106828,-0.212379681364,0.541789613363
1403715384512142848,0.465646502844,0.240728037523,0.542593272327,-0.412744056508,-0.702213304051,-0.218302308672,0.537478298594
1403715384562142976,0.453093056577,0.236131027882,0.541280743368,-0.423664413456,-0.698302941044,-0.223425009721,0.531942414489
1403715384612143104,0.442387474394,0.232097229719,0.539772750258,-0.434459708279,-0.693644324663,-0.228014432121,0.527362997839
1403715384662142976,0.433392682688,0.229927891529,0.540663462227,-0.444292106802,-0.689644506726,-0.232911656038,0.522251987702
1403715384712142848,0.426991892020,0.229220440662,0.539549298846,-0.454543261792,-0.684917453392,-0.237586645174,0.517524000636
1403715384812143104,0.410503331125,0.232395216800,0.546770200400,-0.471667591565,-0.676986719720,-0.248084858460,0.507614585480
1403715384862142976,0.400024190568,0.236550122824,0.548268687309,-0.480539510508,-0.673044472994,-0.252409425875,0.502376749007
1403715384912143104,0.392296915627,0.239642280483,0.551330077517,0.488235501718,0.668133986478,0.256601819600,-0.499378190506
1403715384962142976,0.385877535185,0.243174961358,0.556164534336,0.493490938352,0.663399402905,0.262165044692,-0.497631806993
1403715385012142848,0.378372187638,0.250623944648,0.559528443674,0.496973065734,0.660493147115,0.267050034511,-0.495429968428
1403715385112143104,0.364510036029,0.266562508837,0.566866644864,0.502317472926,0.657458781664,0.278822068256,-0.487527805423
1403715385162142976,0.361559933493,0.275356771375,0.572709874357,0.505356409479,0.655124925552,0.283700310628,-0.484706473104
1403715385212142848,0.358627657883,0.284756994762,0.578903541458,0.507903264740,0.652781368388,0.289049851471,-0.482038320174
1403715385262142976,0.354653118254,0.294977176755,0.582970475539,0.510318679035,0.650594951538,0.294097282963,-0.479382772965
1403715385362142976,0.347232679904,0.321336953527,0.588237512234,0.515592467609,0.647855579723,0.296615496126,-0.475885283051
1403715385412143104,0.342973564911,0.332280352033,0.596113109029,0.517252201516,0.646297088651,0.298320362507,-0.475137027121
1403715385462142976,0.337394019349,0.344158345674,0.601911449619,0.518721216433,0.643621855111,0.299271157744,-0.476566869797
1403715385512142848,0.330044909509,0.359540048003,0.605917808267,0.520538509816,0.641348319920,0.298429038861,-0.478175805639
1403715385562142976,0.324124175248,0.373807468652,0.609612405127,0.522609587638,0.638138838729,0.296341749751,-0.481497257280
1403715385662142976,0.312888717324,0.399972281034,0.621736162725,0.526281075715,0.632957934695,0.290619370944,-0.487783623632
1403715385712142848,0.307442651024,0.416091771190,0.622285756101,0.527660613985,0.631241567917,0.287617354241,-0.490290339413
1403715385762142976,0.306026043365,0.432967614071,0.622847248046,0.528614651238,0.629254563318,0.285792923692,-0.492876911416
1403715385862142976,0.301915672110,0.470772641367,0.636348667130,0.526558966169,0.628581945553,0.284369372254,-0.496743850486
1403715385912143104,0.299175538937,0.488367361426,0.646683554134,0.523525582203,0.628413385236,0.288513184053,-0.497772764084
1403715385962142976,0.302908467064,0.508165560725,0.654513662307,0.520189667245,0.628264963003,0.293643155031,-0.498457163513
1403715386012142848,0.309940857569,0.527514997217,0.660280706835,0.517169030256,0.628554003291,0.298346021293,-0.498443287315
1403715386062142976,0.317289484239,0.544838177948,0.666870620892,0.513771204471,0.629690826621,0.302807662114,-0.497831429392
1403715386162142976,0.330386696916,0.582825027849,0.676321362308,0.511415678875,0.634196256805,0.306800116729,-0.492059752093
1403715386212142848,0.338023358611,0.597157094466,0.679918721980,0.511008288128,0.636150172579,0.307664977681,-0.489413678701
1403715386262142976,0.349264284944,0.607509213753,0.682814470775,0.510867257154,0.635735442959,0.308132289580,-0.489805659677
1403715386312143104,0.359620149574,0.618400879594,0.684862822364,0.511103586612,0.634800614966,0.308131760249,-0.490770945877
1403715386412143104,0.376777746618,0.643583777070,0.684302367205,0.510724281431,0.632892851075,0.309617947062,-0.492690647640
1403715386462142976,0.384215626799,0.656495345181,0.683799450574,0.511000638312,0.631633278975,0.309803078238,-0.493902623247
1403715386512142848,0.394610262604,0.667590515774,0.683473153132,0.511654898125,0.629419891276,0.309655500656,-0.496138424842
1403715386562142976,0.403441182051,0.675404408170,0.686194134622,0.511706934186,0.626989444797,0.309948395381,-0.498971183356
1403715386662142976,0.419710318976,0.693830260115,0.689101442670,-0.513624974877,-0.624991950978,-0.308632138521,0.500320546717
1403715386712142848,0.431662630639,0.702423566596,0.685798998161,-0.515681327751,-0.623792893364,-0.305626579067,0.501545200919
1403715386812143104,0.463491451961,0.720770447018,0.673273018145,-0.523213755572,-0.624647510341,-0.291590393795,0.501036821054
1403715386862142976,0.481038656170,0.724029394029,0.669710168454,-0.526211762754,-0.624334688531,-0.285336380751,0.501886966613
1403715386912143104,0.500104018896,0.727584135177,0.663549181706,-0.529008202313,-0.624093049257,-0.279779802428,0.502375805456
1403715387012142848,0.544797230319,0.736449849182,0.649617150622,0.533505271388,0.625173722262,0.273199651667,-0.499891881033
1403715387062142976,0.568810536042,0.737131350269,0.647185883764,0.532266299216,0.625578412548,0.274572265696,-0.499954305296
1403715387162142976,0.624376012245,0.752278868149,0.629144036504,0.528234145043,0.630782586490,0.279057894071,-0.495185529219
1403715387212142848,0.655332117018,0.758265573904,0.623391687382,0.525101530017,0.633342027851,0.283351986779,-0.492806159174
1403715387262142976,0.686505680416,0.763238330709,0.621928290033,0.521480731201,0.635455560455,0.287403291353,-0.491582572711
1403715387312143104,0.720731677604,0.771199055517,0.614979420190,0.518632293924,0.637186991037,0.290463841177,-0.490554827844
1403715387412143104,0.792594471599,0.790350417996,0.592680224464,0.515118857124,0.639725781249,0.292549935068,-0.489712184178
1403715387462142976,0.824980599866,0.802342090723,0.579119207576,0.513606486346,0.641515723827,0.292734311139,-0.488848214017
1403715387512142848,0.861016900024,0.811623132260,0.564970286068,0.513601586943,0.643536676187,0.291619605195,-0.486859283734
1403715387612143104,0.938293547276,0.826380071633,0.543753960588,0.514861942057,0.645444851272,0.286755617200,-0.485890255708
1403715387662142976,0.971554792353,0.834175270219,0.547548548264,0.514234592026,0.647507461577,0.285093728062,-0.484787002493
1403715387712142848,1.006500624694,0.844692033270,0.549534176309,0.513658362531,0.649633617762,0.283447095737,-0.483517314264
1403715387762142976,1.042973040400,0.856462839274,0.551911938074,0.513727768772,0.651065438366,0.281119477207,-0.482876189196
1403715387812143104,1.080382899297,0.868711936144,0.560404461733,0.512889841361,0.652601570097,0.279997457902,-0.482344923166
1403715387912143104,1.149878572103,0.901652252184,0.575962064334,0.510193100821,0.655638013100,0.277819762712,-0.482346322781
1403715387962142976,1.185236504828,0.918304452359,0.580503746447,0.509004150793,0.656379865837,0.277411057339,-0.482828490734
1403715388012142848,1.222725790865,0.934595871221,0.582266872862,0.508348962627,0.656274905607,0.277202187024,-0.483780454314
1403715388062142976,1.260472696150,0.952514824916,0.579482569054,0.507178133612,0.656495638362,0.277566916337,-0.484500180137
1403715388162142976,1.335145010448,0.993608269206,0.559352536626,0.503868531066,0.656080870202,0.278129445377,-0.488178662757
1403715388212142848,1.366503986498,1.016031593243,0.544959193965,0.501927032627,0.655795578793,0.279322970974,-0.489877628230
1403715388262142976,1.400124137021,1.038402019078,0.531324952314,0.500006935666,0.654968404500,0.281501106025,-0.491697651713
1403715388312143104,1.434917116728,1.059711832564,0.518258782206,0.497902049036,0.654285580660,0.283776003348,-0.493431969405
1403715388362142976,1.470117623239,1.083082617020,0.503614213648,0.495301951252,0.654092340654,0.285825300406,-0.495119263038
1403715388462142976,1.540915543589,1.128325167983,0.478689689635,0.492994682634,0.655385810086,0.288663336775,-0.494063923834
1403715388512142848,1.575922440427,1.152446989709,0.457935010579,0.493072581509,0.654889704004,0.287796940352,-0.495148286958
1403715388562142976,1.611949047000,1.173635129206,0.443049955661,0.493304147624,0.654318013604,0.287976614696,-0.495568788765
1403715388612143104,1.649037124260,1.195947967851,0.427474409054,0.492446638370,0.653627746152,0.288237512183,-0.497178252127
1403715388662142976,1.684873094011,1.219500444680,0.412624432736,0.492397256344,0.653945375088,0.288183146123,-0.496840882614
1403715388712142848,1.721492299437,1.242944970209,0.398470253600,0.492127610929,0.653632692698,0.288426848374,-0.497377794775
1403715388762142976,1.758636773921,1.267053050801,0.383239594846,0.491506968742,0.653286318199,0.288794858843,-0.498232290842
1403715388862142976,1.826347528436,1.318207318975,0.358214186735,0.489687384540,0.654646215688,0.289036521530,-0.498098872644
1403715388912143104,1.853558581430,1.345266443161,0.351059112795,0.487551023097,0.656353586160,0.291079050161,-0.496756435659
1403715388962142976,1.884400655566,1.370586747004,0.343976135602,0.486365978455,0.656521802256,0.291424187193,-0.497492915812
1403715389012142848,1.917860716855,1.396951557312,0.334313520621,0.485292285174,0.656319819168,0.291101266325,-0.498994735105
1403715389062142976,1.950308044328,1.422767240485,0.327623920503,0.484529331294,0.656482205698,0.291068530511,-0.499541340895
1403715389112143104,1.981107268514,1.449766432365,0.326876781103,0.482934931373,0.657459476814,0.291489525427,-0.499554546546
1403715389162142976,2.011310901123,1.474508136146,0.327219226046,0.481977280612,0.658364956915,0.291621891228,-0.499209532198
1403715389212142848,2.043503201331,1.497825288601,0.332203506201,0.480411539711,0.659114909174,0.292768406786,-0.499058061758
1403715389262142976,2.075371739016,1.520553877283,0.335430610399,0.478250455026,0.659642599463,0.294674586979,-0.499314561203
1403715389362142976,2.134455582398,1.567891330994,0.347540593671,0.475034355999,0.662708920607,0.296031784538,-0.497518270731
1403715389412143104,2.163389315717,1.591317363839,0.346335638299,0.474230784129,0.663513205874,0.296250834155,-0.497082319417
1403715389462142976,2.193067309287,1.613487761205,0.344348092440,0.473909860434,0.663993116587,0.295877044112,-0.496970180269
1403715389512142848,2.223652043673,1.635262000182,0.343278788976,0.473881834538,0.663410495113,0.294776126484,-0.498427083056
1403715389562142976,2.251414257054,1.661384414040,0.339411966861,-0.473904559419,-0.662435754295,-0.292252084219,0.501180665293
1403715389662142976,2.309803174236,1.704443954891,0.342304045868,-0.473985422396,-0.662691867594,-0.286483640034,0.504087722499
1403715389712142848,2.331396748720,1.728196776666,0.347373880212,-0.471161828776,-0.663718176079,-0.283339137270,0.507152489038
1403715389762142976,2.357145300697,1.749016106935,0.351404935139,-0.468590148951,-0.665818427885,-0.279480016873,0.508920439325
1403715389812143104,2.384663301662,1.768629006831,0.350460575565,-0.464909163319,-0.667868250342,-0.275010392115,0.512035891589
1403715389862142976,2.408368619661,1.791548964216,0.351433583963,-0.460239064273,-0.672257090316,-0.269644401620,0.513363716007
1403715389912143104,2.431386745960,1.812214161515,0.355266975703,-0.454772681843,-0.678000792577,-0.264825870897,0.513190014729
1403715390012142848,2.474309798301,1.857403342612,0.351811820094,-0.441711618145,-0.690102733283,-0.254973663392,0.513456419657
1403715390062142976,2.495999848630,1.877579956022,0.337735643624,-0.435686006844,-0.695879817996,-0.249471833141,0.513510259698
1403715390112143104,2.519633901135,1.897036029216,0.325439563536,-0.429003594915,-0.700780143774,-0.244184136571,0.515011857231
1403715390212142848,2.561946400365,1.942487193970,0.304294450158,-0.413352843271,-0.712346351696,-0.235143872669,0.516148681419
1403715390262142976,2.577847860658,1.966503865337,0.294818159493,-0.405201243216,-0.717709011496,-0.230391798286,0.517325184575
1403715390312143104,2.592317609134,1.993916702461,0.286943745560,-0.395993904848,-0.722029614657,-0.226230282907,0.520271008204
1403715390362142976,2.607340295734,2.019331451689,0.286754458176,-0.386896868218,-0.727114532228,-0.222449967609,0.521662038389
1403715390412143104,2.620035855576,2.047933476698,0.287463111834,-0.376157560756,-0.731699392871,-0.220196744305,0.524056181870
1403715390462142976,2.633955184469,2.075607196031,0.287485958704,-0.364499242249,-0.735932167346,-0.219041940540,0.526844166476
1403715390512142848,2.646559823185,2.103571690408,0.288995429005,-0.353251053396,-0.739900459971,-0.217320941791,0.529653293078
1403715390612143104,2.669101216669,2.159376095226,0.276299567599,-0.332147506184,-0.746970518764,-0.211917552306,0.535540875432
1403715390662142976,2.673794062187,2.188123836511,0.267434673707,-0.323484293992,-0.750253690629,-0.206744379691,0.538269516789
1403715390712142848,2.679014648670,2.215623505539,0.263103076412,-0.315875267420,-0.752911201333,-0.199609210279,0.541759819026
1403715390762142976,2.686695293118,2.238439450387,0.254998819951,-0.311958147621,-0.754170435445,-0.189274923552,0.545970760891
1403715390862142976,2.695728289289,2.283050858070,0.249265968508,-0.304242300067,-0.758359112887,-0.173802796425,0.549655043373
1403715390912143104,2.692302148709,2.311991624179,0.247534690496,-0.299468040840,-0.759814314585,-0.169379123588,0.551644643190
1403715390962142976,2.690127917787,2.340524587861,0.244265053679,-0.297172682715,-0.761509050877,-0.163930621527,0.552194814722
1403715391012142848,2.683773349041,2.373607850459,0.240702402866,-0.294276849724,-0.763256906929,-0.158605191858,0.552887350965
1403715391062142976,2.680203500882,2.401293336241,0.237737119274,-0.292132209425,-0.764951010404,-0.153237315388,0.553197115927
1403715391112143104,2.673579861982,2.429915995619,0.238842355305,-0.288838780895,-0.766716476090,-0.148052144060,0.553894003021
1403715391212142848,2.657566195383,2.486265256729,0.248097088133,-0.280923639057,-0.768294696000,-0.138025942719,0.558349360396
1403715391262142976,2.650705751440,2.515717865000,0.243380880981,-0.278221165685,-0.767392687686,-0.133020935959,0.562144889194
1403715391312143104,2.642214628773,2.547792655046,0.240540456258,-0.275718771363,-0.766774402054,-0.129265218883,0.565089973951
1403715391362142976,2.632716322839,2.580001189060,0.230112979894,-0.273853904433,-0.766042078918,-0.126667519248,0.567572825214
1403715391412143104,2.622033299620,2.614277981329,0.223695354637,-0.272463429896,-0.766477364864,-0.124909793037,0.568043723779
1403715391512142848,2.600019325248,2.685092376699,0.229861452578,-0.269788693727,-0.767676921319,-0.124066253286,0.567885349351
1403715391562142976,2.584657833393,2.725702109480,0.222275840244,-0.269108891915,-0.767604067922,-0.121589193667,0.568841337445
1403715391612143104,2.574757217385,2.763443583104,0.227015871250,-0.268323312039,-0.768078109333,-0.117885335618,0.569351970074
1403715391662142976,2.564511767769,2.801904104895,0.226214333379,-0.267128035707,-0.767713943960,-0.114559266407,0.571081506677
1403715391712142848,2.552915211104,2.842175589113,0.227694503648,-0.263949875538,-0.767928607364,-0.112481009568,0.572681534259
1403715391762142976,2.540063426838,2.883388709805,0.236324981953,-0.259037222371,-0.768089138151,-0.111232696389,0.574948763400
1403715391812143104,2.524758932634,2.926205817693,0.248061892664,-0.251224920581,-0.768856023710,-0.112148827369,0.577208016753
1403715391862142976,2.514881029127,2.968879554987,0.255465491226,-0.242893622141,-0.770346972247,-0.113235912415,0.578572258938
1403715391912143104,2.504964308440,3.014128448070,0.264352096833,-0.236035244867,-0.773032130162,-0.112456331626,0.577981195537
1403715391962142976,2.494101939986,3.060232130874,0.273501701726,-0.230137841904,-0.775533555993,-0.111503080493,0.577192637075
1403715392012142848,2.483307116351,3.105054700070,0.285589078717,-0.226303088595,-0.779472311153,-0.109671311779,0.573743872831
1403715392112143104,2.462091623145,3.193768562717,0.323124519144,-0.218843298837,-0.783161225644,-0.108227549448,0.571885393013
1403715392162142976,2.443828714905,3.242343387009,0.331759393443,-0.216052702502,-0.784284571016,-0.106218648339,0.571783648028
1403715392212142848,2.427383791437,3.290585715524,0.333576929578,-0.213577315605,-0.784012981988,-0.103011906521,0.573669697167
1403715392262142976,2.417124431500,3.334886874199,0.344364937599,-0.209200029838,-0.783170184668,-0.101269283435,0.576735937492
1403715392312143104,2.397087115711,3.384531373069,0.360543188214,-0.202623116480,-0.782602904175,-0.098415598499,0.580336916814
1403715392362142976,2.383109446721,3.430259179627,0.367854292258,-0.195709262329,-0.780536011488,-0.095768577917,0.585909377714
1403715392412143104,2.363692331674,3.478254098589,0.387476473925,-0.187244619558,-0.777322760790,-0.092668731891,0.593398082348
1403715392462142976,2.347002334834,3.526775789574,0.407282038309,-0.178233529721,-0.773773521663,-0.089393009692,0.601262202267
1403715392512142848,2.333022875016,3.574314471929,0.425716407591,-0.168802310403,-0.772083462933,-0.086206378991,0.606598191961
1403715392562142976,2.318026468464,3.621204302053,0.444722713546,-0.158597327787,-0.772353088032,-0.082164154807,0.609562668387
1403715392612143104,2.299995590705,3.668331915801,0.445755992832,-0.148914717605,-0.773135169521,-0.076811323973,0.611707803644
1403715392662142976,2.288394529240,3.711862745429,0.452459425195,-0.139496464578,-0.774036993359,-0.071024366197,0.613484318209
1403715392712142848,2.270728710301,3.754983481240,0.465208602137,-0.129155730314,-0.774637147324,-0.065618576820,0.615589383997
1403715392812143104,2.249922141204,3.837695593561,0.498121701244,-0.108334805860,-0.782030519021,-0.054508385189,0.611326977242
1403715392862142976,2.229568843278,3.878640954682,0.499625767584,-0.097776518434,-0.785773538424,-0.047115237275,0.608916950965
1403715392912143104,2.213414147150,3.916769442037,0.503257607061,-0.086171624437,-0.788529416932,-0.040941696590,0.607552127192
1403715392962142976,2.202499405566,3.951851929770,0.503719846656,-0.074879141125,-0.791292310473,-0.035400801042,0.605802258906
1403715393012142848,2.189093205579,3.987406558465,0.501146936836,-0.063338559621,-0.793395077067,-0.029265849654,0.604694954994
1403715393062142976,2.175243028852,4.023932128433,0.504954729958,-0.052151634650,-0.794948700094,-0.021421171165,0.604051243396
1403715393112143104,2.160018174549,4.057659863313,0.517553859222,-0.039102710171,-0.797091292215,-0.016180885541,0.602374160199
1403715393162142976,2.145865182772,4.090661083404,0.512840548564,-0.025734914478,-0.796650819362,-0.010992189132,0.603791651122
1403715393212142848,2.133409797791,4.123605182780,0.491971131989,-0.012218262688,-0.794303319791,-0.005085923559,0.607377216899
1403715393262142976,2.119034553379,4.153625316345,0.485157310118,0.001905340735,-0.791518308007,0.000856088144,0.611141886046
1403715393312143104,2.103098729552,4.182116294451,0.492362992014,0.016832177234,-0.789472694883,0.006740256240,0.613517816196
1403715393362142976,2.089129843551,4.206291781694,0.508955993154,0.030975457476,-0.788932567105,0.012603011625,0.613569140108
1403715393412143104,2.078113072919,4.229075273965,0.522078859471,0.045688939478,-0.787919753725,0.017949746491,0.613818205253
1403715393462142976,2.066017447725,4.252116186967,0.529790914419,0.060538871577,-0.786728514132,0.023867282480,0.613859628015
1403715393512142848,2.055079932681,4.274597228412,0.527056341076,0.074947776885,-0.783300700614,0.030654765155,0.616346597727
1403715393562142976,2.040402362656,4.295566652161,0.519428437716,0.089644185332,-0.779756303906,0.037473310495,0.618498001254
1403715393612143104,2.023468144005,4.316252331659,0.513535753498,0.103343260363,-0.777507136428,0.046739118662,0.618561458651
1403715393662142976,2.014970389801,4.329813447244,0.522106384535,0.114929904110,-0.776737420733,0.057627966628,0.616562335727
1403715393712142848,2.009277649374,4.341155471710,0.526712417631,0.126211663464,-0.776177471347,0.069416179385,0.613840812442
1403715393762142976,2.004231369356,4.352465748595,0.516564926954,0.137062015003,-0.774075977772,0.081889042360,0.612629226712
1403715393812143104,1.999221435009,4.363511817185,0.502631207770,0.147715734228,-0.772899584926,0.094447902767,0.609824472406
1403715393862142976,1.991887248442,4.372521755878,0.498387773049,0.158762015696,-0.772010276462,0.106255995522,0.606221427223
1403715393912143104,1.983312086905,4.379419813378,0.501891166032,0.170842410073,-0.771369816977,0.115429285588,0.602061090261
1403715393962142976,1.979889338962,4.384544821536,0.503797916504,0.181594467038,-0.770467967954,0.125757900306,0.597986212557
1403715394012142848,1.973741780883,4.392240795648,0.497621419812,0.193039150172,-0.767186966443,0.136172562791,0.596336380044
1403715394062142976,1.970930138022,4.396452490898,0.490923819244,0.204857387759,-0.763455837391,0.145194846616,0.595052175486
1403715394112143104,1.961853208195,4.401478481893,0.494521041855,0.218151755953,-0.760179847725,0.153603839298,0.592403807415
1403715394162142976,1.953385175531,4.405293708896,0.503570076891,0.232039754863,-0.756826301796,0.160981331614,0.589454418886
1403715394212142848,1.955752123939,4.404969607390,0.515123952367,0.245305068806,-0.753895674208,0.168236994612,0.585801202860
1403715394262142976,1.956347298923,4.409925385159,0.500514802965,0.257848234135,-0.749053509281,0.177353185344,0.583934051101
1403715394312143104,1.953465225042,4.415127432507,0.488171923660,0.271252957259,-0.742493293476,0.186605917520,0.583355615271
1403715394362142976,1.952070782474,4.415451031994,0.486009373432,0.285903908433,-0.735330058698,0.193159675333,0.583299236878
1403715394412143104,1.948515463952,4.414364835223,0.495509934131,0.300434448084,-0.728967439508,0.200086557540,0.581645067059
1403715394462142976,1.943038839531,4.417352944015,0.489558986723,0.314130321015,-0.720860546324,0.208247914832,0.581648536610
1403715394512142848,1.943871154506,4.418134888048,0.482341156350,0.327658608815,-0.712874430862,0.215499194021,0.581386256518
1403715394562142976,1.945495116234,4.416618849489,0.477311307446,0.340635873220,-0.706284268171,0.223665875566,0.578881084954
1403715394612143104,1.944502162850,4.415572865183,0.482843173870,0.353931245459,-0.700314338288,0.232017530909,0.574856822545
1403715394662142976,1.949670546400,4.414659034572,0.473683212776,0.365919533870,-0.694269995624,0.242310047889,0.570419064022
1403715394712142848,1.953969050739,4.415936672821,0.465380340545,0.378483209749,-0.688673726508,0.251965520329,0.564794064170
1403715394762142976,1.961179666618,4.413149625618,0.469012387270,0.392231506447,-0.684208076193,0.259746719654,0.557266000624
1403715394812143104,1.964466723006,4.413562791424,0.463342074906,0.406247091080,-0.678650137524,0.268218873487,0.549959932843
1403715394862142976,1.975907177640,4.412387123281,0.457996769237,0.420197152875,-0.672479000412,0.276460894347,0.542932519396
1403715394912143104,1.980468990238,4.414820530061,0.453963288292,0.434870275558,-0.665846717716,0.284738250431,0.535219693849
1403715394962142976,1.994283047208,4.410705173900,0.454712654226,0.449643089396,-0.658586207599,0.292342718426,0.527845653863
1403715395012142848,2.000751595966,4.409006318656,0.471330894813,0.465667284125,-0.651469391249,0.299640924101,0.518610575832
1403715395062142976,2.011979083941,4.408005527600,0.467319758657,0.480207112266,-0.642588590223,0.308007836299,0.511480406099
1403715395112143104,2.024841931060,4.405305958302,0.458084679574,0.494747036130,-0.632627419380,0.315658871266,0.505338891715
1403715395212142848,2.047893375835,4.396405438276,0.455699335838,-0.521216590611,0.616011418850,-0.330003476543,-0.489858043711
1403715395312143104,2.080771320012,4.380807783670,0.457838351255,-0.543881264389,0.600147296790,-0.341885741318,-0.476582135928
1403715395362142976,2.088752668754,4.379955427191,0.445190623737,-0.554275126676,0.591411686808,-0.348111982420,-0.470987630783
1403715395412143104,2.098416111897,4.376351241011,0.440844412702,-0.563428637508,0.584287350563,-0.354543552715,-0.464171661820
1403715395462142976,2.108701096235,4.374395248781,0.432506245901,-0.572345002914,0.577349417936,-0.360345255777,-0.457427747177
1403715395512142848,2.120319960011,4.371215126227,0.423345593927,0.581526677878,-0.569916799198,0.364505941092,0.451837342211
1403715395562142976,2.139889666493,4.363007556265,0.420828626081,0.589476631479,-0.563798046590,0.368408435780,0.446009291436
1403715395612143104,2.147047643651,4.360638796467,0.412804402226,0.596121777290,-0.557602973083,0.374483287406,0.439863636260
1403715395662142976,2.159272444180,4.353666765294,0.412664856642,0.603036323301,-0.551707223209,0.378485264671,0.434413670441
1403715395762142976,2.193320520947,4.330727083839,0.396072980935,0.616603776844,-0.539235629891,0.383494283276,0.426564007545
1403715395812143104,2.197837028666,4.323836215350,0.389850916579,0.623180197032,-0.532345562267,0.386486248859,0.422945651124
1403715395862142976,2.220587258506,4.309132567391,0.377904311010,0.626254504904,-0.528971360827,0.390323460060,0.419096875483
1403715395912143104,2.235609439413,4.297755510133,0.368438873207,0.628928727342,-0.526510772628,0.393943777026,0.414781102239
1403715395962142976,2.246719083019,4.287750461854,0.370817380444,0.630261111599,-0.526331171508,0.398402912848,0.408682698606
1403715396062142976,2.270838015688,4.268632609039,0.350645634493,0.626990310765,-0.527976524630,0.411367458104,0.398623574390
1403715396112143104,2.282237299246,4.258738209520,0.344571667990,0.626279630967,-0.528946269319,0.414485634531,0.395210484144
1403715396162142976,2.293515002221,4.247617994855,0.335497058362,0.624597020449,-0.529530119255,0.417677241238,0.393728506714
1403715396212142848,2.306534083457,4.234668256665,0.329114417542,0.623553894599,-0.529841082381,0.418562737667,0.394023099054
1403715396262142976,2.313256559086,4.224057246850,0.314659123140,0.623130088241,-0.528035239741,0.418272718875,0.397411136440
1403715396312143104,2.317396629387,4.211318459528,0.319738921222,0.624073808398,-0.526654341900,0.415691279699,0.400459543290
1403715396412143104,2.325713324606,4.184750362420,0.329117426377,0.626484953225,-0.522473785667,0.409752363180,0.408216544914
1403715396462142976,2.328186856469,4.172285202811,0.321037897084,0.628933004274,-0.519666473512,0.405627587419,0.412136255098
1403715396512142848,2.333903085139,4.158474251846,0.314397531605,0.630513062616,-0.516689815571,0.404163715141,0.414893484787
1403715396562142976,2.337850198442,4.145380848669,0.307951103180,0.631937877844,-0.513615713490,0.404607215857,0.416108661625
1403715396662142976,2.339026947964,4.125491390100,0.272507972717,0.635848201504,-0.503954633249,0.409746062063,0.416935195078
1403715396712142848,2.356667445046,4.104279458251,0.267420975190,0.638142098479,-0.501347537491,0.410970237686,0.415365829766
1403715396762142976,2.367486511159,4.090118931646,0.256339228899,0.641267728384,-0.499186996172,0.411854975125,0.412266325148
1403715396812143104,2.376018078487,4.077320180318,0.249803246959,0.644221972894,-0.497870579700,0.413363612931,0.407717376394
1403715396862142976,2.387979291698,4.062301597912,0.249047545950,0.647553247275,-0.497662926727,0.413185922925,0.402844630599
1403715396912143104,2.396882031708,4.050128844627,0.245811717144,0.650717578677,-0.497288749236,0.412995416374,0.398378361283
1403715397012142848,2.409554285711,4.026938049917,0.244932800349,0.659334905880,-0.499432661284,0.407630094852,0.386887844862
1403715397062142976,2.421050503915,4.011900119340,0.240672290738,0.662760567459,-0.500751320535,0.404675153979,0.382406282580
1403715397112143104,2.428263247366,4.000060235980,0.229665284929,0.664912839360,-0.501349947071,0.404038331002,0.378539527272
1403715397212142848,2.451029171414,3.966220645225,0.212014918076,0.664264563056,-0.506264697533,0.407816223023,0.368964191405
1403715397262142976,2.461510264601,3.948087512622,0.195404590139,0.663328109342,-0.508873748876,0.410375745577,0.364190986302
1403715397312143104,2.465384915048,3.932244153179,0.186068322783,0.662304980123,-0.510678087375,0.413540103010,0.359923030079
1403715397362142976,2.473798164211,3.911157067840,0.173949958553,0.661603842303,-0.512237978147,0.415129960363,0.357155044208
1403715397412143104,2.478525472124,3.890355001180,0.163968866869,0.660699799464,-0.513249407880,0.417109594044,0.355063947558
1403715397462142976,2.482267707279,3.866493135694,0.150551206952,0.660418377358,-0.513732741582,0.418392147342,0.353375505824
1403715397562142976,2.486900735756,3.813550249787,0.132617725952,0.658729258572,-0.513713173763,0.422071752906,0.352178895454
1403715397612143104,2.488863732877,3.783156322705,0.119425809446,0.657383476231,-0.512837003411,0.424495136723,0.353056726334
1403715397662142976,2.488295104438,3.753881704198,0.116379324445,0.656465240794,-0.511026271201,0.426446236792,0.355034005270
1403715397712142848,2.490889122495,3.720789179310,0.113105818487,0.655013500463,-0.508296080960,0.428641422610,0.358969273220
1403715397762142976,2.482848161466,3.693048727157,0.115702994182,0.654270842094,-0.505286040791,0.430697465746,0.362098571066
1403715397862142976,2.479439484135,3.625673030779,0.114746092933,0.652832217696,-0.501104574454,0.431819454274,0.369101964109
1403715397912143104,2.481159224878,3.585447835122,0.113843456603,0.651228699139,-0.499090470581,0.432536290627,0.373794383163
1403715397962142976,2.477113291472,3.550881374598,0.115256637683,0.650142086783,-0.495276019411,0.433417004943,0.379692811910
1403715398012142848,2.466951413373,3.520608727117,0.113407616745,0.648317286602,-0.490675401420,0.435763558168,0.386047235073
1403715398062142976,2.459650749391,3.487635220851,0.111699803742,0.646692205357,-0.486966419908,0.437210944928,0.391790105856
1403715398112143104,2.454813787891,3.453557579124,0.112326567226,0.644691791317,-0.484497487980,0.438651772468,0.396508891275
1403715398162142976,2.450566838033,3.419436008427,0.120778456345,0.643479926592,-0.483092924862,0.438828146623,0.399980834231
1403715398262142976,2.427843201391,3.368062045624,0.115295654751,0.642950616944,-0.481902724819,0.437918976241,0.403250837855
1403715398312143104,2.420345235992,3.339204148636,0.109844874635,0.643623292817,-0.483011317273,0.435057510394,0.403948124119
1403715398362142976,2.409957019298,3.314779812457,0.105523682889,0.642879474103,-0.484105457763,0.434346567132,0.404587378896
1403715398412143104,2.403107956903,3.290207870910,0.098818544978,0.641918526758,-0.486150622678,0.433702761922,0.404351445373
1403715398512142848,2.379400336573,3.250424326831,0.084572400981,0.642139503237,-0.487041084553,0.430259064149,0.406601743796
1403715398562142976,2.374585756135,3.228000371470,0.081748178197,0.642273022104,-0.487570335196,0.427432424472,0.408732254445
1403715398612143104,2.366729338926,3.209601816324,0.084018315587,0.641311282071,-0.487353630866,0.427049773619,0.410895082499
1403715398662142976,2.357374418753,3.193727284623,0.080180298160,0.640712537386,-0.484809261402,0.426282335867,0.415608944349
1403715398712142848,2.351383114703,3.176887496721,0.077230719261,0.640092396697,-0.481351890695,0.425033646704,0.421815694568
1403715398762142976,2.344935859248,3.160817986604,0.084910321203,0.640029458975,-0.478744269028,0.422973238212,0.426919027772
1403715398812143104,2.339630959930,3.149348137319,0.084592443021,0.639741685414,-0.476271508087,0.421488728413,0.431559124975
1403715398912143104,2.330317212754,3.131459003229,0.094333234795,0.639609699006,-0.474050709105,0.420032846936,0.435600465598
1403715398962142976,2.330234515004,3.123782842293,0.084334211527,0.639986829221,-0.472803776829,0.419070550314,0.437325188960
1403715399012142848,2.329630319275,3.120181976062,0.075894018484,0.640016748467,-0.471275995294,0.419320172861,0.438689059099
1403715399062142976,2.332002077214,3.117544073505,0.073441015915,0.639975741465,-0.471828102124,0.420077786015,0.437428789723
1403715399112143104,2.334615970826,3.117123466326,0.074973020856,0.639337591593,-0.473925529175,0.422371861929,0.433871002744
1403715399212142848,2.347068122721,3.121090844412,0.060745462827,0.639366801778,-0.475794016290,0.425246563708,0.428946974463
1403715399262142976,2.350349672710,3.129668109374,0.048127668405,0.639664039901,-0.474779072526,0.426861657723,0.428023216092
1403715399312143104,2.360343678849,3.135051332788,0.048705441111,0.641504216729,-0.475492456391,0.424891194322,0.426434915105
1403715399362142976,2.367486495485,3.144908860868,0.053504040661,0.643409640162,-0.476778421601,0.423090711702,0.423911100719
1403715399412143104,2.377847685519,3.154412081442,0.042622759610,0.644774826116,-0.477352165224,0.421175957011,0.423097089565
1403715399512142848,2.392293050622,3.186138279894,0.029213361638,0.649026355365,-0.475744088265,0.416048760127,0.423480556484
1403715399562142976,2.403140148540,3.203449936756,0.034120041254,0.651582085162,-0.478558227152,0.412126732247,0.420207527407
1403715399662142976,2.437389871098,3.231739862927,0.018422802006,0.655015280305,-0.490164221833,0.404268445059,0.408975601390
1403715399712142848,2.455281824950,3.245229620134,0.005034608117,0.656661036843,-0.494655310746,0.400243433993,0.404867385434
1403715399762142976,2.472482576807,3.261023995914,0.006156296050,0.657970960422,-0.498753442567,0.396819158057,0.401065798302
1403715399812143104,2.488631396815,3.276345073050,0.012563438922,0.658443579249,-0.502180898273,0.394895531246,0.397899381449
1403715399862142976,2.506952262877,3.289906147367,0.012859030586,0.659072507299,-0.504006033405,0.392798019563,0.396624588549
1403715399912143104,2.526019027207,3.302660472830,0.011738609654,0.659310806994,-0.505307243756,0.391025249724,0.396324492389
1403715400012142848,2.565844600038,3.323400169519,0.012330639630,0.656648373796,-0.508682292408,0.387652469497,0.399725907935
1403715400062142976,2.590910965557,3.328586105449,0.020921976427,0.654728746346,-0.511167251607,0.384090144631,0.403129098912
1403715400162142976,2.640656900916,3.339559287113,0.018597330267,0.648041144810,-0.516434755548,0.377181705046,0.413608243721
1403715400212142848,2.667939716811,3.342707156684,0.016767692490,0.644659334120,-0.519752847482,0.371279036234,0.420027615426
1403715400262142976,2.694677405184,3.346713581596,0.024813400392,0.640621187730,-0.523556017408,0.365357373038,0.426623464468
1403715400362142976,2.741694056492,3.359298018913,0.032442417638,0.629325199255,-0.532254783653,0.357088472450,0.439479762565
1403715400412143104,2.764775460788,3.364822116477,0.037041017487,0.622277808984,-0.538507622035,0.353992722350,0.444374866503
1403715400462142976,2.790841058144,3.368087331466,0.034081132368,0.613931655118,-0.545655483612,0.351816973795,0.448968632533
1403715400562142976,2.862885634432,3.361823868318,0.029340475078,0.596323026095,-0.564615984812,0.342246122446,0.456590878045
1403715400612143104,2.900765818042,3.356566712121,0.028104611946,0.586763514934,-0.575451083930,0.336796884416,0.459491551819
1403715400662142976,2.933641484023,3.356269172103,0.026090539099,-0.576380286507,0.586331676851,-0.332321528585,-0.462129128801
1403715400712142848,2.964606720352,3.357125238897,0.024210455152,-0.565201878389,0.596761190748,-0.328615501320,-0.465225504649
1403715400762142976,3.002576842632,3.351053031007,0.025047875077,-0.553095439386,0.608306243809,-0.324341164489,-0.467815944247
1403715400862142976,3.070470611829,3.343549372803,0.014492956733,-0.526837310607,0.628579287968,-0.320057464389,-0.474229634649
1403715400912143104,3.101295677070,3.336526825173,0.014087988847,-0.515974905758,0.638401884559,-0.316724686141,-0.475287706141
1403715400962142976,3.139284619532,3.323734829483,0.009258740051,-0.506075847168,0.647391053603,-0.313213388064,-0.476098135016
1403715401012142848,3.171543935941,3.314845695955,0.012864111879,-0.497895017347,0.655574195767,-0.310112271209,-0.475555890291
1403715401062142976,3.211270213195,3.298130086155,0.006270282980,-0.491280932515,0.661998615422,-0.305433079267,-0.476562181269
1403715401112143104,3.240979768421,3.288375392696,0.009503049279,-0.487614429814,0.666266247697,-0.301011860457,-0.477193163071
1403715401212142848,3.300184811012,3.263864261885,0.009414917495,-0.483589398127,0.670905673507,-0.290894309368,-0.481048201381
1403715401262142976,3.331699533211,3.239730558095,-0.003148084178,-0.481709714711,0.671478215877,-0.286565461396,-0.484719498979
1403715401312143104,3.355779832360,3.221097528542,-0.015663961003,-0.479802117768,0.671381009848,-0.284760202073,-0.487800261088
1403715401362142976,3.386171530839,3.192081904186,-0.027219610428,-0.477292789261,0.670855972894,-0.283825953927,-0.491514684246
1403715401412143104,3.414894591367,3.163268797598,-0.024261329583,-0.476796709093,0.670332619144,-0.281654406512,-0.493953310752
1403715401512142848,3.459650456854,3.123467774852,-0.009508765189,-0.473812277574,0.668093541633,-0.286480298272,-0.497073419076
1403715401562142976,3.484345057991,3.096370663863,-0.005591720072,-0.470507250421,0.667931069236,-0.290679777305,-0.497992250057
1403715401612143104,3.511708341006,3.060365648637,-0.005579477820,0.467011051419,-0.666095822182,0.295149126705,0.501102810338
1403715401662142976,3.536341002299,3.023470433344,-0.005680597378,0.463575610453,-0.664940534627,0.298243763456,0.503986504148
1403715401712142848,3.564668362082,2.982337203938,-0.001591019895,0.457133164804,-0.665152162667,0.302694647963,0.506929798128
1403715401762142976,3.588746624612,2.943595678834,0.003201657641,0.451414037437,-0.666394435235,0.304843529321,0.509130873277
1403715401862142976,3.618006771576,2.892889919722,0.032167943568,0.440955244487,-0.669501275869,0.308689817463,0.511895605143
1403715401912143104,3.636258855043,2.857688897221,0.036783272014,0.439286845600,-0.669623422457,0.305339253234,0.515169370027
1403715401962142976,3.651281173432,2.826041247485,0.045908630786,0.440281726031,-0.668957614283,0.300052161439,0.518282174527
1403715402012142848,3.661403045234,2.799538884375,0.055966194945,0.441575466015,-0.667837040264,0.296466106450,0.520684782947
1403715402062142976,3.672627615134,2.771683572959,0.051948978163,0.441188229438,-0.666128419849,0.295807995635,0.523568051158
1403715402112143104,3.687238673203,2.740372760252,0.054021067265,0.440413598478,-0.663184949020,0.296226398318,0.527703995256
1403715402212142848,3.712444422452,2.683179724597,0.064535626310,0.435908888016,-0.654221806887,0.300704484961,0.539957481165
1403715402262142976,3.723314721222,2.655020216085,0.069263594366,0.433542681833,-0.652773282822,0.300541381969,0.543693536826
1403715402312143104,3.734376683762,2.626927938414,0.070347306338,0.434065788208,-0.653321494536,0.294706082944,0.545807879167
1403715402362142976,3.745349847570,2.599778566214,0.073494968334,0.434195183336,-0.656200108275,0.286321708437,0.546713672726
1403715402412143104,3.759861484214,2.573144555939,0.068658584256,0.431117449141,-0.658576330769,0.279081816287,0.550025727958
1403715402462142976,3.766768650850,2.557668287611,0.052005237273,0.427927380596,-0.658939035049,0.271813643447,0.555693124180
1403715402512142848,3.775605176343,2.541672299922,0.057113486288,0.423961715084,-0.659286159641,0.265339418464,0.561420712886
1403715402562142976,3.787340465402,2.522102952975,0.050000647426,0.419726998399,-0.659563381996,0.260623594527,0.566463356202
1403715402612143104,3.803896160270,2.498058039165,0.056288508289,0.416028292437,-0.659727432271,0.255909193759,0.571131035359
1403715402662142976,3.820507168530,2.477297705049,0.084350650436,0.413027817421,-0.662183280396,0.252473854054,0.571994998422
1403715402712142848,3.839135145092,2.458136930471,0.132285337223,0.409179091422,-0.666968136389,0.251804467927,0.569491427606
1403715402762142976,3.859603166687,2.441164416739,0.132144989010,0.404988885012,-0.671906237622,0.252456602774,0.566384740770
1403715402812143104,3.883528957449,2.419196852880,0.118614516604,0.400111122442,-0.676506364261,0.254374627625,0.563510228508
1403715402862142976,3.911659573927,2.393557072782,0.092311327661,0.394894611798,-0.680379695388,0.256831828768,0.561408164715
1403715402912143104,3.933375868342,2.378043506408,0.072443170634,0.390834012127,-0.684264309342,0.259974504247,0.558072026774
1403715402962142976,3.955218299734,2.360941690979,0.063372732961,0.387469373062,-0.689721894269,0.261889974780,0.552779191553
1403715403012142848,3.982902633682,2.334777645388,0.066863568199,0.384540906854,-0.697067245096,0.261817054561,0.545598182467
1403715403062142976,4.006181643191,2.316502775119,0.078104731138,0.384033036496,-0.704290731236,0.259778588447,0.537594901166
1403715403112143104,4.028133010150,2.299343797277,0.072855968729,0.382513066322,-0.709602163985,0.259566554949,0.531764728534
1403715403162142976,4.049731960381,2.282697924627,0.055962739257,0.381312481304,-0.713238640127,0.259634771214,0.527713198061
1403715403212142848,4.064727772845,2.272705560643,0.044430331149,0.381584984155,-0.715223207596,0.259417700954,0.524929633013
1403715403262142976,4.084112286448,2.249276753001,0.050136379750,0.383060309079,-0.717247650329,0.255764396635,0.522881612911
1403715403312143104,4.100022919166,2.229307903622,0.063893764111,0.384225287994,-0.718019525295,0.253840004821,0.521904341153
1403715403362142976,4.113118194089,2.211150405693,0.065151029026,0.384654718802,-0.716924811520,0.252180572703,0.523893615805
1403715403412143104,4.127152681649,2.183638946579,0.065816079747,0.383850815076,-0.716347954532,0.249097826441,0.526739435267
1403715403462142976,4.138950357205,2.157354567643,0.070688658313,0.381515514269,-0.716532280162,0.246343594554,0.529473547291
1403715403512142848,4.145520127001,2.137453752781,0.068494445101,0.377186023148,-0.716361965458,0.244891943050,0.533464314285
1403715403562142976,4.151561155448,2.115569072473,0.074561881894,0.371504294933,-0.718279788067,0.242513899469,0.535953088866
1403715403612143104,4.155702488953,2.095492263715,0.068976982093,0.365877323399,-0.720735983272,0.237984979451,0.538550439788
1403715403662142976,4.161386365405,2.069176175934,0.081192915679,0.359182147930,-0.725359276822,0.232135100666,0.539402817174
1403715403712142848,4.163540205868,2.046505875472,0.081972625161,0.351197090483,-0.730598092728,0.227514670042,0.539559176972
1403715403762142976,4.162810145446,2.027121152542,0.085220154596,0.342369410116,-0.736498714087,0.223525494394,0.538877708316
1403715403812143104,4.162133442308,2.006590482234,0.081538595780,0.332391126972,-0.741494220293,0.219953331758,0.539743450012
1403715403862142976,4.162466643103,1.977837299903,0.092901971556,0.321373201061,-0.746997686914,0.215756988207,0.540520715074
1403715403912143104,4.158368732864,1.955543082534,0.097359695079,0.311815165660,-0.751227920340,0.210715706866,0.542242385881
1403715403962142976,4.154113463906,1.931750851063,0.101298370757,0.301997690202,-0.755019801599,0.205299541658,0.544604987584
1403715404012142848,4.148096973804,1.905879849380,0.096419307040,0.292531355798,-0.757165558161,0.199213622599,0.549035204682
1403715404062142976,4.139679144253,1.879850558037,0.105300481627,0.282854705014,-0.758562538466,0.193101515621,0.554335544370
1403715404112143104,4.129051162454,1.851372287140,0.102863735834,0.273675639928,-0.758581149221,0.186421702398,0.561162394527
1403715404162142976,4.116929418546,1.824887469314,0.112308783110,0.266231269702,-0.758018094026,0.177256195812,0.568427410676
1403715404212142848,4.103954563014,1.799779777091,0.114345576892,0.258902609272,-0.757458058429,0.168689836024,0.575126479877
1403715404262142976,4.089053571516,1.775040151422,0.127207905891,0.253718214761,-0.757061181571,0.159810604208,0.580470503678
1403715404312143104,4.075039501910,1.750815232521,0.141988669214,0.249360048985,-0.757648234802,0.151690775980,0.583762474603
1403715404362142976,4.061818131947,1.723546322629,0.152736368520,0.245514798931,-0.758654560653,0.145497771048,0.585658722916
1403715404412143104,4.050023300190,1.695408012921,0.154237519852,0.241779177450,-0.758488925918,0.140800776593,0.588568194794
1403715404462142976,4.037618206417,1.663259937105,0.155098932053,0.238079378145,-0.757883096618,0.137810795525,0.591556934030
1403715404512142848,4.025426710474,1.628777406938,0.152670336013,0.235746089766,-0.756883959966,0.134457461019,0.594534812675
1403715404562142976,4.012028122798,1.593904812793,0.156119654448,0.233850651023,-0.756406149519,0.132224379973,0.596389405780
1403715404612143104,3.998728422580,1.559915223740,0.158627665517,0.231912969712,-0.756033044689,0.131702474747,0.597733107635
1403715404662142976,3.989626008399,1.516246453848,0.157777619817,0.227843778482,-0.756176480811,0.134034563676,0.598597592891
1403715404712142848,3.980740416276,1.477127548457,0.158482771738,0.224823800248,-0.756186683143,0.136354339612,0.599202347415
1403715404762142976,3.970335288394,1.445621435301,0.159816984830,0.221949534158,-0.756007205597,0.140794234745,0.599473513039
1403715404812143104,3.965522505188,1.408820468762,0.159558119237,0.218084361574,-0.757120822737,0.143037277369,0.598955430978
1403715404862142976,3.958173482743,1.377807110329,0.148861331524,0.213824697526,-0.757413131017,0.144445244932,0.599783226597
1403715404912143104,3.950047632288,1.344273924537,0.133663217865,0.207861766373,-0.756925476804,0.145627544595,0.602204223582
1403715404962142976,3.940787368231,1.308987387549,0.132277499651,0.201014528182,-0.757583897290,0.145379716141,0.603758673777
1403715405012142848,3.931799907962,1.272965639234,0.127722644717,0.192132170593,-0.757923074774,0.144957146698,0.606321092631
1403715405062142976,3.922858349984,1.240719095277,0.131543582698,0.182043070120,-0.759505458624,0.143856812769,0.607714568166
1403715405112143104,3.917237040250,1.207904870175,0.142048756511,0.169300560285,-0.762613113308,0.143134695545,0.607676738595
1403715405162142976,3.910510648830,1.177813325158,0.135788001777,0.156982193306,-0.765175011234,0.139520203601,0.608603241821
1403715405212142848,3.904672093740,1.147545600193,0.135042998795,0.143295597177,-0.768852980719,0.134223570574,0.608535536326
1403715405262142976,3.897203091098,1.123870685235,0.128380245814,0.129277745202,-0.771936187302,0.128458373595,0.609015790914
1403715405312143104,3.889511236360,1.098221491092,0.119189441903,0.115225102637,-0.774670771580,0.120631276934,0.609964315684
1403715405362142976,3.882184364022,1.070530273243,0.123014171659,0.101701604018,-0.778284065147,0.110684815178,0.609655287329
1403715405412143104,3.876052717322,1.045195508087,0.123068569755,0.088042275000,-0.781661635427,0.100819776770,0.609170762699
1403715405462142976,3.869274979471,1.024192234291,0.114549917412,0.074785362456,-0.784195654630,0.091573908396,0.609145749491
1403715405512142848,3.860803273694,1.006381467466,0.113985872914,0.061111836501,-0.786809214324,0.082857969947,0.608548404410
1403715405562142976,3.853600304476,0.984664918734,0.111264988756,0.047625709584,-0.788836418376,0.072477760523,0.608453672073
1403715405612143104,3.845678894542,0.965537298474,0.106921074044,0.035529908708,-0.790477914609,0.060588553635,0.608449931605
1403715405662142976,3.834699493127,0.953835614958,0.110545760026,0.024954394366,-0.793553184218,0.048553459195,0.606047179368
1403715405712142848,3.826404180028,0.933872583166,0.116757019874,0.013677936941,-0.796619533472,0.036583643918,0.603217929051
1403715405762142976,3.819816661236,0.912462603907,0.113631846820,0.002685147820,-0.798140615183,0.024451162741,0.601968843892
1403715405812143104,3.809687323479,0.899262001589,0.097779266009,-0.008487514466,-0.798953805926,0.014684464485,0.601153178979
1403715405862142976,3.799349268097,0.880150356782,0.088708550338,-0.020430205244,-0.799889938833,0.004924056050,0.599778664292
1403715405912143104,3.786024110644,0.868472867458,0.079274200416,-0.033446188637,-0.799354699400,-0.002059183151,0.599924309207
1403715405962142976,3.776015888665,0.848601902684,0.082612206711,-0.047144734917,-0.798042269973,-0.010560139291,0.600661629176
1403715406012142848,3.764629920388,0.831336165607,0.086505462662,-0.061085608308,-0.795414615549,-0.018804771494,0.602686086116
1403715406062142976,3.752673433535,0.814231549564,0.086066064327,-0.074879188370,-0.792255741059,-0.027191031218,0.604966607120
1403715406112143104,3.740313230271,0.797409540268,0.074007217400,-0.088803891578,-0.788573679667,-0.035401341856,0.607463715436
1403715406162142976,3.726893719162,0.785346312234,0.068861285684,-0.102498575721,-0.786091842738,-0.042490256472,0.608069268144
1403715406212142848,3.712149997395,0.769296195958,0.068625617360,-0.116535299148,-0.784182429548,-0.049572866347,0.607470140963
1403715406262142976,3.698585024123,0.754343298066,0.069643647478,-0.129792411922,-0.782903466895,-0.057119095420,0.605766869571
1403715406312143104,3.688816644545,0.738613811539,0.066012035816,-0.143806193485,-0.781603698298,-0.063280122966,0.603664694644
1403715406362142976,3.678397043244,0.722717607982,0.057242977496,-0.157203346984,-0.779986814862,-0.068748896069,0.601814976241
1403715406412143104,3.665759213160,0.710850622652,0.048160276565,-0.170696906050,-0.778823419220,-0.073230590376,0.599110948467
1403715406462142976,3.658366166905,0.696775740668,0.038087139127,-0.184691171533,-0.776891653034,-0.076713943658,0.597028894990
1403715406512142848,3.646702550627,0.683123864894,0.028195349021,-0.197754541261,-0.775232362104,-0.081746874895,0.594327666025
1403715406562142976,3.636059748002,0.669192318609,0.023461168873,-0.210358380126,-0.773674711424,-0.087153541611,0.591253797450
1403715406612143104,3.623670102963,0.659701790780,0.017468428812,-0.222656231124,-0.771619658579,-0.092261567121,0.588655339285
1403715406662142976,3.610970212399,0.648797050298,0.016195020600,-0.234377249370,-0.769498737972,-0.098518352967,0.585861017108
1403715406712142848,3.598094801452,0.640076995385,0.008304935768,-0.245603331221,-0.766681262818,-0.104672561480,0.583885690705
1403715406762142976,3.585390092587,0.631600857666,0.005462133504,-0.255395994765,-0.764051541065,-0.113503727607,0.581476596497
1403715406812143104,3.571205379786,0.625744297064,-0.003204838720,-0.265490938637,-0.760168564039,-0.121849307210,0.580354255675
1403715406862142976,3.556468522769,0.619408686934,-0.015843193550,-0.275336427350,-0.756023621668,-0.130841410584,0.579222462039
1403715406912143104,3.541069438151,0.617195137553,-0.023384672482,-0.284875458729,-0.753039349742,-0.138857889413,0.576624832367
1403715406962142976,3.526676517828,0.615404393558,-0.028624992322,-0.294017967488,-0.749642673075,-0.147647779594,0.574272958340
1403715407012142848,3.512597743935,0.612390463871,-0.034415355645,-0.303879373416,-0.746593725312,-0.154882541618,0.571197456261
1403715407062142976,3.498431461685,0.609252089824,-0.043501866277,-0.314357484069,-0.743079052454,-0.160947299602,0.568426653812
1403715407112143104,3.484409058112,0.608247811115,-0.047328246163,-0.325168476286,-0.740747361601,-0.165888795725,0.563950100420
1403715407162142976,3.470240863506,0.606133010554,-0.042060932450,-0.334934101568,-0.739737941029,-0.171345283122,0.557895796866
1403715407212142848,3.454327699078,0.610379955947,-0.051368659630,-0.343256442601,-0.739809301047,-0.174694685303,0.551669266521
1403715407262142976,3.439584713533,0.614111134346,-0.059184457209,-0.350740190523,-0.740204425111,-0.176693589799,0.545763779598
1403715407312143104,3.424810165115,0.614900233328,-0.064087329728,-0.356522056166,-0.741467907995,-0.179602943028,0.539314516526
1403715407362142976,3.409165887033,0.618300852477,-0.071932374808,-0.360777223678,-0.741328086364,-0.182252790690,0.535776430547
1403715407412143104,3.391685619070,0.623548535071,-0.083624461539,-0.363751983674,-0.740225563656,-0.184841235404,0.534400904731
1403715407462142976,3.372888009942,0.629752370471,-0.090866039210,-0.365778501166,-0.738069056008,-0.187266799893,0.535155400146
1403715407512142848,3.352158167633,0.641548779822,-0.090856579199,-0.366129679334,-0.737259147623,-0.190398462738,0.534926567432
1403715407562142976,3.329536924221,0.652492375224,-0.091162898411,-0.367141718839,-0.735451445771,-0.192005305009,0.536145588483
1403715407612143104,3.305827265635,0.663745174503,-0.087834557532,-0.366960283757,-0.734322747379,-0.194842274592,0.536793014913
1403715407662142976,3.282333452019,0.678848674349,-0.083592489044,-0.364683399190,-0.733748786636,-0.199143631513,0.537550509714
1403715407712142848,3.259330544375,0.692748076505,-0.075275326042,-0.360061765468,-0.733000848016,-0.206250132266,0.539004791070
1403715407762142976,3.235709043159,0.707707043131,-0.069573112049,-0.355957566155,-0.732353886106,-0.211521942912,0.540564949168
1403715407812143104,3.213589954985,0.721139209760,-0.064179278669,-0.353194425828,-0.732383295862,-0.214594973434,0.541126050826
1403715407862142976,3.190264950976,0.735166298661,-0.057070588195,-0.351145568291,-0.732340183964,-0.216343139281,0.541821272107
1403715407912143104,3.164449292589,0.749323895987,-0.055313551701,-0.350715133746,-0.730855314388,-0.215189378782,0.544557559540
1403715407962142976,3.136240074859,0.764954366519,-0.048232342281,-0.349797173195,-0.731088001780,-0.214338912748,0.545170708825
1403715408012142848,3.107476068972,0.780125480363,-0.040315162911,-0.350843121574,-0.728872463532,-0.211754772408,0.548465087596
1403715408062142976,3.084155949567,0.791314780720,-0.031371675510,-0.351198911305,-0.728721734058,-0.210635995792,0.548868323268
1403715408112143104,3.061099957780,0.806999594430,-0.021176357228,-0.351794750340,-0.728042424804,-0.207809896080,0.550463194419
1403715408162142976,3.036183712744,0.823166285512,-0.003135693092,-0.351626147783,-0.726989110803,-0.206312510013,0.552522427763
1403715408212142848,3.008650796485,0.844540765144,0.018417704801,-0.350910516110,-0.726238690364,-0.204912737200,0.554481689901
1403715408262142976,2.990477553384,0.861945062860,0.036908540674,-0.350124535361,-0.725708501140,-0.204490371942,0.555827013463
1403715408312143104,2.964967745697,0.879209164159,0.057766853363,-0.349899804856,-0.725273274019,-0.203145528369,0.557028454263
1403715408362142976,2.947177787144,0.898738632853,0.079036093686,-0.349293342472,-0.725125613789,-0.202521345441,0.557828028853
1403715408412143104,2.929854880838,0.916789047731,0.095485568844,-0.347582362177,-0.723763831053,-0.201703138518,0.560952994712
1403715408462142976,2.910477964787,0.934757511672,0.105162434002,-0.344086485610,-0.722602654565,-0.200851138901,0.564897082696
1403715408512142848,2.890635680758,0.949994311614,0.115014127240,-0.339197708104,-0.721319684394,-0.199200537534,0.570054360188
1403715408562142976,2.874500165835,0.967982444492,0.118981891224,-0.333308136316,-0.721193697844,-0.197158489127,0.574381290278
1403715408612143104,2.857921877564,0.987264491985,0.125458826948,-0.325424842252,-0.720753279876,-0.195020661374,0.580155430234
1403715408662142976,2.842567819485,1.005740097574,0.128401152975,-0.315272515113,-0.722004963078,-0.193426271339,0.584720747076
1403715408712142848,2.827922824537,1.024918044085,0.129763907382,-0.305073493450,-0.722719622008,-0.189839580753,0.590396007048
1403715408762142976,2.800533817815,1.041051933503,0.125507463660,-0.295020205498,-0.724686518962,-0.183502121443,0.595079405634
1403715408812143104,2.790768736723,1.055455206632,0.125400111191,-0.283472550003,-0.726866665899,-0.177801763341,0.599745526330
1403715408862142976,2.780285909245,1.069338809236,0.127628545714,-0.272284148295,-0.730448065120,-0.169876006729,0.602867405892
1403715408912143104,2.755775122404,1.080522745846,0.133832425532,-0.260137225827,-0.734369944015,-0.161763661282,0.605691280237
1403715408962142976,2.738875327644,1.095074915642,0.130138138825,-0.247707965311,-0.738058440548,-0.152836159920,0.608729505182
1403715409012142848,2.719313876071,1.103676139080,0.134679384790,-0.234596411768,-0.741469464751,-0.143652022097,0.612006252398
1403715409062142976,2.711955479675,1.115699907783,0.132782877489,-0.221635921275,-0.744750780008,-0.134623463435,0.614898623491
1403715409112143104,2.708958420590,1.122586746593,0.136982008626,-0.210419433938,-0.747956634354,-0.123960675504,0.617185779061
1403715409162142976,2.705393551183,1.129869802010,0.142266648354,-0.200133599346,-0.750529497958,-0.112914108362,0.619598595254
1403715409212142848,2.699957451806,1.137792864685,0.153119767605,-0.190427146017,-0.754215460337,-0.103404021910,0.619842036087
1403715409262142976,2.692037592310,1.148577545604,0.162088158281,-0.182704400641,-0.758319213201,-0.094231601179,0.618620625436
1403715409312143104,2.684642424576,1.157754395700,0.166043448982,-0.176144269835,-0.760313317715,-0.086755246045,0.619169106459
1403715409362142976,2.681860924614,1.165885047500,0.171470835836,-0.169666926270,-0.761594109531,-0.081979598292,0.620053942751
1403715409412143104,2.677402060296,1.173193042616,0.179036345030,-0.164184386052,-0.762623264222,-0.078641981612,0.620696933272
1403715409462142976,2.673377455076,1.179111282564,0.193319366343,-0.159022947547,-0.763813851606,-0.078100275027,0.620645187921
1403715409512142848,2.672445800112,1.184568058427,0.202755156412,-0.154017618638,-0.763864370404,-0.080052108235,0.621595895051
1403715409562142976,2.673377726402,1.190041453186,0.213650904053,-0.151225201326,-0.765589814792,-0.083618361602,0.619686326760
1403715409612143104,2.670507691806,1.200374101445,0.220296993591,-0.151031522344,-0.767476315914,-0.084336620892,0.617298078846
1403715409662142976,2.667484311748,1.208209267559,0.228684611488,-0.152651336849,-0.769741273012,-0.084067932560,0.614107909650
1403715409712142848,2.663889916489,1.214686726591,0.242221359364,-0.155294882420,-0.773723012659,-0.083108725062,0.608546743476
1403715409762142976,2.661473541382,1.220264496611,0.248627872474,-0.157775854170,-0.776705657558,-0.082817997232,0.604132668122
1403715409812143104,2.660092173044,1.223249061259,0.254948291861,-0.160256240690,-0.779171855295,-0.083272436272,0.600229005125
1403715409862142976,2.657492797271,1.226923559223,0.265174915479,-0.163406228098,-0.781884510693,-0.083598885072,0.595790435448
1403715409912143104,2.657317173251,1.230414857284,0.273399309758,-0.167256767529,-0.784753011423,-0.083277671650,0.590976069044
1403715409962142976,2.658206430691,1.234291798266,0.283873984303,-0.169584851782,-0.786972063211,-0.084728758779,0.587143072178
1403715410012142848,2.657298648213,1.241950047094,0.292896232882,-0.172815957437,-0.788651811666,-0.084289484016,0.584001924394
1403715410062142976,2.654548757707,1.247596110158,0.305078164314,-0.175010495154,-0.789113622986,-0.085205617088,0.582589923892
1403715410112143104,2.647582144993,1.256714477302,0.316499310103,-0.175811874881,-0.787346535526,-0.086795922054,0.584501570195
1403715410162142976,2.641141548863,1.262855776677,0.324320921640,-0.176207170949,-0.783710135384,-0.089514995057,0.588843376682
1403715410212142848,2.632123628498,1.269275653021,0.331987524462,-0.176916202002,-0.780281209448,-0.091062470815,0.592932979401
1403715410262142976,2.622497526733,1.276147003215,0.337651370320,-0.176943798324,-0.776911403377,-0.092858692116,0.597056803693
1403715410312143104,2.613767912186,1.282227483072,0.347204252632,-0.177123140925,-0.775328363688,-0.094514662336,0.598799048106
1403715410362142976,2.605547659702,1.289644102595,0.352049779126,-0.176822200943,-0.774107369743,-0.095501296144,0.600309246803
1403715410412143104,2.596198509970,1.298729786132,0.346869973458,-0.176161819364,-0.773109415632,-0.096475844052,0.601632160355
1403715410462142976,2.583299442332,1.304727331090,0.341759093408,-0.174625039319,-0.772780321216,-0.098681430049,0.602145037468
1403715410512142848,2.568207491684,1.309242160765,0.341013939346,-0.172076311154,-0.773458953715,-0.102202973243,0.601419605864
1403715410562142976,2.557563393211,1.313735071845,0.335942968638,-0.170232115326,-0.773271766782,-0.104401553177,0.601807375581
1403715410612143104,2.548258472000,1.316587057057,0.333348267893,-0.168341856857,-0.773599499068,-0.105514830139,0.601723736354
1403715410662142976,2.536649012521,1.320963913007,0.327481898871,-0.167010680157,-0.773096777034,-0.105340865373,0.602770361030
1403715410712142848,2.523953134087,1.323788675255,0.323835902382,-0.166670415171,-0.772388526076,-0.103542815202,0.604082629210
1403715410762142976,2.512043601626,1.325652163719,0.322119488698,-0.165498299692,-0.769602512383,-0.102162315954,0.608181837061
1403715410812143104,2.497603293236,1.328319365986,0.321791860616,-0.164437563199,-0.764872650148,-0.099936430510,0.614770548027
1403715410862142976,2.484204175416,1.330727590917,0.321528185991,-0.162633458307,-0.761315981324,-0.099006206763,0.619795212826
1403715410912143104,2.470390742783,1.330633933390,0.325731797980,-0.162087243859,-0.759720298033,-0.096024090352,0.622360159559
1403715410962142976,2.457040552860,1.330794470469,0.324155948254,-0.160149607346,-0.760268927137,-0.094235045890,0.622465274391
1403715411012142848,2.448954485027,1.326589486626,0.316406111265,-0.159473591572,-0.761560840419,-0.090807330886,0.621568410225
1403715411062142976,2.440097729709,1.325036654227,0.311392644323,-0.158060449970,-0.763571522645,-0.087267096415,0.619967642579
1403715411112143104,2.432217036330,1.320631815688,0.311459604236,-0.157411458423,-0.766744202667,-0.083958237619,0.616665204767
1403715411162142976,2.426191809474,1.314389147514,0.308643173845,-0.157465894256,-0.768305636648,-0.079933029582,0.615241132909
1403715411212142848,2.418593344395,1.308504613554,0.312011405354,-0.157426988886,-0.769373570526,-0.075879939951,0.614429236658
1403715411262142976,2.410977177310,1.300888258498,0.316742102237,-0.157604931032,-0.770232356579,-0.072611604346,0.613702173296
1403715411312143104,2.402687693425,1.295011628495,0.321264064590,-0.156947866761,-0.769459088766,-0.070522322951,0.615082660948
1403715411362142976,2.396517289340,1.290552094690,0.323806793102,-0.156714557640,-0.767682912680,-0.068287284684,0.617608565155
1403715411412143104,2.392801873940,1.286426052637,0.321438882361,-0.156828155525,-0.764438282524,-0.065644395199,0.621876077064
1403715411462142976,2.386565843242,1.283919546209,0.328604370874,-0.155923793766,-0.762291485105,-0.064120180533,0.624890442176
1403715411512142848,2.381263389141,1.282468101719,0.331505263581,-0.154471848904,-0.761503144367,-0.063761557857,0.626247453293
1403715411562142976,2.378095995594,1.280109018651,0.331959612780,-0.152612713045,-0.762941487603,-0.064030118750,0.624923827521
1403715411612143104,2.375661141970,1.279267903574,0.329032470774,-0.150651662265,-0.764885667933,-0.064638105125,0.622957387799
1403715411662142976,2.374865120801,1.277500071628,0.321877639318,-0.148527048354,-0.766694512724,-0.065482373547,0.621153200765
1403715411712142848,2.374267888626,1.275931117027,0.318692763871,-0.146365298574,-0.768167473054,-0.066503662557,0.619736392010
1403715411762142976,2.375730450229,1.272716880331,0.307745541749,-0.144910226075,-0.768407563859,-0.067164234183,0.619709454366
1403715411812143104,2.376945026935,1.271154342516,0.301880750118,-0.143883394646,-0.768626393165,-0.067449426575,0.619646359895
1403715411862142976,2.379201841784,1.268928482042,0.297790061610,-0.143338913844,-0.769345138714,-0.067079218479,0.618920343633
1403715411912143104,2.380269991990,1.268747297536,0.294787353790,-0.142445481811,-0.769526179692,-0.066517234536,0.618962196737
1403715411962142976,2.383506110567,1.266319557840,0.290186398573,-0.142921465529,-0.769471656518,-0.064981544899,0.619083373487
1403715412012142848,2.386347220072,1.263805359677,0.289296032758,-0.142722681680,-0.770137187673,-0.064680575718,0.618332735201
1403715412062142976,2.389428887356,1.261726708876,0.287490942413,-0.142984122504,-0.770900185276,-0.063973320785,0.617394411443
1403715412112143104,2.393419216615,1.257457372799,0.292426360492,-0.142637624468,-0.771903748748,-0.064704109231,0.616143237408
1403715412162142976,2.396763222653,1.258291386517,0.290471057242,-0.142419803230,-0.773589725894,-0.064180159846,0.614130639783
1403715412212142848,2.404033226199,1.255529237451,0.285633631454,-0.142527692222,-0.774193159030,-0.064123611993,0.613350610863
1403715412262142976,2.411650843853,1.253236812685,0.279933111039,-0.142881804349,-0.774589461963,-0.063823468407,0.612798923206
1403715412312143104,2.418325758956,1.251058846938,0.271305049585,-0.142555921644,-0.774156038584,-0.064052452388,0.613398337519
1403715412362142976,2.424006929209,1.248489977352,0.264519723711,-0.142977843684,-0.774164251336,-0.063954261207,0.613300008677
1403715412412143104,2.430172492892,1.245658050318,0.262473892600,-0.143598382945,-0.774747391885,-0.063720774261,0.612442361460
1403715412462142976,2.434860290073,1.243871368816,0.264760165099,-0.143925611927,-0.776327274966,-0.063431454358,0.610391539075
1403715412512142848,2.440065573231,1.242488489487,0.262166905959,-0.144184507729,-0.777399660921,-0.063147600799,0.608993411658
1403715412562142976,2.446936662708,1.238303034310,0.260793475014,-0.144470365502,-0.778410269956,-0.063663930741,0.607579352053
1403715412612143104,2.452415114184,1.238409957053,0.255715417520,-0.144056781814,-0.778943047803,-0.063979869950,0.606961241048
1403715412662142976,2.459001327601,1.235357572896,0.255232321959,-0.144073804611,-0.779652467630,-0.064385809248,0.606002670053
1403715412712142848,2.466168264759,1.230945363204,0.249526078114,-0.144516548715,-0.780564589871,-0.064757290130,0.604682049975
1403715412762142976,2.472059645651,1.232576160102,0.248751161549,-0.144212899978,-0.781593311341,-0.064283209276,0.603475106489
1403715412812143104,2.478380073032,1.233923682118,0.248115973874,-0.143833528960,-0.782643387803,-0.063976092239,0.602236085847
1403715412862142976,2.484865966795,1.231540129152,0.251309685209,-0.143561467417,-0.783741493376,-0.064475707774,0.600817992191
1403715412912143104,2.489081038065,1.232101211035,0.249333560850,-0.143172979791,-0.783768648816,-0.064528996122,0.600869546283
1403715412962142976,2.492341872460,1.232177124990,0.249086234358,-0.143062735658,-0.783221149406,-0.064740226566,0.601586558904
1403715413062142976,2.497094968642,1.231630632983,0.238638335360,-0.142614800647,-0.780110505466,-0.066087674671,0.605574964109
1403715413112143104,2.498281773391,1.230755070380,0.229322193414,-0.142157315152,-0.778864094109,-0.067067447043,0.607177056717
1403715413162142976,2.498355800167,1.231068615540,0.218550432378,-0.141866601418,-0.777708203919,-0.067413073095,0.608686532243
1403715413212142848,2.496547995788,1.230197850058,0.210529011594,-0.141263776941,-0.777543956472,-0.068405475757,0.608925801691
1403715413262142976,2.495267515865,1.227758583595,0.196755024232,-0.141670109156,-0.776897328585,-0.067963735170,0.609705709101
1403715413312143104,2.494985126806,1.225243911881,0.184225010336,-0.143275428131,-0.776236842650,-0.065724619877,0.610416898643
1403715413412143104,2.496097801373,1.223231434610,0.154025949366,-0.146839734908,-0.774147141299,-0.058685364160,0.612935823643
1403715413462142976,2.497664885718,1.219614696043,0.139788484984,-0.148508157051,-0.773263235426,-0.056402751473,0.613863197833
1403715413512142848,2.499226742677,1.214146191163,0.128271857995,-0.149650977426,-0.772662817029,-0.055851512861,0.614391865708
1403715413562142976,2.499591946793,1.211597078619,0.120221732343,-0.149835778107,-0.773205133165,-0.056490798402,0.613605615475
1403715413612143104,2.500472939421,1.212442812566,0.110456284022,-0.148974132448,-0.773195958499,-0.057952025216,0.613690704178
1403715413662142976,2.503343521709,1.211396710902,0.101180622835,-0.148215840990,-0.772772708619,-0.060111125800,0.614199526089
1403715413712142848,2.506409299040,1.210036543533,0.093084215345,-0.146992450781,-0.772475571369,-0.062985252693,0.614579180411
1403715413762142976,2.511365053340,1.210692855639,0.086483834808,-0.146470842925,-0.773494812167,-0.064634078209,0.613249136695
1403715413812143104,2.519487798815,1.211286162514,0.080765869988,-0.145967444923,-0.774684589716,-0.065898035683,0.611730937890
1403715413862142976,2.526571554928,1.213491199344,0.068077408067,-0.144809818059,-0.775019587275,-0.067279156206,0.611431329810
1403715413912143104,2.532178353843,1.216688149745,0.054570767958,-0.143680586856,-0.774667712131,-0.068266316599,0.612033932688
1403715413962142976,2.536188612001,1.218654419712,0.046098394684,-0.142000865716,-0.774574499861,-0.070081793402,0.612338664902
1403715414012142848,2.541303595465,1.221099088863,0.038705805881,-0.141600284141,-0.775598014280,-0.070229223451,0.611117775842
1403715414062142976,2.548653496066,1.218948404933,0.035785793296,-0.141454170809,-0.776558853103,-0.070913074850,0.609851130231
1403715414112143104,2.555602232422,1.217062475616,0.031350283646,-0.141669261238,-0.778463670557,-0.071209520954,0.607332971416
1403715414162142976,2.564278093595,1.217662527525,0.028065423237,-0.142248696352,-0.781354610966,-0.069951466455,0.603619973699
1403715414212142848,2.572150818685,1.220389080707,0.027712907450,-0.142139914492,-0.785312839089,-0.068855513117,0.598614156017
1403715414262142976,2.584425417713,1.213316863902,0.026554276737,-0.143553646275,-0.788097164374,-0.068573037882,0.594636820776
1403715414312143104,2.591632767121,1.210835340039,0.033811414988,-0.143680258835,-0.791757300845,-0.068452459972,0.589737755704
1403715414362142976,2.594830841585,1.210213056096,0.034249866717,-0.143050736254,-0.793678702339,-0.068762512141,0.587266822862
1403715414412143104,2.596680044071,1.206431538248,0.034414217394,-0.142978094660,-0.793641315256,-0.069349856484,0.587265974301
1403715414462142976,2.596363968179,1.206132198738,0.036497899822,-0.142062014645,-0.793305921628,-0.069711264458,0.587898323108
1403715414512142848,2.594725306921,1.202671861105,0.039227941403,-0.141661517893,-0.792561867511,-0.070668443175,0.588883410918
1403715414562142976,2.592135992155,1.198001707097,0.041590349929,-0.141353631658,-0.790543588406,-0.071638099296,0.591547097344
1403715414612143104,2.589767720028,1.195580486407,0.038343417917,-0.140993218310,-0.787895429392,-0.071994703864,0.595112146867
1403715414662142976,2.585771619556,1.192815780480,0.032270686815,-0.141700470790,-0.785099131890,-0.070750715036,0.598777643208
1403715414712142848,2.581549999214,1.187399988939,0.025997727783,-0.143495197124,-0.782113620531,-0.069230616302,0.602423882950
1403715414762142976,2.574428357187,1.183447375240,0.021165391818,-0.145472167968,-0.779950557321,-0.066500253673,0.605055941829
1403715414812143104,2.566808135041,1.179657185481,0.020058709062,-0.147649318968,-0.779014069567,-0.063817234249,0.606023199753
1403715414862142976,2.560312974472,1.174640270679,0.018886667920,-0.151398705703,-0.777866614147,-0.059698093652,0.606991021451
1403715414912143104,2.557509059576,1.168951757348,0.016216186350,-0.155861488033,-0.776643908914,-0.054823972605,0.607886311183
1403715414962142976,2.554511077312,1.164582602268,0.008961596962,-0.160279035770,-0.775652725473,-0.049508752172,0.608459007343
1403715415012142848,2.552918017815,1.158686597457,-0.003835106987,-0.163888091749,-0.773362141141,-0.046623200742,0.610637346700
1403715415062142976,2.550094662255,1.155937127927,-0.019389994097,-0.166603859140,-0.771450285937,-0.043994161212,0.612512958415
1403715415112143104,2.547434806382,1.153649653668,-0.034062894286,-0.169242773089,-0.770039779039,-0.042489758966,0.613669489903
1403715415162142976,2.543447360168,1.152507375270,-0.046926176199,-0.171708124484,-0.768944489991,-0.042077843174,0.614385991386
1403715415212142848,2.537229248616,1.156321252950,-0.057574046901,-0.173129521750,-0.768215238407,-0.042287896261,0.614884745304
1403715415262142976,2.536879543490,1.161019102831,-0.061994141965,-0.173189067355,-0.768902734211,-0.044719911535,0.613835696082
1403715415312143104,2.538856605783,1.166790428125,-0.065393512391,-0.170598189794,-0.770663447699,-0.051566565768,0.611812877696
1403715415362142976,2.541145259717,1.172884996927,-0.078239790581,-0.168129474358,-0.771568915012,-0.058427501504,0.610737354603
1403715415412143104,2.542781302068,1.181275437102,-0.089190805560,-0.164063643327,-0.771529166302,-0.067129619504,0.610998756684
1403715415462142976,2.544038558135,1.186769266034,-0.105816767016,-0.161605712200,-0.772563426104,-0.074117707774,0.609537457278
1403715415512142848,2.557160218261,1.195008354436,-0.123181261351,-0.159650699631,-0.771707728066,-0.078968193551,0.610526707817
1403715415562142976,2.568275501698,1.202329842352,-0.133483632981,-0.158410116488,-0.771699822905,-0.081651482879,0.610506882570
1403715415612143104,2.575498095870,1.210604750098,-0.153807463089,-0.156381679768,-0.769561700960,-0.084422459682,0.613345259172
1403715415662142976,2.584442207011,1.215136856884,-0.172935477980,-0.155582353816,-0.768371080066,-0.086524782264,0.614746676732
1403715415712142848,2.593411391013,1.218220412496,-0.194510982146,-0.156162910153,-0.767917036808,-0.086948738833,0.615106890620
1403715415762142976,2.601372433494,1.224672320497,-0.219681894184,-0.155933293513,-0.766785391191,-0.084949329237,0.616853777886
1403715415812143104,2.611703703271,1.226672436991,-0.236441431893,-0.155394911016,-0.764540723507,-0.085717326363,0.619663169546
1403715415862142976,2.620068808672,1.230855589441,-0.244869308915,-0.154766558833,-0.762534975272,-0.085398578906,0.622330142669
1403715415912143104,2.624014472816,1.236101859090,-0.248146327045,-0.154308267605,-0.760981088196,-0.084956216008,0.624403061587
1403715415962142976,2.633862744938,1.238411631939,-0.257805398712,-0.153380453851,-0.760640557361,-0.084284580596,0.625137175625
1403715416012142848,2.634861140367,1.243525743011,-0.271740548865,-0.152097470765,-0.761452665072,-0.083404552138,0.624579761859
1403715416062142976,2.634276748747,1.249447158213,-0.278523101729,-0.151176109079,-0.760496953008,-0.084511392133,0.625817859372
1403715416112143104,2.633438044466,1.253377916237,-0.281221585947,-0.151582440340,-0.759880150770,-0.083777011990,0.626567101362
1403715416162142976,2.632737928180,1.255484116508,-0.286530449263,-0.151729443908,-0.758905978976,-0.083060599955,0.627806361597
1403715416212142848,2.633436183539,1.257184948826,-0.287059356611,-0.152450049703,-0.759872503779,-0.081790609499,0.626628324083
1403715416262142976,2.635207102382,1.256623920613,-0.287806039218,-0.152724786738,-0.760519509484,-0.081398940766,0.625826994985
1403715416312143104,2.637895143858,1.257148708858,-0.282520458598,-0.152908141068,-0.761313683172,-0.081090491023,0.624855910171
1403715416362142976,2.626267959143,1.255933248176,-0.277105023167,-0.153043538884,-0.761980122196,-0.080716002371,0.624058407159
1403715416412143104,2.633099275865,1.252900784783,-0.272492597026,-0.153687156176,-0.762601588759,-0.081207018376,0.623076636550
1403715416462142976,2.648135101106,1.254513317430,-0.268507377967,-0.153769678625,-0.763658781415,-0.081509757903,0.621720444308
1403715416512142848,2.659953565970,1.259354810358,-0.264642429628,-0.153578710917,-0.764287447503,-0.081070975516,0.621052150846
1403715416562142976,2.669029947627,1.262247630472,-0.261558689338,-0.153260828950,-0.764428209718,-0.081348771290,0.620921096362
1403715416612143104,2.673455878727,1.266565897952,-0.262053892914,-0.152742100513,-0.764647505795,-0.081203018312,0.620797964261
1403715416662142976,2.675336541414,1.271044282824,-0.260795921166,-0.152381034759,-0.764939019372,-0.080522455742,0.620616186552
1403715416712142848,2.676355848808,1.274994476490,-0.256448667979,-0.151674096710,-0.765603410757,-0.080407326214,0.619984715712
1403715416762142976,2.677278346923,1.277370002717,-0.253800088255,-0.151315147451,-0.765952242144,-0.080232807710,0.619664090838
1403715416812143104,2.678006985508,1.279132086322,-0.252971949797,-0.150883016291,-0.765621283463,-0.080485998309,0.620145442441
1403715416862142976,2.678990916671,1.281598671220,-0.249673276415,-0.150679468848,-0.766395349233,-0.080066651115,0.619292497711
1403715416912143104,2.680619240082,1.281687859810,-0.248545319217,-0.150815856000,-0.766620202125,-0.080209756028,0.618962388446
1403715416962142976,2.682936686052,1.281987663227,-0.246582066854,-0.150549096492,-0.766581284311,-0.080611687620,0.619023311281
1403715417012142848,2.685659540900,1.282391941842,-0.244827437887,-0.150611120933,-0.766577658793,-0.080517300241,0.619024997598
1403715417062142976,2.688183290607,1.282696742266,-0.243839091385,-0.150554478693,-0.766682054512,-0.080754662430,0.618878550872
1403715417112143104,2.690985515427,1.283381839338,-0.243685809406,-0.150654353093,-0.766863316949,-0.080666553122,0.618641112617
1403715417162142976,2.699255984185,1.284393468275,-0.242958778686,-0.150589440531,-0.767269538532,-0.080486187336,0.618176551876
1403715417212142848,2.706350436253,1.287066987858,-0.240453871827,-0.150237170505,-0.767582101158,-0.080417370397,0.617883125777
1403715417262142976,2.712677082993,1.288648461970,-0.239079857571,-0.150024965465,-0.767791832557,-0.080483755997,0.617665424495
1403715417312143104,2.718189950261,1.292325493350,-0.235282445438,-0.149486743624,-0.768275204561,-0.080429345213,0.617201785453
1403715417362142976,2.723629046322,1.294855965363,-0.232194111368,-0.149150249870,-0.768805015512,-0.080440693337,0.616621720297
1403715417412143104,2.728690775613,1.297626465562,-0.229096759374,-0.148805484104,-0.769240812810,-0.080460942954,0.616158694224
1403715417462142976,2.733418443304,1.300297351759,-0.226397287339,-0.148457467398,-0.769536075700,-0.080372476165,0.615885438734
1403715417512142848,2.738128494956,1.302963299486,-0.222801737030,-0.148015649072,-0.769936952464,-0.080449811726,0.615480531498
1403715417562142976,2.742463958064,1.306432515422,-0.218437310765,-0.147589049691,-0.770559493937,-0.080326151777,0.614819687434
1403715417612143104,2.746932655104,1.308863756023,-0.215271168537,-0.147287042416,-0.771002658970,-0.080342035243,0.614334261107
1403715417662142976,2.751077413954,1.311313414803,-0.212360862142,-0.146916103377,-0.771385492573,-0.080393254093,0.613935668546
1403715417712142848,2.755125166293,1.313482218607,-0.208640748150,-0.146661220709,-0.771808224671,-0.080338964091,0.613472250000
1403715417762142976,2.758706474753,1.316000980567,-0.205678776018,-0.146246311428,-0.772125678392,-0.080347450539,0.613170645378
1403715417812143104,2.762309544686,1.318274977639,-0.203142352579,-0.146016088944,-0.772491623145,-0.080267158316,0.612774980916
1403715417862142976,2.766001886616,1.320632410844,-0.200806507148,-0.145746385900,-0.772829663175,-0.080249894337,0.612415102013
1403715417912143104,2.769769970387,1.322601910737,-0.197600821952,-0.145470746176,-0.773228664123,-0.080334736431,0.611965705826
1403715417962142976,2.773697889097,1.324044235634,-0.194255085105,-0.145196372117,-0.773559916255,-0.080546040737,0.611584339899
1403715418012142848,2.777582493104,1.325892137718,-0.190625769830,-0.144893792260,-0.773941112619,-0.080598215817,0.611166810919
1403715418062142976,2.781024981242,1.328263306033,-0.187866091961,-0.144553948469,-0.774290153485,-0.080556801704,0.610810540100
1403715418112143104,2.784444054998,1.331071775575,-0.186236585639,-0.144252639241,-0.774551452647,-0.080406985945,0.610570176054
1403715418162142976,2.787874678540,1.333640701899,-0.184507511949,-0.144001683834,-0.774844499394,-0.080198269867,0.610284977959
1403715418212142848,2.791484879883,1.335862336316,-0.182205456863,-0.143725451497,-0.775154784976,-0.080186670901,0.609957499937
1403715418262142976,2.795172240471,1.337674440744,-0.180161408560,-0.143485382669,-0.775380403076,-0.080266731870,0.609716677844
1403715418312143104,2.798728485940,1.339494934352,-0.177702294292,-0.143249245859,-0.775722366296,-0.080320396539,0.609330040199
1403715418362142976,2.802372096977,1.341585851291,-0.175376032991,-0.142972049261,-0.776007839088,-0.080361304794,0.609026179647
1403715418412143104,2.806071238573,1.343594443486,-0.173467853255,-0.142685956106,-0.776205468271,-0.080359722922,0.608841608211
1403715418462142976,2.809375697120,1.345896322407,-0.171417337404,-0.142368747254,-0.776483426396,-0.080305062535,0.608568587153
1403715418512142848,2.807270700324,1.347336832239,-0.168756470394,-0.142104138560,-0.776802600008,-0.080212100602,0.608235277949
1403715418562142976,2.803840803944,1.348396154817,-0.166504398835,-0.141890897256,-0.777029926060,-0.080175418135,0.607999481587
1403715418612143104,2.800732413752,1.348714145692,-0.165444285369,-0.141853621277,-0.777089728725,-0.080171187350,0.607932302448
1403715418662142976,2.797943182715,1.348175885366,-0.166671749920,-0.141952207147,-0.777079680048,-0.080210368169,0.607916966848
1403715418712142848,2.774828213489,1.343896295153,-0.164074198144,-0.141890223710,-0.776984464777,-0.080413441638,0.608026302322
1403715418762142976,2.776546820721,1.338622747917,-0.173673493866,-0.142947247221,-0.775891281045,-0.080522928542,0.609159143811
1403715418812143104,2.778100627631,1.335229659415,-0.180765763201,-0.143697721294,-0.775172977338,-0.080463456657,0.609904461569
