{
  "active_landmarks_tail": 27,
  "case_id": "case_004",
  "duration_sec": 142.90499997138977,
  "evo_failed": false,
  "failure_reason": "ATE_DIVERGED",
  "last10_update_accept_ratio": 0.551239115874079,
  "launch_exit": 124,
  "mean_num_features": 241.54054054054055,
  "path_length_m": 13747.365726737511,
  "path_length_ratio": 235.6997443907549,
  "pose_count": 11677,
  "ros_crash": false,
  "rpe1_rot_rmse_deg": 0.569034,
  "rpe1_trans_rmse": 7.305366,
  "se3_ate_median": 3393.999839,
  "se3_ate_rmse": 3966.840832,
  "stage": 1,
  "status": "FAILED",
  "strong_baseline": false,
  "tail_E_orth_frob": 0.0,
  "timed_out": true,
  "update_accept_ratio": 0.6409214092140921,
  "usable": false
}
