{
  "active_landmarks_tail": 36,
  "case_id": "case_003",
  "duration_sec": 142.90499997138977,
  "evo_failed": false,
  "failure_reason": "SUCCESS",
  "last10_update_accept_ratio": 0.8093525179856115,
  "launch_exit": 124,
  "mean_num_features": 111.93506493506493,
  "path_length_m": 63.646100433029524,
  "path_length_ratio": 1.090958980741025,
  "pose_count": 10767,
  "ros_crash": false,
  "rpe1_rot_rmse_deg": 0.270512,
  "rpe1_trans_rmse": 0.008516,
  "se3_ate_median": 0.312646,
  "se3_ate_rmse": 0.342035,
  "stage": 1,
  "status": "SUCCESS",
  "strong_baseline": true,
  "tail_E_orth_frob": 0.0,
  "timed_out": true,
  "update_accept_ratio": 0.8211672898715656,
  "usable": true
}
