{
  "active_landmarks_tail": 0,
  "duration_sec": 142.90499997138977,
  "first_timestamp": 1403715275.952143,
  "last_timestamp": 1403715418.857143,
  "mean_num_features": 56.37625754527163,
  "path_length_m": 3490.2485506655407,
  "pose_count": 16066
}
