{
  "active_landmarks_tail": 0,
  "duration_sec": 142.90499997138977,
  "first_timestamp": 1403715275.952143,
  "last_timestamp": 1403715418.857143,
  "mean_num_features": 73.41109709962168,
  "path_length_m": 407.90884290557705,
  "pose_count": 12298
}
