{
  "active_landmarks_tail": 32,
  "case_id": "case_047",
  "duration_sec": 142.90499997138977,
  "evo_failed": false,
  "failure_reason": "E_ORTH_COLLAPSE",
  "last10_update_accept_ratio": 0.4236111111111111,
  "launch_exit": 124,
  "mean_num_features": 199.22784810126583,
  "path_length_m": 3391.909162020689,
  "path_length_ratio": 58.14839909208106,
  "pose_count": 16285,
  "ros_crash": false,
  "rpe1_rot_rmse_deg": 0.375426,
  "rpe1_trans_rmse": 2.009945,
  "se3_ate_median": 619.156929,
  "se3_ate_rmse": 895.438114,
  "stage": 1,
  "status": "FAILED",
  "strong_baseline": false,
  "tail_E_orth_frob": 0.056177,
  "timed_out": true,
  "update_accept_ratio": 0.5982678214523651,
  "usable": false
}
