{
  "active_landmarks_tail": 0,
  "duration_sec": 142.90499997138977,
  "first_timestamp": 1403715275.952143,
  "last_timestamp": 1403715418.857143,
  "mean_num_features": 18.46187800963082,
  "path_length_m": 15122.367319152116,
  "pose_count": 17156
}
