{
  "active_landmarks_tail": 26,
  "case_id": "case_021",
  "duration_sec": 142.90499997138977,
  "evo_failed": false,
  "failure_reason": "E_ORTH_COLLAPSE",
  "last10_update_accept_ratio": 0.5281899109792285,
  "launch_exit": 124,
  "mean_num_features": 244.14457831325302,
  "path_length_m": 15122.367319152116,
  "path_length_ratio": 259.2260855682538,
  "pose_count": 17156,
  "ros_crash": false,
  "rpe1_rot_rmse_deg": 0.272517,
  "rpe1_trans_rmse": 6.990983,
  "se3_ate_median": 3653.00431,
  "se3_ate_rmse": 4343.628559,
  "stage": 1,
  "status": "FAILED",
  "strong_baseline": false,
  "tail_E_orth_frob": 0.073612,
  "timed_out": true,
  "update_accept_ratio": 0.5720053835800808,
  "usable": false
}
