{
  "active_landmarks_tail": 11,
  "duration_sec": 142.90499997138977,
  "first_timestamp": 1403715275.952143,
  "last_timestamp": 1403715418.857143,
  "mean_num_features": 84.05311203319502,
  "path_length_m": 186.07732131644565,
  "pose_count": 12672
}
