{
  "active_landmarks_tail": 10,
  "case_id": "case_037",
  "duration_sec": 142.90499997138977,
  "evo_failed": false,
  "failure_reason": "E_ORTH_COLLAPSE",
  "last10_update_accept_ratio": 0.5658093797276853,
  "launch_exit": 124,
  "mean_num_features": 122.90361445783132,
  "path_length_m": 1811.3214100729142,
  "path_length_ratio": 31.04662635588938,
  "pose_count": 16189,
  "ros_crash": false,
  "rpe1_rot_rmse_deg": 0.21155,
  "rpe1_trans_rmse": 1.387268,
  "se3_ate_median": 140.117283,
  "se3_ate_rmse": 348.215663,
  "stage": 1,
  "status": "FAILED",
  "strong_baseline": false,
  "tail_E_orth_frob": 0.186749,
  "timed_out": true,
  "update_accept_ratio": 0.806420233463035,
  "usable": false
}
