timestamp_ns,tx,ty,tz,qx,qy,qz,qw
1403715274612143104,-0.000005395253,-0.000052359394,0.000007778719,0.014381333476,-0.829652742475,0.000566891730,0.558094241849
1403715274662142976,-0.000032599316,-0.000371700785,-0.000085990538,0.012985121471,-0.829772452129,-0.000582489659,0.557950468244
1403715274712142848,-0.000039938639,-0.002166021308,-0.000910138711,0.012498297867,-0.829768396113,-0.000811651771,0.557967331107
1403715274762142976,-0.001484178929,-0.001259975926,-0.002394449738,0.012214610988,-0.829940780246,-0.001120563978,0.557716638536
1403715274812143104,0.000093331242,-0.001285162536,-0.001592916194,0.012369809269,-0.829760238868,-0.001135389275,0.557981760190
1403715274862142976,-0.001363145639,-0.001559091769,-0.001931335680,0.012252050009,-0.829735253133,-0.001017753857,0.558021738964
1403715274912143104,-0.001337787324,-0.001721549803,-0.001563218515,0.012292139602,-0.829821576241,-0.001115545662,0.557892292890
1403715274962142976,-0.001374607547,-0.001819532812,-0.001555382768,0.012379353443,-0.829837686546,-0.001145060861,0.557866341010
1403715275012142848,-0.001381642454,-0.001751723156,-0.001438009764,0.012473856958,-0.829759257267,-0.000863198227,0.557981391053
1403715275062142976,-0.001336032823,-0.001700676686,-0.001526573546,0.012484742256,-0.829693169797,-0.000954866683,0.558079262680
1403715275112143104,-0.001351754827,-0.001627313688,-0.001578631146,0.012473312889,-0.829748555617,-0.000855776913,0.557997328455
1403715275162142976,-0.001403418246,-0.001486076507,-0.001593551159,0.012577698280,-0.829803990818,-0.000651851775,0.557912818833
1403715275212142848,-0.001364485273,-0.001319349786,-0.001587831399,0.012717951690,-0.829794644162,-0.000599997889,0.557923598916
1403715275262142976,-0.001350174850,-0.001189683313,-0.001525825266,0.012781613431,-0.829808880152,-0.000644772186,0.557900920458
1403715275312143104,-0.001325579768,-0.001092984147,-0.001622049929,0.012788288795,-0.829689372202,-0.000599398682,0.558078530358
1403715275362142976,-0.001374852059,-0.001039252556,-0.001595363930,0.012714669067,-0.829667898370,-0.000630444041,0.558112101773
1403715275412143104,-0.001397549894,-0.001032035096,-0.001649952958,0.012683719673,-0.829671759452,-0.000580197475,0.558107120716
1403715275462142976,-0.001450768049,-0.001026887641,-0.001653100476,0.012750108329,-0.829721825148,-0.000478750881,0.558031270098
1403715275512142848,-0.001487651840,-0.001059477788,-0.001685686309,0.012826853980,-0.829783723351,-0.000419165617,0.557937513148
1403715275562142976,-0.001476955260,-0.000953065180,-0.001606748138,0.012878729251,-0.829825619034,-0.000331861784,0.557874063025
1403715275612143104,-0.001450767015,-0.000779018167,-0.001492070721,0.012857978665,-0.829810571279,-0.000329557258,0.557896925579
1403715275662142976,-0.001437577225,-0.000618694065,-0.001471621080,0.012766745012,-0.829711468741,-0.000388300144,0.558046358365
1403715275712142848,-0.001440667648,-0.000431710057,-0.001481771711,0.012716554237,-0.829684665888,-0.000516971151,0.558087248716
1403715275762142976,-0.001464769644,-0.000383905061,-0.001495895714,0.012716198267,-0.829700938817,-0.000519283238,0.558063061645
1403715275812143104,-0.001523875235,-0.000416058236,-0.001424660413,0.012778204801,-0.829772686114,-0.000478578253,0.557954996236
1403715275862142976,-0.001517846007,-0.000465923732,-0.001323439767,0.012947725337,-0.829700212936,-0.000284932840,0.558058986018
1403715275912143104,-0.001462167441,-0.000363933626,-0.001217128168,0.012975636813,-0.829556729074,-0.000130429576,0.558271662441
1403715275962142976,-0.001407511697,-0.000385828695,-0.001224764977,0.012872358157,-0.829140905587,-0.000391212661,0.558891320410
1403715276012142848,-0.001399611622,-0.000459657545,-0.001516218234,0.012648603782,-0.829055312454,-0.000521410455,0.559023282024
1403715276062142976,-0.001479472224,-0.000095234250,-0.001728164999,0.012767460402,-0.829327308936,-0.000414410690,0.558617073559
1403715276112143104,-0.001531817109,0.000255118134,-0.002337614427,0.012715143569,-0.829387822681,-0.000371827242,0.558528447311
1403715276162142976,-0.001455449052,0.000440601034,-0.002896647130,0.012618878690,-0.829046340619,-0.000296179440,0.559037423867
1403715276212142848,-0.001468366680,0.000649734196,-0.002909996739,0.012925385215,-0.829192182692,-0.000260395780,0.558814093213
1403715276262142976,-0.001548257034,0.000697701855,-0.002997301697,0.012975009096,-0.829238470114,-0.000168301926,0.558744289006
1403715276312143104,-0.001619041731,0.000724995291,-0.003078368955,0.012840395251,-0.829439544462,-0.000267388454,0.558448829201
1403715276362142976,-0.001653052085,0.000720464168,-0.003454521921,0.013146391051,-0.829360818846,-0.000269027526,0.558558620191
1403715276412143104,-0.001643496491,0.000789745009,-0.003571384889,0.013010160029,-0.829332524779,-0.000007228601,0.558603883828
1403715276462142976,-0.001663045216,0.000735695513,-0.003209927323,0.013219055481,-0.829432307800,-0.000193119719,0.558450773170
1403715276512142848,-0.001629223703,0.000618787541,-0.002969068359,0.013150512992,-0.829099587577,-0.000216948469,0.558946232496
1403715276562142976,-0.001648629085,0.000949890130,-0.002682505760,0.013022843849,-0.829292356159,-0.000429274168,0.558663055229
1403715276612143104,-0.001762029788,0.000951793226,-0.002719183221,0.012726620716,-0.829554906906,-0.000679968659,0.558279703372
1403715276662142976,-0.001814215154,0.000884040009,-0.002942890681,0.012467321459,-0.829571249377,-0.000571935080,0.558261391279
1403715276712142848,-0.001726415423,0.000907286601,-0.003401872609,0.012562993084,-0.829168746582,-0.000677511637,0.558856781183
1403715276762142976,-0.001789047625,0.000896809809,-0.002884931953,0.012691611797,-0.829152226464,-0.000455697849,0.558878609967
1403715276812143104,-0.001962626655,0.001018047063,-0.002602385585,0.012792720347,-0.829332687452,-0.000203072487,0.558608627387
1403715276862142976,-0.002174003656,0.000960561085,-0.001833143787,0.012802245030,-0.829572868941,0.000017667875,0.558251697111
1403715276912143104,-0.002262801759,0.000704015003,-0.001711027085,0.012813159985,-0.829419361879,-0.000057446157,0.558479490914
1403715276962142976,-0.002251017606,0.000574089956,-0.002295304733,0.013270407733,-0.829085644569,-0.000455369416,0.558963937018
1403715277012142848,-0.002179813732,0.000673845008,-0.002296187000,0.013037761635,-0.829185473034,-0.000385571094,0.558821366284
1403715277062142976,-0.002210927296,0.001002112778,-0.001975825010,0.013140278983,-0.829670719776,-0.000500469997,0.558098180739
1403715277112143104,-0.002141383902,0.001369630483,-0.001665424511,0.013249918772,-0.829440432837,-0.000010177689,0.558438007235
1403715277162142976,-0.001997701052,0.001566863835,-0.001453734697,0.013139692920,-0.829258202018,0.000268753487,0.558711115539
1403715277212142848,-0.001671902109,0.001560059643,-0.001180952553,0.013031445798,-0.829494929959,0.000390089650,0.558362060336
1403715277262142976,-0.001485017140,0.001680816570,-0.000777705868,0.012642570282,-0.829517388250,0.000365762577,0.558337652524
1403715277312143104,-0.001834537569,0.001521069499,0.000168117452,0.012481351952,-0.829860817502,-0.000169221405,0.557830808394
1403715277362142976,-0.001952965135,0.001535593209,0.000447098065,0.012734162347,-0.829969979009,-0.000655147761,0.557662304477
1403715277412143104,-0.001935655327,0.001732650272,0.000641902387,0.012561078517,-0.829600265085,-0.000843979145,0.558215824907
1403715277462142976,-0.001859227046,0.002076605917,-0.000114589505,0.012260606719,-0.828737083684,-0.000261448636,0.559503758071
1403715277512142848,-0.002239638085,0.002308645645,0.000747969820,0.012371778170,-0.829364462710,-0.000406052605,0.558570821132
1403715277562142976,-0.002245052513,0.002389092277,0.000095689535,0.012806484863,-0.828817922852,-0.000932600057,0.559371053025
1403715277612143104,-0.002293132563,0.002261097382,0.000026479572,0.012666644491,-0.829063152428,-0.000633842893,0.559011130164
1403715277662142976,-0.002421334599,0.002145632299,-0.000428790374,0.012408744535,-0.829301735475,0.000040419162,0.558663273326
1403715277712142848,-0.002288158622,0.002156459246,-0.001106722321,0.012210591191,-0.828904150542,0.000169504587,0.559257348583
1403715277762142976,-0.002137393649,0.002055868667,-0.001797692251,0.012158258982,-0.828251030726,0.000574338775,0.560225023517
1403715277812143104,-0.002305785443,0.001705084416,-0.001512900862,0.012534389191,-0.828722072977,-0.000534554184,0.559519730751
1403715277862142976,-0.002173171108,0.002065422981,-0.001321226922,0.012232242999,-0.828960734121,-0.000000956271,0.559173026456
1403715277912143104,-0.002123899309,0.002275596131,-0.000989385260,0.012799460873,-0.828867904741,-0.000616889656,0.559297586029
1403715277962142976,-0.002305910159,0.002582673427,-0.000392922883,0.012804747466,-0.829118212703,-0.000269480315,0.558926609839
1403715278012142848,-0.002327268046,0.002893491536,-0.000491825414,0.012590088196,-0.829150710364,0.000402121433,0.558883196635
1403715278062142976,-0.002496546347,0.002498547213,-0.000576759100,0.013012676655,-0.828787209548,0.000161402851,0.559412553921
1403715278112143104,-0.002663379913,0.001885919000,-0.000145258266,0.012753604279,-0.829029756474,-0.000146484209,0.559059019246
1403715278162142976,-0.002514116546,0.001821843985,0.000414056951,0.012144970921,-0.829624807787,0.000892531047,0.558188481943
1403715278212142848,-0.002768952403,0.001689971292,-0.000798163314,0.012172263254,-0.829030930358,0.000625007965,0.559069907867
1403715278262142976,-0.002042118260,0.002209552302,0.001446593027,0.013518033949,-0.830008493795,0.000219510326,0.557586867494
1403715278312143104,-0.002231550216,0.002131259487,0.000979333418,0.012466860688,-0.829754472536,-0.000788646468,0.557988772940
1403715278362142976,-0.002649458178,0.002426525404,-0.000742619743,0.012001027409,-0.827700692827,-0.001005532318,0.561040575484
1403715278412143104,-0.003898351262,0.002913576180,-0.002057625937,0.011513617294,-0.827180195562,-0.001186898788,0.561817543298
1403715278462142976,-0.005762094346,0.002784414147,-0.002861130652,0.010632685082,-0.825709490142,-0.001220380538,0.563994055438
1403715278512142848,-0.009007558430,0.002572929619,-0.001013961015,0.009857415707,-0.825861330276,-0.001168289732,0.563785889864
1403715278562142976,-0.012955224686,0.001646500152,0.001155739859,0.008267629158,-0.823054728293,-0.000822386444,0.567901297959
1403715278612143104,-0.018049771395,0.000733707542,0.005675237903,0.007033434840,-0.820270668139,-0.000042701102,0.571932303653
1403715278662142976,-0.024638488597,-0.001229625218,0.013130869063,0.007565517892,-0.819372411954,-0.002530009303,0.573206082069
1403715278712142848,-0.032183459508,-0.003390174194,0.021864927959,0.006108555820,-0.816511289787,-0.000221511680,0.577297107328
1403715278762142976,-0.040933789870,-0.006242631562,0.034102782375,0.005345528461,-0.813724079119,0.000924884105,0.581226025722
1403715278812143104,-0.050542166741,-0.009110969704,0.050322954406,0.004203568115,-0.812493010763,0.002439267900,0.582950673255
1403715278862142976,-0.059737833313,-0.011566361323,0.068334787234,0.003376468037,-0.810572952910,0.004597536871,0.585609895861
1403715278912143104,-0.068087118042,-0.013738306499,0.086771179318,0.003715515862,-0.810967227137,0.005164117890,0.585056991529
1403715278962142976,-0.076441899549,-0.015461286024,0.101817473769,0.003892170636,-0.810107416467,0.004267325034,0.586253029612
1403715279012142848,-0.084244440652,-0.016927238047,0.114984180168,0.004457838484,-0.809880694316,0.002848430998,0.586570775859
1403715279062142976,-0.090308639437,-0.018450694820,0.121982335680,0.005154465545,-0.808925494749,0.002226628745,0.587884357296
1403715279112143104,-0.096583167082,-0.019952161462,0.126979602901,0.005995848596,-0.808663605738,0.001321703600,0.588239301352
1403715279162142976,-0.101612682756,-0.020942575050,0.125189317425,0.006170277563,-0.808639821802,0.000664842871,0.588271301573
1403715279212142848,-0.106762844834,-0.021700998614,0.122105337967,0.005634276643,-0.809553178435,0.001351974691,0.587017954050
1403715279262142976,-0.111029455179,-0.023532904322,0.119316639852,0.006023161186,-0.810254511295,0.001084762561,0.586046219803
1403715279312143104,-0.115249076450,-0.025335743380,0.114987806397,0.006359176451,-0.810646105061,0.001181070486,0.585500690261
1403715279362142976,-0.118945991974,-0.026252290486,0.110719255899,0.006382657451,-0.810777909208,0.002158837902,0.585315114313
1403715279412143104,-0.122840899286,-0.026835939101,0.109388358693,0.005437554644,-0.811234112608,0.002949658180,0.584688760844
1403715279462142976,-0.125834841437,-0.027132960466,0.109091925038,0.005062210660,-0.811975761387,0.003565418223,0.583658311631
1403715279512142848,-0.127971619479,-0.027093650256,0.108540385099,0.004509378729,-0.810852453836,0.004825791967,0.585213358822
1403715279562142976,-0.131260303856,-0.027493694558,0.107718072610,0.005709093146,-0.811232909079,0.003611076538,0.584684131484
1403715279612143104,-0.133730677178,-0.027964567073,0.108896720079,0.005887638806,-0.811833644075,0.003580128957,0.583848141844
1403715279662142976,-0.135263377546,-0.028822319170,0.112896384894,0.006494230934,-0.811824549200,0.002981016304,0.583857722243
1403715279712142848,-0.138714594501,-0.028764984895,0.116726182720,0.005374219931,-0.812760078520,0.003915923576,0.582560587465
1403715279762142976,-0.140278240818,-0.028777467777,0.120654617732,0.005473909043,-0.812697123938,0.004034982918,0.582646668210
1403715279812143104,-0.141133730480,-0.028234761140,0.127189543850,0.004901898124,-0.812861814002,0.004568888511,0.582418035427
1403715279862142976,-0.141515101660,-0.027841617894,0.132594308521,0.005070031817,-0.812832855184,0.003924786667,0.582461707205
1403715279912143104,-0.142598911873,-0.027622644297,0.137866012269,0.005353560150,-0.813444157282,0.003839043707,0.581605711906
1403715279962142976,-0.143008640061,-0.027301466316,0.144936217487,0.005609608278,-0.815519166054,0.002451761504,0.578697685289
1403715280012142848,-0.142180180262,-0.026346716555,0.153048168185,0.005267017199,-0.817980871588,0.003153810191,0.575212661307
1403715280062142976,-0.142857439322,-0.025527074302,0.159061704742,0.005022663017,-0.822369262951,0.003056982160,0.568923740997
1403715280112143104,-0.144533403854,-0.024936568567,0.162756395712,0.007656536256,-0.826971536005,-0.000278790113,0.562191585108
1403715280162142976,-0.145415038765,-0.023839470861,0.168268258056,0.007769778874,-0.828178396923,-0.002319819583,0.560405917031
1403715280212142848,-0.147472585569,-0.023275969365,0.176723681490,0.011919533222,-0.828371288703,-0.006165090477,0.560018682224
1403715280262142976,-0.153290809508,-0.022918997277,0.185576300806,0.014524055503,-0.828968240476,-0.009893655801,0.559019519936
1403715280312143104,-0.158848297853,-0.022296546736,0.194430594625,0.015392199197,-0.827570319595,-0.012337622198,0.561015355768
1403715280362142976,-0.164888867109,-0.023072270891,0.204581233774,0.017914828422,-0.825332177189,-0.014731807185,0.564170922749
1403715280412143104,-0.172937340238,-0.025004541582,0.214186669995,0.018602742187,-0.823679213122,-0.017745115960,0.566472949675
1403715280462142976,-0.181033237503,-0.026600501675,0.224443261002,0.013774558156,-0.823042642769,-0.017142281878,0.567553708387
1403715280512142848,-0.189100567520,-0.029465108311,0.234843921410,0.007775813832,-0.821608876095,-0.015030390513,0.569800385049
1403715280562142976,-0.198504962558,-0.032063725352,0.241881633761,-0.000524661791,-0.821085508499,-0.015767233591,0.570587159694
1403715280612143104,-0.207914059567,-0.034786669503,0.249114861028,-0.010014178045,-0.819617649411,-0.016792049548,0.572577201856
1403715280662142976,-0.218415120478,-0.038469378218,0.257641623472,-0.017890868796,-0.819078923186,-0.020331998967,0.573041223844
1403715280712142848,-0.227354231653,-0.042301329808,0.264846083649,-0.028107543335,-0.817180857408,-0.025185562615,0.575144416412
1403715280762142976,-0.238319756307,-0.045356608177,0.271885491795,-0.038397920347,-0.817513535754,-0.031762215319,0.573749405446
1403715280812143104,-0.247545773888,-0.048417446666,0.278134463548,-0.049606778110,-0.816693975523,-0.037067990549,0.573738687894
1403715280862142976,-0.257199893001,-0.050821389592,0.282459628386,-0.061046043353,-0.815448664315,-0.043673889110,0.573942024832
1403715280912143104,-0.265775672940,-0.054663949492,0.287056791890,-0.069645263515,-0.814126431577,-0.049979270363,0.574325485428
1403715280962142976,-0.275470618882,-0.058002138597,0.293004176304,-0.078438124121,-0.812842860447,-0.055827446304,0.574471270948
1403715281012142848,-0.285135208277,-0.061984741463,0.297993005260,-0.085897865921,-0.811779012502,-0.059663066807,0.574523028217
1403715281062142976,-0.294534192633,-0.066024412327,0.302694162683,-0.091903399193,-0.811125006437,-0.064295110345,0.574017532777
1403715281112143104,-0.304858452844,-0.068811205963,0.306451833500,-0.097489439332,-0.810862115847,-0.067366366004,0.573114483358
1403715281162142976,-0.315368818696,-0.072436131837,0.308876422928,-0.101984723488,-0.810731856936,-0.070208598879,0.572174558127
1403715281212142848,-0.324070704362,-0.075689210841,0.312615718911,-0.106437575086,-0.809874766314,-0.073245574913,0.572196636877
1403715281262142976,-0.332427721002,-0.078740657989,0.314427018706,-0.111742037368,-0.808341587394,-0.076242158631,0.572961367303
1403715281312143104,-0.341168452353,-0.081624187652,0.313492321254,-0.116895593394,-0.807575862257,-0.079405257378,0.572583139855
1403715281362142976,-0.352137768596,-0.084591545883,0.312858728074,-0.122540269495,-0.807975612828,-0.083564669934,0.570242261997
1403715281412143104,-0.361042911994,-0.086621205605,0.310115354727,-0.128964023788,-0.807209548118,-0.088519735283,0.569161912342
1403715281462142976,-0.368783681918,-0.088671349599,0.309588212665,-0.135971412569,-0.805224885181,-0.094183352080,0.569433187863
1403715281512142848,-0.378362948602,-0.089968671732,0.308588407289,-0.144317398372,-0.803636782118,-0.100833718536,0.568483044743
1403715281562142976,-0.387229875926,-0.090740472124,0.309017772464,-0.153380505899,-0.801698530453,-0.108033591033,0.567523241716
1403715281612143104,-0.396962896504,-0.092234122179,0.306670638127,-0.162891780847,-0.799425891022,-0.116086663568,0.566487774835
1403715281662142976,-0.408040928550,-0.091851006706,0.307534898220,-0.175028509591,-0.798580390884,-0.123328322159,0.562516226503
1403715281712142848,-0.416967338764,-0.096723208735,0.308364534435,-0.185714999987,-0.795760054669,-0.131845062052,0.561153057361
1403715281762142976,-0.428194632976,-0.101092274177,0.310115045002,-0.198352860308,-0.793498427133,-0.139515087453,0.558168370044
1403715281812143104,-0.438772309446,-0.105307098973,0.308313938576,-0.210265557692,-0.790227746250,-0.148384551221,0.556156928630
1403715281862142976,-0.449835827898,-0.106971590657,0.306935112040,-0.223178230347,-0.786464775259,-0.156487169875,0.554234968620
1403715281912143104,-0.461801078997,-0.108185270336,0.304797400123,-0.236030064175,-0.782957214228,-0.164527307409,0.551541997141
1403715281962142976,-0.472412160320,-0.109317929879,0.301738424163,-0.247929479713,-0.778745820239,-0.172732626843,0.549772098395
1403715282012142848,-0.485270974518,-0.109814375162,0.298919302478,-0.259623360025,-0.775798875615,-0.180674720637,0.545974780412
1403715282062142976,-0.496984768863,-0.110004678580,0.296834880665,-0.271679459806,-0.771501910804,-0.187817542385,0.543782717193
1403715282112143104,-0.509674062057,-0.110582191594,0.294913161679,-0.281268177767,-0.767799640462,-0.196677776582,0.541008111290
1403715282162142976,-0.523589326297,-0.110160518913,0.293509742691,-0.293216279954,-0.764037556697,-0.203377424740,0.537502044864
1403715282212142848,-0.536279235898,-0.110511692552,0.289847421479,-0.302428028025,-0.759410195198,-0.211779752703,0.535707737147
1403715282262142976,-0.552599611092,-0.110510308895,0.283561503408,-0.312547269970,-0.756885315476,-0.219586245979,0.530302464474
1403715282312143104,-0.566747758469,-0.109703400178,0.278500129782,-0.324312531339,-0.752288851725,-0.225637476257,0.527229167341
1403715282362142976,-0.580752829851,-0.110525497809,0.275984443799,-0.333282830383,-0.747626491587,-0.233595146072,0.524795666694
1403715282412143104,-0.594891217724,-0.109834297200,0.272040194301,-0.342878933464,-0.744597075520,-0.240811491377,0.519633580260
1403715282462142976,-0.609520068506,-0.110576857037,0.267655966934,-0.353215511911,-0.739473965117,-0.247231865832,0.517004314853
1403715282512142848,-0.625873676572,-0.111372594512,0.262568114382,-0.362345147755,-0.734645750789,-0.253955129974,0.514303807789
1403715282562142976,-0.640668116066,-0.111781449203,0.258118092141,-0.371913833441,-0.729304008450,-0.260091445472,0.512004105204
1403715282612143104,-0.658063946507,-0.108158629897,0.254719491951,-0.382596879085,-0.724635948420,-0.264914699663,0.508274111356
1403715282662142976,-0.678032126725,-0.107570108435,0.245876892411,-0.391263369128,-0.719017283457,-0.271417397507,0.506221017342
1403715282712142848,-0.697531566150,-0.108112330367,0.236549484882,-0.399932379545,-0.712625921411,-0.278276860278,0.504757740860
1403715282762142976,-0.716620594283,-0.107501749932,0.228711033474,-0.409142363928,-0.705509723839,-0.284262767453,0.504036937782
1403715282812143104,-0.734524374111,-0.103997765310,0.221658343272,-0.419087768030,-0.699739963956,-0.289221163289,0.501079379176
1403715282862142976,-0.751716713741,-0.101782183376,0.214595971120,0.428077814579,0.694333251310,0.293778150975,-0.498342371066
1403715282962142976,-0.785782463881,-0.099236938310,0.205641949124,0.447093583071,0.681639849325,0.303116959190,-0.493552988888
1403715283012142848,-0.803790210370,-0.099911720254,0.199227368893,0.455134562314,0.675336084214,0.309022191364,-0.491201576535
1403715283062142976,-0.821706949986,-0.099176718221,0.190877013878,0.463625017958,0.669226194140,0.313877194991,-0.488537869837
1403715283112143104,-0.840468962173,-0.098767374218,0.180857202615,0.471708147320,0.663438993354,0.319581453188,-0.484982288983
1403715283212142848,-0.876197317864,-0.098320052583,0.161707297166,0.488876111501,0.653269407842,0.326949326416,-0.476805375742
1403715283262142976,-0.892666113194,-0.098050430213,0.156737949970,0.496321921465,0.647121210708,0.332154923904,-0.473890066842
1403715283312143104,-0.908566780828,-0.097625732073,0.150347497817,0.504298865171,0.641143625345,0.336182274176,-0.470743013541
1403715283362142976,-0.922893474923,-0.098166861886,0.144174918706,0.511672921290,0.635284156960,0.340606937164,-0.467537994061
1403715283462142976,-0.946915555270,-0.108370868354,0.133489788948,0.521423264810,0.627211761351,0.347122512598,-0.462848945754
1403715283512142848,-0.959921063886,-0.108909594968,0.127295831276,0.528283834939,0.623023636224,0.350694738691,-0.458007574941
1403715283562142976,-0.969319385857,-0.110964408692,0.122879264522,0.533854620984,0.618188072565,0.354918868139,-0.454835517117
1403715283662142976,-0.989108760282,-0.117235865923,0.111770252307,0.541844151270,0.612596342607,0.361711972595,-0.447543389673
1403715283712142848,-0.996382775634,-0.113696441223,0.109351688190,0.546074699022,0.610236067753,0.363658561782,-0.444034700382
1403715283762142976,-1.006957658308,-0.111047022484,0.106015308470,0.550740038838,0.608864235230,0.364061950353,-0.439805239832
1403715283812143104,-1.019349002054,-0.110497324499,0.100701626167,0.552644639341,0.607029211490,0.366225258962,-0.438153510432
1403715283912143104,-1.042878703374,-0.115492630008,0.092788750708,0.554008994782,0.606538873556,0.366928716384,-0.436517978621
1403715283962142976,-1.055032216499,-0.110922365504,0.088426983116,0.557058073090,0.604285274110,0.366147853250,-0.436418789994
1403715284012142848,-1.066502516182,-0.107852708989,0.083068960371,0.559565517334,0.603215504268,0.364755598618,-0.435856444828
1403715284112143104,-1.089111061247,-0.103643682597,0.077275760744,0.561851638632,0.599891521390,0.362656914861,-0.439241233077
1403715284162142976,-1.100996235285,-0.101203100302,0.061491854954,0.560126199073,0.601379067205,0.364057115262,-0.438251383874
1403715284212142848,-1.112111455102,-0.096679921697,0.046053019933,0.560589532543,0.602171782606,0.363271842067,-0.437220869812
1403715284312143104,-1.133825174919,-0.087360781185,0.026770146809,0.561559762816,0.602128609805,0.358727687840,-0.439779735796
1403715284362142976,-1.144083831190,-0.083703433306,0.013075318826,0.559705811440,0.604673114210,0.358609676344,-0.438746999562
1403715284412143104,-1.152180906828,-0.078566975849,0.015499483122,0.557911581192,0.604243508596,0.359343481934,-0.441017813566
1403715284512142848,-1.165811733733,-0.062703124722,0.020723488551,0.554823598541,0.607602021843,0.360852478936,-0.439062690285
1403715284562142976,-1.172448461413,-0.048348541621,0.027155021612,0.555025073669,0.606421342437,0.362343599943,-0.439212293334
1403715284612143104,-1.177798538178,-0.038131461609,0.027265306761,0.552633671134,0.607612289445,0.364416356899,-0.438866779410
1403715284712142848,-1.187287782925,-0.017608541720,0.027478664508,0.549434861197,0.608728369698,0.366812286310,-0.439340246095
1403715284762142976,-1.190104289335,0.006688888645,0.028013725191,0.551900526679,0.601255784488,0.371161615013,-0.442872832551
1403715284812143104,-1.195610710203,0.008020308472,0.021449740095,0.548331479265,0.603277335812,0.373415897747,-0.442661961605
1403715284912143104,-1.206735383622,0.026234860371,0.016532237292,0.553044262656,0.597013704035,0.377938737698,-0.441451006663
1403715284962142976,-1.211183407731,0.035520740800,0.014017010125,0.558459344155,0.593109209732,0.380464881098,-0.437711206743
1403715285012142848,-1.215112699514,0.037825398411,0.010594098233,0.562154697772,0.586770986969,0.383254824354,-0.439087285438
1403715285112143104,-1.220348521350,0.040172683397,0.008492819252,0.572330270535,0.574784869482,0.390228440667,-0.435639965267
1403715285162142976,-1.220628275512,0.031313333786,0.010442595445,0.577796544405,0.573143407178,0.389118389432,-0.431560733951
1403715285262142976,-1.224697338006,0.035110216761,0.011998686034,0.591634867565,0.559132571835,0.395350159659,-0.425484667000
1403715285312143104,-1.227277947462,0.027308859569,0.013375216708,0.595876559691,0.554580911106,0.395521605153,-0.425363137220
1403715285362142976,-1.229222653237,0.027322283341,0.015559906936,0.602144728487,0.550554788732,0.395293986468,-0.421964234056
1403715285462142976,-1.231261186516,0.034418987070,0.036760242518,0.613594968597,0.544558439776,0.394081916046,-0.414314812223
1403715285512142848,-1.231897756639,0.038322799794,0.045568339353,0.614771331543,0.542703745489,0.397299627225,-0.411924581387
1403715285612143104,-1.225336965794,0.045393893681,0.080515342596,0.621937845108,0.537936777677,0.394411203217,-0.410191592821
1403715285662142976,-1.223275822289,0.048493554149,0.092393769270,0.620924544284,0.540018962599,0.397646201131,-0.405844464131
1403715285762142976,-1.212221949599,0.056521847744,0.135027434135,0.623487370261,0.537830201268,0.398901679102,-0.403583478525
1403715285812143104,-1.203699532378,0.062087780269,0.154376261194,0.624829468116,0.538370558413,0.398360186988,-0.401315884349
1403715285862142976,-1.192971403210,0.067056894129,0.181469430968,0.625907654149,0.537783672777,0.397951526334,-0.400827784042
1403715285912143104,-1.181537475593,0.071520956162,0.205729408863,0.625027041955,0.538145096917,0.399969407313,-0.399706798420
1403715286012142848,-1.154515489248,0.082740014748,0.254910533121,0.626037514011,0.538808297169,0.399627505003,-0.397568242189
1403715286062142976,-1.144691172760,0.089430065508,0.267581229378,0.623589135746,0.541430150560,0.403656585961,-0.393765593284
1403715286162142976,-1.126223136164,0.103291052909,0.284365453575,0.621998178176,0.542593885009,0.406615392547,-0.391630010136
1403715286212142848,-1.120959452517,0.108877226013,0.285238023834,0.620023142304,0.543468025072,0.409192026700,-0.390865314420
1403715286312143104,-1.101499787269,0.128673525216,0.300630030158,0.619869563046,0.543381428298,0.410090888509,-0.390286832153
1403715286362142976,-1.089881340197,0.144591942775,0.319700897017,0.621721269044,0.540625554284,0.410430150676,-0.390811674710
1403715286412143104,-1.078276863176,0.159143690037,0.332066491149,0.622416603865,0.539346514188,0.411181391976,-0.390682443628
1403715286512142848,-1.056949420645,0.185318330807,0.351915881573,0.621997523263,0.540924439271,0.413149994073,-0.387074817640
1403715286562142976,-1.047201468092,0.205781481248,0.364679693129,0.624461712093,0.537783941793,0.416207316334,-0.384197178424
1403715286662142976,-1.026237250533,0.228804455666,0.383167103883,0.625438438123,0.534712368192,0.418547960971,-0.384352764773
1403715286712142848,-1.018155112406,0.242537762252,0.388718878187,0.626148908632,0.534673743960,0.420298544482,-0.381327503919
1403715286762142976,-1.008947027823,0.255826694885,0.393780808474,0.627843562186,0.531719939071,0.423284072400,-0.379363891098
1403715286812143104,-0.997861944542,0.263124250443,0.401855406026,0.629981546066,0.526924388873,0.426345869796,-0.379081969151
1403715286912143104,-0.977220935957,0.278555944961,0.414059086776,0.634119320110,0.520303612504,0.430000522035,-0.377195426442
1403715286962142976,-0.969855010971,0.289105689134,0.414813009638,0.635699782312,0.517764072438,0.433197924161,-0.374360401970
1403715287012142848,-0.961514997109,0.302864235235,0.419970583423,0.637842139183,0.515899648632,0.435011109334,-0.371174208129
1403715287112143104,-0.944694755763,0.325173882282,0.436678040069,0.639540827526,0.510136311252,0.438001745143,-0.372696854188
1403715287162142976,-0.938263197041,0.343830867574,0.448981195748,0.642291375758,0.508497206802,0.437732467517,-0.370516755602
1403715287212142848,-0.929838498747,0.364234158758,0.457116371060,0.644130007712,0.505678978889,0.438540611359,-0.370226195270
1403715287262142976,-0.924114159324,0.382996672090,0.462121427328,0.644197183937,0.503301851796,0.441417745771,-0.369929193096
1403715287312143104,-0.918678069593,0.405404748722,0.462938094195,0.644964461597,0.500123700653,0.443714483788,-0.370154811124
1403715287362142976,-0.909824388402,0.432195828579,0.469780917838,0.649597104894,0.494850536226,0.443537102062,-0.369352659670
1403715287462142976,-0.906692541416,0.468208010702,0.479774271955,0.651997421087,0.490547542534,0.442889872948,-0.371632926219
1403715287512142848,-0.905147864222,0.485250606056,0.480278077784,0.653681506378,0.486967525825,0.444690885660,-0.371231912989
1403715287562142976,-0.904926873330,0.501382581826,0.480890930623,0.656001414628,0.482479435825,0.446915110407,-0.370327722568
1403715287612143104,-0.904729461548,0.515056788061,0.485617122375,0.660484500795,0.476746281941,0.447390051721,-0.369209085053
1403715287662142976,-0.908465206054,0.526791545598,0.491371203251,0.664022054399,0.470990646394,0.449991050684,-0.367083882219
1403715287712142848,-0.903723555230,0.540512785042,0.493789227341,0.669762750134,0.463335144014,0.455040959193,-0.360105718243
1403715287762142976,-0.905745642983,0.557924378283,0.504386979896,0.674925589454,0.456496999829,0.457021799171,-0.356674940147
1403715287812143104,-0.901028633916,0.566873034645,0.518461587787,0.679101948343,0.448723843123,0.460856062729,-0.353665301967
1403715287862142976,-0.891340568141,0.578112119438,0.532776198042,0.685093089823,0.441057202484,0.462984185455,-0.348943614976
1403715287912143104,-0.882563383507,0.583629906099,0.544286783648,0.689114496688,0.434293754436,0.466895344019,-0.344265715758
1403715287962142976,-0.872980248006,0.591545768875,0.555241344129,0.694525198435,0.426766805611,0.470980326953,-0.337168168708
1403715288012142848,-0.865751537027,0.594821242999,0.568512583188,0.699428522138,0.419479581833,0.474598166494,-0.331048641752
1403715288062142976,-0.859217202295,0.597558036014,0.579656618029,0.703215666176,0.411608194742,0.479878824638,-0.325242577978
1403715288112143104,-0.852765299587,0.602502999015,0.588873821595,0.708118220053,0.404180697839,0.483151573506,-0.319015841208
1403715288162142976,-0.847024290229,0.607527833890,0.592968629539,0.712256275710,0.396979443881,0.486109633240,-0.314317901682
1403715288212142848,-0.838443772144,0.613560783983,0.595906341185,0.716327720836,0.390086672713,0.488637798029,-0.309741967564
1403715288262142976,-0.832464029433,0.617266066505,0.595567475472,0.718721245523,0.384308967284,0.491522289979,-0.306842349348
1403715288312143104,-0.821162006263,0.622301955999,0.595930622431,0.721341422209,0.380032240984,0.493219555220,-0.303276307626
1403715288362142976,-0.810813997261,0.627162304621,0.591818779951,0.723443481977,0.376450805940,0.494620257025,-0.300441542455
1403715288412143104,-0.795124879693,0.636783963568,0.578124970689,0.726103919626,0.374078019599,0.494157188266,-0.297737143202
1403715288462142976,-0.780522921328,0.643932466553,0.565514946711,0.727069955822,0.371173842739,0.495452949437,-0.296859617836
1403715288512142848,-0.767949881282,0.650357110511,0.553602661627,0.727301234382,0.370842002006,0.496204778814,-0.295448712127
1403715288562142976,-0.757478988431,0.656127972210,0.547619739662,0.728718354888,0.369980039917,0.495204998166,-0.294713995431
1403715288612143104,-0.750577692333,0.660823501342,0.544074386353,0.729098729225,0.369427011259,0.495487753560,-0.293990837387
1403715288662142976,-0.743823890947,0.665543952755,0.543475942511,0.730276111125,0.369633603211,0.494661123552,-0.292195437582
1403715288712142848,-0.735264039449,0.668695504041,0.548030302442,0.730030268773,0.368201740429,0.496304063822,-0.291831391822
1403715288762142976,-0.723309231436,0.671320191912,0.560919675120,0.731066025579,0.368499429137,0.495784154370,-0.289739036454
1403715288862142976,-0.704070232346,0.672901206786,0.579021254259,0.731877017904,0.370775931749,0.495459828741,-0.285308249447
1403715288912143104,-0.694808017333,0.671276634079,0.585886614110,0.732334243478,0.370128212894,0.497247411683,-0.281845123115
1403715288962142976,-0.688378031855,0.667316310068,0.585884408108,0.731830624604,0.369358925107,0.500015651563,-0.279253056432
1403715289012142848,-0.680963401016,0.664900767811,0.581208098523,0.733385555128,0.367840787605,0.500400260875,-0.276474883888
1403715289062142976,-0.674484985010,0.662763580014,0.572128847759,0.735302525880,0.365905582334,0.500978901762,-0.272879900764
1403715289112143104,-0.667855963954,0.660676494294,0.559378866632,0.737267368649,0.362606648562,0.502825466041,-0.268551291644
1403715289162142976,-0.655685659264,0.662746382277,0.547027393686,0.741602326290,0.358474521765,0.502295573289,-0.263099152299
1403715289212142848,-0.647332589151,0.662802518767,0.532322569807,0.743449681657,0.354858705063,0.504283110043,-0.258952534665
1403715289262142976,-0.638271442104,0.664075223117,0.515725226875,0.746054722257,0.350946640799,0.505254532089,-0.254865973628
1403715289362142976,-0.627420154888,0.662468677897,0.485466509926,0.749469727068,0.344220928632,0.509182020603,-0.246050300538
1403715289412143104,-0.622897730627,0.662689028341,0.471457163530,0.753061066497,0.339779481052,0.509221242885,-0.241127891745
1403715289462142976,-0.616348257753,0.662549202220,0.456767137569,0.757170850974,0.333815714706,0.508914347780,-0.237203620704
1403715289512142848,-0.614671796589,0.661311177864,0.441582737887,0.759385763780,0.329142212203,0.510618354346,-0.232953991423
1403715289562142976,-0.615681278157,0.656582457988,0.420784852044,0.760816033963,0.326429124236,0.511387563208,-0.230403449436
1403715289662142976,-0.604103031833,0.663189595897,0.383233023990,0.768075426369,0.313515016119,0.512770320793,-0.220986588257
1403715289712142848,-0.600608879746,0.666257071742,0.365871535753,0.771076649314,0.307724909133,0.512204189718,-0.219984202199
1403715289762142976,-0.595225303997,0.672042894486,0.349853173429,0.773409072530,0.304102946481,0.511987680492,-0.217321005645
1403715289812143104,-0.590708064913,0.678417952949,0.334682497489,0.775017970966,0.301581515894,0.511724191691,-0.215717606116
1403715289862142976,-0.585906656823,0.688883359201,0.321550943944,0.775604347218,0.300109539003,0.512147337012,-0.214656158466
1403715289912143104,-0.582389968054,0.698381063517,0.310099321856,0.774799956532,0.299157598730,0.513394241704,-0.215907644761
1403715289962142976,-0.574021985713,0.710195690629,0.300792189788,0.775880207262,0.299995846054,0.511775518871,-0.214704947810
1403715290012142848,-0.566586866644,0.720074133452,0.297020822275,0.776473179156,0.300602645059,0.510060130408,-0.215791833032
1403715290062142976,-0.558383496027,0.733032392083,0.294611681317,0.776538748407,0.301931351763,0.508850133811,-0.216556164460
1403715290112143104,-0.549108001899,0.746446829891,0.296688615659,0.776254731567,0.303296843180,0.507917747284,-0.217851276405
1403715290162142976,-0.536765339337,0.759671038908,0.304930483501,0.777813359295,0.303489844014,0.504157961561,-0.220737496764
1403715290212142848,-0.531780033011,0.772497171950,0.310164471061,0.776686184238,0.307438581799,0.503548042854,-0.220634218047
1403715290312143104,-0.524365647505,0.798943462934,0.320957147805,0.773981655880,0.313503254307,0.503020336053,-0.222797323631
1403715290362142976,-0.519656152992,0.813206162072,0.328446942842,0.773200331897,0.314522107055,0.502897226409,-0.224346764178
1403715290412143104,-0.513568902378,0.828919157049,0.335284438137,0.774418296035,0.314555214321,0.499830322103,-0.226938249346
1403715290462142976,-0.507712191257,0.846560231741,0.338137955801,0.774512766948,0.315658770966,0.498798482999,-0.227353441814
1403715290512142848,-0.501772154322,0.863406685262,0.343069000011,0.772822844503,0.316717131016,0.499937592382,-0.229123359040
1403715290612143104,-0.483404981255,0.900166799645,0.354214128104,0.770772806514,0.315258419505,0.501624550727,-0.234295155259
1403715290662142976,-0.473430044577,0.921038543773,0.358520465373,0.771649584471,0.313707780553,0.500495956879,-0.235898589132
1403715290712142848,-0.461703532955,0.942229829635,0.363015923267,0.771124401582,0.312188369382,0.501933910098,-0.236575419690
1403715290762142976,-0.453166962279,0.961020780379,0.369230164350,0.768734436801,0.310825281129,0.505552305107,-0.238436316628
1403715290812143104,-0.442238114519,0.981368876079,0.373652895140,0.768019693457,0.308191085248,0.507319581283,-0.240397270955
1403715290862142976,-0.431237620137,1.001404120062,0.379722715172,0.768821894821,0.305088811174,0.507010310877,-0.242434024024
1403715290912143104,-0.419288122615,1.022818562674,0.386752619991,0.769602014336,0.301327807077,0.507684226655,-0.243250936725
1403715290962142976,-0.411040152352,1.043943114071,0.384541890047,0.770070946329,0.298843784740,0.508192199082,-0.243770011966
1403715291012142848,-0.404237409617,1.065210144796,0.382394863296,0.769667494628,0.296191106217,0.509678400972,-0.245174843518
1403715291112143104,-0.387015309858,1.107441213891,0.381442361620,0.771985547401,0.286745542690,0.508821397932,-0.250830806238
1403715291162142976,-0.379291691908,1.129697312289,0.374027468849,0.773267612915,0.283298699137,0.508819962429,-0.250801299275
1403715291212142848,-0.366910051772,1.148964096472,0.373305989342,0.775504873255,0.277650936976,0.508218095499,-0.251428948537
1403715291262142976,-0.354851233767,1.167519970641,0.372351167422,0.777201916133,0.274236313615,0.508304819993,-0.249755552142
1403715291312143104,-0.342843762534,1.183675011054,0.373063659304,0.778972178858,0.270490977383,0.508348567195,-0.248231162328
1403715291362142976,-0.328198328971,1.199316990244,0.371033962338,0.780808987291,0.265891604759,0.508957645048,-0.246172897433
1403715291412143104,-0.317043491905,1.209531154155,0.372823868719,0.782235899221,0.261847717960,0.509065587222,-0.245753938881
1403715291512142848,-0.291172234024,1.228221202718,0.370807044573,0.786039716043,0.255454903694,0.508624504594,-0.241216646004
1403715291562142976,-0.276741541128,1.237050361721,0.362427810666,0.788226579721,0.253665849207,0.508705680912,-0.235735076253
1403715291612143104,-0.263356023813,1.246294934972,0.354510764865,0.789916571507,0.251325142258,0.509209127563,-0.231459601950
1403715291662142976,-0.248875656187,1.254918143830,0.343882350962,0.790611896139,0.250355725658,0.510971797140,-0.226191650686
1403715291712142848,-0.229824552927,1.261214279657,0.339331277775,0.793256545503,0.247090534595,0.509022524447,-0.224914184384
1403715291762142976,-0.205673504063,1.267149450272,0.333617726884,0.795240314374,0.245484417928,0.508841240866,-0.220024622582
1403715291812143104,-0.186270018215,1.270134975742,0.332532248610,0.796979900875,0.246010204551,0.506762016839,-0.217931813067
1403715291862142976,-0.163636644385,1.273772069718,0.335025513702,0.797088611575,0.247292292406,0.508001771580,-0.213144241034
1403715291912143104,-0.144671636366,1.273531399941,0.339430394421,0.796841033141,0.250523152337,0.506997180534,-0.212688450501
1403715291962142976,-0.126363477139,1.280155389162,0.330310323037,0.796398135077,0.253259027120,0.507865254843,-0.209004207017
1403715292012142848,-0.107403484324,1.286477428562,0.318150915787,0.796057570365,0.256655943921,0.508210350265,-0.205285924989
1403715292062142976,-0.087499982985,1.293694292464,0.307643843543,0.796501723634,0.259387208536,0.507027437907,-0.203042994230
1403715292162142976,-0.042759000156,1.311698504645,0.288634768311,0.794804155177,0.265572096658,0.506930733543,-0.201938227633
1403715292212142848,-0.020311670277,1.323334464149,0.274755537928,0.793109280568,0.271735727007,0.505939861142,-0.202884747216
1403715292262142976,0.001619711391,1.333503410594,0.268276139839,0.789941876695,0.277697280948,0.505641142335,-0.207853522404
1403715292312143104,0.023726256768,1.344318467824,0.264238796355,0.785882950615,0.284278619901,0.506141064816,-0.213060734785
1403715292362142976,0.040739019748,1.356291058762,0.262770689399,0.777811195454,0.293677247367,0.509965472219,-0.220677673880
1403715292412143104,0.066783777513,1.372240539551,0.258949005768,0.771858858446,0.301929973063,0.511506617823,-0.226788831135
1403715292512142848,0.120844818328,1.409326810601,0.231687152473,0.763794268567,0.320471771993,0.506916896283,-0.238644964169
1403715292562142976,0.145976833192,1.427819525185,0.225251426404,0.755874839139,0.330414176248,0.508701249516,-0.246379257308
1403715292612143104,0.173033193202,1.448003157275,0.212743660200,0.748516985870,0.341721841141,0.508437851318,-0.253849279100
1403715292662142976,0.199641838064,1.468264995405,0.201720806995,0.740279337692,0.352250461854,0.508619115495,-0.263083085095
1403715292712142848,0.229703950650,1.483515444410,0.196915150964,0.734236984410,0.363127674405,0.505192552499,-0.271688843543
1403715292762142976,0.254829489890,1.501355267079,0.195505878797,0.726003881931,0.374129398191,0.504087356234,-0.280787275559
1403715292812143104,0.278199514598,1.520235063092,0.192647706126,0.718211898818,0.385087309090,0.502299637456,-0.289092557817
1403715292862142976,0.298847575489,1.537005210759,0.198297229598,0.710805875373,0.395657032865,0.499269940317,-0.298228178708
1403715292912143104,0.316857059054,1.555648530387,0.199628656944,0.705425428757,0.406278145411,0.493946540557,-0.305499342220
1403715292962142976,0.329515433905,1.573796870334,0.207536799503,0.699276648542,0.416739437033,0.488881927608,-0.313583914261
1403715293012142848,0.340121680460,1.592751112875,0.214861366987,0.692912243368,0.426598470400,0.483307862125,-0.322954917057
1403715293062142976,0.355917932577,1.610502063895,0.223953817693,0.687332549172,0.435248578408,0.478032411647,-0.331085570900
1403715293162142976,0.372021661315,1.651476968746,0.248126172331,0.676398183136,0.451453122374,0.465533435857,-0.349219409896
1403715293212142848,0.386886957051,1.666201847785,0.274901481146,0.670121880639,0.457848880404,0.461893970373,-0.357721998114
1403715293262142976,0.397671078813,1.684730038083,0.289188853574,0.664019826259,0.465204916643,0.457155639405,-0.365610143768
1403715293312143104,0.409249263238,1.703218644040,0.298847761616,0.658672763337,0.473059643465,0.452085279485,-0.371461525107
1403715293362142976,0.418049863929,1.721730638725,0.308514409532,0.652679050874,0.480174378809,0.448107860155,-0.377679716363
1403715293412143104,0.427282467606,1.744921912145,0.306951528265,0.648642299602,0.488184899944,0.442657586183,-0.380779374478
1403715293462142976,0.430706059813,1.763828940162,0.317196762742,0.642025382104,0.494129370866,0.440043455738,-0.387300052470
1403715293512142848,0.431043430423,1.780603760205,0.335560328874,0.635449619631,0.500662531394,0.437313752623,-0.392807194862
1403715293562142976,0.433966520407,1.795299082541,0.350858781996,0.629819230152,0.507584183921,0.433884707041,-0.396774614310
1403715293612143104,0.440127930119,1.805782245349,0.368000577014,0.624915856018,0.513850652735,0.430006772729,-0.400664267173
1403715293662142976,0.446826466578,1.814295670567,0.388668500156,0.619677264163,0.521078580330,0.426031322592,-0.403701020028
1403715293762142976,0.466351290757,1.833323508525,0.423743942066,0.610174253690,0.533704537372,0.417205135057,-0.410836612541
1403715293812143104,0.477005182909,1.843591036865,0.445006537691,0.604476918636,0.540988338784,0.413323936576,-0.413645495068
1403715293862142976,0.487907231007,1.851479705030,0.462362473513,0.599502131211,0.547103663920,0.408547933739,-0.417568391328
1403715293912143104,0.499399528955,1.857832126620,0.482382132812,0.593460583775,0.553488504135,0.404448859444,-0.421753638266
1403715293962142976,0.513456992981,1.865339689652,0.496557248180,0.587564397817,0.559609334728,0.400404958244,-0.425771464894
1403715294012142848,0.525996818968,1.873856181398,0.508118486790,0.581513645536,0.566033159208,0.395365153834,-0.430272864431
1403715294062142976,0.540325402267,1.879496216994,0.521182664170,0.575470763749,0.571307625387,0.390798884266,-0.435565413344
1403715294162142976,0.562728176989,1.897691913094,0.530706991227,0.562085188461,0.583722301782,0.381136332007,-0.445043381861
1403715294212142848,0.573195207426,1.905761082608,0.536670301680,0.554159427383,0.589602407521,0.377562520926,-0.450247568433
1403715294262142976,0.584317189095,1.913773540982,0.535566797442,0.547278440675,0.595422162333,0.372683581552,-0.455044728588
1403715294312143104,0.597184114533,1.922938657222,0.531042710374,0.540392215153,0.601642849328,0.367032529030,-0.459662113176
1403715294412143104,0.610049003085,1.944647864694,0.503092056434,0.526581668175,0.617799841326,0.353897571834,-0.464533757061
1403715294462142976,0.619426440828,1.948930680389,0.489044430205,0.517916860574,0.623794090480,0.350434723645,-0.468869451638
1403715294512142848,0.634027605231,1.952467350832,0.470515483726,0.510345147809,0.629564709484,0.346183729474,-0.472602298056
1403715294562142976,0.647389817940,1.955191669746,0.454145208608,0.502859854940,0.636332811725,0.340561986165,-0.475636471048
1403715294612143104,0.661935138434,1.955423146702,0.434591955636,0.495328341136,0.643294761664,0.334944382758,-0.478156820030
1403715294662142976,0.676091843725,1.955699038089,0.421942882567,0.486189882704,0.650594103383,0.331189830872,-0.480270763763
1403715294712142848,0.694399025212,1.952023535656,0.421826347570,0.475593491584,0.654241384745,0.329134159942,-0.487288155006
1403715294762142976,0.708294884331,1.953658959031,0.405571001133,0.467162898723,0.660746271469,0.324192138455,-0.489972089165
1403715294862142976,0.728981044656,1.960764748540,0.372321687654,0.450472890525,0.676131860355,0.313465564789,-0.491588468137
1403715294912143104,0.738534134978,1.964788288171,0.358178300136,0.442040000348,0.681084760970,0.308199698574,-0.495718803623
1403715294962142976,0.747276440765,1.968784380100,0.341708658053,0.433189651817,0.685706892721,0.303576670633,-0.499993987845
1403715295012142848,0.755751960489,1.973760099972,0.324688488668,-0.424859939180,-0.689615946451,-0.298050350282,0.505064220844
1403715295062142976,0.759159157754,1.977577233558,0.318765051798,-0.415495874018,-0.695148514427,-0.293428959226,0.507967683472
1403715295112143104,0.758458200988,1.983935508675,0.313399719973,-0.407496643545,-0.700670993230,-0.286784130963,0.510648124419
1403715295212142848,0.766230680904,1.992094815500,0.303408745269,-0.391800658434,-0.707078733507,-0.274028272869,0.520999437947
1403715295262142976,0.775056598445,1.993282884257,0.299544569648,-0.384160318536,-0.710752134937,-0.266768268456,0.525439761809
1403715295312143104,0.784210048736,1.993220452455,0.298298990091,-0.375012164785,-0.714777740883,-0.260921914260,0.529507707272
1403715295362142976,0.803344648870,1.988207924479,0.296832044734,-0.367621156406,-0.718441440791,-0.255614106019,0.532313826911
1403715295412143104,0.815270902961,1.985756809914,0.290674097170,-0.359030941484,-0.722620864906,-0.249476001175,0.535422817497
1403715295462142976,0.830486687463,1.981380286323,0.292242377115,-0.350358134496,-0.726385894748,-0.243710311057,0.538718844842
1403715295562142976,0.853817983307,1.968979598799,0.285959195052,-0.335103888320,-0.734109167684,-0.236058102939,0.541355415593
1403715295612143104,0.869709153070,1.971197417915,0.284623678208,-0.326128630951,-0.737871928008,-0.230636166054,0.544051553476
1403715295662142976,0.870560340375,1.975859485378,0.278308172483,-0.316898939903,-0.739960591635,-0.225631276132,0.548747584912
1403715295712142848,0.871825100518,1.978704653216,0.271815054754,-0.308925172876,-0.741826135160,-0.220718452679,0.552759068134
1403715295762142976,0.878546814140,1.979747552359,0.265385240568,-0.302866859242,-0.744223009341,-0.217243610213,0.554264369919
1403715295812143104,0.885478017909,1.978680902766,0.255801876855,-0.297949305673,-0.746422450623,-0.211289171165,0.556270278375
1403715295862142976,0.894462233274,1.975635315119,0.245448409977,-0.293400342068,-0.747976824180,-0.205671986805,0.558700226963
1403715295962142976,0.910367239255,1.967140372266,0.228980174261,-0.282581619503,-0.751234347908,-0.194560337937,0.563862445765
1403715296012142848,0.913102408622,1.964583086386,0.215815998894,-0.277593607228,-0.753764687846,-0.188821521278,0.564913283332
1403715296062142976,0.920342401240,1.959592050460,0.206976473791,-0.274457784863,-0.756311354081,-0.182594394050,0.565088795923
1403715296112143104,0.927533179915,1.954292014691,0.201851575664,-0.271817289006,-0.759752159378,-0.176628330003,0.563643904214
1403715296162142976,0.935606128592,1.949309706884,0.184508339734,-0.268566361034,-0.763052866433,-0.170770140968,0.562547768374
1403715296212142848,0.944987662300,1.946090824904,0.167421666781,-0.264319665284,-0.766208480456,-0.165168047304,0.561942341501
1403715296262142976,0.959608348219,1.941711982848,0.148429581486,-0.260739169000,-0.769201848813,-0.159783690184,0.561081788942
1403715296312143104,0.980229878146,1.935422051607,0.134479685198,-0.257000482147,-0.773007747583,-0.156301959011,0.558551225907
1403715296362142976,1.002454103780,1.928550712034,0.127619541478,-0.251532374469,-0.775489067716,-0.156357881516,0.557584418123
1403715296412143104,1.018381920967,1.926177056971,0.120891672414,-0.246302255766,-0.779428707438,-0.152746003032,0.555423034618
1403715296462142976,1.035626640895,1.924619296803,0.121882613142,-0.241833376627,-0.782059975980,-0.149433658346,0.554588490390
1403715296512142848,1.046306136803,1.928058220786,0.119383576869,-0.237643153298,-0.784641223210,-0.144266486445,0.554121884985
1403715296562142976,1.060770397573,1.932135654831,0.117480509328,-0.233220670931,-0.786469637082,-0.141633807787,0.554087983167
1403715296612143104,1.073936662492,1.939461842902,0.116717809139,-0.227643139539,-0.788324836026,-0.141365427957,0.553839660645
1403715296662142976,1.075892714201,1.951979121587,0.109805960428,-0.221644590033,-0.788866341895,-0.140272156118,0.555776297220
1403715296712142848,1.084478671043,1.963814032941,0.106566595092,-0.216220799433,-0.788243239437,-0.140133545498,0.558823541737
1403715296762142976,1.086560812805,1.980134019409,0.100685877984,-0.211885553480,-0.789229627674,-0.137054654946,0.559854560208
1403715296812143104,1.092372690279,1.998608029140,0.088820827866,-0.208712610298,-0.790733086220,-0.133000390002,0.559902785240
1403715296862142976,1.098959588750,2.017216160521,0.076032257909,-0.203709410901,-0.790835502630,-0.131163399787,0.562030111512
1403715296912143104,1.108198045032,2.037954977672,0.072898150620,-0.198580972726,-0.792883354220,-0.128291111708,0.561643102450
1403715297012142848,1.123864506394,2.058333536568,0.071529591663,-0.185231475712,-0.795331741983,-0.123435338158,0.563826602684
1403715297062142976,1.131707847183,2.066116325633,0.078861847537,-0.179406971106,-0.798841373062,-0.115822823590,0.562361692276
1403715297112143104,1.139573723020,2.075050192698,0.086876636408,-0.171732561183,-0.800531071680,-0.108804511574,0.563754830547
1403715297162142976,1.153054973054,2.080472257251,0.097023922562,-0.164235523464,-0.803645708561,-0.101558561806,0.562908630657
1403715297212142848,1.162862202838,2.087203884823,0.103413572860,-0.155284319036,-0.808110730515,-0.094131964591,0.560341860590
1403715297262142976,1.174389771612,2.092748606282,0.111071828825,-0.146085347761,-0.811790679338,-0.087138149474,0.558625014671
1403715297312143104,1.183460899598,2.101347411426,0.107246288316,-0.137123290712,-0.814338157009,-0.078452552263,0.558476289762
1403715297362142976,1.186392675995,2.115896724374,0.098880303984,-0.126166837464,-0.816396080714,-0.069572976199,0.559230694349
1403715297412143104,1.199663930577,2.126615402442,0.080270834648,-0.120186797875,-0.819651836259,-0.060720038037,0.556811528181
1403715297462142976,1.198937941314,2.145311097991,0.061594519055,-0.110367635632,-0.821235705212,-0.052720515395,0.557325262971
1403715297512142848,1.199039591278,2.163587810423,0.050546522838,-0.100100195145,-0.821875200597,-0.047470186589,0.558791273161
1403715297562142976,1.195269967517,2.183859614924,0.032670232278,-0.090764088390,-0.819894401039,-0.040721695572,0.563805635759
1403715297612143104,1.189903253525,2.205277218870,0.027758810507,-0.081922323890,-0.820204207985,-0.034197838415,0.565140954010
1403715297662142976,1.179584946737,2.228484689006,0.028219409447,-0.072834981629,-0.820954112759,-0.028318944845,0.565621293409
1403715297712142848,1.170337477166,2.252396682267,0.020546040826,-0.065738942302,-0.819764111768,-0.020580835152,0.568543421162
1403715297762142976,1.159406955890,2.277032109464,0.020589477839,-0.057931235440,-0.819001135726,-0.014283760373,0.570681247133
1403715297812143104,1.142397722892,2.305958894919,0.027048613151,-0.048940067764,-0.816853073292,-0.007940095889,0.574711128567
1403715297862142976,1.124411581007,2.334254688752,0.043850836743,-0.039159473672,-0.815076606827,-0.003359438982,0.578018490011
1403715297912143104,1.106258432332,2.363083805874,0.069370236959,-0.027376508660,-0.813491003900,-0.001256205496,0.580931437688
1403715297962142976,1.090435219397,2.388815132501,0.100030799685,-0.016882763402,-0.810946425498,0.001562096653,0.584874710623
1403715298012142848,1.075952793544,2.414261392820,0.122155609592,-0.005874038156,-0.807416552339,0.004756922478,0.589933367740
1403715298062142976,1.064606383624,2.441205410777,0.123152646985,0.005343847081,-0.802658624017,0.008896727831,0.596348408921
1403715298112143104,1.059549189121,2.466765797234,0.113137251393,0.015726554116,-0.799912952205,0.011669851328,0.599796431267
1403715298162142976,1.061014719803,2.492714692331,0.086337306897,0.027427926386,-0.797991495752,0.012266399200,0.601919277821
1403715298212142848,1.063981895239,2.518703688168,0.059322879309,0.040468020021,-0.796829427386,0.011068708839,0.602745955351
1403715298262142976,1.069369468932,2.544187714215,0.040375016096,0.053646109230,-0.795626139183,0.009182542898,0.603338066526
1403715298312143104,1.066199220168,2.568845876175,0.031263133654,0.066999496267,-0.794436965639,0.007676673208,0.603590957367
1403715298362142976,1.066195237091,2.593111471392,0.029983728768,0.078180491694,-0.794655670118,0.005830807274,0.601976891877
1403715298412143104,1.064881922723,2.617302874771,0.033055747986,0.087366200113,-0.795958094108,0.004617002347,0.598996279446
1403715298462142976,1.062055231487,2.641147899348,0.034332706798,0.095651728535,-0.796038167055,0.003272967326,0.597631383970
1403715298512142848,1.062113096656,2.663578662014,0.032211530091,0.101926357180,-0.796445670209,0.002069096447,0.596054553676
1403715298562142976,1.055693090224,2.685310187234,0.022487914555,0.107348981043,-0.796852465779,0.001320815959,0.594559163999
1403715298612143104,1.047165234667,2.702621666712,0.023531190891,0.114409082319,-0.796323677701,-0.002299600419,0.593947703129
1403715298662142976,1.042860162139,2.718188515650,0.004862268439,0.113539425562,-0.798630804188,0.001755630490,0.591011467914
1403715298712142848,1.042845185955,2.731260393508,-0.017872419493,0.111759718199,-0.800779436855,0.006046053010,0.588409299842
1403715298762142976,1.035272879586,2.742241504685,-0.025638434534,0.113126322940,-0.801447522946,0.008197526000,0.587211293819
1403715298812143104,1.017378402345,2.755948602010,-0.019626259894,0.114742572083,-0.803043738098,0.014141051575,0.584598090583
1403715298862142976,1.022421684555,2.751439345429,-0.015126529691,0.111322183825,-0.805987435019,0.018715019133,0.581069164591
1403715298912143104,1.026324119897,2.744529305084,0.013529484044,0.108688912307,-0.808136946749,0.024478509265,0.578361650029
1403715298962142976,1.030333569837,2.733814268170,0.042767524331,0.106647391036,-0.810884045240,0.031561212011,0.574540937668
1403715299012142848,1.034781922187,2.721164685540,0.057720395412,0.106355554363,-0.813044789313,0.038495056243,0.571108393627
1403715299062142976,1.043565711610,2.705366569597,0.071004501263,0.106446867927,-0.815942888537,0.045528750526,0.566421574298
1403715299112143104,1.049982618077,2.692165964012,0.077521913790,0.108627562537,-0.817032067110,0.052216086684,0.563854710243
1403715299162142976,1.046918721609,2.683457304024,0.080356828098,0.113826514147,-0.817444849949,0.059638501755,0.561489707010
1403715299212142848,1.052793650745,2.669958226746,0.083802978055,0.117925611354,-0.817800441377,0.065875804117,0.559425032244
1403715299262142976,1.058224313719,2.653871956305,0.089109802466,0.123110141378,-0.818449962488,0.071241138142,0.556694038255
1403715299312143104,1.044561322213,2.646603106277,0.084710287050,0.131641404210,-0.815775165823,0.079742124708,0.557514675206
1403715299362142976,1.036375568408,2.633216590953,0.077156439812,0.139315018570,-0.814023730050,0.086765818887,0.557161004728
1403715299412143104,1.026532205583,2.619313885429,0.079296508738,0.147477854150,-0.812532165673,0.094161716694,0.556035370629
1403715299462142976,1.020709797758,2.604083774386,0.081602600883,0.155703146320,-0.810838377101,0.101241459212,0.555020561226
1403715299512142848,1.011861282303,2.589775135024,0.079054800415,0.164387331868,-0.807576143561,0.109812367385,0.555642710239
1403715299562142976,1.000334868430,2.575277730580,0.088358546522,0.174859897954,-0.805417100892,0.117328609078,0.554040889439
1403715299612143104,0.983704519133,2.561843593249,0.091154470031,0.185576839608,-0.801605396476,0.125609720809,0.554267284781
1403715299662142976,0.973531245083,2.545407953416,0.096168162677,0.195929317120,-0.798759471913,0.133795978573,0.552895690741
1403715299712142848,0.959260525939,2.530209539329,0.099683360821,0.207588024870,-0.794058308981,0.141723786769,0.553437423863
1403715299762142976,0.942328719830,2.515421514470,0.099074276881,0.219964093073,-0.790149747950,0.149737770100,0.552139270274
1403715299812143104,0.929771664413,2.497881741400,0.106179079265,0.231481717726,-0.786482748339,0.157642023856,0.550463525801
1403715299862142976,0.922868969572,2.479542888443,0.101554984896,0.241872992311,-0.781759843284,0.165396070706,0.550448129086
1403715299912143104,0.915592773036,2.463001458799,0.096093393683,0.252938377495,-0.776125003596,0.172289572102,0.551333346831
1403715299962142976,0.903456061049,2.447323217259,0.097506689668,0.264965098850,-0.770618498610,0.178645629435,0.551385858611
1403715300012142848,0.889507640388,2.431578846207,0.102227706295,0.276630376258,-0.766188077413,0.183000142833,0.550402046403
1403715300062142976,0.877302838273,2.416803196312,0.112634682550,0.286095030181,-0.761265100983,0.187081213671,0.551022412631
1403715300112143104,0.857618939807,2.406993998701,0.112295385641,0.293135653317,-0.755932716270,0.194320074792,0.552156613435
1403715300162142976,0.834452350581,2.398099070183,0.106779185552,0.299658801718,-0.750910698855,0.199598382831,0.553622805228
1403715300212142848,0.813448034212,2.389490029850,0.101985713083,0.305559744679,-0.747424464938,0.202354655022,0.554114162637
1403715300262142976,0.793663019333,2.379587834005,0.111492767146,0.311133125548,-0.744107098542,0.203549143503,0.555039233086
1403715300312143104,0.773182305095,2.371804102723,0.120419294175,0.315445852186,-0.739906365508,0.205742499113,0.557406950691
1403715300362142976,0.755181833274,2.363414338445,0.126353565723,0.316715986542,-0.737288173117,0.209565608149,0.558730158065
1403715300412143104,0.738794331856,2.354822003442,0.139684719360,0.317750144238,-0.736291498005,0.212143858110,0.558484251585
1403715300462142976,0.720590837895,2.348748900103,0.151008946855,0.318206569915,-0.735522262202,0.214642038013,0.558283419229
1403715300512142848,0.705307044011,2.342029050047,0.152106907350,0.317729449458,-0.734962137589,0.216197151485,0.558692621168
1403715300562142976,0.690228474343,2.338120444799,0.151143630807,0.316884838331,-0.734885074568,0.217877557947,0.558620887684
1403715300612143104,0.676289897363,2.335913681628,0.145816539490,0.316411817372,-0.734248350236,0.218171333751,0.559610749658
1403715300662142976,0.663822664832,2.333853679773,0.145762220180,0.315794083038,-0.734377572870,0.217589661220,0.560016443431
1403715300712142848,0.654205047934,2.331998671010,0.150258269453,0.314830460903,-0.735347289494,0.216339306814,0.559770889782
1403715300762142976,0.640214766820,2.333435701033,0.157286571208,0.314546298269,-0.735901347408,0.215269738823,0.559614843152
1403715300812143104,0.629784524967,2.335206235383,0.159300259887,0.313877604200,-0.735527447659,0.213589744598,0.561123555311
1403715300862142976,0.620737285068,2.338933046384,0.157411063727,0.312772597092,-0.735556571803,0.211992272008,0.562306952469
1403715300912143104,0.611536128790,2.343686551357,0.152804328582,0.313204596140,-0.734239044741,0.208830143688,0.564965377012
1403715300962142976,0.602047080562,2.348458612803,0.149580762169,0.313721322920,-0.733465314354,0.205697822344,0.566829754043
1403715301012142848,0.593442264343,2.354400668994,0.151330615448,0.314822656885,-0.732713490408,0.202487851860,0.568345234461
1403715301062142976,0.588694440108,2.360620853050,0.155416168042,0.314785100596,-0.732642255132,0.199450416342,0.569530682104
1403715301112143104,0.582314216677,2.368900847468,0.153882607980,0.315073923403,-0.730311183707,0.197182315582,0.573143203889
1403715301162142976,0.577958614174,2.376413338944,0.159811379681,0.315148867361,-0.730364180588,0.194904048949,0.573813355385
1403715301212142848,0.571706077068,2.387148118761,0.161156411582,0.314634525261,-0.730543473875,0.194782997685,0.573908470146
1403715301262142976,0.572787830844,2.396731822488,0.159001968884,0.313813051937,-0.731204816186,0.194126853769,0.573738311311
1403715301312143104,0.574648332577,2.406599996709,0.156023143725,0.314178879630,-0.730114657844,0.193458178265,0.575150546603
1403715301362142976,0.580607096321,2.415503204351,0.166880362955,0.312633299635,-0.734446073964,0.194138904952,0.570227559824
1403715301412143104,0.592903113615,2.422335431104,0.166903746840,0.312482695416,-0.735136344510,0.193168461747,0.569750002574
1403715301462142976,0.609387751421,2.429884394179,0.163753839998,0.311170071750,-0.735703364043,0.193783285417,0.569527685786
1403715301512142848,0.622692569665,2.439114209669,0.153824183364,0.311235841095,-0.736416467292,0.194588989526,0.568294081506
1403715301562142976,0.639705157624,2.447385412830,0.139495445470,0.311356472681,-0.737760853027,0.193585884959,0.566824995748
1403715301612143104,0.661228130174,2.453067300759,0.122783924983,0.312515979217,-0.737830126117,0.189965697307,0.567321338902
1403715301662142976,0.673784588301,2.463619751056,0.122930796244,0.312123498063,-0.741411493659,0.189760084829,0.562920091339
1403715301712142848,0.687727267839,2.476028722259,0.118402577017,0.309329104475,-0.746254043570,0.191700704722,0.557378908275
1403715301762142976,0.702015707242,2.487572819137,0.105325415072,0.308303083014,-0.747508086038,0.191094463500,0.556474416602
1403715301812143104,0.717412419568,2.498595854620,0.103146163083,0.308450214984,-0.748673261477,0.188725420710,0.555634347394
1403715301912143104,0.747120798962,2.521292896368,0.107430616847,0.310426262859,-0.750479778643,0.182428931816,0.554197908704
1403715301962142976,0.766856796617,2.530652524382,0.108286158461,0.309276252311,-0.752612606151,0.181181148025,0.552354828366
1403715302012142848,0.784508225128,2.540760579847,0.107370717519,0.309594150270,-0.752803432425,0.178640085279,0.552744221298
1403715302062142976,0.805899053497,2.549704243321,0.110341572173,0.309589749687,-0.753865559465,0.175491883516,0.552307436091
1403715302112143104,0.822802367748,2.560697045349,0.096441047122,0.309657649883,-0.753283683737,0.174238345211,0.553458969340
1403715302162142976,0.843826575569,2.568970867032,0.084930255814,0.309454692260,-0.754234661430,0.171505060015,0.553130982070
1403715302212142848,0.864494043893,2.577397916819,0.071895923516,0.308253685587,-0.755375697682,0.170021757350,0.552702291203
1403715302262142976,0.881806721984,2.587149049066,0.036625983146,0.303506089008,-0.757276095671,0.174431476793,0.551353451757
1403715302312143104,0.904832680516,2.592798442631,0.038967913746,0.303024519593,-0.760473736638,0.171805234743,0.548031748829
1403715302412143104,0.946139680386,2.601871278546,0.041832232789,0.302288634179,-0.761908878763,0.166844627093,0.547977474463
1403715302462142976,0.970022154335,2.604345269134,0.049053418948,0.300573887472,-0.762551588179,0.165738589293,0.548362228417
1403715302512142848,0.991678183020,2.603410834757,0.055307859395,0.297530766418,-0.763541767802,0.167415096290,0.548134652610
1403715302562142976,1.012968095680,2.603670021664,0.069586431606,0.295058526297,-0.766578031788,0.168587197796,0.544864151856
1403715302612143104,1.037598047779,2.601967490605,0.083183945491,0.292332434008,-0.769286961645,0.169316331533,0.542283411646
1403715302712142848,1.063845113206,2.606543114931,0.080909536475,0.291374417488,-0.770516529874,0.172614693828,0.540008697614
1403715302762142976,1.077376273326,2.606190307597,0.080161210221,0.291008863080,-0.772149359531,0.173747687637,0.537504371355
1403715302812143104,1.086725937650,2.607474830256,0.067950883016,0.290644992577,-0.773610350193,0.176550498532,0.534679750722
1403715302862142976,1.097942169256,2.607313931594,0.060283394476,0.291790650427,-0.775442416766,0.176872213498,0.531284758576
1403715302912143104,1.113222913194,2.605720587329,0.052430140970,0.293619403138,-0.776441353241,0.177761742246,0.528514175848
1403715302962142976,1.131839871958,2.606353625653,0.035395261465,0.300540856882,-0.773218259647,0.182918542224,0.527588403212
1403715303012142848,1.123285565961,2.612508520333,0.021721920004,0.306837486939,-0.771853805120,0.185095322385,0.525197278898
1403715303062142976,1.134610494736,2.608870538036,0.011374616005,0.312476141669,-0.770184465774,0.188435297772,0.523131616443
1403715303112143104,1.154631112164,2.601303270404,-0.001693224741,0.318769647807,-0.767762794634,0.191583322252,0.521749013845
1403715303212142848,1.200194764929,2.577597282966,-0.005599246825,0.334374040411,-0.761897826405,0.200446080366,0.517230192550
1403715303262142976,1.217820363071,2.563334376472,0.008002993406,0.344299219581,-0.757166389019,0.206586239543,0.515246768419
1403715303312143104,1.233601687018,2.547754345071,0.022804184630,0.355677991512,-0.751000886994,0.212261847152,0.514233159503
1403715303412143104,1.261769695224,2.516755427844,0.010984331166,0.373141351217,-0.737615892503,0.232661626789,0.512403058694
1403715303462142976,1.267331013677,2.502632924666,0.003439068802,0.387047344361,-0.728215796544,0.237659390167,0.513238853899
1403715303512142848,1.272733651302,2.489538652801,-0.011873589754,0.396976981808,-0.720685349180,0.247841096393,0.511465242544
1403715303562142976,1.281992723547,2.473184425304,-0.012022194288,0.409232232603,-0.712918948453,0.253366160795,0.509981510743
1403715303612143104,1.292575887361,2.457858446734,-0.006548064330,0.419548587646,-0.707129258206,0.261304643430,0.505635321270
1403715303662142976,1.308544976552,2.439387986051,-0.006458565336,0.428260049680,-0.700461377486,0.269923603462,0.503078956818
1403715303712142848,1.336136656936,2.413116348796,-0.006608459409,0.435805640907,-0.695426558794,0.275865315678,0.500353547288
1403715303812143104,1.357640602834,2.378317027347,-0.009309782340,-0.453098352331,0.682317523707,-0.294723626658,-0.492222169194
1403715303862142976,1.372774444070,2.358386520801,0.001534923842,-0.460150267925,0.677465207023,-0.303079118814,-0.487283974639
1403715303912143104,1.387043626787,2.340186604016,-0.002180564186,-0.465284052699,0.672150846754,-0.311565394022,-0.484407880572
1403715303962142976,1.397180256431,2.324235906997,-0.003696669995,-0.470742188623,0.667469282226,-0.317375550286,-0.481829128650
1403715304012142848,1.409800202252,2.308418307920,0.001489892768,-0.474551414739,0.665382070244,-0.322182151842,-0.477772243231
1403715304062142976,1.419122738626,2.296725889347,0.003839387366,-0.478811081526,0.662699531579,-0.325477334318,-0.475009246119
1403715304112143104,1.427361740231,2.286134540488,0.002110828490,-0.480893998338,0.660690974368,-0.329429468795,-0.472974231688
1403715304162142976,1.446889446503,2.269649724660,0.011170367586,-0.482408216855,0.660834724429,-0.328638086981,-0.471780443728
1403715304212142848,1.445792425017,2.265801311297,0.005866022571,-0.484920013388,0.659033145661,-0.331961258697,-0.469392816583
1403715304312143104,1.460017909151,2.251649983712,-0.040119555030,-0.486673041379,0.655189879742,-0.331858555948,-0.473017411014
1403715304362142976,1.466910629309,2.248288795716,-0.047118479754,-0.487037226989,0.656439125326,-0.331395798787,-0.471231619073
1403715304412143104,1.471243646124,2.245324656097,-0.052201251619,-0.487443752115,0.657598282387,-0.330316259329,-0.469951334021
1403715304462142976,1.470982426740,2.246029324303,-0.062364497990,-0.486289771885,0.658153257626,-0.331663975670,-0.469420445314
1403715304512142848,1.472544116917,2.244657801138,-0.062824369846,-0.486321367829,0.658324142515,-0.329888369738,-0.470398250514
1403715304562142976,1.472796241601,2.245752166662,-0.064116777522,-0.487256926688,0.658770310686,-0.327025351068,-0.470804401968
1403715304612143104,1.475242825696,2.245844407853,-0.069557256408,-0.487313967780,0.659321938796,-0.324475871093,-0.471736247184
1403715304662142976,1.477035761815,2.246503926543,-0.080091999339,-0.486068118904,0.659479471959,-0.323925349693,-0.473177532937
1403715304712142848,1.482086638096,2.245828363956,-0.088500884480,-0.484920950598,0.660640954781,-0.322052466061,-0.474012035334
1403715304762142976,1.482945519009,2.248891795561,-0.102132497007,-0.485317363851,0.660922554323,-0.319511380709,-0.474932533240
1403715304812143104,1.486688435148,2.251544422320,-0.102034542022,-0.484455334686,0.663244807867,-0.318743833253,-0.473087436205
1403715304912143104,1.495658081366,2.252921959009,-0.132366580214,-0.483060279859,0.663532183719,-0.316022546617,-0.475928100895
1403715304962142976,1.501742627151,2.253389429654,-0.135457418682,-0.482705372157,0.664871916908,-0.314635072158,-0.475337384566
1403715305012142848,1.510949028635,2.252079902572,-0.133203868004,-0.482121137897,0.665905924248,-0.313645391739,-0.475136903098
1403715305062142976,1.516056891661,2.254226742827,-0.131088143582,-0.482931848649,0.666338377275,-0.312465650740,-0.474484155308
1403715305112143104,1.524542503078,2.254467165683,-0.121594861394,-0.482166193077,0.667707774272,-0.312766873850,-0.473137372286
1403715305212142848,1.536363013398,2.259432571254,-0.115870967777,-0.482981780508,0.668803812740,-0.313056787292,-0.470558718645
1403715305262142976,1.543586420447,2.260233015916,-0.117084097330,-0.482716070043,0.669020221044,-0.313934619791,-0.469938500289
1403715305312143104,1.545764412009,2.263948297086,-0.121113035651,-0.484536974161,0.667377815729,-0.313946949771,-0.470391416241
1403715305362142976,1.553141909048,2.264766506082,-0.114929534588,-0.485271568804,0.668448060239,-0.314087036520,-0.468014987756
1403715305412143104,1.558088509372,2.266784715590,-0.112027372237,-0.486754290664,0.667681374602,-0.314296526785,-0.467428642448
1403715305462142976,1.567791567192,2.265009625776,-0.098915344230,-0.486578626969,0.668175628027,-0.316279141257,-0.465564254097
1403715305562142976,1.583641303079,2.262827051916,-0.090522564524,-0.489306031923,0.664323870558,-0.317764069867,-0.467203807810
1403715305612143104,1.591308831415,2.262129144218,-0.079218449375,-0.491124979638,0.663136550009,-0.318405072669,-0.466545153351
1403715305662142976,1.601249543898,2.259308739525,-0.055937270076,-0.492674383454,0.662411226517,-0.318737384120,-0.465714288847
1403715305762142976,1.620922285243,2.251768622646,-0.011181795171,-0.492730961208,0.662845951066,-0.322430481212,-0.462482464324
1403715305812143104,1.630815287041,2.248000252594,0.013689965486,-0.493933103045,0.663156836055,-0.321296227290,-0.461542885158
1403715305862142976,1.632088759344,2.250381031366,0.038492655691,-0.495878142837,0.662617123109,-0.321809801469,-0.459871576963
1403715305912143104,1.635037021224,2.251499339080,0.061377510360,-0.496082308434,0.663325331691,-0.322932961005,-0.457838563570
1403715305962142976,1.639743923688,2.250593229509,0.078340746187,-0.494916510425,0.663586238246,-0.324798751879,-0.457402145707
1403715306062142976,1.649129182111,2.248360124571,0.110307117452,-0.494599192962,0.664474367225,-0.324358971420,-0.456767677579
1403715306112143104,1.654000978126,2.247531769922,0.114040559944,-0.492985136665,0.665057802874,-0.325505293116,-0.456847981298
1403715306162142976,1.662839544282,2.242791930339,0.113727960929,-0.489867152681,0.666017412129,-0.327466600170,-0.457402017091
1403715306262142976,1.685455612610,2.226627320768,0.142172717077,-0.480399234222,0.670385148787,-0.329027988137,-0.459935768414
1403715306312143104,1.680120391025,2.226829278227,0.161271918454,-0.476020886351,0.671633825739,-0.331928147616,-0.460582049912
1403715306362142976,1.676983869032,2.225628783006,0.176672483980,-0.470367608878,0.673075285309,-0.333410818722,-0.463207511580
1403715306412143104,1.674452977338,2.224357123838,0.197697368163,-0.463368663300,0.674841711342,-0.333859335224,-0.467350073058
1403715306462142976,1.665671289516,2.227165146319,0.216311404372,-0.456574341553,0.676750108033,-0.333568166564,-0.471467326723
1403715306562142976,1.652790047632,2.230394004202,0.250468960400,-0.444489179194,0.680654446777,-0.322381572567,-0.484983520680
1403715306612143104,1.640287321704,2.239834147941,0.263675993716,-0.435822027823,0.682195718091,-0.319034133460,-0.492834032886
1403715306662142976,1.625528423922,2.249752444542,0.280723469538,0.427811509697,-0.684014522664,0.313524079061,0.500803451271
1403715306712142848,1.609257244782,2.261675513065,0.305564079083,0.420781207117,-0.686571184577,0.305252402792,0.508315015356
1403715306762142976,1.590312139951,2.277069726778,0.328359729050,0.415275907399,-0.688587380948,0.294385231169,0.516459751774
1403715306862142976,1.561954092757,2.309911221135,0.365612127412,0.397390312938,-0.691193655371,0.276326955576,0.536633658635
1403715306912143104,1.543232721138,2.334330518755,0.394774078259,0.390330169661,-0.693937609846,0.264793949758,0.544037789556
1403715306962142976,1.527470662669,2.358620994693,0.421132950980,0.384093626825,-0.698033138905,0.250796218604,0.549839139709
1403715307012142848,1.510062324602,2.387709748548,0.435771190894,0.378176742779,-0.701366877966,0.236589195328,0.555960795710
1403715307062142976,1.497147795485,2.416152315818,0.440344933476,0.371578915655,-0.705382916218,0.222601062844,0.561081828051
1403715307112143104,1.484684022896,2.446114503984,0.428227108367,0.363600842615,-0.710673841222,0.210796493158,0.564182556558
1403715307162142976,1.474488856589,2.477820904819,0.419130341917,0.355739549621,-0.718258943848,0.198842979374,0.563928126601
1403715307212142848,1.464051890604,2.510970931684,0.418512565733,0.343731822939,-0.728227034601,0.194153138093,0.560212797911
1403715307312143104,1.467842810936,2.572577656027,0.362690770943,0.327743176879,-0.739729828349,0.170281207610,0.562484223242
1403715307362142976,1.477911798977,2.593888973299,0.351285843854,0.318670321003,-0.747084534335,0.159802231095,0.561050061943
1403715307412143104,1.486887498210,2.619281977123,0.330700735802,0.307498461045,-0.754011234740,0.154647062540,0.559460490462
1403715307462142976,1.500579326922,2.639441658438,0.313750128704,0.296010978297,-0.760175550740,0.149297883955,0.558767191800
1403715307512142848,1.516090985623,2.659918591449,0.305279857873,0.284576854832,-0.766669494804,0.144827214654,0.557008956235
1403715307562142976,1.533005143714,2.673468698308,0.302251918691,0.272704246728,-0.773294715204,0.139364821458,0.555180262433
1403715307612143104,1.547667067995,2.688094324752,0.290022218410,0.261071795846,-0.777913074342,0.134864832903,0.555431582670
1403715307662142976,1.563754797764,2.701661515196,0.292534020047,0.249434761641,-0.783983339241,0.129277394852,0.553570030490
1403715307712142848,1.568367191401,2.722137694601,0.284536689896,0.239642369763,-0.788449293308,0.123342222534,0.552906811893
1403715307762142976,1.582912768555,2.737885397068,0.272637849456,0.227691533642,-0.792954224493,0.116821966882,0.552931091024
1403715307812143104,1.587558478629,2.758478032365,0.253964000136,0.217704992600,-0.795726253144,0.109732643683,0.554421331809
1403715307862142976,1.591441260662,2.776761264048,0.232237596828,0.207668089305,-0.797474187567,0.102259138255,0.557182154678
1403715307912143104,1.592701806580,2.792696704188,0.222610556358,0.198179809845,-0.800880197357,0.094375909546,0.557143482550
1403715307962142976,1.581940763351,2.814255660144,0.195341906811,0.189381749218,-0.801851101448,0.089015082112,0.559683552846
1403715308012142848,1.584851149083,2.823568584198,0.186497552741,0.179206922915,-0.804511089264,0.080495928943,0.560506192164
1403715308062142976,1.586562910064,2.834105320798,0.176809063934,0.169354483408,-0.806313568579,0.071953813640,0.562138894561
1403715308112143104,1.585502795878,2.844851084184,0.164086895137,0.160089107475,-0.807350692927,0.064082367893,0.564313553287
1403715308162142976,1.585610816779,2.852754815189,0.146641789230,0.150255515451,-0.809067548963,0.058037222391,0.565212050569
1403715308212142848,1.581075492058,2.862039549046,0.128544038698,0.141984504051,-0.809854004037,0.053019415444,0.566714949813
1403715308262142976,1.578293151199,2.868742982229,0.109194469424,0.133438873851,-0.811075895690,0.048446313664,0.567453005163
1403715308312143104,1.571752598740,2.877523547750,0.087895061259,0.125690494201,-0.811761070157,0.044185867849,0.568589020056
1403715308362142976,1.567255382307,2.882809350194,0.074488016776,0.118579963370,-0.812380953825,0.040131936592,0.569530864673
1403715308412143104,1.564491708716,2.885853654773,0.063105213833,0.111859255652,-0.813018996288,0.036427671020,0.570228588712
1403715308462142976,1.560895517107,2.888318125566,0.059655740719,0.106399590538,-0.813949298835,0.034007768548,0.570095726819
1403715308512142848,1.564975000889,2.885909950707,0.054757444684,0.100701367005,-0.813878690503,0.032215215226,0.571334308209
1403715308562142976,1.567605780239,2.882538151994,0.059785433105,0.096168440284,-0.814972513903,0.031203171034,0.570611772393
1403715308612143104,1.567844596057,2.880448496714,0.058763843843,0.092332167639,-0.815362105946,0.031674073727,0.570662912812
1403715308662142976,1.569164717308,2.875171305367,0.057954797323,0.088889809288,-0.815806112163,0.031913496659,0.570561581157
1403715308712142848,1.559590735670,2.876135725027,0.053117092307,0.087467162972,-0.815634723329,0.033380886124,0.570942387587
1403715308762142976,1.551966827461,2.875767385197,0.046254364880,0.085889856875,-0.815162381195,0.035096533806,0.571752969460
1403715308812143104,1.545725903409,2.875215886310,0.033707211141,0.083829203047,-0.815426805514,0.037812652994,0.571508523856
1403715308862142976,1.532628689798,2.877754143087,0.031430839898,0.083359727199,-0.815797966537,0.040931724745,0.570832223673
1403715308912143104,1.525620797336,2.876237032814,0.033060500770,0.082574618663,-0.815930456262,0.043085260674,0.570598443048
1403715309012142848,1.503283668998,2.875573775965,0.038556837870,0.083063429589,-0.813782250663,0.048765546474,0.573132477397
1403715309062142976,1.493060336599,2.873610979118,0.035842684196,0.081840936381,-0.811567513838,0.053755282092,0.575995313577
1403715309112143104,1.481047298872,2.872528115263,0.037570899732,0.081939815261,-0.809707195485,0.058036915687,0.578179765015
1403715309162142976,1.471028534877,2.870083331444,0.061652573738,0.084002998282,-0.808949255468,0.059053171319,0.578841361095
1403715309212142848,1.460449989546,2.868834486038,0.095852460606,0.085889241332,-0.807659409660,0.061003167680,0.580161985780
1403715309262142976,1.448846458889,2.867731762904,0.130831364411,0.087991276529,-0.804950472454,0.062830666716,0.583407730041
1403715309312143104,1.440229465670,2.868160130884,0.157812870913,0.089540524740,-0.802473740929,0.065176087047,0.586319424227
1403715309362142976,1.425857811242,2.874255287247,0.155268480076,0.093009786067,-0.800184573418,0.066361633283,0.588769871671
1403715309412143104,1.418929679221,2.879043317963,0.131499850404,0.094343344990,-0.798975324096,0.067442236664,0.590075681126
1403715309462142976,1.403232933181,2.889369204397,0.113667858476,0.098572913296,-0.798343548811,0.067122881015,0.590275764098
1403715309512142848,1.389432319601,2.898520749172,0.104137487239,0.102518430740,-0.797936944960,0.066222064737,0.590255234088
1403715309562142976,1.382689669374,2.906197019963,0.097301743999,0.104881006063,-0.798353119782,0.065365498932,0.589372227247
1403715309612143104,1.362588983984,2.921116394097,0.087914482540,0.107888927791,-0.798093407857,0.067530923540,0.588936724922
1403715309712142848,1.345001214633,2.939478179274,0.097145854027,0.111270089377,-0.799712743217,0.068842558677,0.585951531836
1403715309762142976,1.334606037734,2.948854186175,0.096045595146,0.112047317301,-0.799949352840,0.071064251934,0.585214750048
1403715309812143104,1.333892032199,2.954055734947,0.090078716404,0.111851713610,-0.798110828744,0.072233586477,0.587614336268
1403715309862142976,1.321470498949,2.964448284639,0.090758860411,0.112262296063,-0.796871423239,0.075471945730,0.588809898962
1403715309912143104,1.324309640050,2.967088655058,0.098908338700,0.110491691443,-0.796544891628,0.076974721040,0.589391817099
1403715309962142976,1.324896906980,2.971340555973,0.118733441614,0.108800617639,-0.797063839069,0.078195101895,0.588843942050
1403715310012142848,1.338132251201,2.967021014473,0.156603854619,0.108754416596,-0.795920894924,0.072264642424,0.591151611137
1403715310062142976,1.333689456054,2.975638314632,0.184133871661,0.108108353162,-0.793950779681,0.072084068810,0.593934870540
1403715310112143104,1.323279754344,2.990144182840,0.203921723751,0.106471308926,-0.792466533788,0.072215866059,0.596192520827
1403715310162142976,1.313174048255,3.006502804853,0.210220329894,0.103538661886,-0.790495033057,0.071068217387,0.599455299988
1403715310212142848,1.308312180570,3.025268135119,0.209815067708,0.099534218486,-0.789516737599,0.068099035071,0.601763061200
1403715310262142976,1.295049996021,3.050968472545,0.208820392647,0.097133800452,-0.789202535633,0.063349307749,0.603084776600
1403715310312143104,1.278810471355,3.080953005767,0.199941719352,0.095116010118,-0.788617806240,0.057533788547,0.604751819737
1403715310412143104,1.251021595833,3.135628122867,0.195394388666,0.088305711327,-0.789082119872,0.044186736895,0.606299465386
1403715310462142976,1.238730000626,3.164004948750,0.195982061478,0.083785732903,-0.789826086790,0.037442282153,0.606426235494
1403715310512142848,1.226344208203,3.194723379156,0.187701737365,0.079427099973,-0.791639404431,0.033070365264,0.604900603474
1403715310562142976,1.223847409465,3.217833396295,0.184627911213,0.074615025563,-0.794134387967,0.027292303361,0.602526598571
1403715310612143104,1.228136412970,3.239177784640,0.186304596941,0.069977969159,-0.797293294264,0.021543283317,0.599134687443
1403715310662142976,1.229922006754,3.262077476971,0.180197930228,0.066253054689,-0.799363260455,0.017175669836,0.596937104680
1403715310712142848,1.234403885306,3.282699279962,0.170101028722,0.062127829257,-0.800797162465,0.013980285412,0.595540585552
1403715310762142976,1.239695608581,3.301333587259,0.170891394737,0.058078722822,-0.803902565132,0.011769119924,0.591801500121
1403715310812143104,1.247688213008,3.317243822113,0.180177531188,0.054182261659,-0.806902528929,0.009857252491,0.588111746101
1403715310862142976,1.246702244185,3.337125741780,0.182325475637,0.051388457882,-0.808576833141,0.009963494146,0.586057556976
1403715310912143104,1.251411961864,3.355023166966,0.181731841260,0.048496566781,-0.808741431610,0.009750563723,0.586080460615
1403715310962142976,1.255214924462,3.372000831150,0.182390646586,0.044969557766,-0.810041172655,0.010308211064,0.584555196935
1403715311012142848,1.257392599755,3.385918260438,0.184098450104,0.041400397904,-0.811031336955,0.011055769818,0.583431184875
1403715311062142976,1.253089649057,3.401607156677,0.199892642498,0.039453295808,-0.812363764413,0.012048615462,0.581690108721
1403715311112143104,1.254147438958,3.417284812778,0.197537782103,0.036096854804,-0.813013659969,0.013962678367,0.580956839524
1403715311162142976,1.260508318263,3.430259658064,0.203223708456,0.032290240663,-0.814594493475,0.015022086420,0.578936515066
1403715311212142848,1.263964656066,3.442550605441,0.229394224915,0.031116501463,-0.814854065902,0.013572932811,0.578671227999
1403715311262142976,1.259712181609,3.458810746488,0.248203536441,0.031413496948,-0.815332722929,0.012359654141,0.578007769913
1403715311312143104,1.261356756755,3.474196911667,0.257562196870,0.029544883353,-0.815422345053,0.012624237471,0.577974158319
1403715311362142976,1.263544482575,3.490964800023,0.260640032500,0.027666074411,-0.815851563586,0.012898893005,0.577455135123
1403715311412143104,1.251729061569,3.514336865405,0.250185710913,0.028574089113,-0.814496586402,0.012728381294,0.579324451823
1403715311462142976,1.252447290806,3.534689241794,0.234898774757,0.027263371157,-0.815386488460,0.011806213339,0.578154128548
1403715311512142848,1.245404535902,3.558528405596,0.214638325417,0.027164252304,-0.816085030492,0.010595791575,0.577195855498
1403715311562142976,1.238342463215,3.580651405067,0.199386305702,0.027293821498,-0.815779983192,0.009116692053,0.577646044094
1403715311612143104,1.234487767147,3.600347390518,0.190792905089,0.026532664775,-0.815770902890,0.007750432001,0.577714274103
1403715311662142976,1.223863660550,3.621463112048,0.188964975039,0.027655840007,-0.814564788300,0.005549804880,0.579386364908
1403715311762142976,1.211197582278,3.657165491618,0.212793503615,0.025603629778,-0.814602394063,0.003907970684,0.579441214873
1403715311812143104,1.196721181074,3.675249352978,0.235710499515,0.026256717665,-0.813691500983,0.001838893186,0.580700735730
1403715311862142976,1.183659074840,3.694220506765,0.256519668355,0.024396261156,-0.813175996269,0.002019012884,0.581502833287
1403715311912143104,1.171932435859,3.712883715860,0.269979288959,0.023675674654,-0.811517233915,0.000294368963,0.583848571837
1403715311962142976,1.159216063956,3.733103082847,0.267441239083,0.021965243919,-0.811581269352,-0.000860316360,0.583825856872
1403715312012142848,1.137648486952,3.757294921509,0.248593019079,0.021123276837,-0.811557055790,-0.001093175626,0.583890192879
1403715312112143104,1.110734968271,3.797950201390,0.230067137711,0.019025897836,-0.811230296039,-0.005126824985,0.584394676281
1403715312162142976,1.096217889388,3.818354111142,0.227961963017,0.018422134304,-0.810506959639,-0.007325223449,0.585393401438
1403715312212142848,1.080309162842,3.839163148658,0.225384822092,0.017400764837,-0.810440186662,-0.008474035755,0.585501586628
1403715312262142976,1.063816782866,3.859835064144,0.228624549674,0.016538752118,-0.809837381528,-0.009474130628,0.586344716023
1403715312312143104,1.047835849877,3.877955044170,0.245440229060,0.015666306965,-0.809202833175,-0.010272287400,0.587230637585
1403715312362142976,1.028890063595,3.895284085214,0.267971403512,0.015287104776,-0.809020237319,-0.011336005958,0.587472599365
1403715312412143104,1.010356452225,3.911799661506,0.304890682880,0.016650985088,-0.806747282435,-0.014160961895,0.590492196508
1403715312462142976,0.984742573540,3.931353451428,0.313141062503,0.016163505297,-0.805653175363,-0.012869923423,0.592027083160
1403715312512142848,0.970214594925,3.948485161004,0.317014187826,0.014558343875,-0.804546574984,-0.012144777280,0.593586866171
1403715312562142976,0.945098953380,3.966888775884,0.314020167748,0.015982597903,-0.802953382333,-0.012639882355,0.595693424287
1403715312612143104,0.922758924301,3.985352599183,0.304704726399,0.016574260572,-0.801152279809,-0.013056067373,0.598088503106
1403715312662142976,0.904002084808,4.004514887772,0.306898828795,0.017937108504,-0.799124731776,-0.014813991060,0.600714964747
1403715312712142848,0.876932679455,4.023494179112,0.308279804137,0.020337640184,-0.796874428420,-0.015498038978,0.603603625328
1403715312762142976,0.860862936082,4.040759925498,0.300163724065,0.021597804103,-0.795062696092,-0.016426774140,0.605919966029
1403715312812143104,0.840558262882,4.058781753370,0.291659883695,0.024339128831,-0.794181984965,-0.017326105419,0.606945127368
1403715312862142976,0.827827493471,4.072390866838,0.290426464733,0.026784778288,-0.793623761560,-0.018538404574,0.607536195049
1403715312912143104,0.813637961751,4.084229569711,0.300120570416,0.029516327566,-0.792665076356,-0.019460335958,0.608631381426
1403715312962142976,0.796835246828,4.096832604237,0.301037598995,0.032148284433,-0.791709078726,-0.018670054042,0.609766062972
1403715313012142848,0.786432339837,4.107827678270,0.296879317176,0.033625502878,-0.790829595907,-0.017476766545,0.610862045330
1403715313062142976,0.776406945998,4.119816424135,0.292673868909,0.035912404109,-0.790385006499,-0.016340972156,0.611338542349
1403715313112143104,0.772915494084,4.129474293980,0.299158265311,0.038111894219,-0.791021469801,-0.016187541870,0.610385518604
1403715313162142976,0.766876589531,4.137234249042,0.305978721274,0.039976301203,-0.791240220069,-0.015291038198,0.610005732464
1403715313212142848,0.762751512672,4.141005561203,0.330613748651,0.041599122791,-0.792139137696,-0.014402386246,0.608750910294
1403715313262142976,0.762264299350,4.142745026687,0.352979107646,0.041965358450,-0.793418458457,-0.012697791028,0.607095399895
1403715313312143104,0.774528951567,4.141678671253,0.379016787980,0.041749487010,-0.794091716411,-0.012714729811,0.606229050696
1403715313362142976,0.783972770985,4.142173503492,0.392618972489,0.040867925574,-0.795591952745,-0.011913157839,0.604335448288
1403715313412143104,0.791830124539,4.141185379556,0.417943325273,0.041271783797,-0.797711523475,-0.013269184660,0.601478922254
1403715313462142976,0.790725171690,4.143392561994,0.438665743748,0.041130973675,-0.799143894858,-0.013631678856,0.599576063271
1403715313512142848,0.787246261481,4.148093382696,0.448800184658,0.040270400380,-0.799670454432,-0.015043829149,0.598898273805
1403715313562142976,0.782718038382,4.154826482847,0.447641144690,0.037639758053,-0.800736586049,-0.015764216078,0.597625014426
1403715313612143104,0.779580581030,4.160896031664,0.448063471530,0.035640658050,-0.801747834096,-0.018328970706,0.596317199860
1403715313662142976,0.770579300013,4.167623794994,0.441209856439,0.034025004389,-0.802048301307,-0.019917633472,0.595956465963
1403715313712142848,0.767476275020,4.170759958863,0.444183674670,0.032416220380,-0.802439430646,-0.022073224384,0.595443466306
1403715313762142976,0.771602566399,4.170653480798,0.451419939145,0.029625529980,-0.802763720757,-0.023410122468,0.595100582067
1403715313812143104,0.773478262276,4.171440076326,0.451535678463,0.026712433631,-0.802470167730,-0.023377188261,0.595635444599
1403715313862142976,0.774484063029,4.171819315947,0.454704593742,0.024069653445,-0.803492142726,-0.023310622457,0.594371637312
1403715313912143104,0.789061016368,4.165435436033,0.480079187727,0.021214129171,-0.803841226996,-0.025092655982,0.593935687697
1403715313962142976,0.810882779923,4.155514711867,0.518030302411,0.018629207106,-0.803260725333,-0.027547393787,0.594698495774
1403715314012142848,0.832634284746,4.148123661497,0.536782537498,0.014358238085,-0.803378797464,-0.029066305399,0.594585148380
1403715314062142976,0.850422962225,4.142005489320,0.546158008257,0.009760343267,-0.803818712593,-0.032865628800,0.593885564253
1403715314112143104,0.851070346444,4.140846377116,0.541920133318,0.005860301906,-0.803626692850,-0.037856584387,0.593899549099
1403715314162142976,0.847564316953,4.140945690261,0.534893971531,-0.000647627956,-0.803722746550,-0.043339412891,0.593423139544
1403715314212142848,0.849394784228,4.139997577439,0.532898919530,-0.007719944678,-0.804116930681,-0.051212946189,0.592210771930
1403715314262142976,0.846341848432,4.140154563918,0.525248998312,-0.015821903051,-0.803643825212,-0.057919608944,0.592073972136
1403715314312143104,0.838516425366,4.140884355855,0.515037905865,-0.024617219583,-0.803865492580,-0.063623949455,0.590885991876
1403715314362142976,0.836414211924,4.137910338403,0.521014015901,-0.032812440966,-0.804235145786,-0.071214376107,0.589116021371
1403715314412143104,0.836031728443,4.134464107785,0.524180840598,-0.041379202944,-0.804096897578,-0.075728261383,0.588201641699
1403715314462142976,0.835831728768,4.130563287618,0.516954935013,-0.049474419135,-0.804754391963,-0.079338150319,0.586198011231
1403715314512142848,0.841175694208,4.125203753728,0.514003232413,-0.056957957532,-0.804332035666,-0.082023549641,0.585728524812
1403715314562142976,0.846338860283,4.117409296785,0.515954388897,-0.064334397911,-0.804363479358,-0.083449669696,0.584719275336
1403715314612143104,0.848203616904,4.106432477940,0.520468002195,-0.070543491407,-0.803468742169,-0.084586954397,0.585069776458
1403715314662142976,0.852908839096,4.096827654802,0.515099131996,-0.075671876766,-0.802052387664,-0.085482226606,0.586241011397
1403715314712142848,0.860327915829,4.086358942358,0.513623170600,-0.079640239671,-0.801101256981,-0.086728274413,0.586832526966
1403715314762142976,0.866668699267,4.076210661011,0.512695645971,-0.081943503761,-0.799654991527,-0.088465958110,0.588226938326
1403715314812143104,0.869298197048,4.065399861616,0.516401693699,-0.083367390108,-0.798579743473,-0.090232961586,0.589218367181
1403715314862142976,0.870215269923,4.056304298739,0.512216449399,-0.084290645502,-0.797939499453,-0.091353270721,0.589781503798
1403715314912143104,0.870685200409,4.043927465164,0.511060126735,-0.085196973495,-0.796869580425,-0.091873879379,0.591015683199
1403715314962142976,0.869705552891,4.030484199445,0.503111847249,-0.087246711470,-0.795941472196,-0.090808571226,0.592130887193
1403715315012142848,0.859263482554,4.013935623059,0.503033904232,-0.087852165390,-0.795180122219,-0.089668974472,0.593236921711
1403715315062142976,0.844656732671,3.996600760201,0.505050142629,-0.088495235715,-0.793181334102,-0.087849854194,0.596082517447
1403715315112143104,0.835390476057,3.976234889895,0.508661376881,-0.089232976311,-0.793464205646,-0.087603011881,0.595632220927
1403715315162142976,0.829689030382,3.957208709747,0.508216571037,-0.089961866214,-0.793538455170,-0.086733768189,0.595550867894
1403715315212142848,0.828084434025,3.938229469763,0.508735152053,-0.090593149292,-0.794414472243,-0.086236057165,0.594358368358
1403715315262142976,0.827538722192,3.919275552065,0.509431898422,-0.091243071891,-0.794523380536,-0.086509530394,0.594073565112
1403715315312143104,0.833932199634,3.899021687318,0.512260035070,-0.093719750596,-0.794557976668,-0.088652084960,0.593325406412
1403715315362142976,0.842469837623,3.882867729063,0.510890037413,-0.097298224475,-0.793530469164,-0.091037272112,0.593763138894
1403715315412143104,0.842048739470,3.867625761739,0.512705050951,-0.101248618689,-0.793013876354,-0.093069459353,0.593477703760
1403715315462142976,0.843514690607,3.852757006770,0.509831159087,-0.107213890403,-0.792310581629,-0.095031796474,0.593058244696
1403715315512142848,0.846715286952,3.838331102844,0.507998894442,-0.113563676333,-0.791000831620,-0.097460464294,0.593230506375
1403715315562142976,0.849293789119,3.822708052698,0.508525860227,-0.119910869792,-0.789540970503,-0.099804058855,0.593536510283
1403715315612143104,0.850071115047,3.807803067377,0.511503774554,-0.126118527420,-0.787818913525,-0.102599106190,0.594061360419
1403715315662142976,0.848621742711,3.793080215018,0.512475224087,-0.133093018384,-0.786284571280,-0.105802569668,0.594010637679
1403715315712142848,0.852982374420,3.778905253688,0.510255899902,-0.143094391888,-0.783678922486,-0.106039297927,0.595085715470
1403715315762142976,0.860663889960,3.764680266828,0.511711054812,-0.153787735752,-0.780828541745,-0.106379455395,0.596103625386
1403715315812143104,0.861198321383,3.751154894648,0.511189189070,-0.164732668736,-0.778647453517,-0.107063512963,0.595909972374
1403715315862142976,0.860597503439,3.738567093788,0.512990813922,-0.174500698996,-0.776673257592,-0.109999833202,0.595170726504
1403715315912143104,0.865121746090,3.726554480998,0.511762370381,-0.183821851892,-0.774882878689,-0.114973866172,0.593756735691
1403715315962142976,0.868091586670,3.715395586438,0.511678799333,-0.192445344736,-0.773234110130,-0.121700452699,0.591830043200
1403715316012142848,0.871183375022,3.704719475338,0.516030534045,-0.200527102773,-0.772393786322,-0.129233738189,0.588638565520
1403715316062142976,0.878495163852,3.696457238540,0.513483831958,-0.208068394772,-0.770670773973,-0.137622709784,0.586373678632
1403715316112143104,0.885410997433,3.689047396089,0.509556326249,-0.215108119418,-0.769193568163,-0.146891884761,0.583517374076
1403715316162142976,0.895099366148,3.680676742779,0.502171224058,-0.222734880202,-0.767143572745,-0.156538769696,0.580840361476
1403715316212142848,0.902281181004,3.672583717671,0.492754580164,-0.231141427281,-0.765966254009,-0.166175760825,0.576415609459
1403715316262142976,0.901143096814,3.665638208166,0.492029425991,-0.238527256533,-0.767393249494,-0.176965439363,0.568239018189
1403715316312143104,0.898640831756,3.661813970197,0.485688932856,-0.247087229356,-0.769196714351,-0.185231665532,0.559440386283
1403715316362142976,0.906522074718,3.654684643628,0.480989384037,-0.254748717654,-0.770914438408,-0.194694638261,0.550352629993
1403715316412143104,0.908054996368,3.650148897273,0.472234528233,-0.261295333541,-0.771971674956,-0.201694721359,0.543234499191
1403715316462142976,0.905589013854,3.645637410623,0.462259108559,-0.267300140578,-0.772882186393,-0.207296630656,0.536872301131
1403715316512142848,0.910520326043,3.635724898680,0.454861715437,-0.274490920153,-0.770780469729,-0.211877283123,0.534471906777
1403715316562142976,0.911728737319,3.629691988779,0.450890322226,-0.279810220169,-0.767557535577,-0.215058906076,0.535080682874
1403715316612143104,0.909431182004,3.622472211337,0.443973206778,-0.284738518776,-0.763928532928,-0.216983840216,0.536894017091
1403715316662142976,0.906295879650,3.615761246414,0.432846511193,-0.289010364977,-0.759826820763,-0.218750124698,0.539707878698
1403715316712142848,0.901282145043,3.607550745801,0.429342531972,-0.293154549186,-0.755728842684,-0.220965951058,0.542317596155
1403715316762142976,0.896201275716,3.600358155945,0.421984517391,-0.297950522330,-0.751951975163,-0.223907774545,0.543745364845
1403715316812143104,0.889693425293,3.593013138593,0.413584370640,-0.303285733357,-0.748227966867,-0.227039746669,0.544633479482
1403715316862142976,0.880805521763,3.586112769011,0.403461767130,-0.309415651284,-0.743688164365,-0.230715461452,0.545857348371
1403715316912143104,0.864351334858,3.576489118109,0.398166536996,-0.316304165012,-0.739202644106,-0.235791436500,0.545832872422
1403715316962142976,0.851844960240,3.569018377144,0.378730238805,-0.323612193043,-0.733397764067,-0.241135116289,0.547043621540
1403715317012142848,0.839319368959,3.562246258438,0.355411853639,-0.333099774245,-0.727116160927,-0.245660394016,0.547720366363
1403715317062142976,0.829086217224,3.552659861425,0.342037336960,-0.343400950261,-0.722047788423,-0.250560936245,0.545840632256
1403715317112143104,0.814954763482,3.543634529131,0.332840781395,-0.353860922280,-0.717603863378,-0.255654992135,0.542648751905
1403715317162142976,0.802977126689,3.534520690358,0.322411904486,-0.365145384545,-0.713698435380,-0.260805189244,0.537851322157
1403715317212142848,0.785053707413,3.522900846948,0.316523907015,-0.375590320889,-0.709413477058,-0.267266818629,0.533134952037
1403715317262142976,0.774540031544,3.511872429252,0.309310541123,-0.386237469601,-0.704356467439,-0.274917332867,0.528320966783
1403715317312143104,0.771233944766,3.503901985699,0.305390285671,-0.397594054572,-0.698890245345,-0.281624311128,0.523602081844
1403715317362142976,0.758046728233,3.494676647307,0.296337017498,-0.409107969357,-0.692110847384,-0.286832954763,0.520903158374
1403715317412143104,0.744917348187,3.485355983487,0.283128039055,-0.421507405242,-0.685437343254,-0.291424649595,0.517280223290
1403715317462142976,0.730673606472,3.474518026181,0.272308402063,-0.433522565131,-0.678825167822,-0.296409984717,0.513220905668
1403715317512142848,0.718990698187,3.463913424921,0.264765975334,-0.444574796311,-0.671772833413,-0.302324744731,0.509582436410
1403715317562142976,0.705216916421,3.454483046919,0.255659725953,-0.455051824898,-0.664872330122,-0.308430641308,0.505710550411
1403715317612143104,0.689338819741,3.445887061889,0.250571749366,-0.465548680810,-0.657445750651,-0.313664322737,0.502637248311
1403715317662142976,0.673425358657,3.436730719690,0.247509185234,0.475968937840,0.650355217188,0.318539140607,-0.499023524083
1403715317712142848,0.659150946598,3.427392964260,0.247606462273,0.486022037072,0.642910363288,0.323511235569,-0.495771444032
1403715317762142976,0.648918656364,3.418370357483,0.237338703278,0.497599214496,0.634269843257,0.326346093817,-0.493553456799
1403715317812143104,0.640941884873,3.408557736040,0.238214523054,0.508680080137,0.625584389036,0.329053213482,-0.491541179316
1403715317862142976,0.631668204716,3.399635960827,0.244289265075,0.518740810826,0.618640620688,0.333009517430,-0.487130798573
1403715317912143104,0.621890347899,3.392993825619,0.238195269455,0.528348378770,0.611311631132,0.335409445878,-0.484403327724
1403715317962142976,0.615476389986,3.384232544238,0.244619276388,0.536787637421,0.603411094708,0.339360656519,-0.482274224796
1403715318012142848,0.600485375269,3.378946139217,0.248601082255,0.544619913864,0.597058426922,0.341230080119,-0.480075428122
1403715318062142976,0.591426834787,3.373013920296,0.264076425877,0.550453249753,0.590839442401,0.345434138008,-0.478105876808
1403715318112143104,0.587625692462,3.368371968914,0.263690613491,0.555862756591,0.586050124885,0.348160906693,-0.475758163364
1403715318162142976,0.589577591173,3.365164158025,0.245870250991,0.560725310066,0.582339028836,0.350113990564,-0.473168654664
1403715318212142848,0.595601143975,3.360384104858,0.230040030720,0.564756885448,0.579495128946,0.352762936874,-0.469886546131
1403715318262142976,0.602095565208,3.354762897741,0.215015090075,0.568006114843,0.577640624898,0.355391222194,-0.466258985067
