{
  "active_landmarks_tail": 0,
  "duration_sec": 142.90499997138977,
  "first_timestamp": 1403715275.952143,
  "last_timestamp": 1403715418.857143,
  "mean_num_features": 16.93143459915612,
  "path_length_m": 17843.963757942667,
  "pose_count": 5543
}
