{
  "active_landmarks_tail": 0,
  "case_id": "case_001",
  "duration_sec": 142.90499997138977,
  "evo_failed": false,
  "failure_reason": "FEATURE_STARVATION",
  "last10_update_accept_ratio": 0.2846975088967972,
  "launch_exit": 124,
  "mean_num_features": 145.04761904761904,
  "path_length_m": 17843.963757942667,
  "path_length_ratio": 306.0760546583176,
  "pose_count": 5543,
  "ros_crash": false,
  "rpe1_rot_rmse_deg": 0.834714,
  "rpe1_trans_rmse": 13.473367,
  "se3_ate_median": 4166.946004,
  "se3_ate_rmse": 5054.11429,
  "stage": 1,
  "status": "FAILED",
  "strong_baseline": false,
  "tail_E_orth_frob": 0.013097,
  "timed_out": true,
  "update_accept_ratio": 0.4098360655737705,
  "usable": false
}
