{
  "active_landmarks_tail": 26,
  "case_id": "case_046",
  "duration_sec": 142.90499997138977,
  "evo_failed": false,
  "failure_reason": "E_ORTH_COLLAPSE",
  "last10_update_accept_ratio": 0.5754838709677419,
  "launch_exit": 124,
  "mean_num_features": 143.01234567901236,
  "path_length_m": 1744.9395414652365,
  "path_length_ratio": 29.909923905557836,
  "pose_count": 15173,
  "ros_crash": false,
  "rpe1_rot_rmse_deg": 0.236686,
  "rpe1_trans_rmse": 1.259794,
  "se3_ate_median": 163.002782,
  "se3_ate_rmse": 365.511068,
  "stage": 1,
  "status": "FAILED",
  "strong_baseline": false,
  "tail_E_orth_frob": 0.18032,
  "timed_out": true,
  "update_accept_ratio": 0.7630937880633374,
  "usable": false
}
