{
  "active_landmarks_tail": 16,
  "case_id": "case_040",
  "duration_sec": 142.90499997138977,
  "evo_failed": false,
  "failure_reason": "E_ORTH_COLLAPSE",
  "last10_update_accept_ratio": 0.6162079510703364,
  "launch_exit": 124,
  "mean_num_features": 135.96629213483146,
  "path_length_m": 7552.866279830794,
  "path_length_ratio": 129.4577558520272,
  "pose_count": 22502,
  "ros_crash": false,
  "rpe1_rot_rmse_deg": 0.164297,
  "rpe1_trans_rmse": 3.714565,
  "se3_ate_median": 1649.833667,
  "se3_ate_rmse": 2109.382094,
  "stage": 1,
  "status": "FAILED",
  "strong_baseline": false,
  "tail_E_orth_frob": 0.097975,
  "timed_out": true,
  "update_accept_ratio": 0.7648047039059219,
  "usable": false
}
