{
  "active_landmarks_tail": 25,
  "case_id": "case_028",
  "duration_sec": 142.90499997138977,
  "evo_failed": false,
  "failure_reason": "ATE_DIVERGED",
  "last10_update_accept_ratio": 0.39520958083832336,
  "launch_exit": 124,
  "mean_num_features": 195.35365853658536,
  "path_length_m": 6224.60436719644,
  "path_length_ratio": 106.70844321196184,
  "pose_count": 18135,
  "ros_crash": false,
  "rpe1_rot_rmse_deg": 0.35434,
  "rpe1_trans_rmse": 3.044359,
  "se3_ate_median": 1540.742301,
  "se3_ate_rmse": 1815.552254,
  "stage": 1,
  "status": "FAILED",
  "strong_baseline": false,
  "tail_E_orth_frob": 0.0,
  "timed_out": true,
  "update_accept_ratio": 0.5614161849710982,
  "usable": false
}
