{
  "active_landmarks_tail": 0,
  "duration_sec": 142.90499997138977,
  "first_timestamp": 1403715275.952143,
  "last_timestamp": 1403715418.857143,
  "mean_num_features": 55.88733459357278,
  "path_length_m": 3083.960153171245,
  "pose_count": 21928
}
