{
  "active_landmarks_tail": 0,
  "duration_sec": 142.90499997138977,
  "first_timestamp": 1403715275.952143,
  "last_timestamp": 1403715418.857143,
  "mean_num_features": 27.935955056179775,
  "path_length_m": 7552.866279830794,
  "pose_count": 22502
}
