{
  "active_landmarks_tail": 0,
  "duration_sec": 142.90499997138977,
  "first_timestamp": 1403715275.952143,
  "last_timestamp": 1403715418.857143,
  "mean_num_features": 56.56775797762122,
  "path_length_m": 4016.2038422638843,
  "pose_count": 16783
}
