{
  "active_landmarks_tail": 0,
  "duration_sec": 142.90499997138977,
  "first_timestamp": 1403715275.952143,
  "last_timestamp": 1403715418.857143,
  "mean_num_features": 30.373655913978496,
  "path_length_m": 3926.9843708923736,
  "pose_count": 21210
}
