{
  "active_landmarks_tail": 9,
  "case_id": "case_030",
  "duration_sec": 142.90499997138977,
  "evo_failed": false,
  "failure_reason": "E_ORTH_COLLAPSE",
  "last10_update_accept_ratio": 0.8672839506172839,
  "launch_exit": 124,
  "mean_num_features": 105.47058823529412,
  "path_length_m": 1995.4075399783776,
  "path_length_ratio": 34.201794992436255,
  "pose_count": 17647,
  "ros_crash": false,
  "rpe1_rot_rmse_deg": 0.196522,
  "rpe1_trans_rmse": 1.534151,
  "se3_ate_median": 151.135512,
  "se3_ate_rmse": 380.379717,
  "stage": 1,
  "status": "FAILED",
  "strong_baseline": false,
  "tail_E_orth_frob": 0.183597,
  "timed_out": true,
  "update_accept_ratio": 0.9077809798270894,
  "usable": false
}
