{
  "active_landmarks_tail": 0,
  "duration_sec": 142.90499997138977,
  "first_timestamp": 1403715275.952143,
  "last_timestamp": 1403715418.857143,
  "mean_num_features": 53.107823267126065,
  "path_length_m": 3558.8487461104105,
  "pose_count": 17326
}
