{
  "active_landmarks_tail": 0,
  "duration_sec": 142.90499997138977,
  "first_timestamp": 1403715275.952143,
  "last_timestamp": 1403715418.857143,
  "mean_num_features": 63.15643153526971,
  "path_length_m": 997.3950215309378,
  "pose_count": 14027
}
