{
  "active_landmarks_tail": 0,
  "duration_sec": 142.90499997138977,
  "first_timestamp": 1403715275.952143,
  "last_timestamp": 1403715418.857143,
  "mean_num_features": 36.02697495183045,
  "path_length_m": 4989.0430452025485,
  "pose_count": 20341
}
