1413393887.355760574 0.000002446 0.000008719 -0.000004700 -0.006799910 -0.807425362 -0.000189492 0.589930513
1413393887.405760527 0.006798823 0.001747195 0.000775705 -0.006880879 -0.807536916 -0.000387166 0.589776766
1413393887.455760479 0.000199478 0.002539210 -0.002497623 -0.006712846 -0.807452409 -0.000092414 0.589894513
1413393887.505760431 0.002485793 0.000951981 -0.001365751 -0.006487662 -0.807427198 0.000100716 0.589931539
1413393887.555760384 0.001633138 0.000503110 -0.002179976 -0.006517201 -0.807465738 0.000229948 0.589878424
1413393887.605760574 0.001574512 0.000330967 -0.002702787 -0.006640435 -0.807317498 -0.000469364 0.590079775
1413393887.655760527 0.001454500 0.000125345 -0.002497195 -0.006303219 -0.807122238 -0.000645624 0.590350359
1413393887.705760479 0.001235582 -0.000409972 -0.002994486 -0.006237083 -0.807292758 -0.000351605 0.590118106
1413393887.755760431 0.001097815 -0.000584833 -0.003247471 -0.006203967 -0.807062297 -0.000370311 0.590433588
1413393887.805760384 0.001011064 -0.000918875 -0.003658386 -0.006188196 -0.807220236 -0.000411434 0.590217779
1413393887.855760574 0.000885061 -0.001169591 -0.003896977 -0.006201367 -0.807445854 -0.000426296 0.589908937
1413393887.905760527 0.000863871 -0.001222118 -0.004415595 -0.006131586 -0.807627844 -0.000541175 0.589660391
1413393887.955760479 0.000796266 -0.001198558 -0.004230975 -0.006099240 -0.807771625 -0.000376240 0.589463875
1413393888.005760431 -0.001589973 -0.002405713 -0.005682832 -0.005873934 -0.807774864 -0.000359994 0.589461734
1413393888.055760384 -0.002797967 -0.003254278 -0.006517308 -0.006054394 -0.807774306 -0.000440912 0.589460618
1413393888.105760574 -0.003366792 -0.003739120 -0.006902771 -0.005933523 -0.807856819 -0.000291516 0.589348851
1413393888.155760527 -0.003531457 -0.003980898 -0.006967447 -0.006008573 -0.807701497 -0.000392514 0.589560883
1413393888.205760479 -0.003615755 -0.004246970 -0.007189972 -0.005766947 -0.807944393 -0.000351321 0.589230410
1413393888.255760431 -0.003699978 -0.004121405 -0.007011152 -0.005886190 -0.807979043 -0.000416112 0.589181675
1413393888.305760384 -0.003617792 -0.004073870 -0.006888680 -0.005825676 -0.808039564 -0.000583665 0.589099129
1413393888.355760574 -0.003472163 -0.003796474 -0.006715466 -0.005816629 -0.808069835 0.000534582 0.589057742
1413393888.405760527 -0.003393155 -0.003869985 -0.006602041 -0.005871758 -0.808001865 0.000242735 0.589150617
1413393888.455760479 -0.003369761 -0.003649679 -0.006908201 -0.005507615 -0.807998070 0.001110274 0.589158342
1413393888.505760431 -0.003314367 -0.003503563 -0.007127408 -0.005344617 -0.807999017 0.001292975 0.589158172
1413393888.555760384 -0.003323889 -0.003398050 -0.007002473 -0.004967235 -0.808099459 0.001441309 0.589023356
1413393888.605760574 -0.003431560 -0.003296432 -0.007459811 -0.004570383 -0.808103231 0.001343406 0.589021625
1413393888.655760527 -0.003539745 -0.003391719 -0.007477718 -0.004495828 -0.807960551 0.001353783 0.589217874
1413393888.705760479 -0.003504617 -0.003157844 -0.007573943 -0.004135207 -0.807931315 0.001478452 0.589260303
1413393888.755760431 -0.003564172 -0.003105070 -0.007265371 -0.004077288 -0.807904556 0.001813113 0.589296458
1413393888.805760384 -0.003618808 -0.003054225 -0.007329633 -0.004041051 -0.808244929 0.002104194 0.588828818
1413393888.855760574 -0.003530600 -0.002776031 -0.007586034 -0.004267010 -0.808365403 0.002435209 0.588660546
1413393888.905760527 -0.003415661 -0.002529747 -0.007692817 -0.004128268 -0.808137050 0.002089279 0.588976316
1413393888.955760479 -0.003463096 -0.002884200 -0.007749689 -0.004117990 -0.808075852 0.001730471 0.589061512
1413393889.005760431 -0.003448173 -0.003322031 -0.007492132 -0.004393525 -0.807754850 0.001609994 0.589499964
1413393889.055760384 -0.003473328 -0.003435736 -0.008213615 -0.004182174 -0.807397459 0.000987005 0.589992270
1413393889.105760574 -0.003635907 -0.003542860 -0.008577713 -0.004325176 -0.807418835 0.000954714 0.589962038
1413393889.155760527 -0.003698849 -0.003433164 -0.007920253 -0.004323355 -0.807607133 0.000361652 0.589704923
1413393889.205760479 -0.003443029 -0.003100084 -0.007193352 -0.004138569 -0.808389696 0.000590667 0.588632842
1413393889.255760431 -0.003147053 -0.002530014 -0.007150909 -0.004264301 -0.808383559 0.000821714 0.588640095
1413393889.305760384 -0.003059722 -0.002366142 -0.006490289 -0.003830952 -0.809247007 0.001404403 0.587454367
1413393889.355760574 -0.003066977 -0.001817372 -0.006878095 -0.004471856 -0.810411311 0.001509449 0.585842326
1413393889.405760527 -0.002716565 -0.001566365 -0.006991479 -0.004311721 -0.811513267 0.001864257 0.584315113
1413393889.455760479 -0.002597179 -0.001427234 -0.007165509 -0.004538569 -0.812674127 0.000991382 0.582699908
1413393889.505760431 -0.002632641 -0.001693779 -0.008513210 -0.004765806 -0.813933818 0.001497399 0.580936128
1413393889.555760384 -0.002046587 -0.001337356 -0.008218048 -0.006196856 -0.817607276 0.000956729 0.575742153
1413393889.605760574 -0.000822681 0.000146734 -0.004317958 -0.005913127 -0.821570649 -0.000063567 0.570076047
1413393889.655760527 0.000494896 0.001033692 -0.001848548 -0.005508575 -0.825397004 -0.004230630 0.564510003
1413393889.705760479 0.000283317 0.001151150 0.003518665 -0.003862380 -0.827485188 -0.007808579 0.561419960
1413393889.755760431 0.000480525 0.002599651 0.009186946 -0.001307665 -0.829989872 -0.012101834 0.557645629
1413393889.805760384 0.001285129 0.005519151 0.023826792 0.000144102 -0.831572654 -0.016891141 0.555159067
1413393889.855760574 0.000869855 0.008215467 0.042644609 0.003583128 -0.832637089 -0.021723496 0.553381179
1413393889.905760527 -0.003756528 0.008705443 0.065857332 0.007995261 -0.832163768 -0.027708610 0.553779533
1413393889.955760479 -0.008725783 0.007839697 0.092584764 0.012192492 -0.829227018 -0.034483272 0.557713905
1413393890.005760431 -0.015715424 0.005338991 0.123748515 0.016156014 -0.825983035 -0.038349706 0.562156836
1413393890.055760384 -0.024841689 0.000515423 0.158337447 0.015269166 -0.822660585 -0.038860079 0.566997627
1413393890.105760574 -0.035192333 -0.006822483 0.192020516 0.012713782 -0.820279174 -0.035161012 0.570739993
1413393890.155760527 -0.045245988 -0.015512297 0.223992585 0.009472621 -0.817851140 -0.031396634 0.574494589
1413393890.205760479 -0.055013829 -0.024599866 0.249874400 0.006481861 -0.815816964 -0.027579493 0.577615822
1413393890.255760431 -0.065230149 -0.034624842 0.270531511 0.004257776 -0.813916433 -0.023892164 0.580474871
1413393890.305760384 -0.076004311 -0.045833989 0.288163829 0.001198909 -0.813757738 -0.021410272 0.580808494
1413393890.355760574 -0.086138162 -0.056779230 0.301259252 -0.001250847 -0.813715131 -0.018213229 0.580977107
1413393890.405760527 -0.095894775 -0.067898064 0.308958323 -0.003659834 -0.813457300 -0.015331109 0.581411029
1413393890.455760479 -0.104992357 -0.079130660 0.312455009 -0.005811902 -0.811466974 -0.013558619 0.584212063
1413393890.505760431 -0.115314688 -0.091375745 0.311988411 -0.006655466 -0.806447460 -0.010830469 0.591169096
1413393890.555760384 -0.125543123 -0.104182594 0.313459442 -0.007544924 -0.800282865 -0.008204786 0.599519051
1413393890.605760574 -0.134509662 -0.116392149 0.314988516 -0.008060072 -0.794761656 -0.009422067 0.606794999
1413393890.655760527 -0.142323249 -0.128885018 0.315677294 -0.006479127 -0.794168654 -0.010658334 0.607569396
1413393890.705760479 -0.148650142 -0.141128558 0.316113009 -0.006346701 -0.797428252 -0.011740633 0.603266161
1413393890.755760431 -0.151872481 -0.152742234 0.318722291 -0.005270383 -0.801181058 -0.013050525 0.598256483
1413393890.805760384 -0.154121604 -0.164510461 0.321889551 -0.005133550 -0.804976348 -0.013192024 0.593138008
1413393890.855760574 -0.155577528 -0.176405327 0.325112684 -0.004963360 -0.808171850 -0.014866314 0.588738158
1413393890.905760527 -0.156056912 -0.188516685 0.328897629 -0.004715285 -0.810120106 -0.014902169 0.586055548
1413393890.955760479 -0.157312193 -0.200219669 0.334051964 -0.004619857 -0.811915427 -0.015810545 0.583542649
1413393891.005760431 -0.157688883 -0.213324983 0.339889071 -0.004135057 -0.813002781 -0.017286551 0.581988449
1413393891.055760384 -0.157322482 -0.226700172 0.347340809 -0.002777062 -0.813479846 -0.017512693 0.581322744
1413393891.105760574 -0.157829599 -0.241354252 0.355733714 -0.002151296 -0.813033576 -0.018764124 0.581910374
1413393891.155760527 -0.156891021 -0.254432952 0.365364329 -0.002731759 -0.812727749 -0.016665974 0.582398822
1413393891.205760479 -0.156617121 -0.268269385 0.375540378 -0.002776375 -0.811617123 -0.016444134 0.583951648
1413393891.255760431 -0.156243272 -0.282738075 0.383242640 -0.002613521 -0.809663242 -0.016275944 0.586663189
1413393891.305760384 -0.154588824 -0.297944375 0.386430442 -0.001430665 -0.802624645 -0.016667961 0.596249790
1413393891.355760574 -0.152337558 -0.313760337 0.389063707 -0.001106680 -0.787668005 -0.016188174 0.615886217
1413393891.405760527 -0.151338316 -0.329660312 0.388822900 -0.001114136 -0.769004207 -0.014314956 0.639082444
1413393891.455760479 -0.146627811 -0.344889355 0.385892985 -0.000511903 -0.750680173 -0.010284541 0.660585531
1413393891.505760431 -0.138153864 -0.359849339 0.382198946 -0.001132005 -0.736010730 -0.010265723 0.676891083
1413393891.555760384 -0.123928842 -0.375258560 0.378619775 0.000768447 -0.729453749 -0.008770393 0.683973478
1413393891.605760574 -0.100958805 -0.390235848 0.374436684 0.003222128 -0.726527825 -0.011699684 0.687029880
1413393891.655760527 -0.071644793 -0.403633145 0.371245396 0.001967460 -0.727259066 -0.011635929 0.686261601
1413393891.705760479 -0.032462065 -0.418472404 0.368888118 0.003288846 -0.726702876 -0.012979297 0.686821412
1413393891.755760431 0.011928058 -0.434398724 0.365143943 0.004625191 -0.725995959 -0.013381314 0.687553209
1413393891.805760384 0.057640687 -0.449228820 0.363600139 0.003903675 -0.728759177 -0.015355410 0.684586762
1413393891.855760574 0.113312194 -0.464505323 0.362537327 0.004563612 -0.732939433 -0.017146532 0.680062465
1413393891.905760527 0.173452925 -0.480167908 0.360977690 0.004084462 -0.742275592 -0.018673845 0.669822029
1413393891.955760479 0.237932231 -0.493361975 0.367754812 0.002232464 -0.756951345 -0.017585872 0.653230752
1413393892.005760431 0.304293903 -0.510551213 0.371168728 0.001167293 -0.773541185 -0.018104297 0.633486312
1413393892.055760384 0.373397271 -0.526339612 0.381350280 0.000623618 -0.788149356 -0.018475895 0.615206343
1413393892.105760574 0.445389336 -0.542429482 0.389400543 -0.000111315 -0.799062036 -0.019363577 0.600936688
1413393892.155760527 0.520546714 -0.560202439 0.396163749 -0.000640161 -0.806750836 -0.021119038 0.590513899
1413393892.205760479 0.597312872 -0.576863360 0.401975443 -0.000190268 -0.811715568 -0.022283908 0.583627646
1413393892.255760431 0.674441258 -0.594060710 0.406452023 0.000077235 -0.814052658 -0.024471483 0.580275289
1413393892.305760384 0.747601065 -0.609530537 0.410869376 -0.000755607 -0.815752621 -0.025217414 0.577850476
1413393892.355760574 0.818198330 -0.625392358 0.413108271 -0.001136225 -0.818359939 -0.026020528 0.574115538
1413393892.405760527 0.891851938 -0.640904370 0.415304167 -0.001794616 -0.820060789 -0.026100546 0.571678094
1413393892.455760479 0.963047611 -0.659500434 0.409176381 -0.002625753 -0.820820118 -0.027242087 0.570530725
1413393892.505760431 1.032109412 -0.677994262 0.400803588 -0.003089414 -0.821393157 -0.028420962 0.569645492
1413393892.555760384 1.098123533 -0.697451207 0.391628520 -0.004989616 -0.823524155 -0.028009270 0.566567340
1413393892.605760574 1.164120652 -0.714930950 0.383344560 -0.004908384 -0.826921544 -0.028235069 0.561586547
1413393892.655760527 1.230510669 -0.735012414 0.371466639 -0.005782687 -0.830513871 -0.028810623 0.556222275
1413393892.705760479 1.293923046 -0.756638538 0.357961844 -0.006555706 -0.835952921 -0.030668210 0.547904368
1413393892.755760431 1.355279552 -0.776014718 0.347052475 -0.006343090 -0.843567160 -0.030546231 0.536116721
1413393892.805760384 1.413729735 -0.796153806 0.334175953 -0.006321826 -0.850704751 -0.030996065 0.524691056
1413393892.855760574 1.463657279 -0.820349520 0.328928553 -0.007457217 -0.857703682 -0.032719357 0.513047978
1413393892.905760527 1.514145004 -0.840355519 0.319421574 -0.006924576 -0.863394772 -0.031885389 0.503472779
1413393892.955760479 1.557162115 -0.862113518 0.310967124 0.005772057 0.868545085 0.031643476 -0.494565273
1413393893.005760431 1.593794519 -0.883587723 0.303126048 0.005632954 0.871869571 0.031435421 -0.488695750
1413393893.055760384 1.623690248 -0.905565054 0.303114170 0.005665857 0.873942812 0.029452603 -0.485102468
1413393893.105760574 1.645372689 -0.930238478 0.297563826 0.005519015 0.873824251 0.029127145 -0.485337335
1413393893.155760527 1.659657900 -0.952383328 0.298464741 0.005644713 0.871976896 0.026979799 -0.488770417
1413393893.205760479 1.668012869 -0.975043649 0.300224046 0.003793394 0.868724089 0.026983084 -0.494546237
1413393893.255760431 1.667904313 -1.001385985 0.300681918 -0.004471605 -0.865130383 -0.027142223 0.500792098
1413393893.305760384 1.664280916 -1.023815410 0.308487398 -0.006749799 -0.862469001 -0.023474413 0.505520143
1413393893.355760574 1.654613020 -1.046686242 0.319300915 -0.010788673 -0.861553457 -0.018239479 0.507224374
1413393893.405760527 1.639254095 -1.072319497 0.327833941 -0.015822757 -0.859286918 -0.013621382 0.511067599
1413393893.455760479 1.620438070 -1.095364514 0.335872570 -0.018974087 -0.858005388 -0.009371452 0.513204554
1413393893.505760431 1.597546377 -1.117979098 0.346174136 -0.022222887 -0.857582453 -0.004122583 0.513849670
1413393893.555760384 1.569019524 -1.143089113 0.355266674 -0.024742439 -0.856725086 -0.001458701 0.515177456
1413393893.605760574 1.537847393 -1.163496174 0.367204726 -0.027366192 -0.855568964 0.003137668 0.516955505
1413393893.655760527 1.503305507 -1.183338750 0.375657200 -0.029627398 -0.855454826 0.007543578 0.516974229
1413393893.705760479 1.461881201 -1.205246621 0.383400604 -0.032830146 -0.855052273 0.009955878 0.517405714
1413393893.755760431 1.420186574 -1.218508537 0.392727370 -0.033152424 -0.853476145 0.013413028 0.519903335
1413393893.805760384 1.373485711 -1.234014338 0.398329429 -0.034288288 -0.850312984 0.014027460 0.524971784
1413393893.855760574 1.320364903 -1.249387153 0.402190623 -0.035387380 -0.844468918 0.012242497 0.534294021
1413393893.905760527 1.267756232 -1.255051079 0.415141180 -0.032721267 -0.839520554 0.012125040 0.542206180
1413393893.955760479 1.209690036 -1.262706129 0.427456797 -0.031907015 -0.833226534 0.010361532 0.551913149
1413393894.005760431 1.149240353 -1.270931844 0.439763579 -0.031728951 -0.828458305 0.008294221 0.559089721
1413393894.055760384 1.092760500 -1.272356541 0.457943616 -0.029409775 -0.826047432 0.009256386 0.562756630
1413393894.105760574 1.028227485 -1.278538145 0.474103281 -0.031122942 -0.823650755 0.008255212 0.566182522
1413393894.155760527 0.970110095 -1.277359718 0.484977870 -0.030518858 -0.822697529 0.009973852 0.567571932
1413393894.205760479 0.907672225 -1.278259604 0.497293384 -0.031164255 -0.822277413 0.011221331 0.568122106
1413393894.255760431 0.843714408 -1.279007067 0.508017482 -0.031725977 -0.822316349 0.010563484 0.568047267
1413393894.305760384 0.781230479 -1.276735635 0.519547693 -0.032906743 -0.822867109 0.012275792 0.567147399
1413393894.355760574 0.719961777 -1.273972282 0.525877601 -0.033309731 -0.822099356 0.012609418 0.568228928
1413393894.405760527 0.657534399 -1.270137377 0.525528037 -0.032589445 -0.821646482 0.011276339 0.568953276
1413393894.455760479 0.594515125 -1.264499895 0.524568327 -0.031166922 -0.821446185 0.009729636 0.569350614
1413393894.505760431 0.531817394 -1.258972612 0.519816721 -0.028733335 -0.821035698 0.007153400 0.570108416
1413393894.555760384 0.466111839 -1.252054740 0.513628552 -0.027986039 -0.820330707 0.003771869 0.571191811
1413393894.605760574 0.402208358 -1.242571246 0.504729578 -0.026109424 -0.819734665 0.001343530 0.572146461
1413393894.655760527 0.339613294 -1.234468510 0.499365584 -0.025332090 -0.818006191 -0.000295246 0.574651259
1413393894.705760479 0.275604349 -1.227058687 0.492610728 -0.024977047 -0.817056595 -0.002181841 0.576012072
1413393894.755760431 0.213733586 -1.214874025 0.486320505 -0.023259377 -0.816016148 -0.001454984 0.577559115
1413393894.805760384 0.146693766 -1.203340869 0.479513550 -0.023525007 -0.816749571 -0.001048474 0.576511590
1413393894.855760574 0.082126362 -1.190581892 0.471499503 -0.022511379 -0.815645198 -0.001536070 0.578112264
1413393894.905760527 0.020366348 -1.176222842 0.466245704 -0.020597658 -0.813192489 -0.000912910 0.581629503
1413393894.955760479 -0.045791131 -1.163143891 0.460287154 -0.020094745 -0.810388999 -0.002168132 0.585543483
1413393895.005760431 -0.108964699 -1.148242694 0.458142438 -0.019201786 -0.806511531 -0.001515103 0.590904515
1413393895.055760384 -0.171542878 -1.133764897 0.455459130 -0.017829952 -0.803161289 -0.000360415 0.595494675
1413393895.105760574 -0.236306241 -1.117876880 0.450821922 -0.016849410 -0.802195414 -0.001692668 0.596821372
1413393895.155760527 -0.298766318 -1.102143173 0.443685891 -0.014776517 -0.802927806 -0.002459740 0.595888029
1413393895.205760479 -0.360869492 -1.085610044 0.439944438 -0.014451033 -0.805009154 -0.002041939 0.593082844
1413393895.255760431 -0.420106191 -1.070041057 0.437394682 -0.013940642 -0.806192547 -0.002709444 0.591482794
1413393895.305760384 -0.477166329 -1.057420636 0.434177132 -0.012330262 -0.805149725 -0.003097735 0.592935316
1413393895.355760574 -0.537165125 -1.043739373 0.429431198 -0.011865584 -0.803294228 -0.003995815 0.595450775
1413393895.405760527 -0.594965976 -1.033864163 0.420578241 -0.011713558 -0.801529080 -0.004374908 0.597825047
1413393895.455760479 -0.650756837 -1.026526703 0.410589454 -0.011465234 -0.800892725 -0.006309927 0.598664828
1413393895.505760431 -0.705781989 -1.018112381 0.396104291 -0.013455261 -0.800386669 -0.008569585 0.599271807
1413393895.555760384 -0.759286499 -1.003105878 0.380562790 -0.017287527 -0.801691682 -0.010370541 0.597397724
1413393895.605760574 -0.808356948 -0.990305277 0.364836779 -0.021390764 -0.802213156 -0.012489620 0.596523677
1413393895.655760527 -0.856486221 -0.976246174 0.352184095 -0.026027341 -0.802630133 -0.018521589 0.595621019
1413393895.705760479 -0.900946436 -0.962394163 0.341920860 -0.030988116 -0.800181563 -0.024584090 0.598452024
1413393895.755760431 -0.944965379 -0.949519824 0.333657893 -0.038458515 -0.798374458 -0.029994898 0.600182867
1413393895.805760384 -0.994723448 -0.923706220 0.325775963 -0.047685393 -0.796641135 -0.037300577 0.601413063
1413393895.855760574 -1.039062070 -0.902895895 0.318241275 -0.057753851 -0.794949510 -0.046320434 0.602141335
1413393895.905760527 -1.084122630 -0.875194288 0.318019227 -0.070364060 -0.793971140 -0.055412297 0.601322047
1413393895.955760479 -1.128604421 -0.851607346 0.315166349 -0.084584382 -0.793028761 -0.066747395 0.599579563
1413393896.005760431 -1.165336535 -0.830584046 0.316475281 -0.097247928 -0.793360588 -0.079465667 0.595656801
1413393896.055760384 -1.200733655 -0.809976922 0.316477149 -0.112901296 -0.792220925 -0.091980469 0.592603491
1413393896.105760574 -1.234474394 -0.792962711 0.313721325 -0.128353626 -0.789517124 -0.107060071 0.590530438
1413393896.155760527 -1.262171869 -0.777624447 0.311205832 -0.143861373 -0.785800480 -0.119084600 0.589610354
1413393896.205760479 -1.295293745 -0.761100254 0.304352575 -0.160243774 -0.780688284 -0.133897132 0.588998552
1413393896.255760431 -1.325294815 -0.747466264 0.302848034 -0.176395133 -0.773092631 -0.149408630 0.590668775
1413393896.305760384 -1.351341045 -0.735401371 0.302868060 -0.191064318 -0.766397076 -0.163003856 0.591235732
1413393896.355760574 -1.376173533 -0.721443181 0.301061717 -0.207366460 -0.757947287 -0.177027827 0.592601224
1413393896.405760527 -1.400077992 -0.707038010 0.297396258 -0.227841215 -0.747646996 -0.189679090 0.594250950
1413393896.455760479 -1.414531769 -0.698436996 0.299367151 -0.249837596 -0.739031381 -0.194575485 0.594604217
1413393896.505760431 -1.429808733 -0.690866484 0.307560706 -0.272533694 -0.732548480 -0.199636576 0.590968144
1413393896.555760384 -1.442866594 -0.678749443 0.318872125 -0.298740873 -0.726386864 -0.202821113 0.584790228
1413393896.605760574 -1.453558399 -0.672110775 0.324789747 -0.321976378 -0.722049688 -0.207092408 0.576270939
1413393896.655760527 -1.460933952 -0.668795291 0.332985324 -0.344347586 -0.717059528 -0.210383344 0.568321407
1413393896.705760479 -1.465964707 -0.664146448 0.335357723 -0.365887942 -0.710181935 -0.215521635 0.561531885
1413393896.755760431 -1.467692773 -0.660254963 0.347408095 -0.388521555 -0.702807368 -0.217333418 0.554868443
1413393896.805760384 -1.471827700 -0.658350880 0.351082291 -0.408529114 -0.694489885 -0.221957987 0.549110567
1413393896.855760574 -1.472990481 -0.653591836 0.357817713 -0.429484510 -0.688529705 -0.223638932 0.539866214
1413393896.905760527 -1.471361074 -0.644910403 0.367027282 -0.450210015 -0.684239182 -0.225102998 0.527689610
1413393896.955760479 -1.466430471 -0.638634678 0.375140949 -0.467030635 -0.683290407 -0.228889140 0.512451331
1413393897.005760431 -1.458910932 -0.629211021 0.381674121 0.480683999 0.686448229 0.233951544 -0.492948676
1413393897.055760384 -1.452153947 -0.617912037 0.380523934 0.488108603 0.693598809 0.244776274 -0.469845995
1413393897.105760574 -1.440794934 -0.601531840 0.380954171 0.489889049 0.700476105 0.259101150 -0.449676040
1413393897.155760527 -1.427624434 -0.579599567 0.381695354 0.486688072 0.706450373 0.275982432 -0.433470055
1413393897.205760479 -1.416923845 -0.551635768 0.376118169 0.479348131 0.709482406 0.297400367 -0.422389757
1413393897.255760431 -1.404754857 -0.520324294 0.378544449 0.467383928 0.710818646 0.319589033 -0.417315188
1413393897.305760384 -1.398155877 -0.485049913 0.379019676 0.453720884 0.709438881 0.341924330 -0.417039070
1413393897.355760574 -1.393608422 -0.448111308 0.378384779 0.442555157 0.705619459 0.358938340 -0.421199929
1413393897.405760527 -1.395081011 -0.413309127 0.385203773 0.438567613 0.699771665 0.365571410 -0.429343232
1413393897.455760479 -1.403818859 -0.376973337 0.390273929 0.439121405 0.692144907 0.367531429 -0.439350051
1413393897.505760431 -1.414999044 -0.345246219 0.390868544 0.439649462 0.686705538 0.365347730 -0.449071141
1413393897.555760384 -1.428895273 -0.312244779 0.394232452 0.441701883 0.682607831 0.361462287 -0.456389101
1413393897.605760574 -1.445980554 -0.277807297 0.394242786 0.445508648 0.680181051 0.356814612 -0.459955558
1413393897.655760527 -1.464559306 -0.248753794 0.393944603 0.446504659 0.680744918 0.351871719 -0.461959132
1413393897.705760479 -1.485206731 -0.218805498 0.396827101 0.447467322 0.680121950 0.349095371 -0.464046928
1413393897.755760431 -1.509219289 -0.186544995 0.400713926 0.447552342 0.679898794 0.349582857 -0.463924948
1413393897.805760384 -1.534064871 -0.157983050 0.401917144 0.445187463 0.683020932 0.348251997 -0.462613312
1413393897.855760574 -1.562352290 -0.127881575 0.401201689 0.443961197 0.683738215 0.351675522 -0.460135672
1413393897.905760527 -1.588505906 -0.096935884 0.406929002 0.444599492 0.683008898 0.355292776 -0.457817846
1413393897.955760479 -1.615470959 -0.069615576 0.411457752 0.444959354 0.682844045 0.360662024 -0.453495411
1413393898.005760431 -1.644147587 -0.039890964 0.417443269 0.447018119 0.680959113 0.368435317 -0.448023331
1413393898.055760384 -1.674518082 -0.011001977 0.424603655 0.449099161 0.675499446 0.380711327 -0.443924912
1413393898.105760574 -1.705078477 0.016817132 0.433548638 0.450220097 0.668423267 0.393188031 -0.442623286
1413393898.155760527 -1.736536576 0.045577993 0.446756450 0.453408715 0.654911196 0.406340618 -0.447659654
1413393898.205760479 -1.769576240 0.072258296 0.461379459 0.458370615 0.637045773 0.419212768 -0.456431504
1413393898.255760431 -1.807716617 0.091089606 0.476946289 0.461499980 0.619315003 0.430187755 -0.467338411
1413393898.305760384 -1.846015626 0.103632199 0.493152210 0.465408870 0.601428023 0.437252286 -0.480093070
1413393898.355760574 -1.884337630 0.114621683 0.510916308 0.470238674 0.581496462 0.441951599 -0.495395032
1413393898.405760527 -1.920570132 0.116402143 0.525741697 -0.472547777 -0.562439035 -0.445462133 0.511785520
1413393898.455760479 -1.952146668 0.112956711 0.538460935 -0.473878217 -0.543639477 -0.446703803 0.529482074
1413393898.505760431 -1.976525076 0.112480834 0.550160336 -0.480181983 -0.529580740 -0.443198133 0.540874216
1413393898.555760384 -2.003416815 0.102788807 0.551971757 -0.493773491 -0.529407875 -0.427225655 0.541657900
1413393898.605760574 -2.023581841 0.087883466 0.554329803 -0.511275048 -0.538229663 -0.408106749 0.531371373
1413393898.655760527 -2.035002705 0.081394443 0.553519187 -0.530638661 -0.548663696 -0.387868402 0.516670942
1413393898.705760479 -2.045141856 0.059488385 0.554235415 0.548345523 0.563348787 0.366753853 -0.497440392
1413393898.755760431 -2.058739844 0.019728686 0.554582848 0.565986419 0.577471812 0.345479466 -0.476266332
1413393898.805760384 -2.059740111 -0.007254385 0.552511071 0.582380737 0.592899538 0.324645447 -0.451561899
1413393898.855760574 -2.062104600 -0.037192197 0.553540390 0.597053045 0.605669407 0.306767807 -0.427300532
1413393898.905760527 -2.066482743 -0.067006276 0.563244013 0.609305044 0.615869481 0.292052280 -0.405163685
1413393898.955760479 -2.062273156 -0.088629517 0.581801502 0.617354477 0.626318433 0.281252325 -0.384051819
1413393899.005760431 -2.058167747 -0.099031113 0.590324137 0.621357086 0.636022011 0.277080701 -0.364167074
1413393899.055760384 -2.055684015 -0.098646719 0.597887379 0.618778192 0.643479162 0.284686619 -0.349287341
1413393899.105760574 -2.048739468 -0.087252454 0.612163360 0.607525944 0.648438324 0.302756938 -0.344642139
1413393899.155760527 -2.044742692 -0.058063708 0.627839460 0.591920595 0.644951872 0.330468537 -0.352785541
1413393899.205760479 -2.027093320 -0.019643238 0.658179607 0.571715318 0.633481239 0.363824417 -0.373463397
1413393899.255760431 -2.015067813 0.014931296 0.687342317 0.549395597 0.617130783 0.395206657 -0.401404748
1413393899.305760384 -2.011838759 0.046480710 0.717652291 0.527752895 0.594986839 0.424275295 -0.432964222
1413393899.355760574 -2.011356813 0.073350130 0.745777194 0.507525546 0.573195812 0.447599528 -0.462081210
1413393899.405760527 -2.013870265 0.099084083 0.775795813 0.490753000 0.553353888 0.463483384 -0.488000123
1413393899.455760479 -2.019027504 0.118900468 0.806008704 -0.477471049 -0.536351086 -0.475188486 0.508473021
1413393899.505760431 -2.026354396 0.127144897 0.836760258 -0.466620875 -0.517451330 -0.480771580 0.532322992
1413393899.555760384 -2.026413118 0.124628276 0.868984180 -0.457575117 -0.502707887 -0.482426239 0.552426209
1413393899.605760574 -2.022306557 0.119412690 0.906065870 -0.456633089 -0.490500412 -0.477275162 0.568422367
1413393899.655760527 -2.014416773 0.099654697 0.940996559 -0.459787106 -0.488186017 -0.465508826 0.577556719
1413393899.705760479 -2.004861469 0.070679878 0.970226808 -0.469996375 -0.495492482 -0.446917507 0.577802171
1413393899.755760431 -2.004114675 0.033096810 0.978675296 -0.488375471 -0.509134985 -0.423333115 0.568383709
1413393899.805760384 -2.000998256 -0.013535611 0.993904516 -0.508207449 -0.526502115 -0.396558853 0.554311994
1413393899.855760574 -1.988087001 -0.063704445 1.000686173 -0.531804066 -0.546234179 -0.364554771 0.534707841
1413393899.905760527 -1.984197734 -0.121466897 1.011266470 -0.555346203 -0.567346879 -0.331359801 0.509812511
1413393899.955760479 -1.970677347 -0.185931693 1.004365954 0.577876655 0.587523085 0.299231660 -0.480973606
1413393900.005760431 -1.944230999 -0.227774079 1.005567954 0.596516228 0.602372029 0.273938537 -0.454173982
1413393900.055760384 -1.911655993 -0.270188597 1.007006350 0.610444624 0.613308562 0.256304735 -0.430717833
1413393900.105760574 -1.877049484 -0.305987647 1.001295533 0.619756474 0.621148422 0.246729420 -0.411340666
1413393900.155760527 -1.840352753 -0.329323323 0.994756218 0.623713922 0.629744533 0.245650737 -0.392502843
1413393900.205760479 -1.805852252 -0.339801904 0.979385472 0.624749271 0.637515173 0.249017881 -0.375836197
1413393900.255760431 -1.759189252 -0.280452971 0.969210507 0.620258875 0.645652671 0.260274283 -0.361481471
1413393900.305760384 -1.711784556 -0.270877026 0.949400859 0.611427762 0.652704387 0.277804847 -0.350653022
1413393900.355760574 -1.642707045 -0.250648495 0.968351407 0.599488804 0.656581452 0.299167415 -0.346428677
1413393900.405760527 -1.578215994 -0.219095494 0.983687010 0.585206299 0.654781096 0.324640308 -0.351289017
1413393900.455760479 -1.518136851 -0.182644024 0.982185111 0.570059164 0.649412519 0.350533764 -0.361139877
1413393900.505760431 -1.467815236 -0.145963149 0.970179037 0.554088947 0.640052029 0.375676421 -0.377075677
1413393900.555760384 -1.421575918 -0.111860148 0.954931123 0.537633247 0.626834091 0.400250101 -0.397277448
1413393900.605760574 -1.381691194 -0.077127309 0.942303872 0.520440664 0.609552679 0.423906183 -0.421770785
1413393900.655760527 -1.325470302 -0.039702904 0.940851506 0.503959133 0.591256035 0.443995812 -0.446440603
1413393900.705760479 -1.280058071 -0.003149365 0.928550831 0.490743038 0.572504540 0.459770870 -0.469063503
1413393900.755760431 -1.240662114 0.028006788 0.913690846 0.481940199 0.557969599 0.467536010 -0.487661410
1413393900.805760384 -1.209900206 0.046421660 0.900754650 -0.478404073 -0.546070685 -0.469567567 0.502436712
1413393900.855760574 -1.170103343 0.061970485 0.883238769 -0.481346543 -0.539586702 -0.464072154 0.511652942
1413393900.905760527 -1.129940799 0.070642540 0.863769068 -0.490157278 -0.540071398 -0.451426592 0.514084390
1413393900.955760479 -1.088891251 0.072369099 0.842377910 -0.503946329 -0.545108338 -0.433045955 0.511239864
1413393901.005760431 -1.046967381 0.068864993 0.822168426 -0.520683773 -0.552086990 -0.411676000 0.504590164
1413393901.055760384 -0.995107995 0.074556217 0.821653912 0.536720675 0.564023636 0.388788620 -0.492596857
1413393901.105760574 -0.961787682 0.039486612 0.825753118 0.550900922 0.578551602 0.371333060 -0.473178588
1413393901.155760527 -0.926657531 0.017832121 0.866158758 0.564053730 0.596371926 0.353927150 -0.448240436
1413393901.205760479 -0.871910282 -0.003903637 0.861884903 0.571763488 0.614401419 0.342922458 -0.421902355
1413393901.255760431 -0.827486923 -0.021082982 0.856080370 0.577018503 0.628995822 0.335861028 -0.398260308
1413393901.305760384 -0.790278289 -0.044159109 0.848769309 0.580726787 0.640184298 0.330730485 -0.378863841
1413393901.355760574 -0.739129406 -0.036744731 0.881513330 0.582813141 0.647759374 0.327339169 -0.365493781
1413393901.405760527 -0.699342553 -0.044502772 0.885595608 0.584962247 0.653576048 0.323919312 -0.354589619
1413393901.455760479 -0.662398147 -0.046852636 0.889225758 0.587298267 0.657394650 0.322067950 -0.345232178
1413393901.505760431 -0.626381251 -0.042281055 0.893930214 0.587635578 0.661143423 0.321651134 -0.337808155
1413393901.555760384 -0.593083553 -0.031351755 0.900918262 0.586179511 0.665180310 0.322766332 -0.331286328
1413393901.605760574 -0.562648771 -0.014391511 0.905889605 0.581994023 0.667301005 0.329369385 -0.327884331
1413393901.655760527 -0.462494823 0.021723040 0.925332375 0.571467249 0.667070992 0.344140301 -0.331675939
1413393901.705760479 -0.421408179 0.059082650 0.935493186 0.559895703 0.663016930 0.361264017 -0.341194464
1413393901.755760431 -0.384503870 0.103557706 0.946361561 0.548178659 0.655629889 0.378978169 -0.355000218
1413393901.805760384 -0.359885951 0.147921374 0.953695365 0.537802737 0.646005950 0.393805553 -0.371970046
1413393901.855760574 -0.335694061 0.198360622 0.963680724 0.533200320 0.636027134 0.402534537 -0.386177226
1413393901.905760527 -0.317194491 0.246785644 0.973701430 0.533125054 0.629531589 0.403628735 -0.395665895
1413393901.955760479 -0.297698646 0.315779368 0.966601981 0.534771924 0.625846105 0.402522726 -0.400388683
1413393902.005760431 -0.276553150 0.382424098 0.982151317 0.536708371 0.623647267 0.401295522 -0.402455108
1413393902.055760384 -0.263243180 0.440360399 1.012805109 0.538584368 0.622254213 0.399919604 -0.403473522
1413393902.105760574 -0.258112612 0.492456500 1.035715588 0.539287737 0.622570351 0.400188673 -0.401775959
1413393902.155760527 -0.254477204 0.540492854 1.053470595 0.538822181 0.622464100 0.400634853 -0.402120399
1413393902.205760479 -0.254739619 0.582950189 1.068059435 0.538220167 0.622922720 0.401437302 -0.401415532
1413393902.255760431 -0.258513408 0.623569298 1.080575074 0.537991862 0.622324330 0.402572710 -0.401512637
1413393902.305760384 -0.266414334 0.663473293 1.091802143 0.537528906 0.622676173 0.402805625 -0.401353570
1413393902.355760574 -0.278928082 0.703386417 1.100828004 0.537549317 0.622873870 0.403443962 -0.400377127
1413393902.405760527 -0.293848324 0.742075246 1.106304069 0.536585016 0.622007889 0.404996494 -0.401448062
1413393902.455760479 -0.310109513 0.778301214 1.109296677 0.534774224 0.620949581 0.406647497 -0.403826646
1413393902.505760431 -0.331848002 0.812752660 1.111340408 0.533144396 0.618622277 0.409764779 -0.406394337
1413393902.555760384 -0.351854694 0.853788013 1.115766099 0.533389743 0.617691554 0.409868420 -0.407382381
1413393902.605760574 -0.379011242 0.894067648 1.122201347 0.533375073 0.618020072 0.410029334 -0.406740910
1413393902.655760527 -0.407178350 0.929502112 1.129207468 0.534340295 0.617465881 0.409669766 -0.406678028
1413393902.705760479 -0.438408386 0.966158502 1.139143435 0.535180962 0.617631030 0.408653936 -0.406343708
1413393902.755760431 -0.460938849 0.999491471 1.151703482 0.537159005 0.617338303 0.405879574 -0.406958714
1413393902.805760384 -0.490061311 1.033148173 1.170987847 0.543157457 0.615830404 0.399471760 -0.407621398
1413393902.855760574 -0.519794478 1.065197805 1.182944251 0.550220813 0.614212421 0.389082310 -0.410627709
1413393902.905760527 -0.554812977 1.097388974 1.191686261 0.560218718 0.612270710 0.375746395 -0.412424796
1413393902.955760479 -0.594682326 1.121803811 1.196393505 0.568602308 0.609734339 0.365526202 -0.413891347
1413393903.005760431 -0.632290621 1.153320794 1.201907372 0.576433313 0.607656119 0.354355084 -0.415825867
1413393903.055760384 -0.670371292 1.190127828 1.207744880 0.582072541 0.605296551 0.347117964 -0.417512588
1413393903.105760574 -0.707289499 1.228896579 1.213284619 0.582185034 0.604082125 0.347731047 -0.418603023
1413393903.155760527 -0.741956823 1.269771231 1.218879573 0.578242674 0.602194113 0.353557036 -0.421894634
1413393903.205760479 -0.773945553 1.312312594 1.223319652 0.573896111 0.600550624 0.361847062 -0.423141709
1413393903.255760431 -0.807380258 1.360133928 1.236082949 0.570419319 0.599281272 0.369408143 -0.423109184
1413393903.305760384 -0.829963796 1.405887164 1.246588920 0.568325159 0.596312031 0.377803735 -0.422708899
1413393903.355760574 -0.849991925 1.453090721 1.254817290 0.569422851 0.592408341 0.385534169 -0.419730125
1413393903.405760527 -0.870601863 1.501265292 1.263803576 0.573913625 0.585291484 0.393044557 -0.416620938
1413393903.455760479 -0.889396660 1.547274590 1.279250435 0.581497991 0.576267318 0.398796578 -0.413203767
1413393903.505760431 -0.914688979 1.590275946 1.280672692 0.591058915 0.564339804 0.404860843 -0.410192201
1413393903.555760384 -0.936417641 1.633749699 1.278883165 0.600615051 0.551480318 0.410799628 -0.407890530
1413393903.605760574 -0.943174114 1.633945180 1.252281156 0.607904535 0.535471957 0.418695996 -0.410384603
1413393903.655760527 -0.930422450 1.681284889 1.284902876 0.615312298 0.518296920 0.426611176 -0.413233570
1413393903.705760479 -0.971023609 1.714985710 1.297886361 0.621342949 0.503609696 0.434244649 -0.414417421
1413393903.755760431 -1.002436194 1.753907869 1.311669019 0.628506759 0.490186837 0.439552603 -0.414113063
1413393903.805760384 -1.026912617 1.792470775 1.320471517 0.636545367 0.479290332 0.441407530 -0.412613821
1413393903.855760574 -1.044125316 1.826180506 1.324453609 0.645120399 0.469711668 0.439398148 -0.412455921
1413393903.905760527 -1.055247234 1.856564618 1.329651113 0.652931031 0.461406812 0.436018926 -0.413125065
1413393903.955760479 -1.066466918 1.892962192 1.326856822 0.660698405 0.454976202 0.432737416 -0.411354594
1413393904.005760431 -1.077106564 1.923295649 1.325584113 0.665204474 0.449326219 0.432553670 -0.410495163
1413393904.055760384 -1.088700756 1.952056883 1.321418076 0.668763772 0.446646997 0.432067780 -0.408140798
1413393904.105760574 -1.097130641 1.979251967 1.315065818 0.669569454 0.445557791 0.435137836 -0.404734561
1413393904.155760527 -1.101734942 2.004867093 1.307661971 0.669961314 0.448594734 0.436773718 -0.398927714
1413393904.205760479 -1.110169278 2.037779455 1.298730699 0.670279461 0.451522842 0.439571466 -0.391955984
1413393904.255760431 -1.115505758 2.066793987 1.297004358 0.670137799 0.454719757 0.441719323 -0.386043150
1413393904.305760384 -1.112436169 2.093650660 1.295132931 0.668653785 0.457389023 0.444538599 -0.382207837
1413393904.355760574 -1.103208413 2.119244746 1.296633303 0.667927834 0.458513711 0.445926744 -0.380508771
1413393904.405760527 -1.090509120 2.139977782 1.305210043 0.667354458 0.457092678 0.449549954 -0.378957978
1413393904.455760479 -1.072032888 2.158359140 1.312437154 0.667172138 0.455422219 0.453692789 -0.376343982
1413393904.505760431 -1.049475434 2.176619219 1.331016330 0.668114166 0.454037890 0.456400550 -0.373057091
1413393904.555760384 -1.025098842 2.198391096 1.349468116 0.669824681 0.452887738 0.461728288 -0.364739060
1413393904.605760574 -0.998823075 2.219689496 1.363151833 0.673755089 0.455446385 0.466529691 -0.347811325
1413393904.655760527 -0.975162835 2.235032225 1.376878630 0.679421103 0.459513193 0.468951770 -0.327595524
1413393904.705760479 -0.953510379 2.252182378 1.387089204 0.687200277 0.461784844 0.469206404 -0.307174036
1413393904.755760431 -0.934218058 2.271866317 1.393611935 0.695226242 0.461418637 0.470881211 -0.286398672
1413393904.805760384 -0.916167064 2.289820078 1.400931431 0.702568274 0.458478246 0.472330778 -0.270368554
1413393904.855760574 -0.891277555 2.307472618 1.410395020 0.708682890 0.452581536 0.476204556 -0.257230900
1413393904.905760527 -0.869498470 2.323171126 1.420856727 0.712003231 0.444098635 0.483566678 -0.248980060
1413393904.955760479 -0.846529067 2.343466368 1.429176471 0.712253367 0.432095879 0.496671002 -0.243528658
1413393905.005760431 -0.823179923 2.374678862 1.433406114 0.712532654 0.417789309 0.509914559 -0.240284108
1413393905.055760384 -0.798330047 2.406102032 1.435348276 0.712251135 0.403945117 0.522414564 -0.237927901
1413393905.105760574 -0.776279848 2.434493833 1.436546650 0.712855507 0.389768796 0.533838744 -0.234378980
1413393905.155760527 -0.754125671 2.466236962 1.432416351 0.715632078 0.374108637 0.542852541 -0.230704520
1413393905.205760479 -0.732941682 2.499560798 1.421170757 0.720106369 0.358522497 0.548446795 -0.228286113
1413393905.255760431 -0.716078992 2.533962539 1.406704021 0.725023039 0.342920271 0.553152821 -0.225320297
1413393905.305760384 -0.702297795 2.569924338 1.389873323 0.730777654 0.326703358 0.556601744 -0.222313820
1413393905.355760574 -0.692284841 2.604670614 1.373930662 0.736451490 0.311861667 0.558971669 -0.218934185
1413393905.405760527 -0.685093120 2.639999470 1.357154533 0.741915763 0.298013119 0.561137041 -0.214183106
1413393905.455760479 -0.673540980 2.673798481 1.347098050 0.747254503 0.283570522 0.563612068 -0.208662175
1413393905.505760431 -0.665080021 2.706077063 1.339431629 0.752631349 0.269739695 0.565318710 -0.202981047
1413393905.555760384 -0.656028863 2.738669445 1.330619027 0.759938127 0.254266945 0.563941889 -0.199529220
1413393905.605760574 -0.647973705 2.771677617 1.319747126 0.767970283 0.237326025 0.561612170 -0.196188107
1413393905.655760527 -0.642530033 2.802332977 1.308176305 0.774483711 0.220991496 0.560328027 -0.193313841
1413393905.705760479 -0.634692157 2.831482273 1.296124500 0.779823536 0.203643191 0.560329250 -0.190881729
1413393905.755760431 -0.620621381 2.856111127 1.291364095 0.784544712 0.184666916 0.560858544 -0.189276038
1413393905.805760384 -0.613339559 2.882160286 1.284609653 0.789471854 0.167365274 0.559961962 -0.187525087
1413393905.855760574 -0.602154049 2.907379582 1.276054420 0.796810987 0.150556247 0.555041221 -0.185349158
1413393905.905760527 -0.589353788 2.928116650 1.268275337 0.805194902 0.135818828 0.547880861 -0.181771773
1413393905.955760479 -0.573477437 2.942913384 1.264344935 0.813037206 0.122508457 0.541146528 -0.176416026
1413393906.005760431 -0.553348445 2.958469449 1.258076620 0.819575028 0.112080157 0.536318922 -0.167621080
1413393906.055760384 -0.532512029 2.969935653 1.255997017 0.823738202 0.106749856 0.535635136 -0.152167159
1413393906.105760574 -0.513846478 2.976700800 1.255283211 0.824684582 0.104820722 0.539585920 -0.133247853
1413393906.155760527 -0.498240212 2.982201071 1.256681778 0.822577916 0.103815221 0.547018427 -0.115580325
1413393906.205760479 -0.472355640 2.984900652 1.254763083 0.817437118 0.102419176 0.558402656 -0.097433799
1413393906.255760431 -0.445815590 2.988044787 1.253531147 0.811206910 0.101432706 0.570003311 -0.082164354
1413393906.305760384 -0.410980651 2.988491043 1.245905594 0.805398138 0.099234342 0.580246909 -0.069281373
1413393906.355760574 -0.373659608 2.991125596 1.240374105 0.800875641 0.095298775 0.588317049 -0.058304380
1413393906.405760527 -0.345699090 2.994705838 1.226794581 0.798036410 0.091079393 0.593461952 -0.051432899
1413393906.455760479 -0.316896123 3.000978959 1.210810413 0.795306755 0.085826354 0.598376975 -0.045453257
1413393906.505760431 -0.285866878 3.007187515 1.196084270 0.794021677 0.078167219 0.601431786 -0.041222190
1413393906.555760384 -0.259720512 3.011266280 1.178995943 0.793197717 0.069690318 0.603584882 -0.040815822
1413393906.605760574 -0.235588266 3.016358414 1.157664238 0.792423197 0.059407398 0.605587772 -0.042422729
1413393906.655760527 -0.209495988 3.022122472 1.134885509 0.791743490 0.046749651 0.607347479 -0.045670079
1413393906.705760479 -0.185386817 3.028928245 1.109245331 0.792441055 0.033577274 0.606676997 -0.053411259
1413393906.755760431 -0.160437996 3.035887348 1.085054909 0.794175444 0.021770604 0.604111479 -0.062134730
1413393906.805760384 -0.141313640 3.041910952 1.062418566 0.792527502 0.011864924 0.605820708 -0.068852394
1413393906.855760574 -0.124265389 3.043738339 1.043987597 0.790577936 0.005241634 0.608119727 -0.071759672
1413393906.905760527 -0.108378322 3.045530263 1.026932580 0.788324946 0.002138682 0.611016832 -0.072094639
1413393906.955760479 -0.090015243 3.045590887 1.007375174 0.787029573 0.000814416 0.612872328 -0.070507431
1413393907.005760431 -0.074748642 3.043516148 0.986631306 0.785828417 0.001462175 0.614730130 -0.067664091
1413393907.055760384 -0.061341152 3.039438998 0.966125462 0.786740737 0.007052842 0.614448932 -0.058666682
1413393907.105760574 -0.051057799 3.034714422 0.942772275 0.787533692 0.013918212 0.614228176 -0.048173812
1413393907.155760527 -0.038961164 3.027256546 0.924650040 0.789347626 0.019317869 0.612393804 -0.039127657
1413393907.205760479 -0.025980833 3.019385217 0.901965830 0.791315845 0.026193008 0.610221543 -0.027619354
1413393907.255760431 -0.016805217 3.011190476 0.877503670 0.792492583 0.036073756 0.608684342 -0.012552323
1413393907.305760384 -0.008556884 3.002163452 0.855528807 0.793571895 0.046706153 0.606667320 0.004116576
1413393907.355760574 -0.006144303 2.993205159 0.837195975 0.793103280 0.056885396 0.606121061 0.019196305
1413393907.405760527 0.000692561 2.984794268 0.824720583 0.795107890 0.060169585 0.602881928 0.026766488
1413393907.455760479 0.004959435 2.980876890 0.813271963 0.798933818 0.057557743 0.598234593 0.022521842
1413393907.505760431 0.006227523 2.981651510 0.806415972 0.800522843 0.051423867 0.596917327 0.014438416
1413393907.555760384 0.013286528 2.990085333 0.792734044 0.801871612 0.041585450 0.596041716 0.002615512
1413393907.605760574 0.009385019 2.998113628 0.791000082 0.801750246 0.035259833 0.596560784 -0.008277562
1413393907.655760527 0.010411589 3.006932037 0.789178769 0.803186894 0.029561831 0.594782328 -0.015839623
1413393907.705760479 0.015125954 3.014693452 0.786647187 0.806119491 0.024677477 0.590848976 -0.021444729
1413393907.755760431 0.008249337 3.023047823 0.781308875 0.807387441 0.023018459 0.589020817 -0.025498011
1413393907.805760384 0.002138620 3.029834165 0.769032476 0.806144812 0.020825480 0.590683757 -0.028098759
1413393907.855760574 -0.006624453 3.035187583 0.747707403 0.803893731 0.019609526 0.593716458 -0.029514450
1413393907.905760527 -0.014465011 3.040890962 0.722965104 0.801844688 0.019445881 0.596393229 -0.031338021
1413393907.955760479 -0.016260503 3.046338950 0.697380549 0.800478280 0.020176695 0.598337755 -0.028624370
1413393908.005760431 -0.020020831 3.051394797 0.663379835 0.799055352 0.022095436 0.600361807 -0.024249474
1413393908.055760384 -0.031007463 3.056007424 0.632977089 0.797316364 0.025184427 0.602690941 -0.020395829
1413393908.105760574 -0.033806800 3.059775671 0.609423373 0.798636142 0.025572869 0.601023007 -0.017253570
1413393908.155760527 -0.043339416 3.063628980 0.588830844 0.802520261 0.026388393 0.595838027 -0.015554046
1413393908.205760479 -0.051763578 3.068476880 0.573707568 0.804209729 0.026519848 0.593598436 -0.013575973
1413393908.255760431 -0.067684362 3.074530011 0.555935538 0.803819937 0.027217245 0.594108263 -0.012965413
1413393908.305760384 -0.077167631 3.081989090 0.544845045 0.800563264 0.026786559 0.598521162 -0.012383840
1413393908.355760574 -0.086895179 3.088882615 0.541040452 0.795663799 0.025178499 0.605055292 -0.013901641
1413393908.405760527 -0.100485650 3.097212246 0.535242889 0.794174707 0.024548378 0.607019223 -0.014545616
1413393908.455760479 -0.112922191 3.105639428 0.529014967 0.795113692 0.022895063 0.605822038 -0.015801625
1413393908.505760431 -0.125862981 3.112930813 0.523167159 0.797565326 0.020886198 0.602634857 -0.016868514
1413393908.555760384 -0.145533252 3.119198611 0.517733105 0.799347994 0.020039047 0.600286850 -0.017231358
1413393908.605760574 -0.162610161 3.126494118 0.514830822 0.802328485 0.017266448 0.596305634 -0.019760131
1413393908.655760527 -0.179640305 3.133410472 0.514940078 0.805163667 0.012197176 0.592408251 -0.024802449
1413393908.705760479 -0.199228083 3.141314051 0.508919514 0.806547128 0.001008593 0.589842818 -0.039574784
1413393908.755760431 -0.215860232 3.148696774 0.503472446 0.805044731 -0.011060595 0.590546283 -0.055097472
1413393908.805760384 -0.230422574 3.154581810 0.498837684 0.801995691 -0.020695373 0.593251124 -0.066541087
1413393908.855760574 -0.247213633 3.158972630 0.490440460 0.796110199 -0.023776643 0.600703941 -0.069267574
1413393908.905760527 -0.265540471 3.159777572 0.482859606 0.792017190 -0.019056427 0.607165403 -0.060793063
1413393908.955760479 -0.283821905 3.154498323 0.488410863 0.793315392 -0.010114940 0.606949630 -0.046481429
1413393909.005760431 -0.305944531 3.145285329 0.500650693 0.795326086 -0.002439988 0.605240569 -0.033679615
1413393909.055760384 -0.328835352 3.134146257 0.514934062 0.798436928 0.005221807 0.601693815 -0.020874810
1413393909.105760574 -0.351443392 3.124035779 0.526209187 0.800891366 0.010533626 0.598621534 -0.010692152
1413393909.155760527 -0.377052918 3.112882205 0.541546249 0.802751329 0.013676768 0.596144407 -0.003885386
1413393909.205760479 -0.401321946 3.103115392 0.553333169 0.802848335 0.014593584 0.596003403 0.001233199
1413393909.255760431 -0.427053861 3.095139320 0.560064406 0.801423594 0.014968906 0.597889193 0.004966617
1413393909.305760384 -0.455825787 3.086478299 0.566842720 0.800116560 0.015359368 0.599591033 0.008256710
1413393909.355760574 -0.481285914 3.078565291 0.574010299 0.799753070 0.014689073 0.600052083 0.010805364
1413393909.405760527 -0.507946914 3.072525521 0.577726646 0.800118655 0.014034051 0.599536822 0.012991631
1413393909.455760479 -0.534047738 3.067931103 0.579430375 0.800550081 0.012217248 0.598983521 0.013749528
1413393909.505760431 -0.563972843 3.064195291 0.581316240 0.801676233 0.011031218 0.597503586 0.013527567
1413393909.555760384 -0.592386221 3.061976258 0.580784881 0.804515966 0.009622063 0.593695612 0.013674702
1413393909.605760574 -0.619965206 3.060917409 0.574989647 0.809009887 0.007946253 0.587563167 0.014470089
1413393909.655760527 -0.648291411 3.060780234 0.563220076 0.814948990 0.006185458 0.579286663 0.015711330
1413393909.705760479 -0.675339135 3.062155086 0.547119750 0.821419876 0.004305680 0.570030149 0.017789837
1413393909.755760431 -0.704480984 3.063823700 0.530458786 0.827587941 0.002347546 0.560982363 0.019785756
1413393909.805760384 -0.732460717 3.067051666 0.513700663 0.833328786 -0.000056919 0.552361765 0.021438559
1413393909.855760574 -0.761602972 3.071611089 0.492746606 0.837407652 -0.002007037 0.546091842 0.022980345
1413393909.905760527 -0.783013409 3.079149846 0.462533896 0.840743941 -0.004327491 0.540806058 0.025684731
1413393909.955760479 -0.799905298 3.084305018 0.441470425 0.844051978 -0.006409179 0.535544712 0.026963728
1413393910.005760431 -0.814347491 3.093513758 0.414676099 0.846206672 -0.008435205 0.531974712 0.029428257
1413393910.055760384 -0.827518464 3.101863323 0.399657497 0.849696202 -0.010806745 0.526328483 0.029629470
1413393910.105760574 -0.834821556 3.112930453 0.385687214 0.851995184 -0.014382312 0.522505391 0.029756879
1413393910.155760527 -0.837333414 3.124612868 0.366854029 0.853971172 -0.018734865 0.519167372 0.029111524
1413393910.205760479 -0.836464963 3.136569182 0.354998926 0.855620848 -0.021125610 0.516359112 0.028981744
1413393910.255760431 -0.833150914 3.148409488 0.350371854 0.857300302 -0.022900145 0.513511031 0.028604155
1413393910.305760384 -0.816995553 3.163608913 0.344434596 0.858140213 -0.026022160 0.511917803 0.029298197
1413393910.355760574 -0.801981857 3.175783634 0.348737116 0.861332854 -0.030552804 0.506497800 0.025143975
1413393910.405760527 -0.782300803 3.189302560 0.358592969 0.865820001 -0.036661120 0.498670399 0.018426123
1413393910.455760479 -0.755022774 3.204218866 0.365605411 0.868932754 -0.042999003 0.492925285 0.011472479
1413393910.505760431 -0.725482355 3.217007745 0.376413242 0.870576451 -0.047774113 0.489692989 0.003879863
1413393910.555760384 -0.689165362 3.230338675 0.373130663 0.870450577 -0.049833935 0.489726656 -0.000417850
1413393910.605760574 -0.648385905 3.240343826 0.379416849 0.869450465 -0.049441651 0.491521935 -0.004195227
1413393910.655760527 -0.600717003 3.248937300 0.384863511 0.866603586 -0.047782575 0.496654802 -0.007004148
1413393910.705760479 -0.549582366 3.255213534 0.379352298 0.861701453 -0.046256876 0.505181466 -0.011072254
1413393910.755760431 -0.489903849 3.261659835 0.369701059 0.855828068 -0.044177394 0.515191984 -0.013560785
1413393910.805760384 -0.430428734 3.265675524 0.362881996 0.851127576 -0.039764948 0.523237256 -0.014945637
1413393910.855760574 -0.373746052 3.266960590 0.362080147 0.846953840 -0.033783151 0.530314668 -0.017153554
1413393910.905760527 -0.311729376 3.270017485 0.356642468 0.841787713 -0.027046866 0.538846208 -0.017512179
1413393910.955760479 -0.238590184 3.271552340 0.355627269 0.835004188 -0.020276312 0.549601559 -0.017175688
1413393911.005760431 -0.163946623 3.271637597 0.346708263 0.828378254 -0.012849916 0.559734906 -0.017921563
1413393911.055760384 -0.089644472 3.269159095 0.331819627 0.822303232 -0.005665720 0.568683925 -0.019593055
1413393911.105760574 -0.010294652 3.266821404 0.310988864 0.817507910 0.000180313 0.575503498 -0.021829086
1413393911.155760527 0.063082786 3.264173316 0.285892969 0.814291088 0.006561051 0.579902275 -0.024501582
1413393911.205760479 0.135170575 3.260925397 0.264357486 0.811367710 0.012021737 0.583829834 -0.026089103
1413393911.255760431 0.214401459 3.256784117 0.243333466 0.810695309 0.016332797 0.584679394 -0.025619562
1413393911.305760384 0.287321021 3.253564200 0.222983731 0.808099614 0.020307239 0.588118843 -0.026054886
1413393911.355760574 0.361141845 3.249891071 0.202419615 0.802222502 0.023970832 0.596062830 -0.023949101
1413393911.405760527 0.432643676 3.245048130 0.193884333 0.795203775 0.025879841 0.605384528 -0.022153159
1413393911.455760479 0.499712593 3.238446110 0.179534326 0.787912749 0.029293080 0.614799370 -0.018898407
1413393911.505760431 0.564277686 3.234421654 0.174285633 0.783912369 0.030639181 0.619883697 -0.016936338
1413393911.555760384 0.632236890 3.229647238 0.171536652 0.782070193 0.030576603 0.622294449 -0.013449992
1413393911.605760574 0.690353771 3.227823547 0.166378326 0.778601863 0.030872814 0.626676805 -0.010108958
1413393911.655760527 0.740404251 3.228623405 0.172372704 0.773854898 0.030604068 0.632548978 -0.009683936
1413393911.705760479 0.799005139 3.228535483 0.179156723 0.773598392 0.028713789 0.632991544 -0.006538480
1413393911.755760431 0.843928512 3.230333203 0.187167153 0.778081975 0.026581411 0.627582023 -0.004761597
1413393911.805760384 0.881192385 3.233187918 0.197368221 0.785273175 0.026245685 0.618577705 -0.004339118
1413393911.855760574 0.924524491 3.234391462 0.220110486 0.792020306 0.022304378 0.610070888 -0.004456501
1413393911.905760527 0.966890365 3.235865676 0.235882557 0.801566820 0.014612702 0.597613793 -0.011612763
1413393911.955760479 1.004693856 3.242004767 0.250472698 0.813360222 0.005491948 0.581341702 -0.021373179
1413393912.005760431 1.048932634 3.246851650 0.265569905 0.826233932 -0.002988537 0.562599373 -0.028469350
1413393912.055760384 1.086042185 3.252291674 0.292970319 0.836001140 -0.010261994 0.547526839 -0.034801535
1413393912.105760574 1.127338505 3.255690706 0.320947452 0.844339244 -0.015814246 0.534180353 -0.038632909
1413393912.155760527 1.176614605 3.254728783 0.361965643 0.850004555 -0.021306836 0.524741694 -0.041041813
1413393912.205760479 1.222973027 3.254439865 0.387878412 0.854919433 -0.023605217 0.516582277 -0.041210530
1413393912.255760431 1.273238549 3.251216661 0.422560341 0.858087969 -0.025609268 0.511229234 -0.040913000
1413393912.305760384 1.333569036 3.245072220 0.455690714 0.859968701 -0.028050293 0.508018436 -0.039803055
1413393912.355760574 1.392618986 3.237104443 0.499208625 0.858294984 -0.029318046 0.510831235 -0.039007983
1413393912.405760527 1.457029130 3.228857369 0.544063419 0.852824059 -0.030337968 0.519944168 -0.037799383
1413393912.455760479 1.530586043 3.217472214 0.592771244 0.844775188 -0.031213930 0.533050375 -0.035183382
1413393912.505760431 1.602203225 3.207188548 0.642499768 0.835469155 -0.030292714 0.547678534 -0.033494282
1413393912.555760384 1.680516777 3.194416498 0.679192622 0.827403997 -0.029729186 0.559899022 -0.032122972
1413393912.605760574 1.759097800 3.179781955 0.708579928 0.820788771 -0.028421962 0.569683780 -0.030957660
1413393912.655760527 1.831611867 3.168160785 0.728943750 0.814884901 -0.025136684 0.578335816 -0.029298966
1413393912.705760479 1.910657091 3.155093157 0.741887457 0.808523717 -0.023395181 0.587439330 -0.025633919
1413393912.755760431 1.983727964 3.139597080 0.764440936 0.803023594 -0.019705757 0.595184156 -0.022816915
1413393912.805760384 2.059261420 3.120800498 0.790989480 0.798528672 -0.017158492 0.601440605 -0.018076099
1413393912.855760574 2.136148521 3.100311903 0.813963776 0.794832157 -0.016980522 0.606464370 -0.012428722
1413393912.905760527 2.214490691 3.081568400 0.854274844 0.792920846 -0.019019665 0.608981884 -0.007473223
1413393912.955760479 2.294599167 3.051962008 0.877047652 0.791889230 -0.024152716 0.610183013 -0.002187200
1413393913.005760431 2.369370433 3.026042610 0.897311159 0.790901025 -0.033905181 0.611003970 0.000394539
1413393913.055760384 2.440292607 3.002312470 0.920513275 0.790445503 -0.044618560 0.610902187 0.001899817
1413393913.105760574 2.510609524 2.972830713 0.951799370 0.788388171 -0.058346370 0.612397347 0.003046565
1413393913.155760527 2.583280371 2.941310795 0.972399463 0.784147477 -0.075112002 0.615996962 0.004320232
1413393913.205760479 2.645029766 2.920046356 0.982071186 0.779907537 -0.090525376 0.619277863 0.006657228
1413393913.255760431 2.707775476 2.900257514 0.975658977 0.776041883 -0.108324125 0.621243369 0.009030847
1413393913.305760384 2.762923757 2.875155176 0.968490088 0.773820139 -0.125773363 0.620633944 0.014034247
1413393913.355760574 2.813879116 2.850211124 0.954764526 0.772395553 -0.142115275 0.618701120 0.020427489
1413393913.405760527 2.868613527 2.814950506 0.932494739 0.769351617 -0.161106768 0.617619361 0.026249257
1413393913.455760479 2.920411810 2.779298366 0.920730622 0.765639400 -0.180731304 0.616477884 0.032977631
1413393913.505760431 2.962052548 2.767499123 0.935932927 0.760269749 -0.198825941 0.617049798 0.041324331
1413393913.555760384 3.013386350 2.726977045 0.952196216 0.753153612 -0.215242187 0.619214093 0.054811904
1413393913.605760574 3.057349047 2.687656448 0.973905588 0.745766594 -0.230659810 0.621186810 0.068957865
1413393913.655760527 3.095247775 2.649347797 0.995348624 0.737033298 -0.244532350 0.624265814 0.085311434
1413393913.705760479 3.124091528 2.604450882 1.017572104 0.727682682 -0.257922286 0.627329393 0.102038432
1413393913.755760431 3.151585501 2.561385889 1.027703180 0.718846510 -0.271723896 0.628974734 0.117544050
1413393913.805760384 3.174099381 2.511206692 1.030651962 0.711739763 -0.286235120 0.627942834 0.131086852
1413393913.855760574 3.191727486 2.459196797 1.030628328 0.704726738 -0.300255863 0.626143505 0.145433671
1413393913.905760527 3.202958457 2.404881650 1.031030411 0.697121418 -0.315155989 0.624575498 0.156856232
1413393913.955760479 3.209242999 2.349884398 1.031759866 0.691752477 -0.327248200 0.620321652 0.172012131
1413393914.005760431 3.212200210 2.290826271 1.047268857 0.685728921 -0.338754058 0.615694850 0.189582138
1413393914.055760384 3.210787106 2.239231749 1.059035499 0.678961417 -0.348124395 0.611859114 0.208444774
1413393914.105760574 3.206580072 2.187162560 1.067789216 0.674229129 -0.356693887 0.604189803 0.230519488
1413393914.155760527 3.192271105 2.134608089 1.102680311 0.673060109 -0.366751404 0.591679691 0.249797198
1413393914.205760479 3.175003301 2.079622950 1.115523035 0.676059755 -0.377722370 0.573633986 0.266857770
1413393914.255760431 3.153321331 2.037157390 1.145288165 0.676648911 -0.392277419 0.556928631 0.279455144
1413393914.305760384 3.135247524 1.987286388 1.128182650 0.675199070 -0.406480725 0.542623883 0.290583823
1413393914.355760574 3.115333245 1.942096149 1.116065568 0.672137039 -0.420274960 0.530261295 0.300705367
1413393914.405760527 3.093489041 1.901499353 1.106077619 0.667708595 -0.435096956 0.518923265 0.309151282
1413393914.455760479 3.071134504 1.864429909 1.097874018 0.661805154 -0.451280832 0.509870499 0.313674389
1413393914.505760431 3.043811816 1.828427683 1.102854108 0.655603362 -0.466206761 0.502294314 0.317073982
1413393914.555760384 3.021553786 1.783442768 1.110928561 0.645146347 -0.480993686 0.498467566 0.322430381
1413393914.605760574 2.995917574 1.745964654 1.118707099 0.635964049 -0.494419969 0.494702482 0.326141191
1413393914.655760527 2.969159171 1.711685417 1.123402039 0.627463210 -0.506556468 0.490935128 0.329656131
1413393914.705760479 2.949023653 1.666254781 1.127407258 0.616902830 -0.521109020 0.486380200 0.333632417
1413393914.755760431 2.923354679 1.631827303 1.131268097 0.606965919 -0.534472301 0.483259661 0.335248911
1413393914.805760384 2.895089950 1.594193537 1.129772375 0.598737769 -0.547473066 0.477966028 0.336652346
1413393914.855760574 2.873121502 1.555457440 1.133455075 0.590551658 -0.561017642 0.470207389 0.339724824
1413393914.905760527 2.847401975 1.520827696 1.137942128 0.586152729 -0.569665755 0.461152984 0.345317002
1413393914.955760479 2.818471048 1.489469071 1.144392927 0.586848065 -0.575010683 0.448803084 0.351493748
1413393915.005760431 2.791380754 1.451803387 1.149308361 0.587669004 -0.580490149 0.436176521 0.356968304
1413393915.055760384 2.759008660 1.420605122 1.155988926 0.589203082 -0.583183478 0.426873762 0.361269360
1413393915.105760574 2.726722504 1.380517984 1.161930447 0.590348195 -0.585694296 0.419270326 0.364230140
1413393915.155760527 2.698395710 1.334642627 1.168107583 0.591347385 -0.588066439 0.412233544 0.366810086
1413393915.205760479 2.668667648 1.296830236 1.172877469 0.592689031 -0.588641956 0.408190093 0.368240692
1413393915.255760431 2.643700505 1.257377667 1.172534030 0.592586482 -0.588540734 0.405795919 0.371201748
1413393915.305760384 2.620753674 1.217045079 1.173750860 0.593363727 -0.586837482 0.405093361 0.373417495
1413393915.355760574 2.595587788 1.175265740 1.176445600 0.596017180 -0.580844655 0.406632577 0.376872599
1413393915.405760527 2.575863996 1.131033956 1.174679205 0.600090081 -0.571058195 0.408375982 0.383423382
1413393915.455760479 2.554319860 1.086813488 1.178301710 0.605306053 -0.558399488 0.411289876 0.390685593
1413393915.505760431 2.534192599 1.033595161 1.187509617 0.608802395 -0.547503020 0.414533433 0.397192800
1413393915.555760384 2.514485480 0.982218140 1.197220811 0.611879405 -0.539331260 0.418583232 0.399391366
1413393915.605760574 2.496675687 0.932684234 1.208767505 0.613723214 -0.533593270 0.424657865 0.397853913
1413393915.655760527 2.487400154 0.880715985 1.209764734 0.614142251 -0.530304439 0.429451623 0.396456555
1413393915.705760479 2.475679980 0.835064921 1.212414835 0.616037718 -0.526272313 0.433006835 0.395019068
1413393915.755760431 2.465876763 0.788446808 1.215861030 0.618460615 -0.521634585 0.435436774 0.394713369
1413393915.805760384 2.456876131 0.740654988 1.226307064 0.620535177 -0.518400166 0.436199768 0.394876087
1413393915.855760574 2.452107644 0.694860700 1.231935707 0.623605434 -0.514978025 0.435641032 0.395133885
1413393915.905760527 2.447161153 0.653618120 1.238659242 0.626045540 -0.512232594 0.436011467 0.394434724
1413393915.955760479 2.446723951 0.606833865 1.243773585 0.627754115 -0.510050058 0.435717700 0.394871871
1413393916.005760431 2.444637016 0.570640283 1.245020166 0.628850064 -0.505545394 0.436884183 0.397622513
1413393916.055760384 2.450222109 0.529802907 1.240656381 0.630569751 -0.501515595 0.436447662 0.400471392
1413393916.105760574 2.454526452 0.488234848 1.246401160 0.630830357 -0.498576390 0.436520802 0.403638741
1413393916.155760527 2.462260792 0.448664413 1.251835734 0.630787871 -0.495901309 0.436916376 0.406561968
1413393916.205760479 2.471956581 0.411745432 1.259644094 0.628489143 -0.495235868 0.438044750 0.409706759
1413393916.255760431 2.482748181 0.375541081 1.269209916 0.621496675 -0.500344291 0.443241711 0.408575891
1413393916.305760384 2.498833005 0.337460900 1.277478081 0.615013062 -0.508455456 0.444956812 0.406503898
1413393916.355760574 2.516288537 0.304794613 1.286983515 0.607392434 -0.518623250 0.445214068 0.404831803
1413393916.405760527 2.534747647 0.277557493 1.296949805 0.599657518 -0.529790517 0.443006439 0.404324331
1413393916.455760479 2.551341197 0.253710539 1.313007385 0.591461325 -0.541452438 0.439238105 0.405058817
1413393916.505760431 2.569243817 0.229611520 1.327708977 0.582422582 -0.553903198 0.434220128 0.406728490
1413393916.555760384 2.588271240 0.203810961 1.340331661 0.572894894 -0.566955267 0.426384402 0.410547813
1413393916.605760574 2.606719710 0.176524991 1.355995188 -0.563876594 0.582046327 -0.414766563 -0.413804252
1413393916.655760527 2.624695531 0.156804386 1.370533342 -0.553706091 0.596898469 -0.403850801 -0.417164612
1413393916.705760479 2.644963934 0.133419573 1.382401182 -0.541564722 0.613290743 -0.391282556 -0.421283845
1413393916.755760431 2.661768985 0.110130434 1.391404540 -0.529040281 0.628140227 -0.379349049 -0.426204805
1413393916.805760384 2.681184938 0.083725407 1.399617044 -0.515243536 0.641801314 -0.368120094 -0.432553775
1413393916.855760574 2.698627792 0.050801483 1.412685506 -0.498931130 0.654696786 -0.356891848 -0.441665094
1413393916.905760527 2.716070948 0.031351531 1.427785163 -0.481512507 0.666391083 -0.349779433 -0.449135813
1413393916.955760479 2.732781774 0.009346335 1.449711329 -0.462299149 0.679426365 -0.343482897 -0.454619414
1413393917.005760431 2.753519565 -0.010962237 1.467482672 -0.439480290 0.691264487 -0.340484789 -0.461606534
1413393917.055760384 2.772831636 -0.029789069 1.484975801 -0.417813340 0.702525253 -0.337085464 -0.467186978
1413393917.105760574 2.792347295 -0.050310792 1.497913036 -0.396568537 0.712912883 -0.332025038 -0.473548299
1413393917.155760527 2.808437136 -0.079714147 1.508583749 -0.375986180 0.722929264 -0.323791723 -0.480797870
1413393917.205760479 2.819586479 -0.105372325 1.522801178 -0.356141871 0.732961867 -0.315245653 -0.486364110
1413393917.255760431 2.829666577 -0.123701856 1.533647433 -0.338220882 0.743559445 -0.306710999 -0.488522619
1413393917.305760384 2.840004330 -0.140606852 1.544383391 -0.321419351 0.754668587 -0.294571400 -0.490298496
1413393917.355760574 2.846620502 -0.158798803 1.552789795 -0.304725903 0.765915452 -0.281138646 -0.491402795
1413393917.405760527 2.853651665 -0.173306781 1.558871920 -0.286335144 0.776415541 -0.269233073 -0.492650633
1413393917.455760479 2.860784938 -0.187702866 1.563535016 -0.268307215 0.786689773 -0.254466366 -0.494345332
1413393917.505760431 2.866042716 -0.196463109 1.568327080 -0.250380830 0.795736832 -0.239746204 -0.496622685
1413393917.555760384 2.868474084 -0.209603786 1.568838434 -0.230727888 0.805606504 -0.224263399 -0.497462290
1413393917.605760574 2.869125757 -0.220661389 1.566002764 0.212875034 -0.813888389 0.205453778 0.500058652
1413393917.655760527 2.869420586 -0.224610547 1.558771271 0.195490694 -0.820615029 0.186292389 0.503656141
1413393917.705760479 2.868352355 -0.228032130 1.546902361 0.178231182 -0.824889194 0.165517079 0.510289682
1413393917.755760431 2.860515906 -0.230938654 1.538157855 0.160022740 -0.827128237 0.146078142 0.518568007
1413393917.805760384 2.851082085 -0.227201846 1.528792492 0.141633028 -0.826454000 0.128644034 0.529494649
1413393917.855760574 2.836451488 -0.230941792 1.529499293 0.120360364 -0.826559361 0.112685494 0.538158885
1413393917.905760527 2.825970436 -0.233242616 1.519344027 0.097867775 -0.825981570 0.099435857 0.546158269
1413393917.955760479 2.815676268 -0.234200538 1.508774744 0.075319540 -0.826693295 0.087058306 0.550750410
1413393918.005760431 2.802000608 -0.233322851 1.506349575 0.052136716 -0.827786582 0.076209937 0.553392432
1413393918.055760384 2.791223341 -0.235796010 1.498731388 0.029781215 -0.828139442 0.064317246 0.556022874
1413393918.105760574 2.776720191 -0.232280512 1.500821744 0.007897331 -0.829343607 0.053542112 0.556111550
1413393918.155760527 2.762213491 -0.227476442 1.503831245 -0.013128413 -0.831068299 0.042219660 0.554410161
1413393918.205760479 2.750094171 -0.227594573 1.500387165 -0.034885970 -0.832184415 0.031413270 0.552508167
1413393918.255760431 2.737002647 -0.219283320 1.497668196 -0.055390256 -0.832411270 0.019560598 0.551036097
1413393918.305760384 2.724527027 -0.208546724 1.496957069 -0.076322502 -0.831952565 0.008931543 0.549499803
1413393918.355760574 2.708266807 -0.192075208 1.500115767 -0.097148619 -0.831212685 -0.001831899 0.547397718
1413393918.405760527 2.692374603 -0.175071817 1.501363608 -0.117212859 -0.829836441 -0.014110895 0.545374651
1413393918.455760479 2.674389795 -0.156535261 1.506268300 -0.137105038 -0.828524603 -0.027755249 0.542198152
1413393918.505760431 2.658061024 -0.135689844 1.506114736 -0.157964948 -0.825664863 -0.041474827 0.540004119
1413393918.555760384 2.643253192 -0.112558644 1.503606376 -0.179445643 -0.821785586 -0.054816596 0.538017521
1413393918.605760574 2.629615235 -0.090581418 1.501430471 -0.200518131 -0.815325570 -0.071341421 0.538467358
1413393918.655760527 2.614557732 -0.066187344 1.503339523 -0.220617463 -0.807686694 -0.089472776 0.539411496
1413393918.705760479 2.600678728 -0.036264926 1.504026411 -0.243278188 -0.797732235 -0.105454061 0.541588816
1413393918.755760431 2.582664571 0.002981902 1.509017548 -0.269577504 -0.787935976 -0.119078829 0.540652476
1413393918.805760384 2.565547624 0.046716415 1.518730749 -0.295379424 -0.776574297 -0.132349038 0.540524827
1413393918.855760574 2.549976144 0.085364662 1.524847074 -0.322366812 -0.761503310 -0.146269122 0.542952752
1413393918.905760527 2.537571260 0.124208437 1.530944363 -0.345248695 -0.744730247 -0.167566897 0.545986751
1413393918.955760479 2.528436975 0.162565721 1.540910555 -0.366045442 -0.728543609 -0.190753485 0.546669967
1413393919.005760431 2.523174498 0.206019045 1.547207085 -0.385263054 -0.712134631 -0.216707915 0.545412069
1413393919.055760384 2.519106674 0.253059710 1.556587861 -0.405273821 -0.695397975 -0.241728623 0.541979759
1413393919.105760574 2.517532788 0.309265675 1.566460940 -0.423322118 -0.680608126 -0.264679286 0.536205034
1413393919.155760527 2.517581506 0.352081846 1.573013925 -0.442902335 -0.663591814 -0.286874900 0.530269948
1413393919.205760479 2.523135311 0.399770535 1.575440659 -0.461425284 -0.645446778 -0.306756668 0.525723796
1413393919.255760431 2.533264707 0.442038716 1.578735863 -0.478303971 -0.625969530 -0.326456214 0.522315804
1413393919.305760384 2.548182469 0.482772349 1.581462433 -0.494019486 -0.604574175 -0.345706808 0.520501314
1413393919.355760574 2.563117302 0.523946233 1.585837301 -0.508062893 -0.583584516 -0.362881182 0.519247973
1413393919.405760527 2.581607185 0.558417147 1.589827204 -0.522729012 -0.562362810 -0.375933470 0.518822200
1413393919.455760479 2.601025411 0.590670349 1.589492825 -0.538025739 -0.545151492 -0.383673256 0.515880789
1413393919.505760431 2.624708207 0.621857510 1.586866737 -0.553325416 -0.531966649 -0.388929350 0.509486437
1413393919.555760384 2.651285353 0.650156873 1.585554725 -0.568097322 -0.520249873 -0.392938546 0.502199962
1413393919.605760574 2.682488905 0.672709623 1.583218718 0.580869393 0.509666124 0.397941251 -0.494443072
1413393919.655760527 2.717094853 0.690663708 1.575676375 0.590141674 0.500122071 0.405327270 -0.487155543
1413393919.705760479 2.750303949 0.706683295 1.573320140 0.594585607 0.493180068 0.415192445 -0.480475401
1413393919.755760431 2.784270928 0.722230256 1.566614660 0.593613108 0.489226024 0.429753992 -0.472856090
1413393919.805760384 2.824169459 0.735757859 1.552292430 0.589415401 0.487629171 0.446285285 -0.464367010
1413393919.855760574 2.871341985 0.745813341 1.532375718 0.583488108 0.489074802 0.462094697 -0.454770224
1413393919.905760527 2.921883554 0.753890002 1.510831984 0.578840720 0.492417045 0.473521494 -0.445248547
1413393919.955760479 2.971153737 0.752302701 1.486371742 0.575036958 0.497251379 0.482351448 -0.435213330
1413393920.005760431 3.020751653 0.751019905 1.457642256 0.573797048 0.502204012 0.485237994 -0.427892706
1413393920.055760384 3.070553102 0.742824913 1.429035966 0.574311044 0.506788995 0.485388473 -0.421580088
1413393920.105760574 3.119218467 0.734491514 1.405111797 0.574418097 0.511053575 0.484241406 -0.417586342
1413393920.155760527 3.163886968 0.725320582 1.377809383 0.574273416 0.515452712 0.482540209 -0.414334999
1413393920.205760479 3.206075252 0.709764083 1.342258413 0.575339941 0.518628041 0.480295028 -0.411491913
1413393920.255760431 3.247338095 0.690682348 1.309594746 0.575073050 0.521449404 0.479506725 -0.409212423
1413393920.305760384 3.286870078 0.675100793 1.274626526 0.574938373 0.524765119 0.477058327 -0.408023026
1413393920.355760574 3.325337651 0.652592942 1.242885953 0.575417018 0.528265362 0.475508556 -0.404626465
1413393920.405760527 3.365324574 0.626520304 1.207776022 0.578116822 0.532997289 0.470645389 -0.400234616
1413393920.455760479 3.400853919 0.604771158 1.173760088 0.581856655 0.539403249 0.463911572 -0.394046978
1413393920.505760431 3.438117547 0.577563197 1.138552507 0.584769887 0.545534828 0.458240859 -0.387880454
1413393920.555760384 3.470088610 0.546608758 1.112155700 0.586338964 0.549674720 0.455010020 -0.383445175
1413393920.605760574 3.503976533 0.520911532 1.081443885 0.586032789 0.554063666 0.452171367 -0.380946295
1413393920.655760527 3.535569265 0.492483611 1.051595210 0.586132540 0.557089906 0.450417908 -0.378448398
1413393920.705760479 3.565860291 0.465009274 1.023158783 0.585865055 0.559897135 0.449265712 -0.376081980
1413393920.755760431 3.594100947 0.445504453 0.991924937 0.584706040 0.562612732 0.448027116 -0.375309822
1413393920.805760384 3.622096031 0.416630025 0.965994027 0.584920890 0.564132205 0.446354113 -0.374687087
1413393920.855760574 3.649682622 0.389408472 0.937416093 0.584266469 0.566447763 0.446262205 -0.372316626
1413393920.905760527 3.674421944 0.365447204 0.907579285 0.584764576 0.570385389 0.444111180 -0.368070860
1413393920.955760479 3.697916644 0.344052751 0.875130603 0.585989450 0.575071988 0.440395122 -0.363263966
1413393921.005760431 3.717160637 0.313710251 0.842786521 0.590491678 0.579502113 0.435891812 -0.354253028
1413393921.055760384 3.736639954 0.296954886 0.812968580 0.594099057 0.585867810 0.428727393 -0.346407336
1413393921.105760574 3.754677462 0.278635582 0.780804577 0.597062198 0.590834193 0.422624570 -0.340323611
1413393921.155760527 3.772070503 0.252099638 0.757439593 0.599736586 0.593336400 0.420049699 -0.334404237
1413393921.205760479 3.788786629 0.238890726 0.734449214 0.599843676 0.597112477 0.418146241 -0.329845380
1413393921.255760431 3.805854616 0.226142314 0.714066038 0.600293035 0.599249620 0.416792435 -0.326852003
1413393921.305760384 3.816167927 0.210824634 0.694616916 0.601015423 0.599270608 0.417100161 -0.325088689
1413393921.355760574 3.826457736 0.216973100 0.671927349 0.601386875 0.600191616 0.414398233 -0.326156335
1413393921.405760527 3.835865477 0.215141875 0.646555338 0.601273698 0.597678285 0.415026821 -0.330156546
1413393921.455760479 3.843477238 0.208482310 0.637765211 0.599437371 0.593188617 0.419627271 -0.335730631
1413393921.505760431 3.851561144 0.215107925 0.623195044 0.595224160 0.589095941 0.424823866 -0.343800604
1413393921.555760384 3.860044978 0.213974893 0.613452307 0.590951183 0.583326825 0.431774816 -0.352245685
1413393921.605760574 3.868908265 0.215293223 0.598325031 0.587171953 0.578865271 0.438358106 -0.357751682
1413393921.655760527 3.876418108 0.232618048 0.576424012 0.584717777 0.576481712 0.440399165 -0.363073730
1413393921.705760479 3.882870892 0.234544106 0.555397706 0.583227328 0.573493119 0.444070454 -0.365722517
1413393921.755760431 3.890819722 0.232625087 0.535110449 0.582350410 0.570594842 0.446878902 -0.368223809
1413393921.805760384 3.897938274 0.238738782 0.512139106 0.580719116 0.569227962 0.448955968 -0.370382740
1413393921.855760574 3.902726468 0.245519919 0.489992088 0.578785282 0.567195540 0.451915774 -0.372919495
1413393921.905760527 3.901533405 0.249823050 0.463506280 0.575875621 0.562326414 0.457877915 -0.377497137
1413393921.955760479 3.902489908 0.260843626 0.431553460 0.572375072 0.558758181 0.462813027 -0.382073519
1413393922.005760431 3.900633239 0.269355680 0.403459370 0.571044531 0.557415048 0.465116389 -0.383227547
1413393922.055760384 3.898846425 0.271416210 0.373476078 0.572754773 0.557696060 0.464418273 -0.381107259
1413393922.105760574 3.897955185 0.269942951 0.342379687 0.576385169 0.559161355 0.461342558 -0.377202545
1413393922.155760527 3.896304886 0.269475662 0.311125106 0.582344616 0.563583673 0.454743274 -0.369400522
1413393922.205760479 3.892996848 0.269530479 0.279739079 0.590505959 0.569481322 0.445226257 -0.358841631
1413393922.255760431 3.889471480 0.261756790 0.242213473 0.598978202 0.574306284 0.436220683 -0.348007070
1413393922.305760384 3.883299575 0.263301138 0.202822848 0.607461064 0.578701943 0.425656654 -0.338986031
1413393922.355760574 3.873421552 0.275654225 0.170726375 0.614003772 0.582857141 0.417053005 -0.330671608
1413393922.405760527 3.865406263 0.282351581 0.135898582 0.620138282 0.584667573 0.410071683 -0.324705334
1413393922.455760479 3.856394627 0.297342137 0.103706695 0.625559109 0.583038787 0.403585633 -0.325361661
1413393922.505760431 3.847486753 0.316264822 0.079855685 0.628904002 0.577838192 0.400272097 -0.332212324
1413393922.555760384 3.840937747 0.330090431 0.057947303 0.631136667 0.570299325 0.399558555 -0.341728181
1413393922.605760574 3.836472708 0.349692577 0.038613003 0.631403300 0.561472116 0.400283951 -0.354755823
1413393922.655760527 3.832725892 0.369397569 0.023772157 0.630900180 0.554567852 0.401710456 -0.364757688
1413393922.705760479 3.831449302 0.389439163 0.015850622 0.629731306 0.549499495 0.404427040 -0.371385994
1413393922.755760431 3.831446781 0.422313274 0.000924667 0.628981470 0.548952192 0.403337774 -0.374636412
1413393922.805760384 3.834033007 0.446841706 -0.010432816 0.628855690 0.549526616 0.403706684 -0.373606654
1413393922.855760574 3.839414247 0.470680887 -0.026904027 0.628337989 0.552437387 0.404747896 -0.369030413
1413393922.905760527 3.845152510 0.507382186 -0.034295353 0.627150879 0.558338718 0.404995577 -0.361826247
1413393922.955760479 3.841906169 0.555273488 -0.038536638 0.625531210 0.564756542 0.407692861 -0.351492937
1413393923.005760431 3.843297098 0.601082952 -0.056194441 0.623738436 0.571592348 0.410624735 -0.340029232
1413393923.055760384 3.850017804 0.650828191 -0.066928558 0.621125135 0.577965862 0.413563894 -0.330339120
1413393923.105760574 3.858260206 0.697066177 -0.075875924 0.619887173 0.581124753 0.415875906 -0.324162220
1413393923.155760527 3.867075659 0.744090906 -0.072273479 0.618348249 0.583745022 0.417875818 -0.319792108
1413393923.205760479 3.877958534 0.787396708 -0.064550553 0.617559381 0.584414548 0.419991864 -0.317311963
1413393923.255760431 3.888665521 0.834354280 -0.056300287 0.616941148 0.582501463 0.422301512 -0.318962533
1413393923.305760384 3.897851002 0.890614135 -0.050744715 0.618131168 0.577796915 0.421068623 -0.326750362
1413393923.355760574 3.906072896 0.950250206 -0.037694993 0.619753961 0.570248605 0.418444177 -0.340038273
1413393923.405760527 3.916667629 1.004930723 -0.019908264 0.621914636 0.562578581 0.412882651 -0.355324418
1413393923.455760479 3.921712848 1.079631504 -0.009278949 0.620448005 0.558971637 0.404930866 -0.372325095
1413393923.505760431 3.929556150 1.148787021 0.005910890 0.616199698 0.557403043 0.398252902 -0.388579987
1413393923.555760384 3.937589364 1.218556514 0.016380690 0.608345826 0.559953126 0.391996361 -0.403369192
1413393923.605760574 3.944808185 1.294088055 0.027586017 0.596694442 0.568058063 0.385341169 -0.415665687
1413393923.655760527 3.955608938 1.367247336 0.040554636 0.582011699 0.581087737 0.381141664 -0.422291908
1413393923.705760479 3.965238419 1.443677615 0.054362184 0.564204344 0.597552139 0.377496011 -0.426733712
1413393923.755760431 3.977444640 1.520010088 0.065260710 0.545827026 0.617420708 0.371943577 -0.427226524
1413393923.805760384 3.996820638 1.585140687 0.088002611 0.528568674 0.636599742 0.363789292 -0.427800510
1413393923.855760574 4.012562312 1.656994088 0.090183589 0.510447280 0.654136536 0.355500405 -0.430312013
1413393923.905760527 4.030278215 1.732250150 0.132261339 0.492829584 0.670139616 0.346327758 -0.433692265
1413393923.955760479 4.050997814 1.804929781 0.168964970 0.476217311 0.684875676 0.335055169 -0.438064396
1413393924.005760431 4.070583309 1.876991455 0.195690728 0.460415872 0.698128660 0.324367767 -0.442062384
1413393924.055760384 4.094433435 1.946683023 0.221785998 0.445602925 0.710836580 0.313553415 -0.444784944
1413393924.105760574 4.116862746 2.019181643 0.249028543 0.428163077 0.723963995 0.306119786 -0.445918367
1413393924.155760527 4.136269113 2.088782285 0.277726526 0.409177919 0.736785384 0.303473359 -0.444549939
1413393924.205760479 4.152779615 2.160033118 0.300168922 0.386511084 0.749240400 0.304971305 -0.442990415
1413393924.255760431 4.161859506 2.242255075 0.324425171 0.361549302 0.760697779 0.308231452 -0.442283126
1413393924.305760384 4.172730408 2.310390070 0.354208202 0.339359189 0.769692479 0.313435171 -0.440644099
1413393924.355760574 4.181835255 2.379047748 0.378712045 0.318442165 0.778155465 0.317709179 -0.438325835
1413393924.405760527 4.185731198 2.447679810 0.404515644 0.298942285 0.784925120 0.323195293 -0.435971179
1413393924.455760479 4.187985716 2.508223303 0.427244543 0.282628311 0.789880682 0.330321436 -0.432547680
1413393924.505760431 4.181680895 2.569809059 0.453259973 0.267887422 0.793966900 0.335985293 -0.430077637
1413393924.555760384 4.172654364 2.628685286 0.466263582 0.256284373 0.794858722 0.340283681 -0.432116823
1413393924.605760574 4.157320517 2.680763535 0.489175036 0.245631018 0.793697606 0.346988524 -0.435095940
1413393924.655760527 4.131002063 2.731133340 0.508802924 0.234755439 0.791698937 0.354188737 -0.438922563
1413393924.705760479 4.094461191 2.776855873 0.529450581 0.225131777 0.788493136 0.361710003 -0.443576522
1413393924.755760431 4.052984205 2.812483692 0.548356196 0.218840625 0.784595202 0.368074185 -0.448375451
1413393924.805760384 4.004647768 2.842343484 0.569252348 0.217704728 0.781651637 0.371426406 -0.451295684
1413393924.855760574 3.951858297 2.862288967 0.584482765 0.225482238 0.778619044 0.366632174 -0.456608141
1413393924.905760527 3.895713497 2.873253476 0.605082088 0.241884608 0.776382789 0.353712243 -0.462178809
1413393924.955760479 3.827123771 2.880283160 0.641398749 0.260779807 0.775638108 0.335092638 -0.467003578
1413393925.005760431 3.753263721 2.879733098 0.687521208 0.278329214 0.775609823 0.315206350 -0.470751747
1413393925.055760384 3.684497816 2.868580804 0.718235988 0.292864487 0.774584755 0.295935688 -0.476099694
1413393925.105760574 3.609065601 2.857212880 0.752070367 0.304171627 0.774226880 0.277001277 -0.480960136
1413393925.155760527 3.529424222 2.849337177 0.792993227 0.314544017 0.776151297 0.253700524 -0.484032302
1413393925.205760479 3.446473641 2.840469928 0.839191516 0.321284202 0.778483306 0.230749468 -0.487334471
1413393925.255760431 3.342064634 2.836729874 0.854747901 0.324762410 0.781575968 0.209156443 -0.489818298
1413393925.305760384 3.258743270 2.830440214 0.893525821 0.324415457 0.785537977 0.189578640 -0.491675337
1413393925.355760574 3.162595279 2.826688688 0.956907802 0.319413779 0.789886007 0.177218319 -0.492593749
1413393925.405760527 3.072617033 2.824400210 1.004754777 0.310391709 0.793374773 0.172693168 -0.494358702
1413393925.455760479 2.979336269 2.828183444 1.053896918 0.301567685 0.794950155 0.170231856 -0.498128796
1413393925.505760431 2.891387011 2.833139329 1.103477725 -0.292400789 -0.795833792 -0.170546235 0.502060092
1413393925.555760384 2.802305671 2.843602455 1.152680181 -0.284778311 -0.796833489 -0.169573734 0.505175666
1413393925.605760574 2.711973603 2.851619838 1.205746075 -0.280299090 -0.796541878 -0.167253907 0.508900371
1413393925.655760527 2.621333001 2.865254344 1.247619869 -0.275564110 -0.796748652 -0.166357903 0.511449953
1413393925.705760479 2.533097596 2.880114080 1.280824730 -0.272059638 -0.797691444 -0.165402006 0.512166077
1413393925.755760431 2.446246378 2.893000298 1.318571212 -0.267840087 -0.797748513 -0.167079746 0.513754179
1413393925.805760384 2.363905343 2.908492830 1.342243482 -0.264226455 -0.797106877 -0.167879497 0.516354027
1413393925.855760574 2.278596626 2.922765638 1.364651092 -0.261480380 -0.795520198 -0.169820558 0.519554235
1413393925.905760527 2.199599990 2.942078146 1.367762902 -0.258197225 -0.793361232 -0.172279148 0.523671695
1413393925.955760479 2.124978907 2.961511537 1.366442125 -0.255439462 -0.789330587 -0.174555256 0.530319120
1413393926.005760431 2.049860364 2.980002537 1.367166589 -0.253444207 -0.784218191 -0.177205541 0.537927559
1413393926.055760384 1.971566651 3.000384879 1.376271044 -0.252231299 -0.777339861 -0.178636485 0.547915248
1413393926.105760574 1.897560482 3.020409055 1.376519242 -0.251623183 -0.771299583 -0.179282181 0.556453615
1413393926.155760527 1.828246488 3.041624330 1.372430195 -0.251884457 -0.767110756 -0.178743105 0.562268807
1413393926.205760479 1.763371086 3.062990024 1.368594048 -0.253172144 -0.764767088 -0.177449509 0.565284741
1413393926.255760431 1.700437081 3.081910276 1.358374956 -0.255053436 -0.764517898 -0.176107235 0.565195869
1413393926.305760384 1.635594681 3.100542384 1.351724850 -0.258390707 -0.766280029 -0.173227658 0.562175541
1413393926.355760574 1.575567302 3.116300996 1.344545466 -0.261188951 -0.769694596 -0.170604583 0.556996083
1413393926.405760527 1.516682836 3.131994207 1.340280267 -0.261399872 -0.774058588 -0.168615739 0.551427368
1413393926.455760479 1.458670905 3.148535998 1.337815951 -0.258916540 -0.775763064 -0.167636332 0.550501547
1413393926.505760431 1.404370739 3.162920220 1.338836715 -0.254996412 -0.775599837 -0.166975538 0.552757535
1413393926.555760384 1.347478228 3.178725651 1.331066229 -0.248018330 -0.775234863 -0.167282716 0.556340102
1413393926.605760574 1.296564063 3.192337180 1.327543664 -0.240229871 -0.774746459 -0.167531485 0.560348762
1413393926.655760527 1.246819911 3.203723929 1.320962252 -0.231608287 -0.775399931 -0.166233435 0.563452743
1413393926.705760479 1.196607069 3.217324927 1.315622262 -0.221676457 -0.777612997 -0.164698166 0.564846961
1413393926.755760431 1.149936012 3.228802752 1.311006046 -0.213108444 -0.779815069 -0.160262780 0.566382459
1413393926.805760384 1.103139308 3.241172307 1.307948475 -0.204029510 -0.783325272 -0.154602866 0.566455145
1413393926.855760574 1.051507210 3.255529892 1.304079356 -0.194766648 -0.788639070 -0.146677843 0.564446614
1413393926.905760527 1.008037844 3.266053038 1.303687097 -0.186249200 -0.795189446 -0.138202814 0.560254373
1413393926.955760479 0.967118042 3.276666827 1.301362202 -0.178585417 -0.801156587 -0.128303045 0.556591144
1413393927.005760431 0.930569895 3.286806829 1.302936805 -0.171930792 -0.808079609 -0.119125267 0.550687134
1413393927.055760384 0.894702473 3.295671837 1.313843553 -0.168847596 -0.814993869 -0.108774834 0.543547163
1413393927.105760574 0.854259264 3.308921155 1.333239355 -0.166293689 -0.820575262 -0.097718771 0.538009006
1413393927.155760527 0.822247669 3.318008624 1.351250230 -0.166184521 -0.823077395 -0.086942324 0.536066544
1413393927.205760479 0.783162667 3.330835727 1.372198624 -0.165786823 -0.824960680 -0.077191480 0.534786014
1413393927.255760431 0.738241595 3.348325544 1.389721801 -0.166843179 -0.828754916 -0.066419094 0.530016176
1413393927.305760384 0.696192240 3.364528178 1.411174130 -0.165571184 -0.833503548 -0.059376615 0.523767540
1413393927.355760574 0.656285531 3.382587746 1.434784965 -0.160188601 -0.839017837 -0.057171200 0.516836662
1413393927.405760527 0.614474276 3.400081971 1.464864141 -0.150140118 -0.842802778 -0.059829084 0.513382804
1413393927.455760479 0.573751308 3.420438066 1.490600334 -0.136591338 -0.844586613 -0.067254389 0.513315796
1413393927.505760431 0.530241709 3.448080459 1.508358444 -0.121679519 -0.844559427 -0.076615466 0.515794086
1413393927.555760384 0.485524295 3.474830242 1.528968370 -0.107273156 -0.844096436 -0.086013408 0.518261874
1413393927.605760574 0.429837205 3.503312680 1.559929710 -0.090160540 -0.843847277 -0.094057572 0.520524757
1413393927.655760527 0.381808454 3.530323882 1.588332171 -0.074610268 -0.842283983 -0.101020769 0.524200157
1413393927.705760479 0.337435611 3.554877351 1.618088354 -0.057857224 -0.838350099 -0.107841004 0.531217443
1413393927.755760431 0.282876267 3.578188875 1.647069901 -0.041652311 -0.834630393 -0.115322999 0.536989570
1413393927.805760384 0.230307509 3.602507733 1.666747384 -0.029137852 -0.830202596 -0.120876015 0.543418461
1413393927.855760574 0.178295042 3.623610305 1.688622056 -0.020209692 -0.826013831 -0.123329578 0.549620355
1413393927.905760527 0.117700320 3.629952550 1.715942768 -0.015743275 -0.823523976 -0.122945667 0.553574542
1413393927.955760479 0.058361930 3.628917394 1.743399513 -0.012604000 -0.821711486 -0.122751960 0.556384156
1413393928.005760431 0.003664895 3.620772388 1.772788356 -0.010288304 -0.819666574 -0.123788915 0.559211197
1413393928.055760384 -0.050358514 3.613052317 1.793799405 -0.007915258 -0.818098668 -0.124653487 0.561349647
1413393928.105760574 -0.099884279 3.604605834 1.814579000 -0.006558553 -0.816434193 -0.125806996 0.563528876
1413393928.155760527 -0.161485686 3.588597242 1.826975147 -0.005568881 -0.815846793 -0.125695617 0.564414396
1413393928.205760479 -0.211404716 3.568003275 1.840735283 -0.006480523 -0.815620947 -0.126153385 0.564628901
1413393928.255760431 -0.266129425 3.551002058 1.839141858 -0.012109713 -0.817915811 -0.119810252 0.562594512
1413393928.305760384 -0.315398330 3.524011564 1.850205263 -0.021130228 -0.820222574 -0.109064731 0.561153568
1413393928.355760574 -0.360723341 3.491266982 1.862240884 -0.033299677 -0.820593405 -0.094313931 0.562692170
1413393928.405760527 -0.407179807 3.456886473 1.867707808 -0.045060377 -0.819623979 -0.080185433 0.565470062
1413393928.455760479 -0.453878247 3.418148429 1.876187902 -0.055489322 -0.818211909 -0.068086704 0.568167588
1413393928.505760431 -0.501946337 3.372707125 1.888183777 -0.064264493 -0.815788907 -0.058737746 0.571759050
1413393928.555760384 -0.542813555 3.328830969 1.899412014 -0.071252851 -0.811414093 -0.052490257 0.577732615
1413393928.605760574 -0.587677260 3.287645542 1.908412600 -0.075188851 -0.805250901 -0.048456862 0.586148066
1413393928.655760527 -0.634694758 3.242783852 1.916019991 -0.079033771 -0.800650521 -0.045834996 0.592124614
1413393928.705760479 -0.676396191 3.207545643 1.924362782 -0.080686286 -0.799315482 -0.046052091 0.593686524
1413393928.755760431 -0.712668015 3.170932503 1.928499079 -0.082059121 -0.798890148 -0.048152970 0.593904136
1413393928.805760384 -0.747807492 3.135632930 1.931733585 -0.079001764 -0.799719785 -0.055093382 0.592597423
1413393928.855760574 -0.761181020 3.100554479 1.941831693 -0.076570484 -0.800121208 -0.062663081 0.591621798
1413393928.905760527 -0.782556934 3.065835265 1.947973744 -0.073598835 -0.800829623 -0.072310618 0.589937540
1413393928.955760479 -0.797955611 3.023019219 1.959869076 -0.072544262 -0.800714725 -0.084305647 0.588630459
1413393929.005760431 -0.813799034 2.982057980 1.962860599 -0.073731059 -0.801197566 -0.095660359 0.586084709
1413393929.055760384 -0.824284560 2.946527254 1.966088084 -0.078744602 -0.801929925 -0.104222321 0.582962598
1413393929.105760574 -0.829360159 2.907348873 1.976576379 -0.085145733 -0.801647700 -0.115167090 0.580385828
1413393929.155760527 -0.839226824 2.863511217 1.988016387 -0.092861068 -0.800785235 -0.124467158 0.578470186
1413393929.205760479 -0.848702437 2.822607698 2.003188243 -0.103315460 -0.801563896 -0.134014669 0.573464301
1413393929.255760431 -0.851928787 2.780916556 2.022009990 -0.117583811 -0.801753928 -0.142239111 0.568447641
1413393929.305760384 -0.868080435 2.731721124 2.039024149 -0.133245136 -0.802822114 -0.147123714 0.562207257
1413393929.355760574 -0.869687641 2.681322068 2.059031200 -0.152015588 -0.801884319 -0.153350873 0.557096320
1413393929.405760527 -0.876218692 2.626919346 2.083067349 -0.170909068 -0.800448716 -0.158555246 0.552206644
1413393929.455760479 -0.884453576 2.567302037 2.108751467 -0.188365484 -0.798186033 -0.166130782 0.547556448
1413393929.505760431 -0.889176830 2.515372857 2.127391237 -0.206203793 -0.796111731 -0.174723698 0.541440428
1413393929.555760384 -0.897646478 2.461310643 2.145606557 -0.223501133 -0.793891609 -0.183374826 0.534936473
1413393929.605760574 -0.907309540 2.396396247 2.176211191 -0.240172462 -0.790027345 -0.194784508 0.529370360
1413393929.655760527 -0.917992667 2.331361181 2.206143254 -0.255784475 -0.786205883 -0.206979373 0.523081401
1413393929.705760479 -0.931937991 2.266101512 2.228876152 -0.271115275 -0.781282356 -0.218181936 0.518161201
1413393929.755760431 -0.944869779 2.202560600 2.246056423 -0.287742359 -0.776079523 -0.228173036 0.512681163
1413393929.805760384 -0.956141323 2.142087419 2.263624620 -0.306022378 -0.769640068 -0.234898220 0.508750721
1413393929.855760574 -0.964283282 2.082175772 2.283530625 -0.326474872 -0.761503992 -0.238714898 0.506498792
1413393929.905760527 -0.966744716 2.033463079 2.299477970 -0.347708705 -0.752079392 -0.239718881 0.505974409
1413393929.955760479 -0.967608541 1.982842165 2.319979790 -0.367615293 -0.742672866 -0.241029709 0.505173921
1413393930.005760431 -0.951431010 1.964577789 2.326066672 -0.385734902 -0.733414287 -0.243616806 0.503947340
1413393930.055760384 -0.930950247 1.952911236 2.324130771 -0.402730734 -0.724581039 -0.246595553 0.501976999
1413393930.105760574 -0.913492418 1.922624036 2.329935659 0.417316185 0.716633654 0.250480348 -0.499542793
1413393930.155760527 -0.899863487 1.884257591 2.333313482 0.427772677 0.710087829 0.255599347 -0.497448275
1413393930.205760479 -0.901912621 1.829657530 2.334532492 0.435864389 0.704237943 0.260779577 -0.496049560
1413393930.255760431 -0.896752300 1.779941512 2.331686170 0.440631051 0.700809922 0.266142024 -0.493840210
1413393930.305760384 -0.901440530 1.732702449 2.325233474 0.441759515 0.700864083 0.274296772 -0.488261558
1413393930.355760574 -0.896475400 1.683723922 2.317115131 0.437850665 0.702765185 0.286866568 -0.481783626
1413393930.405760527 -0.884250581 1.639889132 2.287516763 0.432922709 0.705785860 0.295981448 -0.476276422
1413393930.455760479 -0.862624946 1.603913913 2.269842378 0.427271242 0.709252319 0.306578679 -0.469478377
1413393930.505760431 -0.847031037 1.567366530 2.263987031 0.422961755 0.711971105 0.313171132 -0.464891752
1413393930.555760384 -0.824825047 1.534063088 2.243648188 0.421264009 0.712526465 0.315079463 -0.464292585
1413393930.605760574 -0.802343340 1.496238223 2.226904829 0.421382999 0.710895135 0.314486180 -0.467079136
1413393930.655760527 -0.787120925 1.455596653 2.205282220 0.421647031 0.708373899 0.311574879 -0.472589986
1413393930.705760479 -0.776323992 1.416719118 2.173186083 0.422240839 0.705446975 0.308837012 -0.478201777
1413393930.755760431 -0.764109878 1.378149244 2.131880389 0.422397370 0.702230791 0.306224573 -0.484436672
1413393930.805760384 -0.753069866 1.346122733 2.097131145 0.421258905 0.701178800 0.303089135 -0.488903060
1413393930.855760574 -0.737058075 1.309686680 2.064422890 0.421092155 0.699383586 0.301264131 -0.492731083
1413393930.905760527 -0.725354200 1.272277123 2.032296657 0.419987932 0.700231579 0.300617846 -0.492863860
1413393930.955760479 -0.711592767 1.239593397 1.999397981 0.417604581 0.703856189 0.297967254 -0.491333283
1413393931.005760431 -0.698646384 1.198301931 1.974413082 0.416657931 0.705178865 0.296323435 -0.491234525
1413393931.055760384 -0.680157053 1.161350633 1.955245181 0.416312749 0.707297143 0.295549870 -0.488942451
1413393931.105760574 -0.666103978 1.121612717 1.940771989 0.415554909 0.708208047 0.293197657 -0.489684198
1413393931.155760527 -0.652305784 1.078152330 1.928239261 0.415284190 0.710031475 0.291260274 -0.488427885
1413393931.205760479 -0.634794552 1.044914661 1.919037485 0.415937608 0.712348821 0.288347585 -0.486220870
1413393931.255760431 -0.631741025 1.002620675 1.907335393 0.416453889 0.714773011 0.284019099 -0.484766801
1413393931.305760384 -0.615657710 0.957603881 1.901638097 0.418485191 0.714782817 0.281048202 -0.484734544
1413393931.355760574 -0.596299589 0.919086155 1.895979463 0.420452152 0.714839558 0.276249947 -0.485706044
1413393931.405760527 -0.578225750 0.879747755 1.888998772 0.422423370 0.715553577 0.270202018 -0.486346013
1413393931.455760479 -0.554372604 0.844152230 1.878683593 0.425597516 0.714144625 0.265878243 -0.488029681
1413393931.505760431 -0.528978422 0.815634075 1.862800485 0.427906875 0.713480811 0.261226879 -0.489490916
1413393931.555760384 -0.502391686 0.787344325 1.841898182 0.428535679 0.713222389 0.258698950 -0.490658588
1413393931.605760574 -0.474858528 0.758579633 1.818361466 0.429303674 0.713873117 0.255692588 -0.490616784
1413393931.655760527 -0.443925122 0.735553146 1.793989354 0.429044109 0.713641339 0.254716616 -0.491687541
1413393931.705760479 -0.414120116 0.704733186 1.770093872 0.428702305 0.714297328 0.254062753 -0.491371324
1413393931.755760431 -0.432234979 0.658108063 1.743464884 0.426871592 0.715406724 0.253339475 -0.491724489
1413393931.805760384 -0.414419051 0.635692368 1.716464299 0.425551703 0.715883798 0.254047026 -0.491809155
1413393931.855760574 -0.397073904 0.616659909 1.689624593 0.424308247 0.716747999 0.253798097 -0.491753336
1413393931.905760527 -0.375331043 0.599911932 1.661143591 0.423349151 0.717582667 0.254193730 -0.491157979
1413393931.955760479 -0.348513653 0.584211504 1.633850888 0.422063571 0.718302724 0.255441346 -0.490564224
1413393932.005760431 -0.315819618 0.573125682 1.607776827 0.420567956 0.719326456 0.256502201 -0.489794513
1413393932.055760384 -0.279575054 0.564582114 1.582757832 0.417887718 0.721252497 0.258602595 -0.488148941
1413393932.105760574 -0.239094789 0.561027262 1.559062050 0.414698324 0.723500587 0.261953511 -0.485749482
1413393932.155760527 -0.197957230 0.560267242 1.536815439 0.411123762 0.726127566 0.266144632 -0.482579574
1413393932.205760479 -0.156440072 0.561834557 1.517561486 0.407180260 0.729049192 0.272075540 -0.478190770
1413393932.255760431 -0.124392210 0.563480451 1.496353599 0.401833186 0.732755932 0.277980911 -0.473630076
1413393932.305760384 -0.092143306 0.558381894 1.474577728 0.397911765 0.735015761 0.283032790 -0.470436497
1413393932.355760574 -0.057843345 0.554533346 1.453510250 0.394622356 0.736886359 0.288806125 -0.466757658
1413393932.405760527 -0.046627521 0.561547494 1.428896230 0.391921135 0.738548605 0.291807322 -0.464534465
1413393932.455760479 -0.024264905 0.561215585 1.412124556 0.390827293 0.739818845 0.294854527 -0.461500717
1413393932.505760431 -0.001082013 0.562600956 1.393396721 0.390396923 0.740742060 0.297368432 -0.458762965
1413393932.555760384 0.025654813 0.563767370 1.375162188 0.389362710 0.740848150 0.299289895 -0.458220751
1413393932.605760574 0.049979453 0.561998744 1.354521899 0.387460584 0.739279985 0.303510805 -0.459587414
1413393932.655760527 0.075439027 0.564698330 1.334714638 0.386690111 0.737204413 0.306684857 -0.461459435
1413393932.705760479 0.092513089 0.567479658 1.314626828 0.386055783 0.736030097 0.307989705 -0.462993488
1413393932.755760431 0.108339075 0.567410314 1.299427668 0.387083063 0.733683067 0.310099112 -0.464450643
1413393932.805760384 0.127665309 0.571033296 1.281437670 0.386982802 0.731718470 0.312484541 -0.466031977
1413393932.855760574 0.138195417 0.594074747 1.269055934 0.385789429 0.731132430 0.315200202 -0.466112345
1413393932.905760527 0.152754099 0.601491747 1.257309230 0.384953966 0.730001815 0.318933950 -0.466035331
1413393932.955760479 0.164211072 0.601787632 1.239016547 0.381784894 0.725939968 0.324206657 -0.471318895
1413393933.005760431 0.171668870 0.604514424 1.221797281 0.377698802 0.720792633 0.328874555 -0.479210936
1413393933.055760384 0.178420958 0.607973867 1.207446931 0.373590581 0.716038690 0.333048507 -0.486618295
1413393933.105760574 0.178072423 0.614671514 1.195542682 0.369681887 0.711326734 0.335958920 -0.494450386
1413393933.155760527 0.180624034 0.616238488 1.184800872 0.368611501 0.707839310 0.337311311 -0.499309675
1413393933.205760479 0.187461154 0.611879760 1.174214385 -0.369120289 -0.704507803 -0.336318677 0.504290308
1413393933.255760431 0.188593777 0.605870383 1.168789510 -0.372252005 -0.702143017 -0.330721103 0.508966777
1413393933.305760384 0.188282208 0.596881670 1.163688284 -0.378451582 -0.698766152 -0.322637610 0.514203499
1413393933.355760574 0.187550448 0.587034969 1.157447857 -0.383921300 -0.696306022 -0.314090955 0.518757392
1413393933.405760527 0.188466730 0.575178795 1.152265895 -0.391303017 -0.694972617 -0.303831582 0.521134704
1413393933.455760479 0.194408048 0.557726914 1.145655936 -0.400431017 -0.694588126 -0.292486127 0.521204568
1413393933.505760431 0.203071130 0.537522516 1.142472977 -0.409238370 -0.696449435 -0.279420185 0.519043834
1413393933.555760384 0.215478301 0.516636681 1.137274062 -0.417399438 -0.697974579 -0.268370412 0.516320170
1413393933.605760574 0.233071818 0.496895214 1.132406353 -0.423757363 -0.699810820 -0.261527220 0.512150395
1413393933.655760527 0.256843307 0.477669844 1.127549126 -0.426291846 -0.701975906 -0.259291335 0.508205758
1413393933.705760479 0.278433808 0.461298971 1.123034629 -0.423522228 -0.706267191 -0.262933794 0.502674247
1413393933.755760431 0.304027744 0.454015602 1.115842525 0.419181925 0.710736709 0.270765265 -0.495808446
1413393933.805760384 0.339917703 0.453182423 1.107657218 0.413742592 0.715605820 0.278916097 -0.488805881
1413393933.855760574 0.374771531 0.450634157 1.095930578 0.409642990 0.719505481 0.284042454 -0.483553894
1413393933.905760527 0.406255498 0.447797363 1.081582723 0.406990763 0.721331621 0.288488350 -0.480430727
1413393933.955760479 0.435281292 0.448444340 1.071422910 0.402698212 0.722099800 0.294412092 -0.479299019
1413393934.005760431 0.468571758 0.444321463 1.069403188 0.394878508 0.719518387 0.303704876 -0.483867340
1413393934.055760384 0.500100924 0.442614421 1.071896711 0.387765978 0.716350880 0.312938176 -0.488414435
1413393934.105760574 0.544990658 0.435927898 1.077061599 0.381893385 0.713091372 0.319466683 -0.493557673
1413393934.155760527 0.579731478 0.436012518 1.086819900 0.377613739 0.712450885 0.323648127 -0.495048979
1413393934.205760479 0.614155307 0.431034823 1.100154510 0.375157498 0.711971274 0.325965088 -0.496085192
1413393934.255760431 0.647481611 0.423466800 1.108071601 0.376228298 0.712819234 0.321899031 -0.496711205
1413393934.305760384 0.677771966 0.414292744 1.114504603 0.379446560 0.713858365 0.316715996 -0.496102329
1413393934.355760574 0.703748233 0.398223434 1.115990362 0.385189175 0.716081831 0.307954444 -0.493983979
1413393934.405760527 0.716538938 0.387682590 1.108842094 0.391060241 0.717537529 0.298853546 -0.492847177
1413393934.455760479 0.741923957 0.375084799 1.100401760 0.396593267 0.718681372 0.290775567 -0.491589703
1413393934.505760431 0.771219451 0.363009855 1.087276875 0.401621766 0.719278495 0.283307249 -0.490994303
1413393934.555760384 0.801808742 0.349024279 1.071841006 0.405959713 0.719493143 0.276291022 -0.491110578
1413393934.605760574 0.830611865 0.335048102 1.050538598 0.410008684 0.718968231 0.271037486 -0.491443021
1413393934.655760527 0.858871403 0.322884034 1.029520979 0.414547699 0.717353711 0.264775051 -0.493404531
1413393934.705760479 0.888007358 0.311221645 1.007107882 0.418212146 0.715618876 0.259490593 -0.495633793
1413393934.755760431 0.920959550 0.301262475 0.981769481 0.423529925 0.714298311 0.248313798 -0.498738993
1413393934.805760384 0.955061956 0.291578000 0.954600795 -0.427821898 -0.714052110 -0.235649974 0.501564649
1413393934.855760574 0.991383592 0.285379040 0.932807792 0.428720860 0.719384779 0.221665143 -0.499548324
1413393934.905760527 1.029920351 0.279194558 0.912525716 0.425710137 0.726483907 0.210902305 -0.496499980
1413393934.955760479 1.070080359 0.274049772 0.888702810 0.416358628 0.736933570 0.204681368 -0.491609545
1413393935.005760431 1.114685534 0.271961953 0.863259094 0.398606047 0.750898914 0.205640680 -0.484743180
1413393935.055760384 1.160174932 0.276049287 0.836803897 0.376657064 0.767306520 0.207725704 -0.475626106
1413393935.105760574 1.205427230 0.280972080 0.809934638 0.352756389 0.782237171 0.210135825 -0.468519876
1413393935.155760527 1.251328452 0.292073390 0.781194586 0.330867780 0.794781469 0.207298666 -0.464624786
1413393935.205760479 1.290008395 0.304136393 0.757381567 0.309069336 0.805974998 0.201665003 -0.462830070
1413393935.255760431 1.324614406 0.317920718 0.738302020 0.288509204 0.815572328 0.193615393 -0.462728103
1413393935.305760384 1.358343946 0.331794293 0.717760137 0.270154577 0.823287504 0.183015260 -0.464456247
1413393935.355760574 1.390161765 0.345199963 0.705477330 0.253088106 0.829228427 0.171257169 -0.467971802
1413393935.405760527 1.417855673 0.361957628 0.696902144 0.232421502 0.834954457 0.161844711 -0.471844878
1413393935.455760479 1.443554701 0.378832209 0.693308584 0.212299164 0.839439872 0.153047671 -0.476283715
1413393935.505760431 1.464147151 0.398241036 0.695099645 0.191444723 0.843572144 0.144503914 -0.480472241
1413393935.555760384 1.481982592 0.416218107 0.695777939 0.169181680 0.847164126 0.137187104 -0.484634090
1413393935.605760574 1.498211657 0.432341807 0.697441595 0.149017170 0.850310009 0.132132634 -0.487142421
1413393935.655760527 1.510818008 0.446323898 0.699518130 0.129465918 0.853100800 0.130356837 -0.488328472
1413393935.705760479 1.519372969 0.463576322 0.703836388 0.109640371 0.855273893 0.130823621 -0.489255288
1413393935.755760431 1.522887757 0.478837239 0.708240407 0.090410992 0.856659850 0.133447596 -0.490052541
1413393935.805760384 1.524604973 0.491234145 0.714584155 0.070932374 0.857160114 0.137393117 -0.491292447
1413393935.855760574 1.522928716 0.500658674 0.717975679 0.051886099 0.856508794 0.140225862 -0.494001241
1413393935.905760527 1.515923282 0.506526508 0.723525175 0.038411358 0.856817423 0.136352057 -0.495778769
1413393935.955760479 1.506608663 0.509820211 0.725187865 -0.033036040 -0.856550531 -0.119310251 0.500993885
1413393936.005760431 1.492633313 0.507218096 0.730872652 -0.030622091 -0.856323045 -0.096430137 0.506432976
1413393936.055760384 1.476743048 0.498064372 0.737637969 -0.026570001 -0.855603213 -0.074032339 0.511621335
1413393936.105760574 1.457152815 0.486029461 0.744672118 -0.021571564 -0.854321571 -0.049274832 0.516953877
1413393936.155760527 1.437244609 0.470724427 0.751961763 -0.016194258 -0.852492461 -0.023570572 0.521956682
1413393936.205760479 1.413454757 0.458815668 0.764600436 -0.008944596 -0.852126600 0.004314943 0.523241467
1413393936.255760431 1.390257098 0.441504295 0.775795803 -0.000418883 -0.851319597 0.029064495 0.523841602
1413393936.305760384 1.365788492 0.423582818 0.784387069 0.010483865 -0.850446031 0.052199435 0.523361114
1413393936.355760574 1.337958018 0.410358845 0.794304607 0.024899885 -0.849795610 0.074402189 0.521240569
1413393936.405760527 1.313282276 0.392874096 0.803318429 0.039471734 -0.848196349 0.092600993 0.520028837
1413393936.455760479 1.285844424 0.379815964 0.808990971 0.057538948 -0.845565272 0.107988588 0.519660567
1413393936.505760431 1.256212316 0.369979159 0.818301699 0.079352236 -0.840672102 0.119851200 0.522120034
1413393936.555760384 1.225153566 0.361505257 0.825408719 0.101003934 -0.833937588 0.129791873 0.526783042
1413393936.605760574 1.193478148 0.354986684 0.833211274 0.121076071 -0.825607556 0.139883835 0.533052775
1413393936.655760527 1.160059023 0.347661290 0.843971855 0.138785444 -0.816380928 0.150252506 0.540078666
1413393936.705760479 1.125000400 0.340986662 0.858253436 0.155389747 -0.807569355 0.159556827 0.546101990
1413393936.755760431 1.090171182 0.337142214 0.870110213 0.170886326 -0.799365763 0.169324666 0.550582780
1413393936.805760384 1.056698176 0.333994515 0.880399380 0.185838570 -0.792002558 0.178697352 0.553410545
1413393936.855760574 1.027954956 0.333430134 0.891657492 0.201220776 -0.784726226 0.187612104 0.555442749
1413393936.905760527 1.000239324 0.334021012 0.902510610 0.216620089 -0.776801629 0.196238388 0.557804143
1413393936.955760479 0.974949341 0.335552510 0.913238852 0.233072425 -0.769239762 0.205111099 0.558459373
1413393937.005760431 0.949747114 0.338175335 0.927681109 0.250579682 -0.760874410 0.212926816 0.559412305
1413393937.055760384 0.927377196 0.341953548 0.941985602 0.267784396 -0.752532461 0.221663362 0.559331535
1413393937.105760574 0.908470474 0.346110422 0.957035037 0.284857298 -0.744495048 0.230921366 0.557905697
1413393937.155760527 0.893824489 0.348410128 0.972883937 0.300352428 -0.737018750 0.240171655 0.555796148
1413393937.205760479 0.882522681 0.352987785 0.988392558 0.315460724 -0.728706179 0.250967203 0.553612950
1413393937.255760431 0.874704356 0.357771722 1.005271602 0.329365890 -0.721573657 0.260821990 0.550292156
1413393937.305760384 0.870141514 0.364274326 1.025211130 0.342354621 -0.714969751 0.271712205 0.545695928
1413393937.355760574 0.869734616 0.368680575 1.043616311 0.354124652 -0.709847187 0.280271235 0.540518951
1413393937.405760527 0.871336296 0.380502076 1.065018876 0.363958849 -0.705518730 0.287816150 0.535667007
1413393937.455760479 0.870920089 0.389848715 1.090810975 0.374147370 -0.705694145 0.291910677 0.526115648
1413393937.505760431 0.875066471 0.405027987 1.107585513 0.381716082 -0.709150146 0.295240211 0.514035136
1413393937.555760384 0.882860030 0.419896430 1.118025691 0.386301500 -0.713697055 0.299320818 0.501811431
1413393937.605760574 0.891839662 0.434442664 1.123038801 -0.389850118 0.717846383 -0.302257551 -0.491277752
1413393937.655760527 0.901618389 0.449234935 1.123278447 -0.392347555 0.722298819 -0.305938727 -0.480363724
1413393937.705760479 0.913218164 0.463459361 1.120964768 -0.393854425 0.727174591 -0.307525597 -0.470663164
1413393937.755760431 0.922049482 0.477918060 1.118104842 -0.395740613 0.732580456 -0.307455553 -0.460636869
1413393937.805760384 0.931321729 0.491478641 1.115151013 -0.397217384 0.737697193 -0.306806544 -0.451542851
1413393937.855760574 0.943286641 0.506376849 1.111142322 -0.397079370 0.741493314 -0.306238726 -0.445795336
1413393937.905760527 0.952108520 0.518288436 1.108770363 -0.398551617 0.741627342 -0.304734668 -0.445288981
1413393937.955760479 0.958559041 0.529341553 1.108959581 -0.399725179 0.738451643 -0.303509870 -0.450322897
1413393938.005760431 0.967570267 0.538073371 1.109744495 -0.400479666 0.734765237 -0.300219439 -0.457825700
1413393938.055760384 0.972326552 0.546907614 1.113112416 -0.404164573 0.729189551 -0.296203117 -0.466044321
1413393938.105760574 0.978211243 0.554756780 1.117144992 -0.408413617 0.721863887 -0.291318858 -0.476701341
1413393938.155760527 0.985206911 0.562773482 1.123978459 -0.414327129 0.711993027 -0.286136779 -0.489412610
1413393938.205760479 0.990469797 0.568669966 1.134470022 0.422802665 -0.700723988 0.282126836 0.500627854
1413393938.255760431 0.998656361 0.573310568 1.146106215 0.429244335 -0.690940150 0.281183402 0.509202224
1413393938.305760384 1.010048761 0.576933689 1.157051460 0.434147720 -0.683475074 0.284668573 0.513167988
1413393938.355760574 1.025032826 0.579826350 1.168742543 0.437137995 -0.678197459 0.294154609 0.512280827
1413393938.405760527 1.041707703 0.581223818 1.183584358 0.437148893 -0.676644193 0.308499369 0.505847429
1413393938.455760479 1.066966685 0.584059948 1.195494316 -0.436739788 0.675052740 -0.326518951 -0.496938155
1413393938.505760431 1.096747653 0.586993936 1.206125602 -0.439083788 0.672884722 -0.342495099 -0.486958608
1413393938.555760384 1.129384088 0.586017454 1.218532258 -0.441813326 0.671414202 -0.355582871 -0.477037500
1413393938.605760574 1.160249567 0.590708208 1.231176143 -0.447238884 0.668030662 -0.368321329 -0.466960185
1413393938.655760527 1.192468562 0.597716244 1.241832471 -0.453173416 0.664685979 -0.379857066 -0.456656340
1413393938.705760479 1.228481199 0.603625502 1.245205132 -0.459044037 0.661570583 -0.388955161 -0.447567669
1413393938.755760431 1.263639844 0.616962819 1.244841596 -0.464774687 0.655582502 -0.399748564 -0.440904931
1413393938.805760384 1.298588135 0.625708820 1.242137504 -0.470942315 0.647894145 -0.408454347 -0.437734577
1413393938.855760574 1.330955242 0.633044818 1.243816020 -0.478391097 0.639320030 -0.414757608 -0.436334716
1413393938.905760527 1.364027908 0.647366582 1.242652668 -0.486561777 0.629906429 -0.420921745 -0.435086672
1413393938.955760479 1.396602849 0.660781078 1.241997152 -0.495469379 0.621644942 -0.425513590 -0.432441724
1413393939.005760431 1.431499840 0.674857231 1.238143633 -0.504328065 0.613686319 -0.429475475 -0.429643015
1413393939.055760384 1.464122772 0.690709825 1.236298803 -0.511231537 0.605286297 -0.434316701 -0.428532167
1413393939.105760574 1.494047902 0.711741821 1.237497091 -0.513273650 0.591408813 -0.446739174 -0.432677578
1413393939.155760527 1.523496452 0.727742589 1.244456148 -0.514655152 0.578563147 -0.458161422 -0.436443434
1413393939.205760479 1.553090329 0.742102036 1.257352711 -0.521909461 0.572764267 -0.462093837 -0.431301396
1413393939.255760431 1.584239256 0.767787695 1.261977750 -0.531085912 0.571116691 -0.461276064 -0.423081401
1413393939.305760384 1.614815546 0.792507810 1.266409084 -0.543253220 0.574442108 -0.455093229 -0.409612446
1413393939.355760574 1.647803249 0.824021640 1.267437190 -0.558051704 0.581624073 -0.443122093 -0.392344930
1413393939.405760527 1.676461430 0.850921545 1.271226194 -0.571377716 0.594532739 -0.429759782 -0.367919634
1413393939.455760479 1.711206776 0.878433596 1.263255822 -0.582828377 0.608448682 -0.415539023 -0.342678573
1413393939.505760431 1.742356061 0.904984179 1.253020462 -0.591164570 0.622216975 -0.403160210 -0.317541073
1413393939.555760384 1.769672214 0.930389242 1.239407176 -0.596131018 0.634420439 -0.393900240 -0.294925614
1413393939.605760574 1.799204838 0.950189841 1.221320142 -0.599828856 0.644813519 -0.384147521 -0.277221124
1413393939.655760527 1.824144294 0.962626303 1.202055611 -0.603117481 0.653460791 -0.374897600 -0.262087940
1413393939.705760479 1.847213526 0.969706489 1.185743216 -0.607986956 0.656543333 -0.365146114 -0.256848261
1413393939.755760431 1.868668976 0.968342834 1.167998917 -0.610770275 0.654638162 -0.360350036 -0.261832768
1413393939.805760384 1.885688137 0.960157623 1.152377987 -0.607978864 0.647001346 -0.366212421 -0.278638514
1413393939.855760574 1.897967615 0.941374476 1.137791174 -0.597240706 0.634484988 -0.384033455 -0.305369684
1413393939.905760527 1.915592448 0.913377887 1.124796307 -0.580172298 0.618732744 -0.407669070 -0.338194950
1413393939.955760479 1.930277465 0.882258313 1.115526006 -0.559178737 0.599821134 -0.434861270 -0.372061048
1413393940.005760431 1.944350170 0.851046594 1.102856213 -0.536921715 0.581406222 -0.460805186 -0.401672076
1413393940.055760384 1.950656179 0.817667995 1.106628596 -0.513222889 0.564690475 -0.487027847 -0.424889174
1413393940.105760574 1.955386590 0.783071733 1.121399163 -0.493197902 0.551912036 -0.507807338 -0.440772778
1413393940.155760527 1.967008973 0.754710324 1.129724143 -0.477850212 0.542711141 -0.523205261 -0.450976770
1413393940.205760479 1.974268386 0.740752437 1.141089574 0.466468289 -0.535136175 0.535529900 0.457432328
1413393940.255760431 1.982214504 0.733759160 1.146675425 0.460696727 -0.533457341 0.541366812 0.458370772
1413393940.305760384 1.991228337 0.727129309 1.150487475 -0.468333315 0.541555153 -0.534217123 -0.449437413
1413393940.355760574 1.995394743 0.731494942 1.153640155 -0.483911299 0.553230439 -0.518797194 -0.436595245
1413393940.405760527 1.995802836 0.744894298 1.151896002 -0.502760942 0.568345926 -0.497503084 -0.420362967
1413393940.455760479 1.997666591 0.762850525 1.142277418 -0.522694805 0.586840840 -0.472967817 -0.398383500
1413393940.505760431 2.002095729 0.790749793 1.134757827 -0.543459218 0.607588733 -0.445744778 -0.369864304
1413393940.555760384 2.013709825 0.844169837 1.131052955 -0.559046484 0.627767758 -0.422285709 -0.339189401
1413393940.605760574 2.020784114 0.874962338 1.122644939 -0.567670851 0.645524122 -0.403876618 -0.312941033
1413393940.655760527 2.005147611 0.905245044 1.113959110 -0.571810907 0.658626506 -0.392061948 -0.292456562
1413393940.705760479 1.990570272 0.917178480 1.104679787 -0.571210680 0.670104252 -0.385859702 -0.275301547
1413393940.755760431 1.977750356 0.929137297 1.097100564 -0.565902735 0.680411311 -0.384905850 -0.261996239
1413393940.805760384 1.962015700 0.932598458 1.085499617 -0.559362402 0.683462784 -0.390039398 -0.260502578
1413393940.855760574 1.944866030 0.932973539 1.077425070 -0.553233505 0.677362725 -0.398211852 -0.276658180
1413393940.905760527 1.919764892 0.923311164 1.075663615 -0.548124118 0.665442460 -0.407001474 -0.301821276
1413393940.955760479 1.887239615 0.905682669 1.081021249 -0.541565055 0.649991382 -0.419627058 -0.328833737
1413393941.005760431 1.854407523 0.884853472 1.091293134 -0.531453704 0.632489587 -0.434779489 -0.358442018
1413393941.055760384 1.821776896 0.855781582 1.099266902 -0.518190143 0.614542177 -0.452485364 -0.386100872
1413393941.105760574 1.786611934 0.841592917 1.117030339 -0.504806739 0.595693862 -0.469724416 -0.411919836
1413393941.155760527 1.756827887 0.836861144 1.137494155 -0.493865980 0.579201010 -0.484331351 -0.431330183
1413393941.205760479 1.722142192 0.828493939 1.162382151 -0.485059484 0.566336552 -0.495323886 -0.445684255
1413393941.255760431 1.687993625 0.816159258 1.182644793 -0.482865116 0.559830012 -0.498550323 -0.452635850
1413393941.305760384 1.650707411 0.811498190 1.203974620 -0.491128119 0.562549506 -0.492560704 -0.446895040
1413393941.355760574 1.615238081 0.813010438 1.214168344 -0.502810505 0.570355709 -0.482439017 -0.434889131
1413393941.405760527 1.578200354 0.819752192 1.225752948 -0.518002071 0.582104673 -0.467691907 -0.417243674
1413393941.455760479 1.538803712 0.829463864 1.224861878 -0.533732446 0.594204049 -0.451257678 -0.398017252
1413393941.505760431 1.500248481 0.837810883 1.226954031 -0.550317795 0.607186934 -0.431927155 -0.376713797
1413393941.555760384 1.458340041 0.848432845 1.222218540 -0.564859001 0.618146754 -0.414124053 -0.356833531
1413393941.605760574 1.414825785 0.861361577 1.223140427 -0.577006776 0.627762175 -0.398354049 -0.338070827
1413393941.655760527 1.372090920 0.868877768 1.223597323 -0.585985372 0.634348707 -0.385731575 -0.324706044
1413393941.705760479 1.330465613 0.869617619 1.223452570 -0.591490056 0.640567414 -0.374655306 -0.315351081
1413393941.755760431 1.285653276 0.868772027 1.222251485 -0.595997048 0.645312219 -0.364820735 -0.308651083
1413393941.805760384 1.239047772 0.862523682 1.220000776 -0.598554121 0.648551063 -0.357776077 -0.305140561
1413393941.855760574 1.195799744 0.853103866 1.214424484 -0.596485008 0.648230452 -0.357086620 -0.310631715
1413393941.905760527 1.150682060 0.837477133 1.209383757 -0.588493779 0.642868673 -0.367512013 -0.324545625
1413393941.955760479 1.108455517 0.813640453 1.208106363 -0.577954598 0.634926917 -0.380926550 -0.343119886
1413393942.005760431 1.068450420 0.782031934 1.209315546 -0.564236089 0.623586227 -0.398714454 -0.365793163
1413393942.055760384 1.027315929 0.750569898 1.214279728 -0.547171789 0.609605541 -0.419232656 -0.391443608
1413393942.105760574 0.990418967 0.725370205 1.223761442 -0.530238243 0.594485206 -0.438306361 -0.416319924
1413393942.155760527 0.960352728 0.698146185 1.230137396 -0.514491843 0.580426688 -0.454154548 -0.438345354
1413393942.205760479 0.919076536 0.660925939 1.233343695 -0.502033950 0.568407275 -0.465838967 -0.455926682
1413393942.255760431 0.878393258 0.628424152 1.237483015 -0.494174333 0.560408604 -0.472115509 -0.467804309
1413393942.305760384 0.838034839 0.605344113 1.236420225 -0.488019491 0.554631000 -0.477045071 -0.476077126
1413393942.355760574 0.799915047 0.587672504 1.234242156 -0.486351670 0.552128008 -0.477728802 -0.479991570
1413393942.405760527 0.764161216 0.577291860 1.233603403 -0.489228185 0.554089853 -0.473908714 -0.478592465
1413393942.455760479 0.726903922 0.568257831 1.240487930 -0.497602814 0.562658332 -0.463822691 -0.469761166
1413393942.505760431 0.694029333 0.573560366 1.239980332 -0.507402492 0.570906521 -0.453011198 -0.459770932
1413393942.555760384 0.661771470 0.583079363 1.242070228 -0.520191764 0.582552548 -0.438485808 -0.444705806
1413393942.605760574 0.633677221 0.595469856 1.240062274 -0.534125156 0.596332408 -0.420850740 -0.426594223
1413393942.655760527 0.604649396 0.606945240 1.233410113 -0.546936819 0.609858110 -0.404348890 -0.406737232
1413393942.705760479 0.575310458 0.620504715 1.226886829 -0.558730611 0.621134693 -0.388321171 -0.388868186
1413393942.755760431 0.546211345 0.630877670 1.220114130 -0.568260036 0.630581776 -0.374716237 -0.372873836
1413393942.805760384 0.517010076 0.639302798 1.210433618 -0.576546241 0.637120690 -0.363340952 -0.360076396
1413393942.855760574 0.490948701 0.645516807 1.200395078 -0.582514931 0.641826712 -0.354742983 -0.350559900
1413393942.905760527 0.464132284 0.647102483 1.189677336 -0.587292013 0.645081800 -0.348488045 -0.342802633
1413393942.955760479 0.438759217 0.645824192 1.174888311 -0.590163998 0.646979787 -0.344933809 -0.337852449
1413393943.005760431 0.414563241 0.641432709 1.156639133 -0.588769380 0.644412574 -0.348560113 -0.341451166
1413393943.055760384 0.392015713 0.626805522 1.144091667 -0.582541284 0.636444294 -0.360947544 -0.353979073
1413393943.105760574 0.370045041 0.609301901 1.134790032 -0.572148749 0.624939694 -0.377645153 -0.373470650
1413393943.155760527 0.350141937 0.588140437 1.131147787 -0.559014915 0.610656391 -0.398152923 -0.395063726
1413393943.205760479 0.329463194 0.564602027 1.128940194 -0.545631456 0.595442263 -0.418551603 -0.415390637
1413393943.255760431 0.311674652 0.536817569 1.127473156 -0.530922130 0.581641109 -0.435522967 -0.436044789
1413393943.305760384 0.295774415 0.514966775 1.124729371 -0.517339014 0.570127368 -0.451170765 -0.451397907
1413393943.355760574 0.277521698 0.496961884 1.121994798 -0.506586209 0.558080514 -0.465899917 -0.463523267
1413393943.405760527 0.264850717 0.481116331 1.118902899 -0.496976125 0.551041236 -0.475033439 -0.472981520
1413393943.455760479 0.250311628 0.468733860 1.118591732 -0.492002687 0.546576843 -0.480506457 -0.477808178
1413393943.505760431 0.240454108 0.452688911 1.121876628 -0.498113179 0.550353062 -0.473573582 -0.474049396
1413393943.555760384 0.231248491 0.451706722 1.114874049 -0.506976953 0.560200916 -0.460865648 -0.465566491
1413393943.605760574 0.220561939 0.450484055 1.111689155 -0.518916098 0.572303629 -0.445121883 -0.452836779
1413393943.655760527 0.210616319 0.459029062 1.105294949 -0.533365583 0.586285518 -0.426847382 -0.435421359
1413393943.705760479 0.201330217 0.469624316 1.099806473 -0.546687364 0.600575130 -0.407687499 -0.417412676
1413393943.755760431 0.191574851 0.481730940 1.094531923 -0.558450259 0.614083167 -0.390298584 -0.398374433
1413393943.805760384 0.182277736 0.494069856 1.087224631 -0.568555203 0.625028635 -0.374229868 -0.382146821
1413393943.855760574 0.171626232 0.503216371 1.081658956 -0.573548142 0.634704281 -0.360954708 -0.371355226
1413393943.905760527 0.163270776 0.510500058 1.076105999 -0.574101301 0.642531307 -0.351597107 -0.365979084
1413393943.955760479 0.152970576 0.513781331 1.072469218 -0.571899089 0.646492082 -0.346488112 -0.367321940
1413393944.005760431 0.142980658 0.507421032 1.075720661 -0.562672927 0.649487413 -0.348659640 -0.374168054
1413393944.055760384 0.133266505 0.497816137 1.078668869 -0.549053211 0.649853311 -0.355967400 -0.386676163
1413393944.105760574 0.125742328 0.483178182 1.087162378 -0.531495630 0.650373964 -0.367529022 -0.399310055
1413393944.155760527 0.118146565 0.464643492 1.096317118 -0.510357887 0.650932363 -0.382138259 -0.412058536
1413393944.205760479 0.108788848 0.443550211 1.106737303 -0.487423759 0.651051116 -0.397416138 -0.424983454
1413393944.255760431 0.100509162 0.423693061 1.118835015 -0.466456105 0.647375129 -0.410441001 -0.441432134
1413393944.305760384 0.094803157 0.406703855 1.129297619 -0.445656400 0.643842981 -0.420940163 -0.457892965
1413393944.355760574 0.089222438 0.387432962 1.140880739 -0.428777281 0.641224262 -0.425338793 -0.473358637
1413393944.405760527 0.079840590 0.374191659 1.146240527 -0.415695939 0.638586545 -0.426892311 -0.486998014
1413393944.455760479 0.073269865 0.366532431 1.150854989 -0.405671148 0.638397682 -0.426317751 -0.496117420
1413393944.505760431 0.064761734 0.361468031 1.156879610 0.403992508 -0.641477564 0.416885624 0.501500713
1413393944.555760384 0.055507564 0.359213399 1.162953570 -0.410358064 0.649547790 -0.399849034 -0.499814644
1413393944.605760574 0.046496190 0.366725606 1.169042479 -0.418985924 0.660489861 -0.379609401 -0.494065423
1413393944.655760527 0.036812347 0.377267572 1.174676923 -0.428881060 0.674035341 -0.359946307 -0.481846502
1413393944.705760479 0.027272833 0.389759829 1.180054701 -0.439458579 0.688311085 -0.340800514 -0.465788597
1413393944.755760431 0.017978843 0.401791556 1.186315985 -0.448100905 0.701628874 -0.323383628 -0.449828336
1413393944.805760384 0.007933631 0.417104534 1.190761944 -0.454719084 0.712974720 -0.310479081 -0.434166262
1413393944.855760574 -0.002400457 0.427848518 1.198363346 -0.459811536 0.722106337 -0.299814724 -0.421007031
1413393944.905760527 -0.011832516 0.435691167 1.206392799 -0.463062641 0.728947968 -0.291437662 -0.411426712
1413393944.955760479 -0.020250164 0.436639790 1.214533019 -0.463648267 0.734813646 -0.286547605 -0.403695008
1413393945.005760431 -0.028618338 0.440698565 1.223707692 -0.460644702 0.735128580 -0.286397119 -0.406656020
1413393945.055760384 -0.039857409 0.437257911 1.237204680 -0.453252015 0.730193961 -0.291130989 -0.420264366
1413393945.105760574 -0.053142362 0.428243434 1.253538938 -0.441791416 0.721229212 -0.299600444 -0.441461597
1413393945.155760527 -0.071092922 0.414231285 1.269923662 -0.427836969 0.710153847 -0.309433970 -0.465711991
1413393945.205760479 -0.087554285 0.398788060 1.281849358 -0.411044582 0.697507306 -0.319092847 -0.492651667
1413393945.255760431 -0.102446230 0.388992238 1.294525560 0.393721458 -0.684719691 0.327607124 0.518474619
1413393945.305760384 -0.117001282 0.377689809 1.301218688 0.377005847 -0.675132247 0.333123934 0.539528948
1413393945.355760574 -0.131181257 0.365168832 1.305173924 0.362826531 -0.671759439 0.332579699 0.553612597
1413393945.405760527 -0.138591288 0.358900746 1.301946225 0.351267700 -0.673059474 0.329208727 0.561447738
1413393945.455760479 -0.146069324 0.355531001 1.295953695 0.342046241 -0.679651113 0.323643671 0.562435336
1413393945.505760431 -0.150538459 0.358360505 1.283201053 0.333681635 -0.692867984 0.315394025 0.555983032
1413393945.555760384 -0.153121959 0.366012631 1.267719738 0.327911746 -0.708073085 0.304259910 0.546381094
1413393945.605760574 -0.152850415 0.376357559 1.253958804 0.324168648 -0.722905026 0.290389002 0.536653742
1413393945.655760527 -0.153072323 0.392137149 1.238936061 0.320554323 -0.737219978 0.275068164 0.527341573
1413393945.705760479 -0.154114580 0.408153838 1.223533301 0.317734974 -0.751626813 0.258357124 0.517062101
1413393945.755760431 -0.153170404 0.425106620 1.208812730 0.314170354 -0.766096075 0.241387675 0.506088710
1413393945.805760384 -0.151513685 0.445853467 1.196183474 -0.310064007 0.780483896 -0.224499579 -0.494272333
1413393945.855760574 -0.147913952 0.460966003 1.184498817 -0.304724999 0.793138202 -0.208153452 -0.484506562
1413393945.905760527 -0.147713484 0.474971476 1.173706788 -0.298939684 0.802403677 -0.194185432 -0.478618243
1413393945.955760479 -0.147392654 0.489314769 1.168200032 -0.288394136 0.805193531 -0.187101070 -0.483203259
1413393946.005760431 -0.148683767 0.506334575 1.167971469 -0.276146598 0.801703870 -0.181587441 -0.498036106
1413393946.055760384 -0.156167853 0.520895010 1.170215883 0.262570871 -0.794435453 0.179905879 0.517264655
1413393946.105760574 -0.163392694 0.529210113 1.172786367 0.247978117 -0.784471739 0.178151819 0.539789657
1413393946.155760527 -0.171038874 0.534572960 1.175872986 0.232624521 -0.773481820 0.176916439 0.562416465
1413393946.205760479 -0.173377019 0.537510127 1.180825646 0.217405399 -0.762967470 0.174947441 0.583102843
1413393946.255760431 -0.166504517 0.542227587 1.186010910 0.202585853 -0.756246618 0.170410540 0.598339597
1413393946.305760384 -0.159373602 0.549055376 1.191289591 0.189245840 -0.756938437 0.163992510 0.603603075
1413393946.355760574 -0.147548884 0.556874512 1.195650060 0.174305155 -0.761838141 0.159779524 0.603067876
1413393946.405760527 -0.130553136 0.560747237 1.198425835 0.159041017 -0.772741311 0.152801118 0.595171102
1413393946.455760479 -0.102194658 0.568343190 1.206004935 0.144470588 -0.784830315 0.146665056 0.584516029
1413393946.505760431 -0.074593258 0.573749702 1.207707888 0.129229883 -0.797946029 0.136268924 0.572723802
1413393946.555760384 -0.050502820 0.583770386 1.211688626 0.115929397 -0.812233701 0.123514826 0.558194301
1413393946.605760574 -0.030124021 0.592548324 1.214584289 0.105211727 -0.826536433 0.108221601 0.542269400
1413393946.655760527 -0.006707450 0.602299449 1.217820539 0.093062391 -0.840887489 0.089323231 0.525612959
1413393946.705760479 0.013127658 0.618271512 1.225227710 0.082487751 -0.853243898 0.069098676 0.510290108
1413393946.755760431 0.029954592 0.633185351 1.227005999 0.071880567 -0.861368406 0.050208032 0.500356679
1413393946.805760384 0.042259426 0.645386755 1.231586897 -0.058120720 0.865575351 -0.032298434 -0.496344744
1413393946.855760574 0.053042856 0.655792795 1.234099925 -0.043878883 0.865009398 -0.017830622 -0.499515220
1413393946.905760527 0.056166181 0.662226092 1.237937909 0.030206424 -0.860057928 0.004499082 0.509281544
1413393946.955760479 0.054223130 0.666866496 1.241650981 0.015897662 -0.849053372 -0.006466965 0.528028232
1413393947.005760431 0.045824748 0.669908227 1.245015974 0.001801218 -0.833315005 -0.016244435 0.552556763
1413393947.055760384 0.039931723 0.672770083 1.248935820 -0.011999734 -0.816763442 -0.026092232 0.576257478
1413393947.105760574 0.038327504 0.675872173 1.251892282 -0.025716644 -0.801876767 -0.035767426 0.595863235
1413393947.155760527 0.035107435 0.673929205 1.253544134 -0.040057162 -0.792350563 -0.046400602 0.606978577
1413393947.205760479 0.034203572 0.671100542 1.246857449 -0.054686494 -0.787290110 -0.056851281 0.611515823
1413393947.255760431 0.033602428 0.667443986 1.237890793 -0.068533188 -0.785426378 -0.067010885 0.611488469
1413393947.305760384 0.046681354 0.663836864 1.223203494 -0.083909822 -0.783708817 -0.077345302 0.610554941
1413393947.355760574 0.065068350 0.651526918 1.205816063 -0.099478928 -0.782031308 -0.087096481 0.609052690
1413393947.405760527 0.082241717 0.640316561 1.181236187 -0.117178692 -0.782064682 -0.093097898 0.604960138
1413393947.455760479 0.101092741 0.632633447 1.155677339 -0.140294555 -0.783720217 -0.093536953 0.597788339
1413393947.505760431 0.121225190 0.622750422 1.130768035 -0.163725659 -0.785872097 -0.093070514 0.589013443
1413393947.555760384 0.141435480 0.612561139 1.105613291 -0.187254828 -0.787103124 -0.091463854 0.580550313
1413393947.605760574 0.165170472 0.603775074 1.080424563 -0.211575082 -0.787457561 -0.091728324 0.571605186
1413393947.655760527 0.187771488 0.598515757 1.054476935 -0.234349129 -0.789611623 -0.092126216 0.559559408
1413393947.705760479 0.213045013 0.592207510 1.031764324 -0.252634036 -0.794051652 -0.096990620 0.544289295
1413393947.755760431 0.240060430 0.589511338 1.008134572 -0.267105114 -0.798538638 -0.109890351 0.528124050
1413393947.805760384 0.266214424 0.594237479 0.988112267 -0.276104850 -0.803341098 -0.126960963 0.512142662
1413393947.855760574 0.287928889 0.599529068 0.972764121 0.281891578 0.806162069 0.148128138 -0.498696212
1413393947.905760527 0.312768911 0.610508983 0.958219660 0.287484388 0.805156113 0.168128548 -0.490723090
1413393947.955760479 0.334256609 0.620666776 0.949069339 0.289961717 0.800738733 0.189808784 -0.488581938
1413393948.005760431 0.353685243 0.633057711 0.942598411 0.286728181 0.793202262 0.216933167 -0.491484611
1413393948.055760384 0.365932870 0.651018435 0.934317983 0.284425467 0.785720783 0.240016364 -0.494102368
1413393948.105760574 0.377124708 0.667467427 0.926781290 0.283306242 0.778050206 0.259293641 -0.497134043
1413393948.155760527 0.387387770 0.682089834 0.918571433 -0.286847303 -0.769382251 -0.272065157 0.501747075
1413393948.205760479 0.395878373 0.693036334 0.911766675 -0.291647661 -0.758711700 -0.280929672 0.510271219
1413393948.255760431 0.403108910 0.702058151 0.905692389 -0.297952002 -0.747879540 -0.286790098 0.519280500
1413393948.305760384 0.406730781 0.707578656 0.900867697 -0.305477278 -0.736197505 -0.289265190 0.530115569
1413393948.355760574 0.411888432 0.707877814 0.897396109 -0.311904357 -0.723492423 -0.293905568 0.541196732
1413393948.405760527 0.415950331 0.706882983 0.895682393 -0.317471599 -0.712470182 -0.298303649 0.550102679
1413393948.455760479 0.419895392 0.701414006 0.895393329 -0.323514410 -0.703618160 -0.301630905 0.556128320
1413393948.505760431 0.426837245 0.691564189 0.896220347 -0.331424474 -0.697768996 -0.304827613 0.557096376
1413393948.555760384 0.433663943 0.684200867 0.894280408 -0.342851337 -0.698907195 -0.301573237 0.550486399
1413393948.605760574 0.442130239 0.671129914 0.892463401 -0.354877010 -0.704665350 -0.299431151 0.536516577
1413393948.655760527 0.453050505 0.654341651 0.887674377 -0.367900107 -0.713058654 -0.297156294 0.517585746
1413393948.705760479 0.465573070 0.635421482 0.884813122 0.380471475 0.722109970 0.293881189 -0.497425868
1413393948.755760431 0.478219051 0.614727037 0.880477155 0.393932543 0.730012998 0.292072174 -0.476016827
1413393948.805760384 0.491241497 0.593343010 0.879046047 0.407372146 0.735194649 0.288266213 -0.458736693
1413393948.855760574 0.504483542 0.570408465 0.878795908 0.420968309 0.736786275 0.285847511 -0.445222269
1413393948.905760527 0.519551122 0.549788256 0.876022512 0.433200676 0.734037740 0.286703425 -0.437409324
1413393948.955760479 0.529261427 0.530774744 0.874866317 0.443981410 0.727892839 0.290848328 -0.434119536
1413393949.005760431 0.534306350 0.518202835 0.879043437 0.451757529 0.718153084 0.299593182 -0.436365910
1413393949.055760384 0.539998710 0.507366101 0.885503631 0.455440620 0.707014237 0.313510782 -0.440925957
1413393949.105760574 0.544078823 0.500249323 0.894763313 0.458721137 0.693940868 0.328839850 -0.447085387
1413393949.155760527 0.548387012 0.493623950 0.903865238 0.460481603 0.680047108 0.345493305 -0.454012115
1413393949.205760479 0.551111498 0.489170672 0.911564052 0.461851340 0.666383507 0.360958948 -0.460798219
1413393949.255760431 0.552916751 0.481521099 0.920823008 0.463772568 0.652794239 0.375548249 -0.466624259
1413393949.305760384 0.555232185 0.476177198 0.931654315 0.465487757 0.639141760 0.389495479 -0.472347574
1413393949.355760574 0.556794413 0.468673155 0.941530313 0.468087794 0.626260197 0.401292541 -0.477133398
1413393949.405760527 0.558583349 0.454056255 0.948797211 0.470100309 0.611948660 0.413303792 -0.483429946
1413393949.455760479 0.560243524 0.436937170 0.956201908 0.474114151 0.598626008 0.421465467 -0.489110964
1413393949.505760431 0.562800031 0.426386559 0.961936724 0.485241346 0.590421231 0.418666016 -0.490573515
1413393949.555760384 0.564917871 0.408491737 0.966971697 0.500549363 0.586949241 0.409293458 -0.487257415
1413393949.605760574 0.568931457 0.383180807 0.971599595 0.515871516 0.585741721 0.397919656 -0.482123597
1413393949.655760527 0.572914602 0.355294937 0.978411237 0.529336910 0.586258414 0.384907036 -0.477441181
1413393949.705760479 0.581443821 0.322852603 0.981602563 0.544335214 0.584246978 0.371433120 -0.473700412
1413393949.755760431 0.592067038 0.290627743 0.985233651 0.558563039 0.580528232 0.358913018 -0.471355226
1413393949.805760384 0.606473627 0.258614852 0.988154824 0.572017282 0.574713736 0.346924231 -0.471321470
1413393949.855760574 0.623746668 0.228261254 0.993650556 0.585857340 0.566633833 0.335827790 -0.472140839
1413393949.905760527 0.645939307 0.198927552 1.000832607 0.598269753 0.560026525 0.325554066 -0.471654687
1413393949.955760479 0.671978648 0.170078385 1.011222092 0.607288234 0.554972472 0.317429351 -0.471640925
1413393950.005760431 0.703371830 0.141813913 1.023349036 0.613350495 0.552782018 0.315397518 -0.467715315
1413393950.055760384 0.741641923 0.121505748 1.036737651 0.612346055 0.560196855 0.320420804 -0.456664320
1413393950.105760574 0.783953733 0.099575993 1.052395780 0.605202781 0.572959363 0.335841922 -0.438927517
1413393950.155760527 0.836241200 0.076735544 1.064309428 0.600012396 0.585969478 0.347800487 -0.419117783
1413393950.205760479 0.889231008 0.061365512 1.079228332 0.592085023 0.600739874 0.359434927 -0.399191010
1413393950.255760431 0.945544530 0.047617715 1.091285924 0.584682466 0.613965251 0.369476961 -0.380368058
1413393950.305760384 1.006121079 0.032569927 1.098210166 0.580816152 0.621540177 0.376154209 -0.367217125
1413393950.355760574 1.061768146 0.025015801 1.107324415 0.580701482 0.625695607 0.377095421 -0.359290745
1413393950.405760527 1.115643615 0.019468225 1.113349151 0.581434483 0.626939757 0.376797866 -0.356235668
1413393950.455760479 1.169150344 0.012637697 1.118386637 0.582021811 0.625320544 0.378232032 -0.356602522
1413393950.505760431 1.221537631 0.010585791 1.123209454 0.582469097 0.620742576 0.380586639 -0.361333939
1413393950.555760384 1.271722382 0.009476599 1.126965039 0.579417664 0.615003994 0.387153488 -0.368995168
1413393950.605760574 1.321975986 0.017673125 1.129688994 0.576176597 0.609509402 0.393304614 -0.376603635
1413393950.655760527 1.369758334 0.027479314 1.131897778 0.572477819 0.602689515 0.400810944 -0.385207844
1413393950.705760479 1.419422321 0.040818752 1.128895471 0.568106849 0.597261279 0.408012236 -0.392504252
1413393950.755760431 1.465418405 0.054462496 1.125175219 0.563950119 0.593607173 0.414717324 -0.396989078
1413393950.805760384 1.511860032 0.064422532 1.114102002 0.561000858 0.589923519 0.421033915 -0.399998403
1413393950.855760574 1.557740742 0.082272600 1.098258107 0.558140305 0.588299172 0.424682520 -0.402527318
1413393950.905760527 1.601486349 0.097121707 1.081777352 0.555773812 0.588929215 0.429412431 -0.399853490
1413393950.955760479 1.645238374 0.110592824 1.065597077 0.552618120 0.591295066 0.436056150 -0.393495098
1413393951.005760431 1.689066383 0.127456476 1.047217156 0.548963315 0.595775002 0.440405545 -0.386955271
1413393951.055760384 1.731865845 0.143225354 1.024793987 0.547828579 0.598070823 0.443072602 -0.381944770
1413393951.105760574 1.770835763 0.155763371 1.006630394 0.549748759 0.597766930 0.442044637 -0.380851070
1413393951.155760527 1.807177533 0.170713902 0.991774643 0.551629266 0.596013582 0.440100802 -0.383124323
1413393951.205760479 1.842043055 0.187155352 0.978364947 0.553934053 0.593284059 0.437916909 -0.386522795
1413393951.255760431 1.874580109 0.202396607 0.965135857 0.555911960 0.590309844 0.436590723 -0.389723904
1413393951.305760384 1.906556850 0.219334648 0.953933122 0.558416049 0.588230119 0.435051441 -0.391007783
1413393951.355760574 1.934527067 0.236206225 0.948387526 0.559842675 0.587120437 0.434556408 -0.391186017
1413393951.405760527 1.963145936 0.251292354 0.940752536 0.562831739 0.586749867 0.433122421 -0.389037268
1413393951.455760479 1.991887324 0.265095860 0.934050026 0.566341895 0.587661477 0.431558736 -0.384275817
1413393951.505760431 2.019293453 0.281344471 0.923610657 0.568922483 0.589262054 0.429364403 -0.380451902
1413393951.555760384 2.044912313 0.297789954 0.913145146 0.571466107 0.590290971 0.427767977 -0.376825711
1413393951.605760574 2.067032854 0.314013836 0.905167439 0.572248036 0.590837312 0.428728126 -0.373678540
1413393951.655760527 2.086749607 0.332422694 0.894295115 0.572240730 0.589543122 0.431176072 -0.372916409
1413393951.705760479 2.106817636 0.356514336 0.879711012 0.570997174 0.588984589 0.434224620 -0.372167113
1413393951.755760431 2.125378785 0.380306744 0.861572170 0.570008798 0.587764499 0.437928224 -0.371270432
1413393951.805760384 2.144032547 0.406334079 0.840202728 0.569846556 0.584889717 0.440094960 -0.373490759
1413393951.855760574 2.161713826 0.426929122 0.824651758 0.569766971 0.580584498 0.443400326 -0.376408540
1413393951.905760527 2.176244278 0.452516416 0.811758165 0.570377817 0.577852363 0.445092202 -0.377688661
1413393951.955760479 2.190155910 0.479124139 0.797068859 0.571856360 0.575130137 0.445857739 -0.378703717
1413393952.005760431 2.203588089 0.504295143 0.781890685 0.573662774 0.572520151 0.446726252 -0.378902829
1413393952.055760384 2.213599979 0.530111749 0.770958587 0.575089167 0.570133629 0.448059363 -0.378764971
1413393952.105760574 2.219425697 0.557959630 0.766436923 0.576153508 0.568222484 0.448835458 -0.379100352
1413393952.155760527 2.225878576 0.583493569 0.761629579 0.576859978 0.566077603 0.451019709 -0.378642225
1413393952.205760479 2.231449127 0.611556369 0.755966273 0.579171650 0.563150506 0.450389087 -0.380225430
1413393952.255760431 2.234689100 0.639787773 0.754834302 0.581249217 0.560509314 0.449908905 -0.381524094
1413393952.305760384 2.237035674 0.668725945 0.756609858 0.582435491 0.559069363 0.449337069 -0.382500385
1413393952.355760574 2.237423646 0.700162664 0.761750729 0.581533335 0.559514922 0.447597447 -0.385251293
1413393952.405760527 2.236306230 0.731057539 0.765541101 0.578622147 0.562067186 0.445908720 -0.387868924
1413393952.455760479 2.237348943 0.757538429 0.769974061 0.574336263 0.565871618 0.445090078 -0.389643416
1413393952.505760431 2.237174165 0.786138642 0.774105952 0.569174157 0.571996561 0.442094758 -0.391679637
1413393952.555760384 2.235977311 0.812175812 0.780557962 0.563392160 0.578825285 0.439156392 -0.393309327
1413393952.605760574 2.234587759 0.838878371 0.784458025 0.556402152 0.585886946 0.436365593 -0.395901756
1413393952.655760527 2.229166859 0.870082646 0.783904271 0.549397124 0.593260095 0.431939999 -0.399541109
1413393952.705760479 2.224481527 0.898174021 0.781397915 0.543747155 0.600755384 0.426306340 -0.402113048
1413393952.755760431 2.218842198 0.921768550 0.783917862 0.537381451 0.607047916 0.420644717 -0.407151108
1413393952.805760384 2.211521147 0.946591354 0.788136668 0.531252289 0.613130051 0.415458857 -0.411383622
1413393952.855760574 2.207065100 0.967720418 0.789540782 0.527914752 0.617535242 0.409717491 -0.414834687
1413393952.905760527 2.201901402 0.990874280 0.791670959 0.527325849 0.619775867 0.401785723 -0.419968518
1413393952.955760479 2.195191186 1.015999411 0.798745573 0.527302997 0.621517447 0.393319713 -0.425402416
1413393953.005760431 2.189219101 1.036753922 0.807697637 0.528279488 0.621513341 0.386250042 -0.430642375
1413393953.055760384 2.183299636 1.061485157 0.812314831 0.529165883 0.621880094 0.378935669 -0.435495552
1413393953.105760574 2.175277651 1.087880894 0.813813602 0.530320634 0.622186420 0.372876436 -0.438870422
1413393953.155760527 2.166598004 1.114456938 0.813225828 0.531645238 0.621946281 0.368346032 -0.441426512
1413393953.205760479 2.158015331 1.139787822 0.811978326 0.531985473 0.622139998 0.365000153 -0.443517946
1413393953.255760431 2.153188760 1.163203675 0.806383484 0.532551360 0.620806501 0.362918394 -0.446406292
1413393953.305760384 2.149725801 1.186526859 0.795578159 0.533984694 0.618640905 0.359370952 -0.450551102
1413393953.355760574 2.148052916 1.214457917 0.787602422 0.535167013 0.616409909 0.356743567 -0.454278681
1413393953.405760527 2.149159478 1.239131025 0.785618174 0.535073414 0.613052703 0.357430598 -0.458373421
1413393953.455760479 2.152128021 1.267192939 0.787250549 0.534779107 0.611078027 0.358450146 -0.460552327
1413393953.505760431 2.156523636 1.298899454 0.793308914 0.531033987 0.610146861 0.363502572 -0.462157540
1413393953.555760384 2.161454979 1.325685563 0.809430681 0.524836387 0.611091327 0.374070594 -0.459549070
1413393953.605760574 2.171042574 1.355043715 0.816684622 0.517872600 0.613070455 0.385438319 -0.455400801
1413393953.655760527 2.183074441 1.382285912 0.826895933 0.512185622 0.615439722 0.394213113 -0.451105152
1413393953.705760479 2.198691764 1.405011413 0.836623524 0.507411527 0.616195026 0.402820430 -0.447853696
1413393953.755760431 2.211365309 1.428680754 0.845463695 0.503252935 0.616023926 0.409687678 -0.446550123
1413393953.805760384 2.221708573 1.451185820 0.854076416 0.500453465 0.616766157 0.413189793 -0.445443634
1413393953.855760574 2.228384122 1.474436333 0.861551219 0.496757116 0.618890622 0.414964969 -0.444984090
1413393953.905760527 2.236735281 1.492872249 0.865854314 0.492978066 0.620212694 0.414975513 -0.447330039
1413393953.955760479 2.246942620 1.512117973 0.858895180 0.491899054 0.624918014 0.410118159 -0.446448084
1413393954.005760431 2.255031635 1.526012707 0.854033068 0.491733939 0.632413200 0.403126291 -0.442425667
1413393954.055760384 2.261186213 1.539933595 0.850295009 0.490178306 0.640471947 0.395692271 -0.439259081
1413393954.105760574 2.268791894 1.548868354 0.845130869 0.491038229 0.648256824 0.385617678 -0.435825141
1413393954.155760527 2.279365972 1.554582929 0.843548216 0.491337225 0.658261502 0.375041181 -0.429678530
1413393954.205760479 2.286170948 1.564935416 0.842154158 0.491457750 0.668994217 0.362232511 -0.423914644
1413393954.255760431 2.291046151 1.572741488 0.846326199 0.489811669 0.679291224 0.350572255 -0.419221965
1413393954.305760384 2.295017906 1.582125343 0.847972279 0.486549123 0.688661410 0.339628683 -0.416734653
1413393954.355760574 2.291990184 1.592371617 0.856908012 0.481530210 0.697990032 0.329992406 -0.414781369
1413393954.405760527 2.289336476 1.610050494 0.860921753 0.474605717 0.707187858 0.320191371 -0.414864114
1413393954.455760479 2.282541968 1.628029581 0.867986787 0.465948818 0.715990272 0.311856153 -0.415927120
1413393954.505760431 2.274612607 1.647849112 0.877817211 0.455508254 0.724516909 0.304826287 -0.417933505
1413393954.555760384 2.265005788 1.672388256 0.879282556 0.444561702 0.731924935 0.297089347 -0.422360868
1413393954.605760574 2.261526776 1.690219455 0.892223305 0.434859958 0.738534656 0.290676759 -0.425406159
1413393954.655760527 2.253274667 1.718042700 0.904447788 0.425055013 0.744935232 0.284101457 -0.428586161
1413393954.705760479 2.243589864 1.747407470 0.912832115 0.416591859 0.750607453 0.278433976 -0.430713589
1413393954.755760431 2.231542618 1.779991673 0.922040118 0.409943253 0.755226909 0.273702931 -0.432048088
1413393954.805760384 2.214141150 1.815278305 0.936683875 0.403586402 0.759589332 0.269918578 -0.432765552
1413393954.855760574 2.196927841 1.853798144 0.947375910 0.398646975 0.762876736 0.266705074 -0.433552856
1413393954.905760527 2.178736452 1.893265748 0.961883353 0.393782416 0.765198066 0.265089483 -0.434896419
1413393954.955760479 2.161990209 1.934515884 0.971763457 0.389828836 0.766042505 0.264683176 -0.437212964
1413393955.005760431 2.141390681 1.979908681 0.978430154 0.384714573 0.763923021 0.266440838 -0.444326002
1413393955.055760384 2.117128520 2.024701246 0.987600838 0.377574871 0.760449665 0.270679379 -0.453746842
1413393955.105760574 2.089597214 2.073339873 0.993583193 0.370116464 0.758366535 0.273460021 -0.461642305
1413393955.155760527 2.060930907 2.121933193 1.000835112 0.363293692 0.756125733 0.275844022 -0.469256480
1413393955.205760479 2.027976224 2.176451451 1.003814331 0.358703477 0.754339673 0.272819786 -0.477360281
1413393955.255760431 1.993587267 2.230132245 1.006812448 0.355286983 0.753479789 0.266684499 -0.484684171
1413393955.305760384 1.966636179 2.274269142 1.012244108 0.352691411 0.751565116 0.261485079 -0.492325298
1413393955.355760574 1.929302079 2.324945013 1.023540956 0.346850543 0.752986122 0.256046699 -0.497138501
1413393955.405760527 1.890377473 2.378788030 1.028594942 -0.340738921 -0.756066206 -0.248868356 0.500325316
1413393955.455760479 1.855469220 2.432807330 1.037907232 -0.329559459 -0.758524195 -0.244098365 0.506406553
1413393955.505760431 1.815672755 2.487606261 1.047587152 -0.315300186 -0.760552619 -0.238974141 0.514817313
1413393955.555760384 1.778176548 2.537124189 1.057819247 -0.299211841 -0.761519334 -0.234506101 0.524945204
1413393955.605760574 1.738954495 2.588911601 1.059859039 -0.278952659 -0.763218790 -0.230562066 0.535279017
1413393955.655760527 1.698985607 2.634398668 1.065713680 -0.257624630 -0.766442859 -0.228522662 0.542192113
1413393955.705760479 1.663243827 2.676934226 1.068409360 -0.236361636 -0.772084866 -0.229712899 0.543369230
1413393955.755760431 1.627129377 2.721791306 1.064958991 -0.214511256 -0.778581902 -0.233002898 0.541760825
1413393955.805760384 1.597276738 2.761242894 1.057106301 -0.195860303 -0.785695320 -0.236353456 0.537083466
1413393955.855760574 1.566836865 2.799554528 1.040968180 -0.182430689 -0.793524179 -0.237429749 0.529778761
1413393955.905760527 1.536371532 2.834353038 1.019791109 -0.175713834 -0.801322352 -0.231407535 0.522931821
1413393955.955760479 1.506945768 2.863551392 0.995656525 -0.177031758 -0.807606868 -0.216144101 0.519338648
1413393956.005760431 1.475166396 2.888349659 0.979461415 -0.181118103 -0.811892968 -0.199054394 0.518076624
1413393956.055760384 1.439942836 2.908826732 0.971640903 -0.184757234 -0.814662489 -0.182275194 0.518618884
1413393956.105760574 1.401081102 2.927053092 0.970398494 -0.187033767 -0.816100686 -0.166933425 0.520702671
1413393956.155760527 1.359118087 2.943456935 0.972338308 -0.185511456 -0.817087483 -0.154036309 0.523666268
1413393956.205760479 1.315774608 2.962531730 0.969974922 -0.181392733 -0.818305098 -0.141415187 0.526759136
1413393956.255760431 1.275943587 2.978498127 0.970311936 -0.173478733 -0.817298517 -0.133123740 0.533110058
1413393956.305760384 1.235298939 2.994828551 0.973647797 -0.161943192 -0.815411461 -0.126389331 0.541206328
1413393956.355760574 1.195592966 3.009014905 0.978001787 -0.148392724 -0.812555491 -0.119772748 0.550806375
1413393956.405760527 1.159109786 3.024115383 0.978346770 -0.134770927 -0.810116812 -0.112328986 0.559401239
1413393956.455760479 1.119376568 3.040605483 0.978754714 -0.120526324 -0.808282631 -0.103772455 0.566907286
1413393956.505760431 1.079862920 3.055853213 0.983308819 -0.105717075 -0.808517222 -0.093705463 0.571264464
1413393956.555760384 1.039771393 3.067287596 0.988114985 -0.091489726 -0.810684143 -0.082126017 0.572430055
1413393956.605760574 1.004506506 3.076081164 0.990728382 -0.077234607 -0.813794947 -0.069882791 0.571742071
1413393956.655760527 0.961223290 3.089156750 0.989041795 -0.061913937 -0.819570321 -0.055141830 0.566948438
1413393956.705760479 0.930063368 3.096396649 0.991219310 -0.047425417 -0.825809617 -0.042854474 0.560314912
1413393956.755760431 0.899836908 3.104665912 0.988751222 -0.033735208 -0.831877557 -0.029499400 0.553146862
1413393956.805760384 0.864711360 3.112688668 0.987397484 -0.018994358 -0.836337257 -0.015758450 0.547659455
1413393956.855760574 0.837064502 3.120818726 0.978642445 -0.007768649 -0.838512022 -0.000305434 0.544827627
1413393956.905760527 0.802125019 3.130146453 0.967845962 0.004608199 -0.839434898 0.016461467 0.543191345
1413393956.955760479 0.768062612 3.134106610 0.969007210 0.016556366 -0.839898858 0.030954677 0.541606502
1413393957.005760431 0.740579707 3.139235457 0.971749835 0.029317397 -0.839578355 0.043178879 0.540725679
1413393957.055760384 0.705295113 3.146513881 0.973818775 0.043658140 -0.839704232 0.055750604 0.538407503
1413393957.105760574 0.672814708 3.153189991 0.976722822 0.061096884 -0.838481401 0.064788685 0.537604443
1413393957.155760527 0.638070973 3.161510143 0.976731342 0.079161786 -0.836973825 0.074081922 0.536395466
1413393957.205760479 0.600793617 3.168610522 0.978881982 0.097811437 -0.834670059 0.084343745 0.535392331
1413393957.255760431 0.565234685 3.175569611 0.982525519 0.116069771 -0.832437196 0.095324774 0.533375393
1413393957.305760384 0.524008925 3.184891150 0.979615051 0.134593920 -0.830157532 0.108139470 0.530121500
1413393957.355760574 0.482906274 3.191532393 0.979645495 0.153204911 -0.826582235 0.120323823 0.528026743
1413393957.405760527 0.444650728 3.196461386 0.979765887 0.170023318 -0.822415551 0.131752007 0.526655619
1413393957.455760479 0.410817622 3.203313998 0.977440456 0.186315936 -0.816688827 0.143375675 0.527019115
1413393957.505760431 0.375464977 3.210096873 0.973520120 0.201042546 -0.811103748 0.154634524 0.527049114
1413393957.555760384 0.337233355 3.216566602 0.967909126 0.215635552 -0.805155442 0.166129617 0.526903192
1413393957.605760574 0.296894425 3.223746150 0.959128959 0.230668489 -0.798162557 0.178336654 0.527185563
1413393957.655760527 0.260949721 3.229794244 0.948480348 0.244521573 -0.789178564 0.191170831 0.529962365
1413393957.705760479 0.222017198 3.236801549 0.937318181 0.258614464 -0.779249389 0.204466574 0.532993780
1413393957.755760431 0.191036305 3.242764119 0.927058635 0.273451964 -0.769588070 0.215828868 0.535141221
1413393957.805760384 0.154975000 3.250817792 0.914435101 0.291182345 -0.760178777 0.224181833 0.535801805
1413393957.855760574 0.123401746 3.259157766 0.893949198 0.309085911 -0.751319193 0.230371658 0.535643789
1413393957.905760527 0.094955764 3.266784186 0.882398624 0.327767582 -0.744779811 0.232720154 0.532646951
1413393957.955760479 0.066308284 3.274288590 0.872704429 0.347681079 -0.738908446 0.232348379 0.528343077
1413393958.005760431 0.044548930 3.283999913 0.857291084 0.363775982 -0.735251621 0.231249143 0.523063976
1413393958.055760384 0.016745416 3.298157420 0.829550147 0.377553271 -0.731497747 0.233147970 0.517693536
1413393958.105760574 -0.002002718 3.308350321 0.805421099 0.386028400 -0.729566229 0.235967976 0.512868704
1413393958.155760527 -0.019716600 3.312309631 0.805117866 0.392836279 -0.729417188 0.238686250 0.506615335
1413393958.205760479 -0.035247250 3.316113468 0.806174899 0.397304742 -0.728572331 0.242387591 0.502572936
1413393958.255760431 -0.050407197 3.317339316 0.815456841 -0.397334054 0.729948155 -0.249571748 -0.497006321
1413393958.305760384 -0.062496693 3.318537695 0.823853387 -0.395189318 0.731986535 -0.257720403 -0.491529562
1413393958.355760574 -0.072420660 3.319826816 0.832343121 -0.390851930 0.734409620 -0.267168392 -0.486310939
1413393958.405760527 -0.081799716 3.318419540 0.843822229 -0.387602288 0.737932277 -0.273148169 -0.480219219
1413393958.455760479 -0.091203990 3.315390934 0.855971350 -0.385808207 0.741182452 -0.276221381 -0.474870876
1413393958.505760431 -0.096523386 3.313029978 0.864761598 -0.384996275 0.745101145 -0.276551101 -0.469171227
1413393958.555760384 -0.103236939 3.312039775 0.865364757 -0.385241764 0.749195251 -0.275477192 -0.463041657
1413393958.605760574 -0.112345256 3.310198103 0.863175898 -0.386112691 0.753350450 -0.273390477 -0.456768799
1413393958.655760527 -0.121148473 3.307389273 0.855552357 -0.386612483 0.756965922 -0.271033446 -0.451745783
1413393958.705760479 -0.131475669 3.302230660 0.846419386 -0.387231569 0.759573630 -0.268631333 -0.448259769
1413393958.755760431 -0.142709787 3.295514221 0.833019130 -0.386022165 0.758935558 -0.268532712 -0.450437444
1413393958.805760384 -0.155915627 3.286271767 0.821553385 -0.384084527 0.756026358 -0.269260382 -0.456510755
1413393958.855760574 -0.172114901 3.274260837 0.815913643 -0.382217500 0.752727989 -0.270034840 -0.463024343
1413393958.905760527 -0.185900952 3.263202556 0.804683065 -0.379749884 0.749740622 -0.270732854 -0.469449409
1413393958.955760479 -0.197059099 3.252532682 0.787119968 -0.376487071 0.747268259 -0.272138228 -0.475171990
1413393959.005760431 -0.215207251 3.240105393 0.763659053 -0.371966930 0.745417343 -0.276369188 -0.479180195
1413393959.055760384 -0.227634686 3.228514561 0.739435576 -0.364512322 0.744707404 -0.283298832 -0.481957905
1413393959.105760574 -0.243253487 3.214815386 0.714277317 -0.356694717 0.744102770 -0.291174518 -0.484042712
1413393959.155760527 -0.258377862 3.199751001 0.697257144 -0.350117932 0.742574099 -0.297343488 -0.487429987
1413393959.205760479 -0.275610843 3.187908762 0.678332440 -0.347349133 0.738965233 -0.300219201 -0.493099783
1413393959.255760431 -0.290742264 3.175691249 0.674540360 -0.348630244 0.737082259 -0.295913490 -0.497596124
1413393959.305760384 -0.305735054 3.166930121 0.660002441 -0.350839038 0.737549458 -0.290516314 -0.498530880
1413393959.355760574 -0.320108113 3.161919483 0.638795064 -0.353784069 0.738511669 -0.285249336 -0.498066425
1413393959.405760527 -0.337702250 3.155988928 0.623536414 -0.357105953 0.740254065 -0.280135165 -0.496007608
1413393959.455760479 -0.348092050 3.152814879 0.604173021 -0.358567822 0.741469116 -0.276126539 -0.495385509
1413393959.505760431 -0.359928894 3.151384105 0.584624568 -0.359316606 0.740659165 -0.273649365 -0.497424972
1413393959.555760384 -0.373138981 3.149742937 0.562009634 0.359425059 -0.737886888 0.273670059 0.501439195
1413393959.605760574 -0.384484923 3.146720125 0.545534071 0.356753458 -0.730408022 0.276617138 0.512556388
1413393959.655760527 -0.395821377 3.144973051 0.534008328 0.352875546 -0.720460214 0.281376423 0.526538923
1413393959.705760479 -0.408147137 3.144722915 0.521434582 0.348606251 -0.712334885 0.287009179 0.537288028
1413393959.755760431 -0.417829450 3.143839030 0.523780154 0.346126145 -0.708012347 0.289073965 0.543462465
1413393959.805760384 -0.428399344 3.145171436 0.528717891 0.347767945 -0.710995605 0.286948679 0.539632433
1413393959.855760574 -0.432144594 3.152539154 0.518100709 0.350863897 -0.718348358 0.282621179 0.530090022
1413393959.905760527 -0.428379030 3.163658731 0.507237797 0.354628279 -0.725564078 0.276111069 0.521112493
1413393959.955760479 -0.434464649 3.173108097 0.492667551 0.359504687 -0.733095668 0.270680533 0.509959969
1413393960.005760431 -0.430149143 3.184406588 0.483132749 0.362499510 -0.740049393 0.265381050 0.500493656
1413393960.055760384 -0.424553522 3.196934537 0.477093080 -0.365072491 0.746203978 -0.260600014 -0.491924112
1413393960.105760574 -0.425140972 3.204534516 0.478472697 -0.368328198 0.751942330 -0.256032183 -0.483078246
1413393960.155760527 -0.424022295 3.212916239 0.476461876 -0.371446918 0.756978713 -0.251794216 -0.474984303
1413393960.205760479 -0.418726008 3.221640122 0.477382093 -0.373809750 0.762531007 -0.246900759 -0.466746987
1413393960.255760431 -0.414654551 3.228976059 0.472348919 -0.376694910 0.768731433 -0.242124011 -0.456649637
1413393960.305760384 -0.414502293 3.234607793 0.463337712 -0.378440283 0.771887903 -0.240111335 -0.450908598
1413393960.355760574 -0.412810850 3.238642644 0.449382464 -0.378466165 0.771351110 -0.240931013 -0.451368003
1413393960.405760527 -0.417675227 3.237704267 0.445148518 -0.378413909 0.766756880 -0.245623156 -0.456679390
1413393960.455760479 -0.422193647 3.233907441 0.441969321 -0.378723800 0.760330609 -0.252255255 -0.463500738
1413393960.505760431 -0.426333280 3.226869743 0.442846190 -0.381154582 0.752992803 -0.259302106 -0.469558773
1413393960.555760384 -0.427733018 3.219755698 0.434461257 -0.385603818 0.746078424 -0.266860639 -0.472717759
1413393960.605760574 -0.432063559 3.209803774 0.428267889 -0.393223858 0.738726990 -0.274919893 -0.473367176
1413393960.655760527 -0.433146760 3.201394433 0.408170295 -0.401583621 0.730688916 -0.284580748 -0.473115314
1413393960.705760479 -0.432069599 3.190325961 0.384584348 -0.411879664 0.723188588 -0.293396415 -0.470395528
1413393960.755760431 -0.432471541 3.179098504 0.350991038 -0.422584714 0.716512610 -0.303128057 -0.464914207
1413393960.805760384 -0.429872728 3.165697682 0.323669982 -0.434764261 0.710519171 -0.310620169 -0.457883889
1413393960.855760574 -0.422026983 3.155394603 0.289764437 -0.446635969 0.707479647 -0.314746502 -0.448244911
1413393960.905760527 -0.419103920 3.143849390 0.255946433 -0.457516691 0.707528593 -0.317833012 -0.434814839
1413393960.955760479 -0.411272237 3.133570047 0.230474403 -0.465313453 0.708205539 -0.321366734 -0.422672128
1413393961.005760431 -0.400956612 3.121809521 0.198948071 -0.470426095 0.708572426 -0.324460939 -0.413943843
1413393961.055760384 -0.403807932 3.105374237 0.170622496 -0.476166422 0.704745495 -0.327767295 -0.411300288
1413393961.105760574 -0.400052696 3.086904161 0.144800946 -0.477435358 0.699510231 -0.332201195 -0.415190656
1413393961.155760527 -0.400390441 3.066550461 0.128473562 -0.477459352 0.693844484 -0.336976979 -0.420783691
1413393961.205760479 -0.401617131 3.047494980 0.098642504 -0.472077648 0.686334884 -0.347916335 -0.430164323
1413393961.255760431 -0.402808285 3.025203085 0.091249894 -0.459365256 0.677962215 -0.365447605 -0.442491633
1413393961.305760384 -0.404512097 3.002709546 0.078494226 -0.444252118 0.666597109 -0.385132347 -0.458215479
1413393961.355760574 -0.408198447 2.980205018 0.080177147 -0.427643694 0.656037459 -0.405406833 -0.471572924
1413393961.405760527 -0.416552386 2.959834468 0.101680758 -0.418585230 0.645959379 -0.417100245 -0.483270392
1413393961.455760479 -0.421963431 2.945514855 0.118379757 -0.413986524 0.640267757 -0.421736503 -0.490724647
1413393961.505760431 -0.427516848 2.936097701 0.146675736 -0.420356866 0.641794548 -0.413873537 -0.490008734
1413393961.555760384 -0.434810644 2.933596301 0.175985356 -0.430603988 0.647100135 -0.400234519 -0.485442015
1413393961.605760574 -0.438631987 2.938975363 0.199186236 -0.441463545 0.653786183 -0.386268178 -0.477985837
1413393961.655760527 -0.442717488 2.947408719 0.214338541 -0.452454231 0.660252759 -0.372040855 -0.470039429
1413393961.705760479 -0.446577484 2.959618466 0.233019099 -0.458733463 0.663836313 -0.363820728 -0.465316492
1413393961.755760431 -0.449019269 2.974449579 0.269729678 -0.461812404 0.664786176 -0.359250976 -0.464464617
1413393961.805760384 -0.450731581 2.990460581 0.307478294 -0.464369857 0.667768204 -0.355220538 -0.460721859
1413393961.855760574 -0.451354727 3.006732062 0.349979631 -0.466981558 0.670116404 -0.351384729 -0.457603542
1413393961.905760527 -0.446777318 3.023865071 0.399000330 -0.469362292 0.673626194 -0.346492364 -0.453728809
1413393961.955760479 -0.445953593 3.040838565 0.450384762 -0.472404861 0.675649560 -0.342751702 -0.450391596
1413393962.005760431 -0.443244219 3.056236344 0.505428867 -0.474820756 0.678836286 -0.338779341 -0.446043838
1413393962.055760384 -0.445047326 3.070128204 0.564738820 -0.477443463 0.681932890 -0.336400864 -0.440283695
1413393962.105760574 -0.442772729 3.083355402 0.622663457 -0.479858785 0.684248027 -0.333406947 -0.436325557
1413393962.155760527 -0.437242719 3.094724527 0.686798574 -0.481431470 0.688401518 -0.330028585 -0.430590552
1413393962.205760479 -0.440192505 3.104697358 0.750606584 -0.483486658 0.690705614 -0.329017136 -0.425340017
1413393962.255760431 -0.436644464 3.109778087 0.816181515 -0.485113735 0.691940657 -0.327140227 -0.422920873
1413393962.305760384 -0.434923958 3.116521050 0.887801949 -0.486676354 0.694190798 -0.324954843 -0.419105729
1413393962.355760574 -0.434436228 3.120068221 0.955110183 -0.489547744 0.697055633 -0.321042572 -0.413990480
1413393962.405760527 -0.431957195 3.121807375 1.020030737 -0.492887203 0.700917788 -0.315530575 -0.407697089
1413393962.455760479 -0.426780777 3.121471036 1.082133110 -0.496112109 0.707483392 -0.306653410 -0.399128689
1413393962.505760431 -0.422911524 3.120101612 1.137417222 -0.497924613 0.714372014 -0.297446735 -0.391496035
1413393962.555760384 -0.421991539 3.117439459 1.182258587 -0.497370603 0.721390207 -0.288643888 -0.385879979
1413393962.605760574 -0.415176473 3.112800544 1.220818967 -0.494262792 0.726928430 -0.279823400 -0.385976961
1413393962.655760527 -0.413868251 3.102665119 1.256472852 -0.489796755 0.730869274 -0.270607367 -0.390769620
1413393962.705760479 -0.409133840 3.087716257 1.287447721 -0.482544277 0.733365505 -0.261107637 -0.401433505
1413393962.755760431 -0.410597010 3.066735831 1.318360850 -0.473457443 0.734145847 -0.253200462 -0.415641012
1413393962.805760384 -0.409936465 3.046992592 1.341696088 -0.462057019 0.733233051 -0.244481570 -0.434857868
1413393962.855760574 -0.411052596 3.017941964 1.371824544 -0.449626757 0.733777117 -0.233617147 -0.452581431
1413393962.905760527 -0.413961902 2.986040232 1.399464371 -0.436325419 0.733344754 -0.223364990 -0.471098378
1413393962.955760479 -0.413089415 2.950900885 1.424783164 -0.421377930 0.734499822 -0.211758748 -0.487964019
1413393963.005760431 -0.411576091 2.914540067 1.442437090 0.404850992 -0.737182931 0.200887929 0.502295771
1413393963.055760384 -0.409682842 2.875266720 1.456152552 0.387138420 -0.740629586 0.190496532 0.515075462
1413393963.105760574 -0.401894038 2.836079941 1.464294507 0.367797666 -0.743859099 0.180258737 0.528114860
1413393963.155760527 -0.395586660 2.793015695 1.472391154 0.347902335 -0.747881352 0.172211160 0.538498622
1413393963.205760479 -0.384401872 2.750228361 1.476683809 0.325377180 -0.753840326 0.167971710 0.545563891
1413393963.255760431 -0.371100566 2.702579946 1.482213715 0.302008051 -0.759341256 0.164216187 0.552471753
1413393963.305760384 -0.353474846 2.651724467 1.492367374 0.280585480 -0.764657151 0.159650117 0.557748214
1413393963.355760574 -0.331178397 2.604486578 1.494314569 0.259921879 -0.769716846 0.152895934 0.562671687
1413393963.405760527 -0.308600844 2.554409688 1.494890196 0.241145899 -0.775353781 0.144636366 0.565469267
1413393963.455760479 -0.283209986 2.504651343 1.491349768 0.223424618 -0.780751556 0.134436214 0.567833912
1413393963.505760431 -0.260306737 2.456400887 1.480885113 0.205820936 -0.785732140 0.126613119 0.569413615
1413393963.555760384 -0.232961670 2.406752949 1.470553316 0.189390707 -0.789898024 0.118352387 0.571126067
1413393963.605760574 -0.203276626 2.357032215 1.459037650 0.173246191 -0.793253076 0.110017434 0.573263883
1413393963.655760527 -0.170798710 2.307234772 1.449583457 0.159542244 -0.795636308 0.101008588 0.575592220
1413393963.705760479 -0.134741745 2.257310007 1.437172760 0.146112611 -0.797301629 0.091735263 0.578399394
1413393963.755760431 -0.098806674 2.207948086 1.420509220 0.133572696 -0.799036530 0.081505721 0.580565048
1413393963.805760384 -0.061690382 2.156284788 1.404225542 0.122724425 -0.800316574 0.070228561 0.582666325
1413393963.855760574 -0.023690247 2.104059787 1.383722545 0.111907984 -0.802794638 0.058813114 0.582699227
1413393963.905760527 0.017338193 2.053478706 1.359967269 0.101170088 -0.805714692 0.047019411 0.581702349
1413393963.955760479 0.058816738 2.002040293 1.335314992 0.090538747 -0.809731087 0.034782235 0.578730074
1413393964.005760431 0.101267201 1.950635166 1.310061540 0.080517867 -0.813133400 0.023735819 0.575992672
1413393964.055760384 0.149797312 1.899877892 1.280609516 0.068437652 -0.815566295 0.013013353 0.574455010
1413393964.105760574 0.199278659 1.849332877 1.249630019 0.055004202 -0.816749742 0.004319301 0.574348101
1413393964.155760527 0.246598744 1.796813038 1.214151625 0.040690023 -0.818047734 -0.001727888 0.573706582
1413393964.205760479 0.292905111 1.741454402 1.180929109 0.025360466 -0.818643265 -0.006278696 0.573707791
1413393964.255760431 0.344657543 1.684932577 1.148575908 0.007871707 -0.819481989 -0.010855671 0.572948043
1413393964.305760384 0.393812829 1.627075534 1.118252514 -0.008675976 -0.821127337 -0.014473234 0.570495530
1413393964.355760574 0.441402144 1.571014882 1.088235005 -0.022911924 -0.822550822 -0.019031752 0.567911069
1413393964.405760527 0.494312716 1.514910742 1.059259724 -0.038831020 -0.822893259 -0.023420159 0.566383555
1413393964.455760479 0.546672573 1.460970379 1.028440409 -0.052637611 -0.823156533 -0.028216389 0.564664891
1413393964.505760431 0.597570665 1.407214524 1.000672213 -0.066048735 -0.823404755 -0.032980813 0.562631708
1413393964.555760384 0.647008996 1.354013816 0.973471585 -0.080092612 -0.822422469 -0.036807074 0.562006846
1413393964.605760574 0.695876065 1.303227089 0.947167965 -0.093604427 -0.821778222 -0.039840987 0.560652709
1413393964.655760527 0.747481643 1.252757764 0.922860425 -0.107397100 -0.819944460 -0.042813873 0.560645982
1413393964.705760479 0.798940273 1.206026733 0.900273217 -0.119750484 -0.817236680 -0.047209356 0.561743097
1413393964.755760431 0.855361735 1.158109179 0.879747886 -0.133855273 -0.815465960 -0.051184882 0.560783507
1413393964.805760384 0.907884938 1.115759214 0.859110803 -0.147741891 -0.815473757 -0.053632921 0.557044339
1413393964.855760574 0.960092135 1.075477980 0.840366117 -0.159821022 -0.816557898 -0.057031704 0.551758847
1413393964.905760527 1.015073902 1.037928280 0.823044147 -0.174166544 -0.818703523 -0.060231735 0.543840688
1413393964.955760479 1.069742038 1.005255852 0.803990140 -0.188225050 -0.822465359 -0.059504333 0.533461618
1413393965.005760431 1.123394691 0.975804471 0.785855010 -0.205114323 -0.825470562 -0.057057855 0.522753161
1413393965.055760384 1.177000954 0.949488902 0.771949034 -0.222850777 -0.828037484 -0.053506685 0.511691793
1413393965.105760574 1.231431831 0.927030443 0.758568609 -0.241102447 -0.829510990 -0.048622153 0.501415011
1413393965.155760527 1.281252943 0.910959562 0.748776788 0.258507075 0.829936504 0.046154435 -0.492188236
1413393965.205760479 1.327134593 0.904333985 0.743168578 0.272294362 0.831780151 0.047321980 -0.481412703
1413393965.255760431 1.370093157 0.906249264 0.738743579 0.281211051 0.835710163 0.053156277 -0.468703828
1413393965.305760384 1.412959440 0.914179264 0.732224970 0.285907269 0.839465773 0.062403774 -0.457886469
1413393965.355760574 1.451372904 0.927014322 0.728310592 0.283083462 0.844117946 0.078514878 -0.448513168
1413393965.405760527 1.488492632 0.949850866 0.726708918 0.273570136 0.848762339 0.099451918 -0.441442169
1413393965.455760479 1.514760659 0.978924080 0.731877010 0.258441091 0.853134071 0.124667876 -0.435692987
1413393965.505760431 1.536614727 1.017274191 0.741938949 0.236169105 0.856012657 0.153125578 -0.433611626
1413393965.555760384 1.553367381 1.057448942 0.740755084 0.215368949 0.857031122 0.179224371 -0.432426290
1413393965.605760574 1.560073377 1.096976901 0.745319239 0.197595836 0.856293308 0.200482099 -0.433041088
1413393965.655760527 1.563227304 1.139104965 0.746635926 0.183814078 0.854903840 0.215475544 -0.434651699
1413393965.705760479 1.562294701 1.177319173 0.744298399 0.178733528 0.850847639 0.221523477 -0.441633298
1413393965.755760431 1.552794000 1.214548299 0.745445059 0.180742361 0.844121433 0.218882229 -0.454842583
1413393965.805760384 1.537205247 1.248201581 0.749323334 0.183253072 0.834717240 0.215196717 -0.472605346
1413393965.855760574 1.516871977 1.279041492 0.758778106 0.186022853 0.824608010 0.211597061 -0.490554597
1413393965.905760527 1.492938194 1.306027389 0.768642360 -0.185380884 -0.817823086 -0.211914079 0.501888186
1413393965.955760479 1.465491615 1.331475400 0.780492323 -0.179997208 -0.814586789 -0.218211578 0.506392215
1413393966.005760431 1.435616640 1.356763633 0.781913221 -0.174351640 -0.812161926 -0.224860718 0.509344842
1413393966.055760384 1.408801653 1.382430517 0.771317106 -0.171743325 -0.810358930 -0.227913456 0.511740259
1413393966.105760574 1.376936326 1.402253593 0.766856298 -0.173606731 -0.809821332 -0.224854513 0.513313317
1413393966.155760527 1.342852478 1.415460042 0.771215816 -0.178092719 -0.810182256 -0.220982181 0.512888459
1413393966.205760479 1.305494150 1.428181554 0.777939970 -0.180285544 -0.809861967 -0.218001816 0.513902643
1413393966.255760431 1.263388955 1.435763185 0.794330268 -0.179139306 -0.809681118 -0.218300123 0.514461516
1413393966.305760384 1.221719095 1.440246263 0.812304771 -0.175108848 -0.809979113 -0.223464951 0.513160933
1413393966.355760574 1.174297505 1.443656574 0.835774723 -0.167530624 -0.809333541 -0.231433883 0.513177423
1413393966.405760527 1.127285242 1.443186003 0.860383763 -0.158618878 -0.805204770 -0.239953777 0.518562933
1413393966.455760479 1.079034624 1.438499351 0.885839090 -0.154379089 -0.799758071 -0.243881046 0.526380244
1413393966.505760431 1.028935214 1.430203999 0.910007489 -0.153002654 -0.792305545 -0.242986919 0.538330259
1413393966.555760384 0.977282835 1.417213205 0.934280376 -0.153221677 -0.784972172 -0.239039100 0.550637916
1413393966.605760574 0.927341807 1.398558021 0.957507822 -0.154148349 -0.778354774 -0.235265871 0.561295023
1413393966.655760527 0.878025914 1.375844355 0.975624504 -0.155263767 -0.772735189 -0.231970373 0.570055468
1413393966.705760479 0.827355051 1.348303572 0.992644127 -0.156778888 -0.768014795 -0.229431420 0.577005093
1413393966.755760431 0.778746603 1.319717984 1.003254404 -0.158142498 -0.764318981 -0.226815989 0.582547811
1413393966.805760384 0.730864740 1.288427674 1.011384943 -0.158844987 -0.762802235 -0.224940191 0.585066604
1413393966.855760574 0.689776957 1.252625861 1.013719623 -0.162413549 -0.762431944 -0.222000990 0.585691839
1413393966.905760527 0.647095156 1.217942930 1.010916754 -0.169225092 -0.766080343 -0.215231587 0.581514523
1413393966.955760479 0.603765676 1.178390070 1.010250600 -0.179986851 -0.770601133 -0.204868008 0.576027539
1413393967.005760431 0.564408180 1.135101798 1.006850702 -0.193783595 -0.775219380 -0.193771954 0.569153109
1413393967.055760384 0.523876025 1.090159109 1.002913985 -0.206105305 -0.778467999 -0.184175464 0.563549089
1413393967.105760574 0.488630719 1.042345721 0.997464911 -0.216612175 -0.780130841 -0.178142044 0.559232017
1413393967.155760527 0.454085336 0.996444626 0.991258816 -0.225114550 -0.781130883 -0.174887411 0.555492913
1413393967.205760479 0.420679950 0.948555700 0.984997812 -0.232005228 -0.780536071 -0.174029630 0.553760511
1413393967.255760431 0.389857709 0.905695996 0.973799450 -0.238192113 -0.777591753 -0.176253710 0.554572100
1413393967.305760384 0.359399319 0.862389144 0.962975375 -0.244397812 -0.774936661 -0.181228024 0.553984914
1413393967.355760574 0.329339197 0.823562297 0.947577000 -0.250396261 -0.770958032 -0.188189858 0.554535845
1413393967.405760527 0.302768405 0.784174868 0.932088774 -0.257758113 -0.766284754 -0.196707800 0.554684119
1413393967.455760479 0.280266714 0.746771999 0.914353823 -0.268009332 -0.760022354 -0.203914054 0.555838176
1413393967.505760431 0.258162546 0.707289780 0.896985389 -0.279384742 -0.753825409 -0.209782731 0.556491352
1413393967.555760384 0.238309298 0.670573984 0.878606097 -0.291601831 -0.748400995 -0.218369975 0.554237203
1413393967.605760574 0.218731801 0.633928545 0.861025020 -0.304211659 -0.744551359 -0.225276135 0.549862895
1413393967.655760527 0.201516913 0.594589957 0.841796561 -0.316986749 -0.739597359 -0.232693612 0.546231481
1413393967.705760479 0.188558306 0.555878524 0.828470001 -0.328416059 -0.734540365 -0.242995350 0.541799413
1413393967.755760431 0.179040375 0.517574702 0.815517890 -0.339962553 -0.729625472 -0.251801196 0.537278598
1413393967.805760384 0.168928534 0.479715370 0.804534707 -0.351955679 -0.725060227 -0.261349931 0.531141300
1413393967.855760574 0.160851655 0.443445511 0.797417100 -0.363188366 -0.721938491 -0.269144160 0.523889727
1413393967.905760527 0.153519683 0.406790460 0.793353540 -0.375743170 -0.722833320 -0.273357353 0.511473184
1413393967.955760479 0.147620855 0.370241423 0.792989978 0.387711748 0.725223046 0.274335443 -0.498468854
1413393968.005760431 0.141441429 0.334471628 0.797181768 0.397826775 0.729046001 0.274072505 -0.484881477
1413393968.055760384 0.136761358 0.300614764 0.806089269 0.404647725 0.730048055 0.277949502 -0.475430468
1413393968.105760574 0.131713311 0.269187276 0.818710259 0.408516416 0.730278283 0.280907497 -0.469998877
1413393968.155760527 0.125625824 0.242557090 0.834154279 0.412414399 0.728898376 0.282450468 -0.467806855
1413393968.205760479 0.117917650 0.218926045 0.851961538 0.418064928 0.726096208 0.282310717 -0.467232994
1413393968.255760431 0.110790880 0.195327444 0.871634926 0.422530954 0.724581583 0.279479429 -0.467269057
1413393968.305760384 0.100885707 0.172900259 0.892738767 0.424348377 0.725648602 0.279431479 -0.463983415
1413393968.355760574 0.091749870 0.152860974 0.909644829 0.421388974 0.729179180 0.284737791 -0.457879293
1413393968.405760527 0.082552818 0.136312530 0.922265611 0.415528279 0.733900353 0.291563879 -0.451350226
1413393968.455760479 0.072923912 0.121881762 0.930400818 0.409527236 0.737272808 0.298447110 -0.446817157
1413393968.505760431 0.062970047 0.109587141 0.938845567 0.402818158 0.737970192 0.305823634 -0.446776715
1413393968.555760384 0.050646335 0.101051826 0.946471570 0.398228804 0.737990087 0.311912902 -0.446648399
1413393968.605760574 0.036561698 0.093630747 0.950074001 0.394625120 0.739061359 0.315937588 -0.445244610
1413393968.655760527 0.024477091 0.087328595 0.953529400 0.394164415 0.739416905 0.318157785 -0.443477935
1413393968.705760479 0.009275825 0.081074359 0.953622523 0.397205911 0.738646439 0.319098554 -0.441367212
1413393968.755760431 -0.007256404 0.074502785 0.951060475 0.400253522 0.736994687 0.319860532 -0.440823309
1413393968.805760384 -0.025297412 0.068469619 0.944807480 0.403031189 0.731828045 0.323442859 -0.444272765
1413393968.855760574 -0.047845028 0.063173245 0.934971403 0.405646426 0.724087007 0.330488652 -0.449362030
1413393968.905760527 -0.070757516 0.060829472 0.923675177 0.410318516 0.713626225 0.336998484 -0.456955521
1413393968.955760479 -0.092594137 0.057972910 0.910816128 0.418043823 0.701495856 0.340780090 -0.465845313
1413393969.005760431 -0.116453200 0.055595764 0.897228641 0.427950272 0.689140105 0.344438482 -0.472553291
1413393969.055760384 -0.139737761 0.055119704 0.880491918 0.437759404 0.677603877 0.348821572 -0.477014885
1413393969.105760574 -0.162734486 0.051399117 0.862393535 0.446184452 0.666366150 0.355860384 -0.479832238
1413393969.155760527 -0.184993185 0.047107020 0.843510264 0.453282997 0.656483530 0.366502677 -0.478789815
1413393969.205760479 -0.206132065 0.043692732 0.825276539 0.461247213 0.648578800 0.376082404 -0.474508771
1413393969.255760431 -0.225931613 0.041855998 0.807330675 0.471064156 0.640429258 0.384878074 -0.468847304
1413393969.305760384 -0.244969857 0.037594966 0.788974728 0.482505165 0.632935030 0.391322603 -0.462005016
1413393969.355760574 -0.264141847 0.030694917 0.772036154 0.494220547 0.624909181 0.395998698 -0.456529952
1413393969.405760527 -0.281725024 0.021072997 0.756728293 0.507302704 0.615111361 0.398799115 -0.453035591
1413393969.455760479 -0.297203648 0.010816582 0.742522660 0.521234833 0.603584841 0.397558450 -0.453813693
1413393969.505760431 -0.314744659 0.000994951 0.728052981 0.536110468 0.590774509 0.395035404 -0.455541519
1413393969.555760384 -0.331152921 -0.010173235 0.713189088 0.548917621 0.578619181 0.394973514 -0.455944308
1413393969.605760574 -0.346099902 -0.020650991 0.696669492 0.560928369 0.570143584 0.393575255 -0.453204343
1413393969.655760527 -0.356020953 -0.031672885 0.687078646 0.573519030 0.561430273 0.393928342 -0.447987090
1413393969.705760479 -0.360763682 -0.042180618 0.682108579 0.584376345 0.555267913 0.393909807 -0.441607174
1413393969.755760431 -0.363615064 -0.053384567 0.678804809 0.593818701 0.549857791 0.393745036 -0.435890590
1413393969.805760384 -0.365228710 -0.064742016 0.678099544 0.600635408 0.545394613 0.394768852 -0.431206884
1413393969.855760574 -0.359917032 -0.076593477 0.684265716 0.606479938 0.540270822 0.395102280 -0.429166299
1413393969.905760527 -0.352618356 -0.088211519 0.695678820 0.609192762 0.537205436 0.398208717 -0.426291350
1413393969.955760479 -0.341686689 -0.095867074 0.713693219 0.610038379 0.537661068 0.403097256 -0.419864685
1413393970.005760431 -0.328526834 -0.105523415 0.732345041 0.607861876 0.541205903 0.411515151 -0.410189457
1413393970.055760384 -0.312197979 -0.114514663 0.755310417 0.601391295 0.549149348 0.423055139 -0.397225192
1413393970.105760574 -0.294041696 -0.122070235 0.779669355 0.596095524 0.557369026 0.433016196 -0.382762157
1413393970.155760527 -0.273233805 -0.128971609 0.803013348 0.592434471 0.563996350 0.439304746 -0.371403898
1413393970.205760479 -0.253015392 -0.135829271 0.823148623 0.589482959 0.569438406 0.442788690 -0.363576565
1413393970.255760431 -0.233465049 -0.138984624 0.838440554 0.588548727 0.571980591 0.444473167 -0.359015603
1413393970.305760384 -0.214430653 -0.142006200 0.852607718 0.587391013 0.573954213 0.445190239 -0.356866936
1413393970.355760574 -0.196758242 -0.142170796 0.863646581 0.587463860 0.575426420 0.444149682 -0.355670786
1413393970.405760527 -0.181491348 -0.140787087 0.874188000 0.586936058 0.576878346 0.443945848 -0.354442550
1413393970.455760479 -0.168849188 -0.137498158 0.883662513 0.585236196 0.577916443 0.444950548 -0.354302400
1413393970.505760431 -0.157011197 -0.134178639 0.894780968 0.581460692 0.576178971 0.449273307 -0.357875330
1413393970.555760384 -0.147507825 -0.129179960 0.905911402 0.577254751 0.573787741 0.453757463 -0.362834324
1413393970.605760574 -0.138905587 -0.124893119 0.917850534 0.572099944 0.572420973 0.459437239 -0.365996322
1413393970.655760527 -0.132838221 -0.118253049 0.927956275 0.565356486 0.571717002 0.466653595 -0.368437424
1413393970.705760479 -0.127840383 -0.112123509 0.936334734 0.558514391 0.571572783 0.475565827 -0.367700112
1413393970.755760431 -0.124269072 -0.104705660 0.942243144 0.551336739 0.575012073 0.484538526 -0.361401900
1413393970.805760384 -0.121740193 -0.097029650 0.943008627 0.544473032 0.580771499 0.492311935 -0.351969518
1413393970.855760574 -0.118866680 -0.091489959 0.939277943 0.539533804 0.585438232 0.498888254 -0.342455632
1413393970.905760527 -0.119633340 -0.083625796 0.934553877 0.536184005 0.589339814 0.503246781 -0.334556384
1413393970.955760479 -0.125852429 -0.078862605 0.928654279 0.533346790 0.590341845 0.506707517 -0.332092154
1413393971.005760431 -0.135735378 -0.073961229 0.924440408 0.533349676 0.588551194 0.506600746 -0.335412133
1413393971.055760384 -0.150699747 -0.071246979 0.921116957 0.535501521 0.583047583 0.503115273 -0.346653516
1413393971.105760574 -0.176818735 -0.067243905 0.919386150 0.536990518 0.576751115 0.500174826 -0.358921270
1413393971.155760527 -0.206220535 -0.066647597 0.921319049 0.533660937 0.568541508 0.501763839 -0.374432379
1413393971.205760479 -0.241358719 -0.068435183 0.925666491 0.527712779 0.559589951 0.505719688 -0.390673659
1413393971.255760431 -0.279813582 -0.071056695 0.930775982 0.520944151 0.552142372 0.510220798 -0.404265668
1413393971.305760384 -0.316444996 -0.078473677 0.938527623 0.512984818 0.544286933 0.515744988 -0.417858132
1413393971.355760574 -0.356883511 -0.088561702 0.944056174 0.505024848 0.537994444 0.521977079 -0.427845546
1413393971.405760527 -0.398076262 -0.099940035 0.945792394 0.501536947 0.533990059 0.524180145 -0.434224001
1413393971.455760479 -0.441363667 -0.117164151 0.945379411 0.503791048 0.534033075 0.519342527 -0.437363229
1413393971.505760431 -0.486256582 -0.138950630 0.939264148 0.512584964 0.536847905 0.508196403 -0.436792168
1413393971.555760384 -0.531242233 -0.165531487 0.932026471 0.526909656 0.540315279 0.490670298 -0.435509210
1413393971.605760574 -0.576210792 -0.199032959 0.922130036 0.544408829 0.539508552 0.468914080 -0.438940924
1413393971.655760527 -0.623978058 -0.237529310 0.909419358 0.560448899 0.536120320 0.447535873 -0.445178251
1413393971.705760479 -0.670090217 -0.275614433 0.900819236 0.575463226 0.528785899 0.427575988 -0.454319627
1413393971.755760431 -0.712089733 -0.316621069 0.893738445 0.589488050 0.518755996 0.408702853 -0.465143025
1413393971.805760384 -0.752030290 -0.359096244 0.887721813 0.601184017 0.509866033 0.394000452 -0.472628871
1413393971.855760574 -0.786552340 -0.400616699 0.886275011 0.610666347 0.504836913 0.383433645 -0.474557629
1413393971.905760527 -0.814619698 -0.445956486 0.886846758 0.613655314 0.505318693 0.381675246 -0.471597478
1413393971.955760479 -0.837047080 -0.488418647 0.890559856 0.615213460 0.509122060 0.385702650 -0.462104527
1413393972.005760431 -0.851811877 -0.535661337 0.895002581 0.614100956 0.513094120 0.393132403 -0.452837004
1413393972.055760384 -0.857008974 -0.583816584 0.904774000 0.611940884 0.519071976 0.399636401 -0.443151650
1413393972.105760574 -0.858520170 -0.628321297 0.913674230 0.613680841 0.522431276 0.401646510 -0.434903975
1413393972.155760527 -0.859236679 -0.669758578 0.917296310 0.619139095 0.525901702 0.398067379 -0.426188390
1413393972.205760479 -0.855754287 -0.714784869 0.913014207 0.623993433 0.530031657 0.392852939 -0.418766292
1413393972.255760431 -0.852443130 -0.759043492 0.900891530 0.626016627 0.535671180 0.391748666 -0.409502811
1413393972.305760384 -0.845895822 -0.798984059 0.889570777 0.621318230 0.542934990 0.401718966 -0.397249451
1413393972.355760574 -0.833343448 -0.837222698 0.883550487 0.611842174 0.550756739 0.414910760 -0.387511588
1413393972.405760527 -0.819467085 -0.876067999 0.877230559 0.603402031 0.556530928 0.426913261 -0.379373672
1413393972.455760479 -0.803455695 -0.906990190 0.877950437 0.596714521 0.562465181 0.435596232 -0.371242002
1413393972.505760431 -0.788990531 -0.938811739 0.873783596 0.592424136 0.569946429 0.440215723 -0.361116087
1413393972.555760384 -0.776514962 -0.971504415 0.866401439 0.592179129 0.576829482 0.440235404 -0.350406074
1413393972.605760574 -0.763133672 -1.000783683 0.862326237 0.593654451 0.581358770 0.438370689 -0.342676980
1413393972.655760527 -0.753865766 -1.030554822 0.854660530 0.593325121 0.583936477 0.438607663 -0.338536275
1413393972.705760479 -0.744594223 -1.056410791 0.849206075 0.593273738 0.584847838 0.439103104 -0.336404136
1413393972.755760431 -0.738468574 -1.080060526 0.843040964 0.593555062 0.584496092 0.440260364 -0.335003760
1413393972.805760384 -0.734224192 -1.100960047 0.838763957 0.592416632 0.583070996 0.443177202 -0.335655650
1413393972.855760574 -0.734249464 -1.118918450 0.834177459 0.591439148 0.582017268 0.446356294 -0.334995065
1413393972.905760527 -0.733610776 -1.137602992 0.825204647 0.589704842 0.580722770 0.450163928 -0.335203971
1413393972.955760479 -0.737020702 -1.153945785 0.816365182 0.588062680 0.579007018 0.455492820 -0.333855430
1413393973.005760431 -0.738337800 -1.169342104 0.808186816 0.585365871 0.578695296 0.460092229 -0.332826821
1413393973.055760384 -0.743860257 -1.179959277 0.800709749 0.581654300 0.577929217 0.465216382 -0.333541322
1413393973.105760574 -0.751184974 -1.189375514 0.794196352 0.578559000 0.574931586 0.470296153 -0.336963919
1413393973.155760527 -0.759512433 -1.200698722 0.786284052 0.573704115 0.571338493 0.476075470 -0.343202653
1413393973.205760479 -0.772080722 -1.207377679 0.779945220 0.568466424 0.568118297 0.482103025 -0.348803954
1413393973.255760431 -0.785881678 -1.217321596 0.774692051 0.562269554 0.563554704 0.488821812 -0.356808465
1413393973.305760384 -0.803155947 -1.228626271 0.768053725 0.554659501 0.558430659 0.496414972 -0.366169650
1413393973.355760574 -0.821882782 -1.238814528 0.760864403 0.548043285 0.552962823 0.502942764 -0.375405448
1413393973.405760527 -0.844917935 -1.249592286 0.752570091 0.540898768 0.548136823 0.509483928 -0.383927954
1413393973.455760479 -0.869649666 -1.265975218 0.743117314 0.533288468 0.544621649 0.515370408 -0.391642710
1413393973.505760431 -0.895808822 -1.285868975 0.737450524 0.526781355 0.539883074 0.521285442 -0.399110460
1413393973.555760384 -0.927240118 -1.307335002 0.730584185 0.523023612 0.537527841 0.524184966 -0.403410761
1413393973.605760574 -0.955565074 -1.335882211 0.726957150 0.521849492 0.535414537 0.522814349 -0.409474709
1413393973.655760527 -0.988798965 -1.364453645 0.725083620 0.526136243 0.532188806 0.516153598 -0.416582754
1413393973.705760479 -1.022501459 -1.397062868 0.721572908 0.536843400 0.530219552 0.501388216 -0.423410259
1413393973.755760431 -1.056644412 -1.439423272 0.710647067 0.550415229 0.528496354 0.481611897 -0.431027448
1413393973.805760384 -1.092941374 -1.483032007 0.704077113 0.566683667 0.526255353 0.458831146 -0.437491604
1413393973.855760574 -1.127048181 -1.529266550 0.698491356 0.586002079 0.522616221 0.430764207 -0.444877565
1413393973.905760527 -1.160954750 -1.580091208 0.689893170 0.603481604 0.518518271 0.403468974 -0.451842387
1413393973.955760479 -1.191665786 -1.628285028 0.687018939 0.621307502 0.519066938 0.376504583 -0.450322996
1413393974.005760431 -1.216642980 -1.677751292 0.674478015 0.636744290 0.525551971 0.353079342 -0.440098641
1413393974.055760384 -1.233099183 -1.727064922 0.666046237 0.651977566 0.535058499 0.330404173 -0.423639868
1413393974.105760574 -1.237778753 -1.777045895 0.668004016 0.665258862 0.547180100 0.309323471 -0.402918820
1413393974.155760527 -1.237529785 -1.823169096 0.668068868 0.675749516 0.559944724 0.292551467 -0.379786962
1413393974.205760479 -1.231093724 -1.859589690 0.667774338 0.678839583 0.577415183 0.286052721 -0.352054496
1413393974.255760431 -1.219106635 -1.888419343 0.668604558 0.674765964 0.596744314 0.289848938 -0.323380134
1413393974.305760384 -1.200854336 -1.906520380 0.676801469 0.668306989 0.613091108 0.298059978 -0.297733625
1413393974.355760574 -1.174276077 -1.915651405 0.692255097 0.660467248 0.627458877 0.305944983 -0.276543015
1413393974.405760527 -1.150115890 -1.910083079 0.709230022 0.651809253 0.639821530 0.315347195 -0.257544664
1413393974.455760479 -1.126169092 -1.894277404 0.725103157 0.639551524 0.650862622 0.329372565 -0.242621946
1413393974.505760431 -1.099496236 -1.869171539 0.742754489 0.623781924 0.660965824 0.345694611 -0.233485601
1413393974.555760384 -1.077414568 -1.832761869 0.759984723 0.606876799 0.667347153 0.365245472 -0.230095791
1413393974.605760574 -1.061097202 -1.782391687 0.783449780 0.590795998 0.670259934 0.384024948 -0.232887418
1413393974.655760527 -1.049303808 -1.725091909 0.806335941 0.573915483 0.669857011 0.404213512 -0.241917424
1413393974.705760479 -1.042785483 -1.664934875 0.830733040 0.557150333 0.665259858 0.425323571 -0.257123874
1413393974.755760431 -1.043980151 -1.595314780 0.859481853 0.543046140 0.659546254 0.442208289 -0.273041129
1413393974.805760384 -1.049504262 -1.520900590 0.887433578 0.531801182 0.652417671 0.456386758 -0.288530437
1413393974.855760574 -1.060008599 -1.444586643 0.908324887 0.526151937 0.642055652 0.464747965 -0.308120120
1413393974.905760527 -1.075999096 -1.368786425 0.916996797 0.523805864 0.630759190 0.468624304 -0.328879191
1413393974.955760479 -1.097077279 -1.288208223 0.926666898 0.524162007 0.619343133 0.470506751 -0.346830897
1413393975.005760431 -1.117436437 -1.209262982 0.935867959 0.525182745 0.608450475 0.470370395 -0.364311400
1413393975.055760384 -1.142079960 -1.135012160 0.936469516 0.527433073 0.599225482 0.468764587 -0.378157291
1413393975.105760574 -1.169084230 -1.065742110 0.929011351 0.529880188 0.590183814 0.467327583 -0.390531667
1413393975.155760527 -1.197999067 -1.000194496 0.924008616 0.534260071 0.583919490 0.462276802 -0.399880437
1413393975.205760479 -1.228251076 -0.935103871 0.914609564 0.538580053 0.579703907 0.458290564 -0.404777304
1413393975.255760431 -1.258877223 -0.873370649 0.905926077 0.542933046 0.577028549 0.453681515 -0.407964269
1413393975.305760384 -1.293079960 -0.816933303 0.896332537 0.545228679 0.576799158 0.450595418 -0.408646777
1413393975.355760574 -1.327292600 -0.757207107 0.888857048 0.543339163 0.576516684 0.454032926 -0.407756261
1413393975.405760527 -1.362808406 -0.698679915 0.884614531 0.539923605 0.577419821 0.458496348 -0.406017178
1413393975.455760479 -1.398761111 -0.647652697 0.887577668 0.534638932 0.578943111 0.464144845 -0.404420139
1413393975.505760431 -1.435219752 -0.597154032 0.885466691 0.530191919 0.578988178 0.469673988 -0.403826156
1413393975.555760384 -1.470959292 -0.557177431 0.882562456 0.525344616 0.578346296 0.475255667 -0.404549932
1413393975.605760574 -1.509101296 -0.516730452 0.882223296 0.522504476 0.578033821 0.478112487 -0.405307814
1413393975.655760527 -1.547947962 -0.477456154 0.886504551 0.522611399 0.577011213 0.477808329 -0.406982293
1413393975.705760479 -1.589119400 -0.443322168 0.886173919 0.526713595 0.574307371 0.472885140 -0.411246249
1413393975.755760431 -1.630844203 -0.409587093 0.887337929 0.532695672 0.570484668 0.466775124 -0.415816724
1413393975.805760384 -1.674883860 -0.381276961 0.882617538 0.538462166 0.566691683 0.461011968 -0.419984520
1413393975.855760574 -1.718990038 -0.357419665 0.877833749 0.543573829 0.560742261 0.456969491 -0.425763424
1413393975.905760527 -1.764262124 -0.333573108 0.872517434 0.550056899 0.555109010 0.452066286 -0.430031938
1413393975.955760479 -1.808459904 -0.313357885 0.865852645 0.554503934 0.554658347 0.448812588 -0.428306859
1413393976.005760431 -1.848124153 -0.296916296 0.860966963 0.559011925 0.554667082 0.447381322 -0.423910424
1413393976.055760384 -1.889133205 -0.284825940 0.851213674 0.562154220 0.557248674 0.447394318 -0.416287008
1413393976.105760574 -1.925229178 -0.271495833 0.844192674 0.565881756 0.559402914 0.446652144 -0.409081996
1413393976.155760527 -1.958013938 -0.260964994 0.841053020 0.568944134 0.559639930 0.445688669 -0.405545721
1413393976.205760479 -1.991847358 -0.251515500 0.826465990 0.572541774 0.558266974 0.444721436 -0.403431217
1413393976.255760431 -2.025737387 -0.246644197 0.815116729 0.576056381 0.556808934 0.441399016 -0.404091283
1413393976.305760384 -2.059932318 -0.242035254 0.798497390 0.578458742 0.553180552 0.439837639 -0.407332311
1413393976.355760574 -2.092822297 -0.233564440 0.783933018 0.579991004 0.548335595 0.439057516 -0.412513040
1413393976.405760527 -2.125241172 -0.230115700 0.772580071 0.579335351 0.545675543 0.438232755 -0.417804746
1413393976.455760479 -2.154210046 -0.222874340 0.766751589 0.579648768 0.544706079 0.435216365 -0.421769261
1413393976.505760431 -2.180732410 -0.220784109 0.759471719 0.579629957 0.547905207 0.429470987 -0.423537092
1413393976.555760384 -2.205694920 -0.222173969 0.753711590 0.577642888 0.553645218 0.424501619 -0.423797171
1413393976.605760574 -2.228667511 -0.224475320 0.742594643 0.576168142 0.559322547 0.419119387 -0.423706857
1413393976.655760527 -2.246185903 -0.223649451 0.734548784 0.574108879 0.563863068 0.414875163 -0.424659906
1413393976.705760479 -2.263514580 -0.225113992 0.726195232 0.572831298 0.566914310 0.409190512 -0.427826594
1413393976.755760431 -2.276114652 -0.229648445 0.721730772 0.572005594 0.569777372 0.403041496 -0.430953477
1413393976.805760384 -2.287132701 -0.230192323 0.712764566 0.572889437 0.572896902 0.397058978 -0.431197171
1413393976.855760574 -2.293318851 -0.225568445 0.699464697 0.574460437 0.578918794 0.391026013 -0.426552335
1413393976.905760527 -2.291242105 -0.222161957 0.691953204 0.576198112 0.586824181 0.384872681 -0.418934525
1413393976.955760479 -2.287975962 -0.214045157 0.682375503 0.577408553 0.594917217 0.380939993 -0.409337989
1413393977.005760431 -2.280043019 -0.215151728 0.680366658 0.575667549 0.603543953 0.380227563 -0.399710608
1413393977.055760384 -2.272897992 -0.211341933 0.677740713 0.572243742 0.609519444 0.384957590 -0.390935802
1413393977.105760574 -2.270214341 -0.215027966 0.670257540 0.566601271 0.614683298 0.392089104 -0.383918712
1413393977.155760527 -2.268429669 -0.213349772 0.672110232 0.561667412 0.617852861 0.397408205 -0.380597266
1413393977.205760479 -2.265471451 -0.206360732 0.680246763 0.556955760 0.618403929 0.404516584 -0.379134798
1413393977.255760431 -2.262803411 -0.198793544 0.688445668 0.552347305 0.617853919 0.410747086 -0.380073440
1413393977.305760384 -2.261219428 -0.189852388 0.701740586 0.548291745 0.616706918 0.416008059 -0.382081188
1413393977.355760574 -2.262138420 -0.182139398 0.716135518 0.545441041 0.615119945 0.420936130 -0.383320098
1413393977.405760527 -2.264584030 -0.173666103 0.732202463 0.543172132 0.614178087 0.425083108 -0.383475766
1413393977.455760479 -2.269187820 -0.162320618 0.748687821 0.542681525 0.614052776 0.427006751 -0.382231848
1413393977.505760431 -2.271752066 -0.149791569 0.772012934 0.542818673 0.613850660 0.428944926 -0.380186145
1413393977.555760384 -2.275005111 -0.139573701 0.792628348 0.543142336 0.613154090 0.430473574 -0.379118671
1413393977.605760574 -2.280347307 -0.130054909 0.810133263 0.543916561 0.612412572 0.431619848 -0.377902002
1413393977.655760527 -2.286935464 -0.120747385 0.825203577 0.544711088 0.611920388 0.432168673 -0.376926394
1413393977.705760479 -2.295370056 -0.110659074 0.836291197 0.545632701 0.611400371 0.432940745 -0.375548737
1413393977.755760431 -2.305031903 -0.100466598 0.842364132 0.546921167 0.610025060 0.434062665 -0.374614825
1413393977.805760384 -2.316087184 -0.089608850 0.848670847 0.547866606 0.608555421 0.435051396 -0.374476654
1413393977.855760574 -2.329450740 -0.077872351 0.853202299 0.548291614 0.607742248 0.436616277 -0.373352236
1413393977.905760527 -2.342310821 -0.067027310 0.858820054 0.549310538 0.606442997 0.437290189 -0.373178394
1413393977.955760479 -2.356084977 -0.051735670 0.864769950 0.551614869 0.604996508 0.437257791 -0.372163789
1413393978.005760431 -2.371459279 -0.039546489 0.869515891 0.553707100 0.603230675 0.437119604 -0.372085543
1413393978.055760384 -2.386562346 -0.025456238 0.870479595 0.556993775 0.600816781 0.436285862 -0.372064212
1413393978.105760574 -2.401777045 -0.015981152 0.874992317 0.560009166 0.598117809 0.434846373 -0.373568537
1413393978.155760527 -2.419986602 -0.001920562 0.883444190 0.563821375 0.595304544 0.432662980 -0.374860911
1413393978.205760479 -2.439265505 0.010677023 0.894053810 0.567135289 0.591534714 0.431468898 -0.377198669
1413393978.255760431 -2.457672719 0.024022500 0.895081731 0.570344883 0.587035689 0.431868041 -0.378927183
1413393978.305760384 -2.475471062 0.038505504 0.907462925 0.574723477 0.580701601 0.432712823 -0.381101285
1413393978.355760574 -2.493374210 0.056045898 0.908920037 0.579206538 0.573195828 0.435107256 -0.382946479
1413393978.405760527 -2.509010198 0.064792505 0.917956677 0.583555311 0.565374315 0.437448854 -0.385296748
1413393978.455760479 -2.526491388 0.085705911 0.923282348 0.589461490 0.554853781 0.442505718 -0.385825251
1413393978.505760431 -2.541782681 0.097949712 0.932867922 0.595257006 0.544846110 0.446682390 -0.386376313
1413393978.555760384 -2.558620999 0.111650885 0.944738559 0.601260403 0.534668289 0.452153586 -0.384932309
1413393978.605760574 -2.573698882 0.124755975 0.952669830 0.609192933 0.523661530 0.458184139 -0.380433788
1413393978.655760527 -2.586543504 0.127806796 0.956894629 0.616241973 0.514158468 0.463212082 -0.375927475
1413393978.705760479 -2.597959189 0.138207243 0.961467583 0.625413396 0.504668986 0.467456835 -0.368308846
1413393978.755760431 -2.607518217 0.147950616 0.968030695 0.635533420 0.493771622 0.471764300 -0.360173989
1413393978.805760384 -2.616132818 0.149295480 0.982637850 0.645022039 0.484336135 0.473728155 -0.353478022
1413393978.855760574 -2.626940646 0.156159641 0.984859920 0.653887797 0.472731129 0.478983646 -0.345732115
1413393978.905760527 -2.631964474 0.157156801 0.994470942 0.661920104 0.460647651 0.483875912 -0.339896482
1413393978.955760479 -2.637708788 0.155129246 1.001286046 0.668836511 0.448942229 0.489088523 -0.334516088
1413393979.005760431 -2.642808754 0.157763503 1.005873584 0.676548440 0.435448312 0.494131887 -0.329394376
1413393979.055760384 -2.644419446 0.156419151 1.012213191 0.683871361 0.422524193 0.498643167 -0.324265723
1413393979.105760574 -2.645218178 0.155788494 1.022422394 0.691283180 0.408319503 0.503348180 -0.319442262
1413393979.155760527 -2.645556765 0.158286819 1.027902258 0.698812382 0.394270574 0.509269156 -0.311218407
1413393979.205760479 -2.642822933 0.152875357 1.038087494 0.704874898 0.380997288 0.516057419 -0.302782405
1413393979.255760431 -2.639469639 0.148655588 1.042627156 0.710892072 0.367507305 0.522362763 -0.294462199
1413393979.305760384 -2.630912813 0.142851319 1.049920168 0.717521077 0.353049177 0.527354663 -0.287083335
1413393979.355760574 -2.620580187 0.136634810 1.052089678 0.723905666 0.337959089 0.531946024 -0.280673596
1413393979.405760527 -2.609303046 0.130544067 1.050173445 0.730255773 0.322359944 0.536127030 -0.274551235
1413393979.455760479 -2.595153381 0.122960329 1.047573964 0.736270503 0.306524615 0.540196624 -0.268581486
1413393979.505760431 -2.581116569 0.109373977 1.041327593 0.741843472 0.290358397 0.543573415 -0.264363778
1413393979.555760384 -2.565352502 0.099359820 1.029013476 0.747102442 0.273510690 0.547853220 -0.258624618
1413393979.605760574 -2.545477287 0.085695959 1.017246345 0.752301318 0.258126794 0.551401786 -0.251732707
1413393979.655760527 -2.525002424 0.073119708 1.004544262 0.757266281 0.245005352 0.555376625 -0.240991621
1413393979.705760479 -2.506795397 0.058550463 0.990706739 0.760608477 0.231402932 0.561675480 -0.229015465
1413393979.755760431 -2.483253504 0.035167563 0.981834404 0.764246419 0.220893562 0.565673675 -0.217132997
1413393979.805760384 -2.458702995 0.013905283 0.972151149 0.767061744 0.211006350 0.571211250 -0.202015616
1413393979.855760574 -2.433537707 -0.011321928 0.963181129 0.770410663 0.201005325 0.575566736 -0.186513279
1413393979.905760527 -2.406556657 -0.038961395 0.956336075 0.773960761 0.190513210 0.578687818 -0.172655338
1413393979.955760479 -2.377192984 -0.070777148 0.953082727 0.778135994 0.179868515 0.580197817 -0.159756646
1413393980.005760431 -2.348814093 -0.101225804 0.950346718 0.782305103 0.168765640 0.581306504 -0.146968136
1413393980.055760384 -2.321539242 -0.131901210 0.942744636 0.787225971 0.159114001 0.580948916 -0.132122527
1413393980.105760574 -2.290583400 -0.164858536 0.940930509 0.792659422 0.151059591 0.579160672 -0.115952391
1413393980.155760527 -2.259398866 -0.199566353 0.940502408 0.797578706 0.144325940 0.577237959 -0.099169401
1413393980.205760479 -2.230204134 -0.235183608 0.934549844 0.802366882 0.138806081 0.574538533 -0.082738942
1413393980.255760431 -2.195156305 -0.266813811 0.933761989 0.806964416 0.134262028 0.571003231 -0.068829133
1413393980.305760384 -2.157866533 -0.296338032 0.931259462 0.810677037 0.130582882 0.567868607 -0.057237211
1413393980.355760574 -2.121102339 -0.323757758 0.928620184 0.812704635 0.127661343 0.566418664 -0.048822683
1413393980.405760527 -2.080413702 -0.351069237 0.928107221 0.812822459 0.126247551 0.567031640 -0.043085098
1413393980.455760479 -2.039702914 -0.372213477 0.925130245 0.811184429 0.123231769 0.570270988 -0.039808974
1413393980.505760431 -1.998422311 -0.391747182 0.921633584 0.806824297 0.121683138 0.576893798 -0.037700309
1413393980.555760384 -1.955545672 -0.408236258 0.920216484 0.800565818 0.120690894 0.585763888 -0.037533274
1413393980.605760574 -1.909613194 -0.420128329 0.923793270 0.793911557 0.119877073 0.594957928 -0.036864493
1413393980.655760527 -1.863128798 -0.432932695 0.927758023 0.788698907 0.120030566 0.601816527 -0.036926488
1413393980.705760479 -1.817367965 -0.443594548 0.930301993 0.785238720 0.120270364 0.606246563 -0.037420544
1413393980.755760431 -1.775447368 -0.449205826 0.930851687 0.784949732 0.120132085 0.606693818 -0.036671682
1413393980.805760384 -1.730356583 -0.457399247 0.933061842 0.788109817 0.119301422 0.602610914 -0.038860949
1413393980.855760574 -1.688116705 -0.460900658 0.933575528 0.792069975 0.117310359 0.597612856 -0.041500710
1413393980.905760527 -1.644268920 -0.465372914 0.935539685 0.798272083 0.115115149 0.589427083 -0.045671625
1413393980.955760479 -1.599790879 -0.466533081 0.942221974 0.803368767 0.111653846 0.582665157 -0.051316252
1413393981.005760431 -1.556396533 -0.464250888 0.945810790 0.806831884 0.106472906 0.578206512 -0.057991904
1413393981.055760384 -1.511645089 -0.462961346 0.951626690 0.808078038 0.102998925 0.576379686 -0.064711382
1413393981.105760574 -1.464610382 -0.461303073 0.959231631 0.807886920 0.098828603 0.576511587 -0.072014039
1413393981.155760527 -1.416518695 -0.455272746 0.972715516 0.805765190 0.094234149 0.579551079 -0.077349401
1413393981.205760479 -1.363643428 -0.450985384 0.990535616 0.803253152 0.091161954 0.582835230 -0.082322333
1413393981.255760431 -1.312958377 -0.449520302 1.005598085 0.800668556 0.090176066 0.585983283 -0.086149481
1413393981.305760384 -1.260135147 -0.447219168 1.027360047 0.800601640 0.091118675 0.585641834 -0.088079751
1413393981.355760574 -1.209672116 -0.442580712 1.047306869 0.801099872 0.091071295 0.584836690 -0.088944138
1413393981.405760527 -1.158310405 -0.438331611 1.068786499 0.801641402 0.094490514 0.583826018 -0.087119384
1413393981.455760479 -1.102136551 -0.440996119 1.091749912 0.802791388 0.097949026 0.582087510 -0.084297720
1413393981.505760431 -1.047995688 -0.441126596 1.113451585 0.802345234 0.103505510 0.582584392 -0.078257022
1413393981.555760384 -0.988589447 -0.443142649 1.135083080 0.802063779 0.109492428 0.582665690 -0.072151211
1413393981.605760574 -0.927685837 -0.445191330 1.150830340 0.801024139 0.114242931 0.583637202 -0.068384926
1413393981.655760527 -0.866980894 -0.442823685 1.161808039 0.800514617 0.118014217 0.584055012 -0.064255240
1413393981.705760479 -0.801916930 -0.438309548 1.167293277 0.799933669 0.122047085 0.584310356 -0.061579557
1413393981.755760431 -0.736682687 -0.434009404 1.170494516 0.798871472 0.125105634 0.585392705 -0.058892544
1413393981.805760384 -0.671477613 -0.427151391 1.172489235 0.796570674 0.128779551 0.587973798 -0.056371988
1413393981.855760574 -0.607535932 -0.419100901 1.174352999 0.793527045 0.135220314 0.590883258 -0.053733325
1413393981.905760527 -0.540701016 -0.411884498 1.178442956 0.790322076 0.142308846 0.593543702 -0.053339319
1413393981.955760479 -0.474019720 -0.405181777 1.186721867 0.786692560 0.150708559 0.596084671 -0.055541067
1413393982.005760431 -0.406794912 -0.393757410 1.196226333 0.783099057 0.159065366 0.598307776 -0.059007476
1413393982.055760384 -0.338593649 -0.378390504 1.207719403 0.780309627 0.169393626 0.598708694 -0.063012576
1413393982.105760574 -0.269926854 -0.363202875 1.216856889 0.776295136 0.181960091 0.599505944 -0.069634836
1413393982.155760527 -0.203298929 -0.343758694 1.226185774 0.771430492 0.194194450 0.600900183 -0.078118383
1413393982.205760479 -0.138355417 -0.324532167 1.229752278 0.766676461 0.207938700 0.600934297 -0.088581441
1413393982.255760431 -0.075076178 -0.301793540 1.234330148 0.761875503 0.223351502 0.599541997 -0.101040675
1413393982.305760384 -0.016854642 -0.271189342 1.240039544 0.756714848 0.239333580 0.598015079 -0.111714104
1413393982.355760574 0.040161743 -0.242963644 1.246446477 0.752520586 0.257387072 0.593353824 -0.124080223
1413393982.405760527 0.097303011 -0.210656832 1.255020178 0.748355944 0.277425465 0.587180591 -0.134972020
1413393982.455760479 0.151710147 -0.179227169 1.262372687 0.743399361 0.297417749 0.580718339 -0.147194713
1413393982.505760431 0.206214640 -0.146025876 1.269402483 0.737763174 0.318518316 0.573210267 -0.160254708
1413393982.555760384 0.255795703 -0.108800165 1.275988734 0.730448035 0.340524170 0.565949909 -0.173751718
1413393982.605760574 0.298216091 -0.068383597 1.283128775 0.720532067 0.363998937 0.559720767 -0.187219061
1413393982.655760527 0.343220735 -0.026477933 1.289443590 0.710828552 0.387381114 0.551940339 -0.200051256
1413393982.705760479 0.384426524 0.011279765 1.295471714 0.698242555 0.412176553 0.545745744 -0.211493277
1413393982.755760431 0.428412999 0.053892763 1.305098216 0.683926500 0.439063300 0.537482928 -0.224900119
1413393982.805760384 0.470829930 0.097924455 1.310594402 0.669649533 0.463418841 0.529876742 -0.236734279
1413393982.855760574 0.516462195 0.138045064 1.321350986 0.653646461 0.487912585 0.522599348 -0.248148209
1413393982.905760527 0.556428358 0.178002219 1.326878661 0.636140140 0.512931013 0.513966682 -0.260894133
1413393982.955760479 0.584773678 0.221061766 1.331685059 0.620219535 0.535913268 0.504553134 -0.271202568
1413393983.005760431 0.617842578 0.253967375 1.341587939 0.604004413 0.557826393 0.493554629 -0.283570474
1413393983.055760384 0.647871138 0.290072435 1.351066113 0.585948500 0.579207794 0.483508800 -0.295638168
1413393983.105760574 0.674938994 0.328407252 1.358496846 0.567930381 0.599189631 0.473673079 -0.306693141
1413393983.155760527 0.696210337 0.362214923 1.371733303 0.548764487 0.619489250 0.463894435 -0.316057842
1413393983.205760479 0.714757678 0.402706316 1.381254509 0.528969584 0.639164330 0.454104288 -0.324729785
1413393983.255760431 0.728286638 0.442790383 1.391248051 0.508783838 0.657256704 0.445321418 -0.332928620
1413393983.305760384 0.744493422 0.482693913 1.401354386 0.489370379 0.675103888 0.434122907 -0.341011252
1413393983.355760574 0.758623486 0.525758820 1.400495579 0.468315556 0.690569308 0.425514730 -0.350330966
1413393983.405760527 0.765292746 0.573445376 1.401553512 0.446730036 0.705315651 0.415844597 -0.360604184
1413393983.455760479 0.763744393 0.619215624 1.406722971 0.426185480 0.718689608 0.405254951 -0.370971170
1413393983.505760431 0.757893632 0.667894962 1.410976677 0.405253941 0.730289502 0.395942338 -0.381675453
1413393983.555760384 0.746715373 0.711687966 1.414007990 0.384187741 0.740790010 0.385356104 -0.393866239
1413393983.605760574 0.727173343 0.754780329 1.418538276 0.362931972 0.750485343 0.374652542 -0.405817209
1413393983.655760527 0.706441320 0.792615709 1.422916406 0.342588675 0.759841442 0.363434080 -0.416160609
1413393983.705760479 0.682810106 0.827185007 1.430466396 0.323408815 0.767871440 0.350641431 -0.427587157
1413393983.755760431 0.654056252 0.858929848 1.429924319 0.305711409 0.775333971 0.336928544 -0.438037582
1413393983.805760384 0.614739269 0.885596652 1.434007007 0.289508268 0.782408457 0.322140151 -0.447490438
1413393983.855760574 0.578203629 0.912185114 1.435619264 0.274172433 0.789372916 0.306287167 -0.455969349
1413393983.905760527 0.536746423 0.930170088 1.441742392 0.258670959 0.794993414 0.292487924 -0.464247370
1413393983.955760479 0.490815280 0.946452603 1.447064934 0.241154648 0.800195058 0.280761361 -0.471916691
1413393984.005760431 0.443498282 0.957498783 1.452831542 0.223957471 0.805279986 0.269022681 -0.478533168
1413393984.055760384 0.392679350 0.967374156 1.456675312 0.205988532 0.809775577 0.257832385 -0.485133693
1413393984.105760574 0.340709384 0.970489593 1.463169731 0.187400533 0.813841155 0.246674643 -0.491625095
1413393984.155760527 0.283681628 0.973030438 1.468419842 0.169530289 0.818113104 0.235002469 -0.496713468
1413393984.205760479 0.226967803 0.968623722 1.474761323 -0.151270216 -0.821526570 -0.223617261 0.502201889
1413393984.255760431 0.171026844 0.960326772 1.480965477 -0.133972418 -0.824642816 -0.210925056 0.507470431
1413393984.305760384 0.113893838 0.949864033 1.482935268 -0.119216645 -0.827344426 -0.196645181 0.512463915
1413393984.355760574 0.052698838 0.931870266 1.488828880 -0.105779473 -0.829200493 -0.182686216 0.517554820
1413393984.405760527 -0.008638497 0.909428889 1.495208134 -0.092835845 -0.830151588 -0.169891871 0.522844718
1413393984.455760479 -0.066264158 0.879970984 1.501322194 -0.079966301 -0.830245589 -0.159247360 0.528145748
1413393984.505760431 -0.130206521 0.849921486 1.509513162 -0.069388368 -0.830511726 -0.148663693 0.532291869
1413393984.555760384 -0.196360981 0.816757529 1.517674601 -0.058259374 -0.830207419 -0.138143997 0.536915005
1413393984.605760574 -0.258174955 0.780073623 1.524598525 -0.051182206 -0.831014919 -0.126852914 0.539168735
1413393984.655760527 -0.317936329 0.739204651 1.528732923 -0.049378009 -0.832884895 -0.111527327 0.539839068
1413393984.705760479 -0.377115948 0.693431588 1.532130667 -0.052189846 -0.834604435 -0.093175223 0.540398034
1413393984.755760431 -0.437825960 0.646789238 1.531031691 -0.055039090 -0.835192151 -0.078826171 0.541489801
1413393984.805760384 -0.499824014 0.599298332 1.527417016 -0.059342351 -0.836212223 -0.064895162 0.541309728
1413393984.855760574 -0.557387234 0.550357174 1.522071016 -0.067868355 -0.838455927 -0.050871505 0.538328557
1413393984.905760527 -0.617032601 0.504247554 1.510860602 -0.080082845 -0.841167416 -0.039278313 0.533367913
1413393984.955760479 -0.671194703 0.452674416 1.500770109 -0.093904207 -0.842986249 -0.030359777 0.528804754
1413393985.005760431 -0.726324276 0.404819600 1.487451973 -0.108423011 -0.843998591 -0.026142769 0.524621183
1413393985.055760384 -0.777936946 0.364810700 1.471152258 -0.121878935 -0.843833120 -0.028531431 0.521801829
1413393985.105760574 -0.830731543 0.319175704 1.459237392 -0.132439841 -0.842096719 -0.038094179 0.521422706
1413393985.155760527 -0.878928440 0.281044800 1.446309768 -0.141401488 -0.838195509 -0.052072493 0.524139642
1413393985.205760479 -0.930626169 0.240837495 1.428148527 -0.150368865 -0.834260302 -0.068195742 0.526068715
1413393985.255760431 -0.978846383 0.204648492 1.407279302 -0.159736109 -0.829866302 -0.085629807 0.527706199
1413393985.305760384 -1.024894324 0.172290962 1.387439151 -0.169646895 -0.825292466 -0.103883185 0.528507862
1413393985.355760574 -1.069520018 0.135799227 1.365902547 -0.179199097 -0.820752236 -0.123166809 0.528283435
1413393985.405760527 -1.115806885 0.102365329 1.346351583 -0.190206468 -0.816809387 -0.140338422 0.526259491
1413393985.455760479 -1.158313656 0.068245424 1.329735562 -0.203190379 -0.812207584 -0.156370631 0.524004519
1413393985.505760431 -1.202755392 0.037741117 1.311212898 -0.216529428 -0.807439284 -0.171362208 0.521336555
1413393985.555760384 -1.249981019 0.002787413 1.292715413 -0.232197875 -0.803518902 -0.182284878 0.516927213
1413393985.605760574 -1.294877829 -0.033006975 1.276042500 -0.250037644 -0.800082285 -0.190559667 0.510917338
1413393985.655760527 -1.340340059 -0.073758782 1.258268571 -0.268779877 -0.798110164 -0.195180284 0.502675044
1413393985.705760479 -1.385786586 -0.112747132 1.243792947 0.288875813 0.795524414 0.199016648 -0.494048627
1413393985.755760431 -1.431070688 -0.152826536 1.229147149 0.308283079 0.793111895 0.203049258 -0.484464719
1413393985.805760384 -1.476422054 -0.196458034 1.213090026 0.325873027 0.790164205 0.207412798 -0.475843705
1413393985.855760574 -1.522008420 -0.232476182 1.199312988 0.343802054 0.786386573 0.211603402 -0.467568503
1413393985.905760527 -1.568522489 -0.261304361 1.187776537 0.361644691 0.781213246 0.215040535 -0.461168678
1413393985.955760479 -1.615284018 -0.294581147 1.175929185 0.378094486 0.774992809 0.220634716 -0.455797135
1413393986.005760431 -1.662357677 -0.322937587 1.166039273 0.393825216 0.767869859 0.226371606 -0.451700648
1413393986.055760384 -1.708053793 -0.347238627 1.156797207 0.408430666 0.760410007 0.232902060 -0.448015226
1413393986.105760574 -1.751514574 -0.365617201 1.148305856 0.423750037 0.751370800 0.239361285 -0.445627651
1413393986.155760527 -1.793492449 -0.383753216 1.142234844 0.438439607 0.741818381 0.244960132 -0.444376794
1413393986.205760479 -1.836766389 -0.399099978 1.136202460 0.454539755 0.731081188 0.248625409 -0.443958685
1413393986.255760431 -1.877796678 -0.408539830 1.127852063 0.470090857 0.718930799 0.254352406 -0.444362405
1413393986.305760384 -1.915024094 -0.413119310 1.118517820 0.485111935 0.707301555 0.259881460 -0.443680682
1413393986.355760574 -1.950298407 -0.419028345 1.114766672 0.499303697 0.695694233 0.266027279 -0.442645276
1413393986.405760527 -1.985127200 -0.416990169 1.108605295 0.513943917 0.683386293 0.273630984 -0.440421285
1413393986.455760479 -2.015691210 -0.414858144 1.106575939 0.526554388 0.672623171 0.281564249 -0.437081366
1413393986.505760431 -2.042585253 -0.410031162 1.102895863 0.534517400 0.663064142 0.295679778 -0.432678359
1413393986.555760384 -2.065846314 -0.401417940 1.102055033 0.538309411 0.654794337 0.315607721 -0.426449435
1413393986.605760574 -2.085085524 -0.392785153 1.100881294 0.537460489 0.648833849 0.339628242 -0.418095104
1413393986.655760527 -2.101775094 -0.377445176 1.104077490 0.537028284 0.643226862 0.362756622 -0.407759070
1413393986.705760479 -2.118076355 -0.363405447 1.111301912 0.536863201 0.634599691 0.384902951 -0.401136952
1413393986.755760431 -2.133070702 -0.347905272 1.118017987 0.536855876 0.626050447 0.405042474 -0.394698874
1413393986.805760384 -2.149909799 -0.333834648 1.120583812 0.536605257 0.616228901 0.426121213 -0.388249212
1413393986.855760574 -2.164197004 -0.322212166 1.124941917 0.536706796 0.607625285 0.443522763 -0.382132029
1413393986.905760527 -2.180433532 -0.311957557 1.129013207 0.538022263 0.600113061 0.457003246 -0.376223858
1413393986.955760479 -2.194763384 -0.299536995 1.133823132 0.542866497 0.594035677 0.463806983 -0.370541043
1413393987.005760431 -2.214095243 -0.287661432 1.133962268 0.549969901 0.589640752 0.465875668 -0.364440330
1413393987.055760384 -2.234301240 -0.281170406 1.135397033 0.556842179 0.586191121 0.466140797 -0.359192865
1413393987.105760574 -2.257131062 -0.274466356 1.134126478 0.563007244 0.583755411 0.465471729 -0.354384725
1413393987.155760527 -2.281724706 -0.267897016 1.128907260 0.568156594 0.581825691 0.464829147 -0.350158269
1413393987.205760479 -2.305523823 -0.261213425 1.123005702 0.572468947 0.579868746 0.463998635 -0.347472025
1413393987.255760431 -2.331052263 -0.257783437 1.117253178 0.575734898 0.579386748 0.462743560 -0.344541320
1413393987.305760384 -2.357785155 -0.251901312 1.111503947 0.578418114 0.578499606 0.462082220 -0.342418914
1413393987.355760574 -2.384424227 -0.247108406 1.107870130 0.580212556 0.578453107 0.460599942 -0.341457298
1413393987.405760527 -2.411861725 -0.242066161 1.106216163 0.581333174 0.578708996 0.459569368 -0.340504971
1413393987.455760479 -2.441680266 -0.232946400 1.103382641 0.582123616 0.579260727 0.458130079 -0.340155754
1413393987.505760431 -2.471951468 -0.227144891 1.104049574 0.582411112 0.579363216 0.457630489 -0.340161574
1413393987.555760384 -2.503661250 -0.220303647 1.103285901 0.581424318 0.578602946 0.459806852 -0.340208837
1413393987.605760574 -2.536548531 -0.212312413 1.101024953 0.580988207 0.576555049 0.463601432 -0.339279664
1413393987.655760527 -2.569046614 -0.203785353 1.099946627 0.581499157 0.574203473 0.466707743 -0.338131611
1413393987.705760479 -2.603184315 -0.193490736 1.098457908 0.583543720 0.570332827 0.470180664 -0.336344075
1413393987.755760431 -2.637253957 -0.188563227 1.097154184 0.585842720 0.565870344 0.472920695 -0.336043269
1413393987.805760384 -2.674768806 -0.185656703 1.097033037 0.589286116 0.561859906 0.473761312 -0.335567488
1413393987.855760574 -2.714041758 -0.178511726 1.097662080 0.593655343 0.557349047 0.473331890 -0.335994487
1413393987.905760527 -2.753431415 -0.178077474 1.093324741 0.597306454 0.554026710 0.472357488 -0.336389369
1413393987.955760479 -2.794172227 -0.172425881 1.084704553 0.599794072 0.550861640 0.472889759 -0.336413139
1413393988.005760431 -2.831247944 -0.166651546 1.075600716 0.601823060 0.548297512 0.473148055 -0.336615152
1413393988.055760384 -2.871519717 -0.161616338 1.063110586 0.603362606 0.546734352 0.473807778 -0.335471762
1413393988.105760574 -2.914560632 -0.160561839 1.043363315 0.603167336 0.544978955 0.476894022 -0.334304044
1413393988.155760527 -2.951638765 -0.155828024 1.029143640 0.602261038 0.543932313 0.479686416 -0.333646853
1413393988.205760479 -2.989401589 -0.147685891 1.007900329 0.600717464 0.543125840 0.484108585 -0.331348348
1413393988.255760431 -3.025484947 -0.139938888 0.985718888 0.598116169 0.542653550 0.488653137 -0.330154941
1413393988.305760384 -3.062321802 -0.135952529 0.960402415 0.595156437 0.542473932 0.493354126 -0.328804736
1413393988.355760574 -3.103097066 -0.127298605 0.935753509 0.592391457 0.542980699 0.497413795 -0.326839164
1413393988.405760527 -3.147329018 -0.119202963 0.909524066 0.589602031 0.544641423 0.501635003 -0.322641426
1413393988.455760479 -3.188601278 -0.107899974 0.882864126 0.586327155 0.548136354 0.505977504 -0.315838203
1413393988.505760431 -3.230222447 -0.102910302 0.855615569 0.582237606 0.552529256 0.511291642 -0.307069453
1413393988.555760384 -3.273680828 -0.093231879 0.831649945 0.578562318 0.556769775 0.516114088 -0.298159875
1413393988.605760574 -3.317815714 -0.085512956 0.821917528 0.576470140 0.559040623 0.518667208 -0.293496315
1413393988.655760527 -3.370984151 -0.083176061 0.806463595 0.578741610 0.556837145 0.517191275 -0.295810292
1413393988.705760479 -3.428551486 -0.081667168 0.792615428 0.583861144 0.554395676 0.512439946 -0.298591527
1413393988.755760431 -3.492002493 -0.082277657 0.775977606 0.592435303 0.548326118 0.504430763 -0.306444913
1413393988.805760384 -3.556564296 -0.071697163 0.750331822 0.604343545 0.541178179 0.495145392 -0.311008199
1413393988.855760574 -3.620453994 -0.071774816 0.728654926 0.620103981 0.532072974 0.481121945 -0.317633560
1413393988.905760527 -3.684800581 -0.069853090 0.704353532 0.636949299 0.521505739 0.466912126 -0.322986719
1413393988.955760479 -3.746488011 -0.061833517 0.694065786 0.653521805 0.509655660 0.454710737 -0.326187836
1413393989.005760431 -3.809768334 -0.061522656 0.691904153 0.668156765 0.499776834 0.443562452 -0.327172745
1413393989.055760384 -3.869367560 -0.062678667 0.695439458 0.681596450 0.489653517 0.434078786 -0.327477206
1413393989.105760574 -3.925457091 -0.060268477 0.691151510 0.694444261 0.479935516 0.424941508 -0.326854377
1413393989.155760527 -3.973237400 -0.059405622 0.700341562 0.705487703 0.471501648 0.417120023 -0.325552120
1413393989.205760479 -4.015389875 -0.051922849 0.709531960 0.714424214 0.466225530 0.412357348 -0.319676735
1413393989.255760431 -4.060591092 -0.057804175 0.704182887 0.715944445 0.465290509 0.417482280 -0.310864664
1413393989.305760384 -4.094038765 -0.054531246 0.712115403 0.706272961 0.468620120 0.437889894 -0.299710073
1413393989.355760574 -4.114455284 -0.037220018 0.737308137 0.692030934 0.471770299 0.463049632 -0.290018981
1413393989.405760527 -4.129170712 -0.019389334 0.761014016 0.674225217 0.472167409 0.490761515 -0.285712147
1413393989.455760479 -4.144171792 0.008769502 0.787620292 0.657688393 0.470974453 0.516178898 -0.281404312
1413393989.505760431 -4.146949530 0.054801737 0.826375733 0.645051331 0.469647271 0.533681436 -0.280221958
1413393989.555760384 -4.154502301 0.091091992 0.859673178 0.636525081 0.467811175 0.545792014 -0.279463065
1413393989.605760574 -4.166459638 0.119347196 0.874928975 0.630915690 0.466657955 0.553500569 -0.278949575
1413393989.655760527 -4.180520897 0.148627527 0.881827853 0.628528012 0.465984355 0.557417959 -0.277662273
1413393989.705760479 -4.197807405 0.175976435 0.890233323 0.631536867 0.464443733 0.556682579 -0.274877630
1413393989.755760431 -4.217231515 0.202299984 0.902565405 0.636418298 0.461464982 0.554697564 -0.272639748
1413393989.805760384 -4.238998052 0.223451647 0.905686076 0.641729189 0.456710287 0.552701169 -0.272251317
1413393989.855760574 -4.261199133 0.244940729 0.908814146 0.648805582 0.447643713 0.550516229 -0.274951460
1413393989.905760527 -4.286191612 0.258618535 0.904832784 0.656167126 0.437455502 0.548245686 -0.278395499
1413393989.955760479 -4.310592498 0.269560194 0.900142723 0.663132512 0.423744072 0.547728405 -0.284059550
1413393990.005760431 -4.334482191 0.290148197 0.882585141 0.670526616 0.409126487 0.548405676 -0.286811417
1413393990.055760384 -4.357516995 0.307157427 0.869515129 0.676935754 0.394273872 0.552088758 -0.285489233
1413393990.105760574 -4.379051290 0.319050171 0.859083514 0.683209210 0.379867105 0.556817809 -0.280855987
1413393990.155760527 -4.398419591 0.327319485 0.855577855 0.690313639 0.364554847 0.561793320 -0.273779309
1413393990.205760479 -4.418008630 0.333951814 0.846620424 0.697161077 0.348551741 0.567365707 -0.265658183
1413393990.255760431 -4.437985993 0.338442880 0.831786126 0.705128507 0.332518867 0.571532237 -0.256077907
1413393990.305760384 -4.458186196 0.339409789 0.813069067 0.714295462 0.315549755 0.573993652 -0.246458178
1413393990.355760574 -4.476713726 0.337841994 0.798079374 0.724643625 0.297943151 0.574480585 -0.236840778
1413393990.405760527 -4.493475159 0.338565276 0.785099756 0.734223396 0.279600717 0.575626451 -0.226701639
1413393990.455760479 -4.510512811 0.331924396 0.767688221 0.743339227 0.260688232 0.575788593 -0.218988437
1413393990.505760431 -4.528230003 0.320123262 0.752065582 0.752524181 0.242092169 0.574732338 -0.211616346
1413393990.555760384 -4.541684518 0.309201925 0.741732704 0.763273797 0.224855583 0.570585915 -0.203186590
1413393990.605760574 -4.554191967 0.300518496 0.728829497 0.776372260 0.209388219 0.562530024 -0.192256753
1413393990.655760527 -4.563267744 0.283559866 0.721957129 0.791455133 0.199239027 0.549978242 -0.177275253
1413393990.705760479 -4.572499019 0.267883736 0.706293281 0.806971248 0.195711405 0.535140657 -0.155302696
1413393990.755760431 -4.576733209 0.247211486 0.703005594 0.819311566 0.196321172 0.522539146 -0.130917515
1413393990.805760384 -4.581013570 0.227221126 0.691620512 0.827797356 0.199431616 0.513379829 -0.106863091
1413393990.855760574 -4.580826496 0.212007039 0.689166239 0.834152017 0.203731615 0.505457190 -0.084834372
1413393990.905760527 -4.571465264 0.192972521 0.671792276 0.835054388 0.208223890 0.504862047 -0.066643033
1413393990.955760479 -4.550999377 0.191074529 0.657686559 0.829047576 0.212836130 0.514522740 -0.051451428
1413393991.005760431 -4.532300263 0.179018870 0.647412612 0.815881545 0.218236325 0.533723192 -0.043008888
1413393991.055760384 -4.507575704 0.179868054 0.648392674 0.799496059 0.221053872 0.557144928 -0.039125017
1413393991.105760574 -4.477961852 0.190316909 0.657202523 0.780121419 0.221733800 0.583561327 -0.041241613
1413393991.155760527 -4.448161643 0.199166477 0.674622161 0.758132670 0.220120713 0.611822017 -0.049553467
1413393991.205760479 -4.422645651 0.218378711 0.680449313 0.735876445 0.215500303 0.639031840 -0.060694196
1413393991.255760431 -4.398519339 0.238864433 0.699221133 0.714208870 0.211373278 0.663221544 -0.073240771
1413393991.305760384 -4.379483405 0.257116595 0.719921753 0.694383757 0.206885539 0.683887830 -0.085597939
1413393991.355760574 -4.362643598 0.278932329 0.730578361 0.682097872 0.201113643 0.695774265 -0.100965181
1413393991.405760527 -4.342552367 0.299838471 0.765503787 0.680070735 0.195882010 0.697230688 -0.114032454
1413393991.455760479 -4.327221703 0.330740136 0.813512430 0.693257844 0.192956539 0.683259066 -0.123767466
1413393991.505760431 -4.322993490 0.348668765 0.820334908 0.709214853 0.189543449 0.665716306 -0.133825902
1413393991.555760384 -4.327471431 0.365135255 0.809510211 0.725650027 0.185485012 0.646714348 -0.144180098
1413393991.605760574 -4.339171064 0.370906031 0.797829324 0.743229694 0.181814104 0.625091966 -0.154315543
1413393991.655760527 -4.351934296 0.383188051 0.791148976 0.761938471 0.178609876 0.601429257 -0.160720653
1413393991.705760479 -4.362938913 0.390911792 0.779277115 0.777127098 0.176600301 0.581530331 -0.163426684
1413393991.755760431 -4.369547356 0.397619672 0.781698210 0.788994936 0.174596832 0.565843056 -0.163782090
1413393991.805760384 -4.376257631 0.401567649 0.766894870 0.795109201 0.174046365 0.558129858 -0.161246031
1413393991.855760574 -4.377269556 0.398295348 0.771880038 0.793165418 0.177031649 0.561882843 -0.154389395
1413393991.905760527 -4.381427495 0.387732322 0.777684410 0.783179506 0.184411903 0.576514098 -0.142315161
1413393991.955760479 -4.380602581 0.378977416 0.792155933 0.766933418 0.192116479 0.598538168 -0.129059880
1413393992.005760431 -4.379535634 0.370268252 0.819354418 0.749557793 0.198226347 0.619853360 -0.121042321
1413393992.055760384 -4.377990242 0.362726535 0.836066801 0.732976767 0.202709004 0.639208414 -0.114309767
1413393992.105760574 -4.369876193 0.361007711 0.866305384 0.722449361 0.205273486 0.651176354 -0.109082869
1413393992.155760527 -4.365563250 0.357622123 0.899018308 0.721904722 0.208172431 0.651530749 -0.105002353
1413393992.205760479 -4.363143755 0.349916544 0.914166980 0.731229113 0.210611471 0.641116287 -0.099582628
1413393992.255760431 -4.361599160 0.343642807 0.929222385 0.745234634 0.213100153 0.624840096 -0.093747106
1413393992.305760384 -4.364532277 0.333897668 0.939443128 0.759463709 0.212894483 0.607904730 -0.091338127
1413393992.355760574 -4.372809148 0.320718790 0.947045422 0.774966820 0.205501487 0.589310830 -0.099540508
1413393992.405760527 -4.383149592 0.307327491 0.950480320 0.787678983 0.197848133 0.573022253 -0.109833662
1413393992.455760479 -4.391375854 0.298915305 0.944217057 0.796302316 0.189125178 0.561670011 -0.121082974
1413393992.505760431 -4.402309327 0.290628073 0.923578616 0.798087216 0.182309413 0.559377314 -0.130065730
1413393992.555760384 -4.408117743 0.282232838 0.907579341 0.794363930 0.178258055 0.564538813 -0.136036543
1413393992.605760574 -4.411199181 0.275846124 0.885351288 0.785376125 0.177327949 0.576915175 -0.137506441
1413393992.655760527 -4.408318098 0.272044341 0.877435541 0.771429908 0.180163079 0.595654696 -0.132787970
1413393992.705760479 -4.402182080 0.263225126 0.883559344 0.754081978 0.185441749 0.617114482 -0.127048987
1413393992.755760431 -4.394644957 0.251511530 0.882919149 0.735441452 0.190534003 0.638902371 -0.120939759
1413393992.805760384 -4.385841981 0.242295490 0.888494115 0.719822992 0.195066875 0.656246284 -0.114649855
1413393992.855760574 -4.376098063 0.226598053 0.910547400 0.711461657 0.200411742 0.664737437 -0.108543006
1413393992.905760527 -4.369311434 0.212289398 0.943119073 0.711965675 0.204183173 0.663761137 -0.104092565
1413393992.955760479 -4.368886128 0.209343675 0.958821257 0.720208042 0.206049161 0.655276861 -0.097243792
1413393993.005760431 -4.374579366 0.193513725 0.961695259 0.731800029 0.209091206 0.642160370 -0.091540394
1413393993.055760384 -4.386526780 0.174181050 0.953785474 0.743305406 0.212571438 0.628416756 -0.086039749
1413393993.105760574 -4.397904168 0.162924295 0.942818398 0.753670171 0.212174270 0.616437230 -0.083477504
1413393993.155760527 -4.408953437 0.145452824 0.950603987 0.768175024 0.211436069 0.598436813 -0.084114822
1413393993.205760479 -4.421095779 0.140811136 0.962382326 0.784926986 0.209484550 0.577050006 -0.083780315
1413393993.255760431 -4.436669497 0.136577177 0.956135823 0.800974807 0.207477876 0.555617717 -0.081738868
1413393993.305760384 -4.451581973 0.120231657 0.951318875 0.815424763 0.207241063 0.534430303 -0.080733197
1413393993.355760574 -4.467302738 0.111667962 0.934443816 0.824255880 0.207528534 0.521140556 -0.077114671
1413393993.405760527 -4.475696760 0.112828534 0.925007803 0.829005244 0.208970284 0.513762710 -0.071621258
1413393993.455760479 -4.478057524 0.103259464 0.914460276 0.828011316 0.212909501 0.514310121 -0.067467797
1413393993.505760431 -4.476399777 0.099483749 0.903344341 0.820636396 0.214697754 0.525366191 -0.066716908
1413393993.555760384 -4.468394686 0.109265701 0.906469185 0.808471280 0.214741742 0.543767110 -0.067657257
1413393993.605760574 -4.455469166 0.118604267 0.912143756 0.791922451 0.214593957 0.567147676 -0.071775902
1413393993.655760527 -4.440438889 0.129834422 0.922353081 0.771483754 0.213738532 0.594247036 -0.077453969
1413393993.705760479 -4.426308765 0.146229650 0.925998622 0.749176454 0.211821970 0.622080429 -0.082958028
1413393993.755760431 -4.408318240 0.163338864 0.947262134 0.728282240 0.210042084 0.646281514 -0.088360095
1413393993.805760384 -4.391266377 0.177979246 0.957511554 0.710061586 0.209057733 0.666008798 -0.092410440
1413393993.855760574 -4.375972931 0.194137075 0.960433955 0.694908738 0.207042982 0.681966706 -0.095689397
1413393993.905760527 -4.368841070 0.206791594 0.952122266 0.681922999 0.205286507 0.695010313 -0.098990598
1413393993.955760479 -4.368398348 0.217143526 0.939280617 0.669960434 0.202866039 0.706639996 -0.103239060
1413393994.005760431 -4.371140337 0.225782666 0.931917637 0.661906259 0.199564591 0.714212239 -0.109338721
1413393994.055760384 -4.378671273 0.241414612 0.932125830 0.658368793 0.194708872 0.717546165 -0.117330679
1413393994.105760574 -4.395150980 0.253784845 0.929860566 0.659446084 0.189267128 0.716660029 -0.125328446
1413393994.155760527 -4.418369441 0.253768245 0.950854179 0.665732260 0.184232437 0.710132047 -0.136277082
1413393994.205760479 -4.453365697 0.258265083 0.959939768 0.673370508 0.179170896 0.702490160 -0.144836196
1413393994.255760431 -4.490030062 0.262142713 0.981013029 0.685982273 0.175810086 0.689905415 -0.150165417
1413393994.305760384 -4.532549916 0.261330983 1.006591336 0.704170765 0.174799140 0.670684146 -0.154180319
1413393994.355760574 -4.585814274 0.253469414 1.015841253 0.723936332 0.176978371 0.649722598 -0.149851220
1413393994.405760527 -4.637117784 0.244801462 1.032536458 0.746200269 0.179374958 0.624505060 -0.144924853
1413393994.455760479 -4.696548603 0.231613391 1.030237928 0.770379297 0.182751102 0.595216804 -0.137239683
1413393994.505760431 -4.749465272 0.219462818 1.033889464 0.793586375 0.186622679 0.565035322 -0.126994985
1413393994.555760384 -4.802703251 0.196071051 1.017690724 0.813784455 0.190052745 0.536446471 -0.117728494
1413393994.605760574 -4.857216571 0.178820329 0.995012901 0.831616533 0.190834693 0.510036381 -0.108898811
1413393994.655760527 -4.909472495 0.164591891 0.970242053 0.846224004 0.190749807 0.487280167 -0.100386680
1413393994.705760479 -4.955061733 0.145352595 0.942525443 0.857561641 0.190900605 0.468497486 -0.093032769
1413393994.755760431 -4.990338027 0.133268602 0.910058845 0.863792062 0.191923275 0.458388737 -0.083117358
1413393994.805760384 -5.014468363 0.116112757 0.866242880 0.861632201 0.196194882 0.462348264 -0.073017818
1413393994.855760574 -5.026742162 0.107063946 0.844338465 0.852076779 0.200085111 0.479060967 -0.066571018
1413393994.905760527 -5.030363647 0.104638440 0.847241102 0.838460161 0.203135228 0.501811943 -0.062493294
1413393994.955760479 -5.028197321 0.103185749 0.858648479 0.824284937 0.202594490 0.524732709 -0.064539911
1413393995.005760431 -5.022023327 0.111115519 0.858798829 0.810470769 0.198399216 0.546749148 -0.069571923
1413393995.055760384 -5.010455203 0.117932570 0.856789427 0.798658695 0.193207581 0.564585913 -0.077832293
1413393995.105760574 -4.995400155 0.123031524 0.853280816 0.788796139 0.187776339 0.578563976 -0.088342646
1413393995.155760527 -4.978408582 0.132380825 0.853485023 0.782257045 0.182465628 0.587136929 -0.100251867
1413393995.205760479 -4.963564137 0.136025880 0.845338381 0.778018367 0.177422791 0.591148674 -0.117268147
1413393995.255760431 -4.947922198 0.138828689 0.823647035 0.773851862 0.177250257 0.593514275 -0.132198512
1413393995.305760384 -4.929974950 0.149593867 0.814376688 0.772540778 0.178218501 0.591631523 -0.146256803
1413393995.355760574 -4.911304000 0.150791466 0.803416262 0.770880088 0.184713141 0.588378869 -0.159484329
1413393995.405760527 -4.894538185 0.155023821 0.781235491 0.768402326 0.194385392 0.585568973 -0.169944585
1413393995.455760479 -4.874362048 0.160707686 0.761759225 0.765271859 0.206419512 0.582741875 -0.179337320
1413393995.505760431 -4.852782192 0.155177220 0.739388435 0.760885116 0.222280344 0.579998837 -0.187740879
1413393995.555760384 -4.828423173 0.154443470 0.727907818 0.755595672 0.238221083 0.578057845 -0.195384299
1413393995.605760574 -4.804823035 0.152375509 0.714129147 0.748639036 0.256884320 0.577072183 -0.201339853
1413393995.655760527 -4.781542136 0.137849501 0.704484612 0.739625945 0.277720244 0.576563014 -0.208326710
1413393995.705760479 -4.757679467 0.134768325 0.701535619 0.728961165 0.299510156 0.577540050 -0.212971305
1413393995.755760431 -4.732167450 0.127893562 0.703898916 0.717489710 0.321635775 0.577732476 -0.219052802
1413393995.805760384 -4.708290465 0.110443716 0.693499438 0.704601968 0.343604041 0.577434900 -0.228125550
1413393995.855760574 -4.688212055 0.098724862 0.677758750 0.691810492 0.363859623 0.576384914 -0.238295717
1413393995.905760527 -4.667385329 0.088331506 0.667569780 0.680285070 0.383184006 0.572772008 -0.249628661
1413393995.955760479 -4.647750021 0.075459905 0.666127898 0.669045531 0.401094878 0.568692756 -0.260939697
1413393996.005760431 -4.629197585 0.062760970 0.661417140 0.658739753 0.416791298 0.564341969 -0.271781335
1413393996.055760384 -4.610740882 0.042815473 0.656645592 0.649477245 0.431032280 0.559507665 -0.281676506
1413393996.105760574 -4.591987539 0.034408244 0.658872313 0.643094115 0.440356359 0.555058641 -0.290561767
1413393996.155760527 -4.573777372 0.012188024 0.662561667 0.638949328 0.447620850 0.548471582 -0.300928987
1413393996.205760479 -4.558715111 -0.012926677 0.663765761 0.637982602 0.453290523 0.539807835 -0.310021616
1413393996.255760431 -4.546039137 -0.032274491 0.652155795 0.640685560 0.460889286 0.529068014 -0.311753293
1413393996.305760384 -4.533171872 -0.058937503 0.649207362 0.643675938 0.469188949 0.518781228 -0.310498074
1413393996.355760574 -4.518628418 -0.089631162 0.635575016 0.645957359 0.476415878 0.510927039 -0.307767060
1413393996.405760527 -4.501247609 -0.116116306 0.625980768 0.648300427 0.483004824 0.504406874 -0.303292932
1413393996.455760479 -4.483663913 -0.147608219 0.613935807 0.649908263 0.488573683 0.499455810 -0.299096806
1413393996.505760431 -4.466266767 -0.176776452 0.591782364 0.651739468 0.492803102 0.495446937 -0.294810280
1413393996.555760384 -4.447707484 -0.205455543 0.571533131 0.654714806 0.496029332 0.491087733 -0.290062516
1413393996.605760574 -4.429654546 -0.239980189 0.552287745 0.657137873 0.499488350 0.486938743 -0.285607887
1413393996.655760527 -4.412563006 -0.275856920 0.533322844 0.658527195 0.503032852 0.483078939 -0.282727117
1413393996.705760479 -4.396105534 -0.307454973 0.516110332 0.658798939 0.506116609 0.480393164 -0.281162486
1413393996.755760431 -4.379928519 -0.336934099 0.497956756 0.657515354 0.509025764 0.478817133 -0.281603418
1413393996.805760384 -4.362610995 -0.365695045 0.483830745 0.653729802 0.513829771 0.478485901 -0.282254415
1413393996.855760574 -4.346465723 -0.387825688 0.474355002 0.649917460 0.518688982 0.477875212 -0.283203668
1413393996.905760527 -4.329328441 -0.408985700 0.464285835 0.645604434 0.523924643 0.477189644 -0.284583779
1413393996.955760479 -4.312824808 -0.430474540 0.454353289 0.640565289 0.529757719 0.476256861 -0.286726825
1413393997.005760431 -4.300459233 -0.446994371 0.443863427 0.636411313 0.535771050 0.474379407 -0.287913530
1413393997.055760384 -4.287602002 -0.467569112 0.438328202 0.633312735 0.541002145 0.471272694 -0.290058108
1413393997.105760574 -4.276867609 -0.487533057 0.431614888 0.629499007 0.545142794 0.470446825 -0.291941979
1413393997.155760527 -4.265857131 -0.507851866 0.426219420 0.626258827 0.548343306 0.469259760 -0.294813123
1413393997.205760479 -4.255875559 -0.521893764 0.420834929 0.622481622 0.549933926 0.470001796 -0.298642962
1413393997.255760431 -4.248814701 -0.541993254 0.419669148 0.618374034 0.551318246 0.471079635 -0.302895565
1413393997.305760384 -4.241786444 -0.553642014 0.412718887 0.614581918 0.553026728 0.472502414 -0.305273603
1413393997.355760574 -4.234007392 -0.564399151 0.412310524 0.611763325 0.554096750 0.473144327 -0.307988429
1413393997.405760527 -4.225020030 -0.574010181 0.402040847 0.609532408 0.555306836 0.473397584 -0.309837519
1413393997.455760479 -4.220788043 -0.585329030 0.393260730 0.607991507 0.557036062 0.472932984 -0.310469879
1413393997.505760431 -4.216062338 -0.592633797 0.380248426 0.607416155 0.557594632 0.472524304 -0.311214754
1413393997.555760384 -4.208747159 -0.597539223 0.366631232 0.606475106 0.557499953 0.473155724 -0.312258560
1413393997.605760574 -4.204332592 -0.612182344 0.350213396 0.604724520 0.557195193 0.474128576 -0.314712353
1413393997.655760527 -4.201229646 -0.615333256 0.336455224 0.603626906 0.556398623 0.475902410 -0.315550355
1413393997.705760479 -4.195783651 -0.629058316 0.324139050 0.603957797 0.557135275 0.474340720 -0.315968584
1413393997.755760431 -4.193008106 -0.637459039 0.304568942 0.603935865 0.558093066 0.474222742 -0.314493866
1413393997.805760384 -4.190790474 -0.642649038 0.293310618 0.605114567 0.557773195 0.474068966 -0.313024023
1413393997.855760574 -4.190963991 -0.657551782 0.283083265 0.605588019 0.558442250 0.473303413 -0.312072561
1413393997.905760527 -4.191283251 -0.665468053 0.272026309 0.606266211 0.558509761 0.473367490 -0.310533972
1413393997.955760479 -4.192138646 -0.670595153 0.260257137 0.607038232 0.558261779 0.473846343 -0.308736157
1413393998.005760431 -4.195496286 -0.676263822 0.261095771 0.608071793 0.558129022 0.473339087 -0.307718701
1413393998.055760384 -4.200199435 -0.683066036 0.256653152 0.609132916 0.558263315 0.473139541 -0.305676523
1413393998.105760574 -4.205794412 -0.690175214 0.250638690 0.609670117 0.557214276 0.474158426 -0.304939971
1413393998.155760527 -4.212054261 -0.698537557 0.244582125 0.610051397 0.556026555 0.475495138 -0.304263269
1413393998.205760479 -4.218260718 -0.702122866 0.241128969 0.610418993 0.554732469 0.477155096 -0.303287908
1413393998.255760431 -4.226000361 -0.709820467 0.242579968 0.611352046 0.553181374 0.477998850 -0.302912763
1413393998.305760384 -4.236863231 -0.709921514 0.242256407 0.612603754 0.551310452 0.478985876 -0.302234936
1413393998.355760574 -4.240368441 -0.711400930 0.242999304 0.614438797 0.549484052 0.478699681 -0.302289357
1413393998.405760527 -4.256142488 -0.718779643 0.243093524 0.617404677 0.549093082 0.476522661 -0.300390421
1413393998.455760479 -4.270978498 -0.726127904 0.242683172 0.622050873 0.547383800 0.472351030 -0.300513213
1413393998.505760431 -4.284621471 -0.726396188 0.240488928 0.626861369 0.544266408 0.468562296 -0.302106398
1413393998.555760384 -4.296132627 -0.727957391 0.241531850 0.630253212 0.540695369 0.466069566 -0.305300779
1413393998.605760574 -4.301999368 -0.726938486 0.237978802 0.633017729 0.535571198 0.463964695 -0.311751197
1413393998.655760527 -4.314973271 -0.726167040 0.237269651 0.635519762 0.530545611 0.462132684 -0.317914090
1413393998.705760479 -4.327409140 -0.726508564 0.234520179 0.637528512 0.525287593 0.460282590 -0.325223427
1413393998.755760431 -4.337826870 -0.728813030 0.230265348 0.639332273 0.522030037 0.457752174 -0.330457005
1413393998.805760384 -4.347479053 -0.725511791 0.221677825 0.639769556 0.519785504 0.457395343 -0.333627705
1413393998.855760574 -4.355315339 -0.727836996 0.216997735 0.638659620 0.519660209 0.458265055 -0.334754083
1413393998.905760527 -4.365617312 -0.730441897 0.199354132 0.636335639 0.521300433 0.460957043 -0.332928546
1413393998.955760479 -4.371175854 -0.730164830 0.182826546 0.631897765 0.524597936 0.466542813 -0.328390047
1413393999.005760431 -4.372099003 -0.731156705 0.174147920 0.626643502 0.528364917 0.472478599 -0.323901852
1413393999.055760384 -4.373051777 -0.724865460 0.160277733 0.621073360 0.531667471 0.479786108 -0.318438177
1413393999.105760574 -4.374405452 -0.729679643 0.155541627 0.617026447 0.537054709 0.483759627 -0.311170735
1413393999.155760527 -4.376747770 -0.732217138 0.147407387 0.615287765 0.541309666 0.485458730 -0.304523616
1413393999.205760479 -4.379982614 -0.730560489 0.140055137 0.615798508 0.543622907 0.485145415 -0.299833719
1413393999.255760431 -4.384717656 -0.729410729 0.131543930 0.618000496 0.544961493 0.482522082 -0.297093920
1413393999.305760384 -4.385504517 -0.725519252 0.135968314 0.622899091 0.543798180 0.476653168 -0.298466111
1413393999.355760574 -4.391463576 -0.722989932 0.131884517 0.628184100 0.540463689 0.470539997 -0.303110291
1413393999.405760527 -4.398598230 -0.720527253 0.124221124 0.632709286 0.536960269 0.465466125 -0.307723764
1413393999.455760479 -4.403802654 -0.718427289 0.114754889 0.635932178 0.534124379 0.461836744 -0.311461450
1413393999.505760431 -4.410969043 -0.719816584 0.109954338 0.638155980 0.531154636 0.459408245 -0.315556273
1413393999.555760384 -4.419032045 -0.715974644 0.107812458 0.640325273 0.527643253 0.457638127 -0.319598947
1413393999.605760574 -4.424718727 -0.708656546 0.101743498 0.641391134 0.524663309 0.456611416 -0.323808339
1413393999.655760527 -4.433400647 -0.717108652 0.100130865 0.641409687 0.522469918 0.456133748 -0.327964635
1413393999.705760479 -4.437393241 -0.711060730 0.090645661 0.641668265 0.519916079 0.456540765 -0.330937514
1413393999.755760431 -4.440952350 -0.711173748 0.081811989 0.641434594 0.518865222 0.456460006 -0.333143822
1413393999.805760384 -4.440212428 -0.708526118 0.070553795 0.641139401 0.517826918 0.456450954 -0.335332788
1413393999.855760574 -4.441573250 -0.711258772 0.064725379 0.642193103 0.517923220 0.454791107 -0.335423025
1413393999.905760527 -4.449729179 -0.702247035 0.046171249 0.641881083 0.518137861 0.454243946 -0.336428700
1413393999.955760479 -4.457282256 -0.697827248 0.032191486 0.639471460 0.520644834 0.456462499 -0.334136491
1413394000.005760431 -4.464814223 -0.693914089 0.019930257 0.629930772 0.525861600 0.469510696 -0.325908741
1413394000.055760384 -4.479725961 -0.691242268 0.014919178 0.624016226 0.529387439 0.476851891 -0.320881541
1413394000.105760574 -4.509334565 -0.691306385 0.018317470 0.625384184 0.526980095 0.474907837 -0.325037148
1413394000.155760527 -4.540420905 -0.690151724 0.025165206 0.617646664 0.528187953 0.486188190 -0.321171494
1413394000.205760479 -4.573919414 -0.689888117 0.027520979 0.612093110 0.530498855 0.494684876 -0.314960097
1413394000.255760431 -4.608869835 -0.689984521 0.020849958 0.609568661 0.534365527 0.499449072 -0.305663468
1413394000.305760384 -4.644246073 -0.689149952 0.003440892 0.615646336 0.527660932 0.498544728 -0.306605094
1413394000.355760574 -4.676766243 -0.686564370 -0.008328145 0.626326235 0.512342356 0.488384556 -0.326651626
1413394000.405760527 -4.714231425 -0.680486133 -0.002683503 0.622177998 0.517810194 0.491937100 -0.320569854
1413394000.455760479 -4.756552520 -0.672445653 -0.004287854 0.623449321 0.517832753 0.490327870 -0.320528882
1413394000.505760431 -4.780562555 -0.719970444 -0.016251802 0.624198215 0.518326922 0.489665282 -0.319283106
1413394000.555760384 -4.803091815 -0.731467440 -0.002647382 0.623850288 0.516104128 0.490347990 -0.322499916
1413394000.605760574 -4.824498589 -0.744531997 -0.016134926 0.623106149 0.515820769 0.491120205 -0.323216037
1413394000.655760527 -4.857070535 -0.746714856 -0.004555613 0.622221505 0.517659241 0.492035437 -0.320578288
1413394000.705760479 -4.884389720 -0.757236068 -0.007817671 0.623763382 0.516762609 0.490138266 -0.321931870
1413394000.755760431 -4.902340611 -0.768318976 -0.005161253 0.623075265 0.517014805 0.490869058 -0.321745975
1413394000.805760384 -4.919619969 -0.777495875 -0.005565943 0.623015050 0.515830605 0.490998804 -0.323560210
1413394000.855760574 -4.931558816 -0.784910756 -0.000106264 0.622867154 0.516663612 0.491064553 -0.322414058
1413394000.905760527 -4.940971645 -0.790755980 -0.002995540 0.623459309 0.515945156 0.490560348 -0.323186680
1413394000.955760479 -4.949041495 -0.793313360 0.000007898 0.623264603 0.515944934 0.491027558 -0.322852903
1413394001.005760431 -4.954935136 -0.799655833 -0.001936506 0.623106822 0.515773399 0.490929527 -0.323579802
1413394001.055760384 -4.959996659 -0.800353311 0.003854506 0.623539920 0.515689428 0.490706684 -0.323217159
1413394001.105760574 -4.964542668 -0.804506928 -0.000075764 0.623438689 0.515773224 0.490620413 -0.323409636
1413394001.155760527 -4.967787519 -0.806640844 0.005553187 0.623401699 0.515590949 0.490600275 -0.323801892
1413394001.205760479 -4.970909405 -0.807413087 0.002488585 0.623543800 0.515516967 0.490631987 -0.323597960
1413394001.255760431 -4.973046366 -0.811426884 0.006354825 0.623425569 0.515733450 0.490240282 -0.324074120
1413394001.305760384 -4.975385869 -0.810647007 0.003388676 0.623417355 0.515659022 0.490583450 -0.323688821
1413394001.355760574 -4.977269842 -0.809605311 0.006058622 0.623596279 0.515494960 0.490501408 -0.323729819
1413394001.405760527 -4.978676388 -0.812718917 0.005085624 0.623419593 0.515851452 0.490238462 -0.323900510
1413394001.455760479 -4.975999839 -0.809413176 0.006803599 0.623466169 0.515532597 0.490555878 -0.323837935
1413394001.505760431 -4.961157870 -0.799568982 0.010891601 0.623535446 0.515499869 0.490485709 -0.323862937
1413394001.555760384 -4.960422344 -0.796410435 0.012875230 0.623806381 0.515514885 0.490251859 -0.323671311
1413394001.605760574 -4.961236178 -0.797340384 0.011198623 0.623611727 0.515489368 0.490387991 -0.323880756
1413394001.655760527 -4.962248650 -0.800347978 0.011778917 0.623469597 0.515627653 0.490256103 -0.324133829
1413394001.705760479 -4.962960739 -0.803919036 0.011708821 0.623327003 0.515930215 0.490040495 -0.324252639
1413394001.755760431 -4.963322992 -0.807147479 0.011818692 0.623137850 0.516093435 0.489923645 -0.324532908
1413394001.805760384 -4.964016882 -0.809271130 0.011256086 0.622975379 0.516255518 0.489907400 -0.324611548
1413394001.855760574 -4.964809438 -0.810633787 0.011947187 0.622943509 0.516302346 0.489821968 -0.324727135
1413394001.905760527 -4.965472715 -0.812449403 0.012848241 0.622913654 0.516426032 0.489667193 -0.324821141
1413394001.955760479 -4.965977451 -0.815208904 0.013733146 0.622859929 0.516586975 0.489464474 -0.324973744
1413394002.005760431 -4.966982785 -0.817025201 0.013978448 0.622831779 0.516656958 0.489430663 -0.324967366
1413394002.055760384 -4.967213323 -0.821334125 0.014571624 0.622605166 0.516920332 0.489274573 -0.325217728
1413394002.105760574 -4.968152423 -0.824663709 0.014186381 0.622430152 0.517091150 0.489264399 -0.325296474
1413394002.155760527 -4.969399267 -0.826620259 0.014116200 0.622417652 0.517234708 0.489155234 -0.325256330
1413394002.205760479 -4.970882882 -0.828489646 0.014586626 0.622413371 0.517288537 0.489057562 -0.325325784
1413394002.255760431 -4.972602568 -0.829155000 0.014430425 0.622380355 0.517256562 0.489137139 -0.325320152
1413394002.305760384 -4.974081242 -0.829501791 0.014017984 0.622368918 0.517249257 0.489177290 -0.325293277
1413394002.355760574 -4.975795365 -0.829666225 0.013425782 0.622376630 0.517170199 0.489261798 -0.325277125
1413394002.405760527 -4.977374084 -0.830352164 0.013629844 0.622376357 0.517203289 0.489234360 -0.325266305
1413394002.455760479 -4.978845636 -0.831126434 0.013109234 0.622350850 0.517256598 0.489252697 -0.325202752
1413394002.505760431 -4.980320609 -0.831141342 0.013409997 0.622409228 0.517165669 0.489257210 -0.325228851
1413394002.555760384 -4.981657204 -0.831443671 0.012808575 0.622343404 0.517152642 0.489374064 -0.325199720
1413394002.605760574 -4.983060908 -0.831552064 0.012706160 0.622386141 0.517156761 0.489364565 -0.325125666
1413394002.655760527 -4.982034240 -0.830897581 0.012467482 0.622327532 0.517189866 0.489397968 -0.325134918
1413394002.705760479 -4.975521108 -0.826020935 0.011841607 0.622278847 0.517191126 0.489459591 -0.325133334
1413394002.755760431 -4.970344815 -0.820777893 0.011682451 0.622324639 0.517268091 0.489377425 -0.325046923
1413394002.805760384 -4.965702243 -0.815222847 0.011155241 0.622265696 0.517273890 0.489446975 -0.325045820
1413394002.855760574 -4.964856720 -0.813074762 0.010660373 0.622334594 0.517323090 0.489361065 -0.324964954
1413394002.905760527 -4.964786647 -0.812482669 0.010014615 0.622249730 0.517266491 0.489475535 -0.325045153
1413394002.955760479 -4.965181613 -0.812191257 0.011049816 0.622388358 0.517265471 0.489333000 -0.324995968
1413394003.005760431 -4.965718522 -0.812887276 0.011315894 0.622449319 0.517341411 0.489214902 -0.324936132
1413394003.055760384 -4.966430143 -0.812788214 0.011730319 0.622440596 0.517262787 0.489239596 -0.325040815
1413394003.105760574 -4.967540288 -0.813743625 0.012054852 0.622509839 0.517340440 0.489186652 -0.324864262
1413394003.155760527 -4.968529975 -0.814640935 0.011797148 0.622484358 0.517254193 0.489236274 -0.324975678
1413394003.205760479 -4.969376998 -0.815501025 0.012762110 0.622457205 0.517254243 0.489248263 -0.325009559
1413394003.255760431 -4.970108675 -0.816094710 0.012618162 0.622498506 0.517279671 0.489184881 -0.324985391
1413394003.305760384 -4.970678618 -0.816523760 0.012853272 0.622417396 0.517241555 0.489273513 -0.325067976
1413394003.355760574 -4.970712939 -0.816952497 0.013903282 0.622332914 0.517239258 0.489298084 -0.325196370
