timestamp_ns,tx,ty,tz,qx,qy,qz,qw
1413393887355760640,0.000002446374,0.000008719283,-0.000004699807,-0.006799910390,-0.807425361854,-0.000189491609,0.589930513151
1413393887405760512,0.006798822975,0.001747195079,0.000775704723,-0.006880879303,-0.807536915503,-0.000387166479,0.589776765990
1413393887455760384,0.000199478462,0.002539209530,-0.002497622561,-0.006712845862,-0.807452409280,-0.000092413993,0.589894512525
1413393887505760512,0.002485792745,0.000951980658,-0.001365751387,-0.006487662004,-0.807427197558,0.000100716345,0.589931539029
1413393887555760384,0.001633137576,0.000503109504,-0.002179976222,-0.006517201357,-0.807465738126,0.000229947615,0.589878423884
1413393887605760512,0.001574512105,0.000330967293,-0.002702787217,-0.006640435477,-0.807317498432,-0.000469363646,0.590079775150
1413393887655760640,0.001454499585,0.000125344775,-0.002497195094,-0.006303218682,-0.807122237691,-0.000645623915,0.590350358710
1413393887705760512,0.001235581928,-0.000409972437,-0.002994486297,-0.006237083110,-0.807292757501,-0.000351604884,0.590118105853
1413393887755760384,0.001097815174,-0.000584832638,-0.003247471088,-0.006203966866,-0.807062297371,-0.000370310704,0.590433587991
1413393887805760256,0.001011064311,-0.000918875221,-0.003658385827,-0.006188196295,-0.807220236291,-0.000411434405,0.590217779358
1413393887855760640,0.000885060673,-0.001169591282,-0.003896977377,-0.006201366964,-0.807445853855,-0.000426295560,0.589908937389
1413393887905760512,0.000863871254,-0.001222118410,-0.004415595188,-0.006131586125,-0.807627843719,-0.000541174672,0.589660391099
1413393887955760384,0.000796266312,-0.001198557961,-0.004230975119,-0.006099240390,-0.807771625078,-0.000376239689,0.589463874575
1413393888005760512,-0.001589972963,-0.002405713306,-0.005682832045,-0.005873933967,-0.807774864412,-0.000359994182,0.589461733897
1413393888055760384,-0.002797967123,-0.003254278323,-0.006517307605,-0.006054394099,-0.807774306495,-0.000440912225,0.589460617578
1413393888105760512,-0.003366792135,-0.003739119681,-0.006902770803,-0.005933523025,-0.807856818983,-0.000291516016,0.589348851145
1413393888155760640,-0.003531457051,-0.003980897899,-0.006967447475,-0.006008573162,-0.807701496807,-0.000392514212,0.589560883232
1413393888205760512,-0.003615754709,-0.004246970231,-0.007189971561,-0.005766946664,-0.807944393388,-0.000351320881,0.589230410020
1413393888255760384,-0.003699978384,-0.004121404542,-0.007011152192,-0.005886190146,-0.807979043074,-0.000416112055,0.589181674502
1413393888305760256,-0.003617791811,-0.004073869922,-0.006888680099,-0.005825676222,-0.808039563722,-0.000583665370,0.589099129426
1413393888355760640,-0.003472163090,-0.003796473865,-0.006715465629,-0.005816629030,-0.808069834607,0.000534581963,0.589057742032
1413393888405760512,-0.003393155022,-0.003869985329,-0.006602041314,-0.005871758116,-0.808001865246,0.000242734507,0.589150616817
1413393888455760384,-0.003369760582,-0.003649678677,-0.006908200811,-0.005507614884,-0.807998070355,0.001110274360,0.589158341850
1413393888505760512,-0.003314367323,-0.003503563166,-0.007127407504,-0.005344616760,-0.807999017450,0.001292975172,0.589158171535
1413393888555760384,-0.003323888603,-0.003398050019,-0.007002472717,-0.004967235196,-0.808099458945,0.001441308747,0.589023355782
1413393888605760512,-0.003431560177,-0.003296432101,-0.007459810869,-0.004570382982,-0.808103231441,0.001343406370,0.589021624555
1413393888655760640,-0.003539744566,-0.003391719328,-0.007477717949,-0.004495827530,-0.807960551103,0.001353782966,0.589217873683
1413393888705760512,-0.003504617344,-0.003157843561,-0.007573942818,-0.004135207210,-0.807931314595,0.001478451901,0.589260303379
1413393888755760384,-0.003564172218,-0.003105070218,-0.007265371392,-0.004077288252,-0.807904556466,0.001813113232,0.589296458484
1413393888805760256,-0.003618808200,-0.003054225123,-0.007329633027,-0.004041051040,-0.808244929193,0.002104193790,0.588828817831
1413393888855760640,-0.003530600460,-0.002776031120,-0.007586033602,-0.004267010057,-0.808365402804,0.002435208526,0.588660545589
1413393888905760512,-0.003415660707,-0.002529746940,-0.007692816593,-0.004128267846,-0.808137049627,0.002089278679,0.588976316450
1413393888955760384,-0.003463095676,-0.002884200285,-0.007749688922,-0.004117989626,-0.808075851722,0.001730471456,0.589061512487
1413393889005760512,-0.003448172655,-0.003322030877,-0.007492131870,-0.004393525071,-0.807754849925,0.001609993777,0.589499963765
1413393889055760384,-0.003473327645,-0.003435735689,-0.008213614595,-0.004182173650,-0.807397458685,0.000987004571,0.589992270250
1413393889105760512,-0.003635906807,-0.003542859675,-0.008577713336,-0.004325176169,-0.807418834946,0.000954713687,0.589962038056
1413393889155760640,-0.003698848515,-0.003433163877,-0.007920253292,-0.004323355185,-0.807607133146,0.000361651879,0.589704923075
1413393889205760512,-0.003443029255,-0.003100083932,-0.007193351767,-0.004138568546,-0.808389696260,0.000590666949,0.588632841714
1413393889255760384,-0.003147053474,-0.002530013648,-0.007150909207,-0.004264300771,-0.808383559224,0.000821714298,0.588640095220
1413393889305760256,-0.003059721528,-0.002366141740,-0.006490289256,-0.003830951776,-0.809247007039,0.001404403007,0.587454366789
1413393889355760640,-0.003066977173,-0.001817371926,-0.006878095493,-0.004471856016,-0.810411311103,0.001509449429,0.585842325975
1413393889405760512,-0.002716564743,-0.001566364955,-0.006991478555,-0.004311720564,-0.811513267036,0.001864256694,0.584315112793
1413393889455760384,-0.002597178957,-0.001427233612,-0.007165509495,-0.004538568761,-0.812674126527,0.000991382406,0.582699907867
1413393889505760512,-0.002632640896,-0.001693779363,-0.008513210195,-0.004765805904,-0.813933817767,0.001497398748,0.580936128319
1413393889555760384,-0.002046587143,-0.001337355573,-0.008218048341,-0.006196856347,-0.817607275519,0.000956728828,0.575742152930
1413393889605760512,-0.000822680582,0.000146733537,-0.004317958487,-0.005913127266,-0.821570649303,-0.000063566955,0.570076046759
1413393889655760640,0.000494895650,0.001033691703,-0.001848548388,-0.005508575188,-0.825397003843,-0.004230629947,0.564510002937
1413393889705760512,0.000283317298,0.001151149622,0.003518665469,-0.003862379813,-0.827485188335,-0.007808578561,0.561419959753
1413393889755760384,0.000480525397,0.002599651427,0.009186945748,-0.001307664631,-0.829989872244,-0.012101834445,0.557645629040
1413393889805760256,0.001285129500,0.005519150678,0.023826791711,0.000144102416,-0.831572653745,-0.016891141083,0.555159067413
1413393889855760640,0.000869854798,0.008215467052,0.042644609118,0.003583128162,-0.832637088759,-0.021723496471,0.553381179041
1413393889905760512,-0.003756527795,0.008705443130,0.065857332089,0.007995261452,-0.832163768441,-0.027708610198,0.553779533036
1413393889955760384,-0.008725782823,0.007839696756,0.092584764473,0.012192491868,-0.829227017961,-0.034483272253,0.557713904937
1413393890005760512,-0.015715423681,0.005338991219,0.123748514838,0.016156013763,-0.825983035378,-0.038349706360,0.562156836221
1413393890055760384,-0.024841688896,0.000515423275,0.158337446608,0.015269166488,-0.822660584843,-0.038860079310,0.566997626923
1413393890105760512,-0.035192333310,-0.006822482657,0.192020516334,0.012713781828,-0.820279174053,-0.035161012433,0.570739992966
1413393890155760640,-0.045245987936,-0.015512297033,0.223992585002,0.009472621054,-0.817851140289,-0.031396634267,0.574494589300
1413393890205760512,-0.055013829006,-0.024599865541,0.249874400243,0.006481861120,-0.815816963930,-0.027579493300,0.577615822489
1413393890255760384,-0.065230149436,-0.034624841677,0.270531510683,0.004257775945,-0.813916433311,-0.023892164234,0.580474870617
1413393890305760256,-0.076004310863,-0.045833988727,0.288163828918,0.001198909450,-0.813757738046,-0.021410272398,0.580808493931
1413393890355760640,-0.086138161753,-0.056779229958,0.301259251576,-0.001250846908,-0.813715131127,-0.018213229045,0.580977107160
1413393890405760512,-0.095894774914,-0.067898063640,0.308958322667,-0.003659834335,-0.813457299608,-0.015331109067,0.581411028810
1413393890455760384,-0.104992357217,-0.079130660464,0.312455008949,-0.005811901654,-0.811466974388,-0.013558618789,0.584212063495
1413393890505760512,-0.115314688368,-0.091375744772,0.311988410925,-0.006655465817,-0.806447460163,-0.010830468522,0.591169095710
1413393890555760384,-0.125543123073,-0.104182593571,0.313459441638,-0.007544923709,-0.800282864522,-0.008204786164,0.599519050875
1413393890605760512,-0.134509661957,-0.116392149465,0.314988516420,-0.008060071711,-0.794761655516,-0.009422066618,0.606794999012
1413393890655760640,-0.142323249237,-0.128885017766,0.315677294370,-0.006479127136,-0.794168653616,-0.010658334368,0.607569395571
1413393890705760512,-0.148650141551,-0.141128558001,0.316113008747,-0.006346700557,-0.797428251596,-0.011740632741,0.603266160573
1413393890755760384,-0.151872481058,-0.152742234292,0.318722291266,-0.005270383261,-0.801181058191,-0.013050524667,0.598256482507
1413393890805760256,-0.154121603508,-0.164510460560,0.321889550550,-0.005133550058,-0.804976347579,-0.013192023967,0.593138008398
1413393890855760640,-0.155577527687,-0.176405326973,0.325112683603,-0.004963359743,-0.808171850050,-0.014866313982,0.588738157889
1413393890905760512,-0.156056911735,-0.188516684530,0.328897628889,-0.004715284852,-0.810120105672,-0.014902168919,0.586055548422
1413393890955760384,-0.157312192879,-0.200219668912,0.334051964355,-0.004619857408,-0.811915426677,-0.015810545400,0.583542649251
1413393891005760512,-0.157688883431,-0.213324983274,0.339889070600,-0.004135057185,-0.813002780914,-0.017286550784,0.581988448932
1413393891055760384,-0.157322482283,-0.226700172199,0.347340809116,-0.002777061990,-0.813479846302,-0.017512692884,0.581322744416
1413393891105760512,-0.157829598631,-0.241354251546,0.355733714433,-0.002151295660,-0.813033576493,-0.018764123957,0.581910373747
1413393891155760640,-0.156891020912,-0.254432952037,0.365364328568,-0.002731758677,-0.812727749289,-0.016665973586,0.582398822419
1413393891205760512,-0.156617120931,-0.268269385144,0.375540377524,-0.002776374763,-0.811617123471,-0.016444134160,0.583951647899
1413393891255760384,-0.156243271712,-0.282738074508,0.383242640254,-0.002613521026,-0.809663242232,-0.016275944203,0.586663188999
1413393891305760256,-0.154588823957,-0.297944374901,0.386430442152,-0.001430665418,-0.802624644804,-0.016667961033,0.596249789790
1413393891355760640,-0.152337558036,-0.313760336510,0.389063707488,-0.001106679831,-0.787668004854,-0.016188173515,0.615886217111
1413393891405760512,-0.151338316449,-0.329660312217,0.388822899970,-0.001114135855,-0.769004207293,-0.014314955731,0.639082443750
1413393891455760384,-0.146627811004,-0.344889354995,0.385892985187,-0.000511902971,-0.750680173063,-0.010284540798,0.660585531135
1413393891505760512,-0.138153864037,-0.359849338866,0.382198945548,-0.001132005401,-0.736010730160,-0.010265722909,0.676891083252
1413393891555760384,-0.123928842182,-0.375258560488,0.378619774812,0.000768446719,-0.729453748633,-0.008770392505,0.683973477782
1413393891605760512,-0.100958805127,-0.390235847964,0.374436683668,0.003222127775,-0.726527824514,-0.011699683839,0.687029879625
1413393891655760640,-0.071644793294,-0.403633144549,0.371245396345,0.001967459825,-0.727259065837,-0.011635929012,0.686261601298
1413393891705760512,-0.032462065128,-0.418472404373,0.368888118052,0.003288846051,-0.726702875760,-0.012979297311,0.686821411792
1413393891755760384,0.011928058235,-0.434398723835,0.365143943275,0.004625190650,-0.725995958905,-0.013381314196,0.687553209356
1413393891805760256,0.057640686867,-0.449228820240,0.363600138637,0.003903675145,-0.728759176865,-0.015355410353,0.684586762089
1413393891855760640,0.113312193902,-0.464505322833,0.362537327318,0.004563611746,-0.732939433342,-0.017146531963,0.680062465470
1413393891905760512,0.173452925088,-0.480167908444,0.360977689892,0.004084461664,-0.742275591826,-0.018673845462,0.669822028936
1413393891955760384,0.237932231304,-0.493361975021,0.367754811626,0.002232464448,-0.756951344537,-0.017585872058,0.653230751887
1413393892005760512,0.304293902712,-0.510551213394,0.371168728308,0.001167293355,-0.773541184560,-0.018104296556,0.633486312135
1413393892055760384,0.373397270582,-0.526339611824,0.381350280150,0.000623617748,-0.788149356121,-0.018475895303,0.615206343303
1413393892105760512,0.445389336292,-0.542429481918,0.389400543279,-0.000111315346,-0.799062035656,-0.019363576963,0.600936687738
1413393892155760640,0.520546713721,-0.560202438846,0.396163749236,-0.000640161281,-0.806750836205,-0.021119037695,0.590513898839
1413393892205760512,0.597312872242,-0.576863360409,0.401975442870,-0.000190268031,-0.811715567546,-0.022283907677,0.583627645558
1413393892255760384,0.674441258113,-0.594060709751,0.406452023332,0.000077234787,-0.814052657728,-0.024471482570,0.580275288998
1413393892305760256,0.747601064626,-0.609530537331,0.410869376285,-0.000755606859,-0.815752620607,-0.025217413916,0.577850476393
1413393892355760640,0.818198330427,-0.625392357951,0.413108270520,-0.001136225327,-0.818359939261,-0.026020527987,0.574115537961
1413393892405760512,0.891851937884,-0.640904370252,0.415304167219,-0.001794615841,-0.820060788784,-0.026100545758,0.571678094355
1413393892455760384,0.963047611178,-0.659500434365,0.409176381294,-0.002625752756,-0.820820118245,-0.027242087041,0.570530724501
1413393892505760512,1.032109412398,-0.677994261608,0.400803588275,-0.003089413940,-0.821393156505,-0.028420962084,0.569645492286
1413393892555760384,1.098123532880,-0.697451206783,0.391628520345,-0.004989616267,-0.823524154856,-0.028009269764,0.566567340133
1413393892605760512,1.164120652150,-0.714930949959,0.383344559723,-0.004908384142,-0.826921543590,-0.028235068877,0.561586546667
1413393892655760640,1.230510668698,-0.735012414081,0.371466638946,-0.005782686651,-0.830513870906,-0.028810623087,0.556222274603
1413393892705760512,1.293923045791,-0.756638537941,0.357961844162,-0.006555705572,-0.835952921308,-0.030668209545,0.547904368484
1413393892755760384,1.355279552304,-0.776014717699,0.347052474644,-0.006343090185,-0.843567160323,-0.030546230543,0.536116721462
1413393892805760256,1.413729735262,-0.796153805655,0.334175952969,-0.006321825731,-0.850704751496,-0.030996064649,0.524691056030
1413393892855760640,1.463657279445,-0.820349520185,0.328928553186,-0.007457217133,-0.857703681929,-0.032719356520,0.513047977900
1413393892905760512,1.514145003992,-0.840355519067,0.319421573708,-0.006924576028,-0.863394772316,-0.031885389180,0.503472779146
1413393892955760384,1.557162115366,-0.862113517532,0.310967123919,0.005772057077,0.868545084941,0.031643476116,-0.494565272943
1413393893005760512,1.593794518768,-0.883587723244,0.303126047670,0.005632953954,0.871869570551,0.031435420820,-0.488695750027
1413393893055760384,1.623690248280,-0.905565053615,0.303114170185,0.005665857060,0.873942811657,0.029452602859,-0.485102467735
1413393893105760512,1.645372689245,-0.930238477509,0.297563825711,0.005519015343,0.873824250761,0.029127144759,-0.485337334943
1413393893155760640,1.659657900293,-0.952383327684,0.298464741109,0.005644713345,0.871976895715,0.026979798931,-0.488770417476
1413393893205760512,1.668012868979,-0.975043649064,0.300224045965,0.003793393836,0.868724089153,0.026983083548,-0.494546236757
1413393893255760384,1.667904312744,-1.001385984937,0.300681917554,-0.004471605124,-0.865130382707,-0.027142223490,0.500792097951
1413393893305760256,1.664280916139,-1.023815409574,0.308487398234,-0.006749799089,-0.862469000812,-0.023474413277,0.505520142795
1413393893355760640,1.654613020305,-1.046686241581,0.319300915479,-0.010788672913,-0.861553457381,-0.018239479132,0.507224374426
1413393893405760512,1.639254095206,-1.072319496884,0.327833941341,-0.015822757046,-0.859286918145,-0.013621382085,0.511067598871
1413393893455760384,1.620438070112,-1.095364514301,0.335872570245,-0.018974087381,-0.858005388148,-0.009371451823,0.513204553573
1413393893505760512,1.597546377067,-1.117979097911,0.346174135571,-0.022222887366,-0.857582453096,-0.004122583438,0.513849670355
1413393893555760384,1.569019523715,-1.143089112595,0.355266674105,-0.024742438591,-0.856725085860,-0.001458700898,0.515177456011
1413393893605760512,1.537847392939,-1.163496174452,0.367204725852,-0.027366192363,-0.855568964097,0.003137667896,0.516955505077
1413393893655760640,1.503305506684,-1.183338749760,0.375657199965,-0.029627397850,-0.855454825570,0.007543578371,0.516974228692
1413393893705760512,1.461881201344,-1.205246621376,0.383400604199,-0.032830146467,-0.855052272673,0.009955878161,0.517405714087
1413393893755760384,1.420186573592,-1.218508537246,0.392727370429,-0.033152423595,-0.853476144559,0.013413027899,0.519903335400
1413393893805760256,1.373485710631,-1.234014338127,0.398329428682,-0.034288288181,-0.850312983557,0.014027459623,0.524971783685
1413393893855760640,1.320364902700,-1.249387152677,0.402190623025,-0.035387379976,-0.844468918209,0.012242496851,0.534294020917
1413393893905760512,1.267756231989,-1.255051078553,0.415141179801,-0.032721266691,-0.839520553802,0.012125040120,0.542206180204
1413393893955760384,1.209690035842,-1.262706129446,0.427456797251,-0.031907014627,-0.833226534216,0.010361532343,0.551913148733
1413393894005760512,1.149240352976,-1.270931843917,0.439763578826,-0.031728950737,-0.828458304864,0.008294221037,0.559089721497
1413393894055760384,1.092760499917,-1.272356541012,0.457943616138,-0.029409774690,-0.826047432155,0.009256385675,0.562756629731
1413393894105760512,1.028227485424,-1.278538145313,0.474103280854,-0.031122941586,-0.823650754545,0.008255212467,0.566182522259
1413393894155760640,0.970110094623,-1.277359718124,0.484977870498,-0.030518858066,-0.822697528530,0.009973852486,0.567571932110
1413393894205760512,0.907672225056,-1.278259604388,0.497293384469,-0.031164254970,-0.822277412727,0.011221330504,0.568122106129
1413393894255760384,0.843714408064,-1.279007067284,0.508017481755,-0.031725977082,-0.822316349219,0.010563484208,0.568047266508
1413393894305760256,0.781230478760,-1.276735634769,0.519547693279,-0.032906743436,-0.822867108795,0.012275791878,0.567147399212
1413393894355760640,0.719961777127,-1.273972281920,0.525877601087,-0.033309730849,-0.822099355515,0.012609417551,0.568228927530
1413393894405760512,0.657534398501,-1.270137376724,0.525528036849,-0.032589444592,-0.821646482466,0.011276338998,0.568953275877
1413393894455760384,0.594515124512,-1.264499895176,0.524568327130,-0.031166921778,-0.821446185297,0.009729635583,0.569350614155
1413393894505760512,0.531817393778,-1.258972612197,0.519816721218,-0.028733334757,-0.821035698280,0.007153399565,0.570108416442
1413393894555760384,0.466111838511,-1.252054739955,0.513628552259,-0.027986038947,-0.820330707494,0.003771868758,0.571191811017
1413393894605760512,0.402208358393,-1.242571246417,0.504729578184,-0.026109423633,-0.819734664574,0.001343529784,0.572146460814
1413393894655760640,0.339613293968,-1.234468510015,0.499365583818,-0.025332090090,-0.818006191123,-0.000295246244,0.574651258875
1413393894705760512,0.275604348840,-1.227058686671,0.492610727787,-0.024977047102,-0.817056595330,-0.002181841027,0.576012071675
1413393894755760384,0.213733585837,-1.214874024781,0.486320505250,-0.023259377075,-0.816016147912,-0.001454983864,0.577559114505
1413393894805760256,0.146693766087,-1.203340868516,0.479513549840,-0.023525007096,-0.816749570646,-0.001048473652,0.576511590165
1413393894855760640,0.082126361567,-1.190581892011,0.471499503216,-0.022511379208,-0.815645197504,-0.001536069724,0.578112264257
1413393894905760512,0.020366347952,-1.176222841967,0.466245703585,-0.020597658106,-0.813192488937,-0.000912909683,0.581629503218
1413393894955760384,-0.045791130803,-1.163143890652,0.460287153992,-0.020094745072,-0.810388999306,-0.002168132331,0.585543482780
1413393895005760512,-0.108964699218,-1.148242693834,0.458142437573,-0.019201786409,-0.806511530967,-0.001515103403,0.590904515363
1413393895055760384,-0.171542878171,-1.133764897138,0.455459130330,-0.017829952029,-0.803161288619,-0.000360415411,0.595494674514
1413393895105760512,-0.236306240657,-1.117876880393,0.450821922376,-0.016849410456,-0.802195413611,-0.001692668397,0.596821372457
1413393895155760640,-0.298766318278,-1.102143173499,0.443685891153,-0.014776516828,-0.802927805750,-0.002459739621,0.595888028899
1413393895205760512,-0.360869491967,-1.085610044358,0.439944438359,-0.014451033065,-0.805009154085,-0.002041939233,0.593082844100
1413393895255760384,-0.420106190521,-1.070041057246,0.437394681865,-0.013940642028,-0.806192546708,-0.002709443684,0.591482793534
1413393895305760256,-0.477166329083,-1.057420636423,0.434177131602,-0.012330262071,-0.805149724856,-0.003097734619,0.592935316238
1413393895355760640,-0.537165125432,-1.043739373336,0.429431198491,-0.011865583987,-0.803294227517,-0.003995815113,0.595450774973
1413393895405760512,-0.594965976419,-1.033864163285,0.420578240658,-0.011713558459,-0.801529079752,-0.004374907882,0.597825047185
1413393895455760384,-0.650756837461,-1.026526702868,0.410589453773,-0.011465234316,-0.800892724973,-0.006309926585,0.598664828025
1413393895505760512,-0.705781988613,-1.018112381423,0.396104290663,-0.013455260726,-0.800386668637,-0.008569585388,0.599271807141
1413393895555760384,-0.759286498765,-1.003105878244,0.380562790441,-0.017287526505,-0.801691681997,-0.010370540891,0.597397723737
1413393895605760512,-0.808356948285,-0.990305276784,0.364836778796,-0.021390763695,-0.802213156150,-0.012489619789,0.596523676584
1413393895655760640,-0.856486220699,-0.976246173613,0.352184095415,-0.026027341498,-0.802630132986,-0.018521589283,0.595621018641
1413393895705760512,-0.900946435534,-0.962394162789,0.341920859956,-0.030988116393,-0.800181563352,-0.024584090089,0.598452023831
1413393895755760384,-0.944965378707,-0.949519824248,0.333657892609,-0.038458515310,-0.798374457783,-0.029994897941,0.600182867015
1413393895805760256,-0.994723447905,-0.923706220264,0.325775963369,-0.047685393263,-0.796641135173,-0.037300577218,0.601413062677
1413393895855760640,-1.039062070035,-0.902895894598,0.318241275107,-0.057753850617,-0.794949509922,-0.046320433693,0.602141334601
1413393895905760512,-1.084122629516,-0.875194288284,0.318019226620,-0.070364059685,-0.793971140457,-0.055412297080,0.601322047292
1413393895955760384,-1.128604421442,-0.851607346169,0.315166348979,-0.084584381650,-0.793028760883,-0.066747394930,0.599579562746
1413393896005760512,-1.165336535440,-0.830584045698,0.316475280664,-0.097247928315,-0.793360588381,-0.079465666745,0.595656801398
1413393896055760384,-1.200733655362,-0.809976921791,0.316477148567,-0.112901295743,-0.792220924587,-0.091980469216,0.592603490834
1413393896105760512,-1.234474394369,-0.792962710656,0.313721325003,-0.128353626336,-0.789517124084,-0.107060070816,0.590530438353
1413393896155760640,-1.262171868623,-0.777624447220,0.311205831752,-0.143861372674,-0.785800479544,-0.119084600006,0.589610354252
1413393896205760512,-1.295293745491,-0.761100254342,0.304352574697,-0.160243773989,-0.780688284047,-0.133897132108,0.588998551834
1413393896255760384,-1.325294815173,-0.747466264277,0.302848034259,-0.176395132706,-0.773092631099,-0.149408630406,0.590668775252
1413393896305760256,-1.351341045175,-0.735401371346,0.302868060401,-0.191064317850,-0.766397076219,-0.163003856405,0.591235732009
1413393896355760640,-1.376173533344,-0.721443180736,0.301061716650,-0.207366459633,-0.757947286917,-0.177027826740,0.592601223619
1413393896405760512,-1.400077991892,-0.707038010335,0.297396258290,-0.227841215289,-0.747646996486,-0.189679090267,0.594250950337
1413393896455760384,-1.414531769434,-0.698436996209,0.299367151005,-0.249837596464,-0.739031380676,-0.194575485044,0.594604216592
1413393896505760512,-1.429808732581,-0.690866483638,0.307560706256,-0.272533693946,-0.732548480476,-0.199636575639,0.590968143882
1413393896555760384,-1.442866594330,-0.678749443426,0.318872124622,-0.298740872770,-0.726386863564,-0.202821113459,0.584790228469
1413393896605760512,-1.453558399477,-0.672110775358,0.324789747266,-0.321976378206,-0.722049688051,-0.207092407563,0.576270938528
1413393896655760640,-1.460933952144,-0.668795290652,0.332985324002,-0.344347586349,-0.717059527908,-0.210383343792,0.568321407187
1413393896705760512,-1.465964706948,-0.664146448246,0.335357722605,-0.365887941915,-0.710181934626,-0.215521635277,0.561531885488
1413393896755760384,-1.467692772972,-0.660254963358,0.347408094914,-0.388521555450,-0.702807368444,-0.217333418422,0.554868443011
1413393896805760256,-1.471827700169,-0.658350879835,0.351082290942,-0.408529114353,-0.694489884530,-0.221957987255,0.549110567105
1413393896855760640,-1.472990480967,-0.653591835642,0.357817712723,-0.429484510306,-0.688529704842,-0.223638931762,0.539866214129
1413393896905760512,-1.471361073654,-0.644910402598,0.367027281739,-0.450210014511,-0.684239181795,-0.225102998450,0.527689610490
1413393896955760384,-1.466430471450,-0.638634677886,0.375140949316,-0.467030635177,-0.683290407279,-0.228889139987,0.512451331077
1413393897005760512,-1.458910931564,-0.629211020829,0.381674121492,0.480683998682,0.686448229314,0.233951544124,-0.492948675710
1413393897055760384,-1.452153946725,-0.617912037029,0.380523933673,0.488108602916,0.693598809496,0.244776273543,-0.469845995126
1413393897105760512,-1.440794933808,-0.601531840268,0.380954171427,0.489889049065,0.700476104557,0.259101150074,-0.449676039591
1413393897155760640,-1.427624434041,-0.579599566521,0.381695353674,0.486688071817,0.706450372548,0.275982432262,-0.433470055437
1413393897205760512,-1.416923845156,-0.551635768429,0.376118168606,0.479348130772,0.709482405949,0.297400366603,-0.422389757356
1413393897255760384,-1.404754856874,-0.520324293538,0.378544449338,0.467383928408,0.710818645667,0.319589033489,-0.417315187972
1413393897305760256,-1.398155876543,-0.485049913353,0.379019675907,0.453720884058,0.709438880901,0.341924329865,-0.417039070450
1413393897355760640,-1.393608422243,-0.448111308295,0.378384779423,0.442555157419,0.705619458996,0.358938340041,-0.421199928510
1413393897405760512,-1.395081011014,-0.413309126994,0.385203772988,0.438567612711,0.699771664593,0.365571410133,-0.429343231701
1413393897455760384,-1.403818858967,-0.376973337209,0.390273929375,0.439121404973,0.692144907349,0.367531429423,-0.439350050998
1413393897505760512,-1.414999044470,-0.345246219424,0.390868543663,0.439649462298,0.686705538210,0.365347730434,-0.449071141312
1413393897555760384,-1.428895272760,-0.312244779445,0.394232451503,0.441701883101,0.682607830689,0.361462286524,-0.456389100843
1413393897605760512,-1.445980553950,-0.277807296839,0.394242785749,0.445508648423,0.680181050762,0.356814612069,-0.459955557612
1413393897655760640,-1.464559306402,-0.248753793847,0.393944602693,0.446504658958,0.680744917547,0.351871719152,-0.461959132417
1413393897705760512,-1.485206731302,-0.218805497885,0.396827100906,0.447467321523,0.680121949695,0.349095370865,-0.464046928395
1413393897755760384,-1.509219289255,-0.186544994847,0.400713925880,0.447552341735,0.679898793865,0.349582856688,-0.463924948476
1413393897805760256,-1.534064870648,-0.157983050354,0.401917143508,0.445187462741,0.683020931557,0.348251996882,-0.462613312326
1413393897855760640,-1.562352289822,-0.127881574879,0.401201688569,0.443961196504,0.683738214871,0.351675521582,-0.460135672432
1413393897905760512,-1.588505906360,-0.096935883978,0.406929002125,0.444599492029,0.683008897784,0.355292776291,-0.457817846256
1413393897955760384,-1.615470959225,-0.069615575750,0.411457751552,0.444959353652,0.682844045216,0.360662024438,-0.453495410825
1413393898005760512,-1.644147587154,-0.039890964054,0.417443268748,0.447018119068,0.680959112837,0.368435317103,-0.448023330843
1413393898055760384,-1.674518081755,-0.011001976728,0.424603654610,0.449099160855,0.675499446362,0.380711326872,-0.443924911753
1413393898105760512,-1.705078477060,0.016817132358,0.433548638275,0.450220096552,0.668423266990,0.393188030758,-0.442623285962
1413393898155760640,-1.736536575523,0.045577993084,0.446756449531,0.453408714559,0.654911195693,0.406340617709,-0.447659653887
1413393898205760512,-1.769576240014,0.072258295919,0.461379459398,0.458370615451,0.637045772834,0.419212767561,-0.456431503864
1413393898255760384,-1.807716617092,0.091089606379,0.476946288726,0.461499980166,0.619315002920,0.430187755271,-0.467338411304
1413393898305760256,-1.846015625564,0.103632199309,0.493152209976,0.465408869907,0.601428022523,0.437252286313,-0.480093069780
1413393898355760640,-1.884337629876,0.114621683464,0.510916308488,0.470238673991,0.581496462486,0.441951599174,-0.495395031856
1413393898405760512,-1.920570131850,0.116402142849,0.525741696602,-0.472547777337,-0.562439034715,-0.445462132692,0.511785520213
1413393898455760384,-1.952146668042,0.112956711104,0.538460934635,-0.473878216503,-0.543639477282,-0.446703803053,0.529482074298
1413393898505760512,-1.976525075940,0.112480834200,0.550160336483,-0.480181983153,-0.529580740022,-0.443198132824,0.540874216352
1413393898555760384,-2.003416814926,0.102788807084,0.551971756632,-0.493773491216,-0.529407875029,-0.427225654830,0.541657900418
1413393898605760512,-2.023581841341,0.087883466413,0.554329802836,-0.511275048195,-0.538229663273,-0.408106748553,0.531371373384
1413393898655760640,-2.035002705290,0.081394442801,0.553519187434,-0.530638661319,-0.548663695980,-0.387868401664,0.516670942494
1413393898705760512,-2.045141856090,0.059488384969,0.554235415094,0.548345522958,0.563348787074,0.366753852614,-0.497440391552
1413393898755760384,-2.058739844238,0.019728686177,0.554582848175,0.565986418902,0.577471812127,0.345479465727,-0.476266331560
1413393898805760256,-2.059740111027,-0.007254385333,0.552511070874,0.582380737027,0.592899538011,0.324645447031,-0.451561899066
1413393898855760640,-2.062104599955,-0.037192196622,0.553540389840,0.597053044507,0.605669406656,0.306767807148,-0.427300531690
1413393898905760512,-2.066482743127,-0.067006276423,0.563244013294,0.609305043707,0.615869481360,0.292052279684,-0.405163684914
1413393898955760384,-2.062273156094,-0.088629516899,0.581801502190,0.617354476629,0.626318433382,0.281252325080,-0.384051819197
1413393899005760512,-2.058167746555,-0.099031113416,0.590324137131,0.621357086487,0.636022011164,0.277080700639,-0.364167073910
1413393899055760384,-2.055684014756,-0.098646718824,0.597887379439,0.618778191830,0.643479161659,0.284686619116,-0.349287341201
1413393899105760512,-2.048739468300,-0.087252453790,0.612163359628,0.607525943744,0.648438324404,0.302756937868,-0.344642138594
1413393899155760640,-2.044742691748,-0.058063708340,0.627839460232,0.591920595330,0.644951871798,0.330468537092,-0.352785540918
1413393899205760512,-2.027093319689,-0.019643238194,0.658179607293,0.571715317727,0.633481239172,0.363824417089,-0.373463396632
1413393899255760384,-2.015067812820,0.014931296384,0.687342316869,0.549395597200,0.617130783462,0.395206657075,-0.401404748459
1413393899305760256,-2.011838759001,0.046480710442,0.717652291290,0.527752894611,0.594986839398,0.424275294927,-0.432964221717
1413393899355760640,-2.011356812973,0.073350129611,0.745777194328,0.507525546209,0.573195811719,0.447599527702,-0.462081209501
1413393899405760512,-2.013870265137,0.099084083072,0.775795813243,0.490753000125,0.553353887577,0.463483384393,-0.488000123324
1413393899455760384,-2.019027503938,0.118900468156,0.806008704045,-0.477471049008,-0.536351086229,-0.475188485746,0.508473020597
1413393899505760512,-2.026354396070,0.127144896741,0.836760258060,-0.466620875351,-0.517451329637,-0.480771580388,0.532322991833
1413393899555760384,-2.026413118128,0.124628276098,0.868984180476,-0.457575117407,-0.502707886809,-0.482426238885,0.552426209104
1413393899605760512,-2.022306556584,0.119412690350,0.906065870091,-0.456633088510,-0.490500412069,-0.477275162483,0.568422367184
1413393899655760640,-2.014416772617,0.099654697019,0.940996559209,-0.459787105539,-0.488186016950,-0.465508825928,0.577556718788
1413393899705760512,-2.004861468617,0.070679877657,0.970226807891,-0.469996375411,-0.495492482240,-0.446917507335,0.577802170973
1413393899755760384,-2.004114675124,0.033096810350,0.978675295717,-0.488375470807,-0.509134984515,-0.423333114990,0.568383709135
1413393899805760256,-2.000998255586,-0.013535611418,0.993904516235,-0.508207449326,-0.526502115433,-0.396558852999,0.554311994280
1413393899855760640,-1.988087000655,-0.063704445484,1.000686172952,-0.531804066034,-0.546234179418,-0.364554771388,0.534707841016
1413393899905760512,-1.984197734325,-0.121466896669,1.011266470487,-0.555346202640,-0.567346878983,-0.331359801111,0.509812510957
1413393899955760384,-1.970677346707,-0.185931692979,1.004365953746,0.577876655030,0.587523085288,0.299231659759,-0.480973605951
1413393900005760512,-1.944230999058,-0.227774078956,1.005567954366,0.596516227642,0.602372029286,0.273938537353,-0.454173982353
1413393900055760384,-1.911655992548,-0.270188596698,1.007006350227,0.610444624056,0.613308561600,0.256304735185,-0.430717833333
1413393900105760512,-1.877049484104,-0.305987647208,1.001295533339,0.619756474341,0.621148421988,0.246729420353,-0.411340666002
1413393900155760640,-1.840352752964,-0.329323322823,0.994756217906,0.623713922003,0.629744532839,0.245650737322,-0.392502843445
1413393900205760512,-1.805852251535,-0.339801903524,0.979385472161,0.624749270984,0.637515173325,0.249017881292,-0.375836197008
1413393900255760384,-1.759189251762,-0.280452971280,0.969210506704,0.620258874772,0.645652671371,0.260274283315,-0.361481470704
1413393900305760256,-1.711784555813,-0.270877026488,0.949400859101,0.611427762129,0.652704387115,0.277804846718,-0.350653022058
1413393900355760640,-1.642707044689,-0.250648495095,0.968351407135,0.599488803857,0.656581452183,0.299167415288,-0.346428677117
1413393900405760512,-1.578215993748,-0.219095493821,0.983687010108,0.585206299414,0.654781096395,0.324640308024,-0.351289016816
1413393900455760384,-1.518136850941,-0.182644023842,0.982185110647,0.570059164379,0.649412518503,0.350533763505,-0.361139876727
1413393900505760512,-1.467815236229,-0.145963149316,0.970179036543,0.554088946555,0.640052028814,0.375676420903,-0.377075677408
1413393900555760384,-1.421575918259,-0.111860148250,0.954931123250,0.537633246791,0.626834090990,0.400250101208,-0.397277448139
1413393900605760512,-1.381691194356,-0.077127309442,0.942303872049,0.520440664497,0.609552678723,0.423906182502,-0.421770784947
1413393900655760640,-1.325470302164,-0.039702903763,0.940851506099,0.503959133308,0.591256035489,0.443995811641,-0.446440602654
1413393900705760512,-1.280058070663,-0.003149364535,0.928550830957,0.490743037909,0.572504539553,0.459770870419,-0.469063502789
1413393900755760384,-1.240662113905,0.028006788134,0.913690846035,0.481940198580,0.557969599452,0.467536009644,-0.487661409963
1413393900805760256,-1.209900205949,0.046421659569,0.900754649763,-0.478404073465,-0.546070684908,-0.469567567106,0.502436711933
1413393900855760640,-1.170103343491,0.061970484556,0.883238769445,-0.481346542539,-0.539586701617,-0.464072154366,0.511652941910
1413393900905760512,-1.129940799255,0.070642539812,0.863769067830,-0.490157277646,-0.540071398415,-0.451426591612,0.514084390125
1413393900955760384,-1.088891250638,0.072369099468,0.842377910395,-0.503946329054,-0.545108337556,-0.433045955449,0.511239863694
1413393901005760512,-1.046967381230,0.068864992922,0.822168426137,-0.520683773331,-0.552086990311,-0.411676000459,0.504590164356
1413393901055760384,-0.995107995498,0.074556216575,0.821653912221,0.536720675100,0.564023636349,0.388788619672,-0.492596857251
1413393901105760512,-0.961787682034,0.039486612356,0.825753117710,0.550900922301,0.578551602408,0.371333059650,-0.473178587819
1413393901155760640,-0.926657531117,0.017832121091,0.866158758386,0.564053729749,0.596371926007,0.353927149590,-0.448240436160
1413393901205760512,-0.871910281670,-0.003903637301,0.861884902974,0.571763487806,0.614401419375,0.342922458469,-0.421902355243
1413393901255760384,-0.827486922803,-0.021082981919,0.856080370134,0.577018503122,0.628995821780,0.335861027911,-0.398260308302
1413393901305760256,-0.790278288860,-0.044159109130,0.848769309355,0.580726787469,0.640184297744,0.330730484526,-0.378863840770
1413393901355760640,-0.739129405742,-0.036744731191,0.881513330453,0.582813141117,0.647759374177,0.327339169367,-0.365493780939
1413393901405760512,-0.699342553160,-0.044502771835,0.885595607605,0.584962247366,0.653576048204,0.323919311977,-0.354589618713
1413393901455760384,-0.662398146665,-0.046852636294,0.889225757539,0.587298266645,0.657394649541,0.322067949502,-0.345232177895
1413393901505760512,-0.626381250875,-0.042281055103,0.893930214018,0.587635577938,0.661143423292,0.321651133675,-0.337808155000
1413393901555760384,-0.593083552978,-0.031351754523,0.900918262127,0.586179510841,0.665180310307,0.322766331760,-0.331286327717
1413393901605760512,-0.562648771075,-0.014391511067,0.905889604644,0.581994023312,0.667301004684,0.329369384702,-0.327884330822
1413393901655760640,-0.462494822692,0.021723040308,0.925332374525,0.571467248880,0.667070991969,0.344140301073,-0.331675938695
1413393901705760512,-0.421408178612,0.059082649818,0.935493185883,0.559895703130,0.663016930121,0.361264016823,-0.341194463815
1413393901755760384,-0.384503869975,0.103557705953,0.946361560961,0.548178658701,0.655629888885,0.378978168726,-0.355000217711
1413393901805760256,-0.359885950599,0.147921374123,0.953695364893,0.537802737381,0.646005949910,0.393805552665,-0.371970045887
1413393901855760640,-0.335694060777,0.198360622034,0.963680724010,0.533200319633,0.636027134339,0.402534537400,-0.386177225802
1413393901905760512,-0.317194490795,0.246785643913,0.973701429564,0.533125053875,0.629531588625,0.403628734520,-0.395665895072
1413393901955760384,-0.297698646225,0.315779368319,0.966601980855,0.534771924406,0.625846104638,0.402522726147,-0.400388682547
1413393902005760512,-0.276553149874,0.382424097798,0.982151317342,0.536708371290,0.623647267364,0.401295521733,-0.402455108472
1413393902055760384,-0.263243180451,0.440360399028,1.012805109346,0.538584368000,0.622254213150,0.399919604404,-0.403473521778
1413393902105760512,-0.258112612241,0.492456500044,1.035715587685,0.539287737037,0.622570350697,0.400188673094,-0.401775958767
1413393902155760640,-0.254477203770,0.540492854092,1.053470594866,0.538822181016,0.622464100322,0.400634853086,-0.402120399319
1413393902205760512,-0.254739619303,0.582950188961,1.068059435441,0.538220167322,0.622922719905,0.401437302000,-0.401415531684
1413393902255760384,-0.258513408467,0.623569297766,1.080575074002,0.537991862029,0.622324330191,0.402572709534,-0.401512637387
1413393902305760256,-0.266414334013,0.663473293007,1.091802142919,0.537528905764,0.622676172502,0.402805624834,-0.401353570146
1413393902355760640,-0.278928081741,0.703386417476,1.100828003634,0.537549317402,0.622873869859,0.403443961510,-0.400377126630
1413393902405760512,-0.293848323576,0.742075245614,1.106304068855,0.536585016433,0.622007888670,0.404996493984,-0.401448061936
1413393902455760384,-0.310109512517,0.778301213773,1.109296677062,0.534774224117,0.620949581375,0.406647497154,-0.403826645566
1413393902505760512,-0.331848002260,0.812752660224,1.111340407583,0.533144395791,0.618622277247,0.409764779068,-0.406394337026
1413393902555760384,-0.351854694037,0.853788013140,1.115766098822,0.533389742922,0.617691554380,0.409868419980,-0.407382380691
1413393902605760512,-0.379011241903,0.894067648431,1.122201346823,0.533375072814,0.618020071501,0.410029334257,-0.406740910128
1413393902655760640,-0.407178350078,0.929502111977,1.129207468188,0.534340294681,0.617465880916,0.409669765803,-0.406678027894
1413393902705760512,-0.438408385961,0.966158502155,1.139143435262,0.535180961981,0.617631030050,0.408653935845,-0.406343708417
1413393902755760384,-0.460938848777,0.999491471134,1.151703482434,0.537159004520,0.617338303382,0.405879573925,-0.406958713521
1413393902805760256,-0.490061310722,1.033148172548,1.170987847309,0.543157456810,0.615830404055,0.399471759540,-0.407621397725
1413393902855760640,-0.519794478498,1.065197805209,1.182944250853,0.550220812877,0.614212420516,0.389082310448,-0.410627708828
1413393902905760512,-0.554812976874,1.097388974387,1.191686260690,0.560218717838,0.612270710235,0.375746395285,-0.412424795571
1413393902955760384,-0.594682326429,1.121803811006,1.196393504719,0.568602307664,0.609734339415,0.365526201813,-0.413891346666
1413393903005760512,-0.632290621052,1.153320794175,1.201907372252,0.576433312796,0.607656118546,0.354355084242,-0.415825867118
1413393903055760384,-0.670371291518,1.190127828264,1.207744880433,0.582072540831,0.605296551498,0.347117964194,-0.417512587701
1413393903105760512,-0.707289498507,1.228896579056,1.213284618959,0.582185034344,0.604082124772,0.347731047137,-0.418603023369
1413393903155760640,-0.741956823075,1.269771231402,1.218879572580,0.578242674180,0.602194113476,0.353557035707,-0.421894633711
1413393903205760512,-0.773945552568,1.312312594280,1.223319651926,0.573896110757,0.600550624227,0.361847061868,-0.423141708670
1413393903255760384,-0.807380257582,1.360133928426,1.236082949432,0.570419318868,0.599281271968,0.369408142990,-0.423109184045
1413393903305760256,-0.829963795587,1.405887164021,1.246588919882,0.568325158741,0.596312031473,0.377803734849,-0.422708898648
1413393903355760640,-0.849991925391,1.453090721357,1.254817289804,0.569422851426,0.592408341170,0.385534169467,-0.419730124913
1413393903405760512,-0.870601863206,1.501265291992,1.263803576097,0.573913624664,0.585291483826,0.393044557415,-0.416620938350
1413393903455760384,-0.889396660421,1.547274590083,1.279250434600,0.581497991481,0.576267318475,0.398796577974,-0.413203766873
1413393903505760512,-0.914688979371,1.590275945856,1.280672691541,0.591058915285,0.564339804333,0.404860842761,-0.410192201177
1413393903555760384,-0.936417640822,1.633749698783,1.278883164944,0.600615051391,0.551480317753,0.410799628487,-0.407890529933
1413393903605760512,-0.943174113686,1.633945180237,1.252281155943,0.607904534647,0.535471957254,0.418695996227,-0.410384603139
1413393903655760640,-0.930422449674,1.681284889098,1.284902875972,0.615312298207,0.518296919550,0.426611175840,-0.413233570162
1413393903705760512,-0.971023608779,1.714985710002,1.297886360985,0.621342949145,0.503609695675,0.434244648979,-0.414417420970
1413393903755760384,-1.002436194434,1.753907869444,1.311669019332,0.628506758542,0.490186836760,0.439552602569,-0.414113063195
1413393903805760256,-1.026912617182,1.792470774855,1.320471517369,0.636545367422,0.479290331834,0.441407530325,-0.412613820898
1413393903855760640,-1.044125316107,1.826180506263,1.324453608988,0.645120398944,0.469711668398,0.439398147819,-0.412455921440
1413393903905760512,-1.055247234044,1.856564617708,1.329651113123,0.652931030845,0.461406811843,0.436018926012,-0.413125064724
1413393903955760384,-1.066466918189,1.892962191812,1.326856821970,0.660698405290,0.454976201716,0.432737415921,-0.411354593971
1413393904005760512,-1.077106563785,1.923295648683,1.325584112924,0.665204474103,0.449326219409,0.432553669818,-0.410495163079
1413393904055760384,-1.088700756458,1.952056882739,1.321418075865,0.668763771595,0.446646996976,0.432067779982,-0.408140798494
1413393904105760512,-1.097130641240,1.979251966890,1.315065818125,0.669569454131,0.445557790817,0.435137836104,-0.404734560827
1413393904155760640,-1.101734942486,2.004867092752,1.307661970818,0.669961314291,0.448594734401,0.436773718107,-0.398927713742
1413393904205760512,-1.110169278201,2.037779454730,1.298730699400,0.670279461182,0.451522841994,0.439571465789,-0.391955984187
1413393904255760384,-1.115505758344,2.066793986821,1.297004357690,0.670137798567,0.454719756593,0.441719322532,-0.386043150435
1413393904305760256,-1.112436169252,2.093650660458,1.295132931177,0.668653785153,0.457389023470,0.444538598799,-0.382207837423
1413393904355760640,-1.103208412726,2.119244745515,1.296633303172,0.667927833968,0.458513711379,0.445926743532,-0.380508770584
1413393904405760512,-1.090509120277,2.139977781933,1.305210043188,0.667354458181,0.457092678202,0.449549954491,-0.378957978010
1413393904455760384,-1.072032887538,2.158359139550,1.312437154130,0.667172138432,0.455422219287,0.453692789351,-0.376343981978
1413393904505760512,-1.049475433615,2.176619219384,1.331016330048,0.668114166472,0.454037889852,0.456400550101,-0.373057090813
1413393904555760384,-1.025098841897,2.198391096323,1.349468116495,0.669824680577,0.452887738444,0.461728287933,-0.364739059849
1413393904605760512,-0.998823075432,2.219689496373,1.363151833071,0.673755089411,0.455446384692,0.466529690663,-0.347811325137
1413393904655760640,-0.975162835159,2.235032225147,1.376878630319,0.679421103468,0.459513192814,0.468951770032,-0.327595523743
1413393904705760512,-0.953510379461,2.252182377565,1.387089204467,0.687200276725,0.461784843659,0.469206403712,-0.307174036257
1413393904755760384,-0.934218057656,2.271866316717,1.393611934724,0.695226241777,0.461418636870,0.470881211211,-0.286398671824
1413393904805760256,-0.916167064391,2.289820077812,1.400931431234,0.702568273837,0.458478245652,0.472330778243,-0.270368553620
1413393904855760640,-0.891277555199,2.307472618292,1.410395020107,0.708682890177,0.452581535619,0.476204555534,-0.257230900313
1413393904905760512,-0.869498469847,2.323171126088,1.420856726916,0.712003230894,0.444098634753,0.483566677501,-0.248980059881
1413393904955760384,-0.846529067053,2.343466367502,1.429176471445,0.712253367221,0.432095879338,0.496671002278,-0.243528658349
1413393905005760512,-0.823179922530,2.374678862176,1.433406114256,0.712532654100,0.417789308840,0.509914559239,-0.240284107958
1413393905055760384,-0.798330047199,2.406102031890,1.435348276449,0.712251135200,0.403945116917,0.522414564302,-0.237927900698
1413393905105760512,-0.776279848432,2.434493832759,1.436546649660,0.712855507259,0.389768796230,0.533838744473,-0.234378979764
1413393905155760640,-0.754125670524,2.466236962054,1.432416350918,0.715632077576,0.374108637028,0.542852541481,-0.230704519791
1413393905205760512,-0.732941682027,2.499560798384,1.421170757416,0.720106369475,0.358522497179,0.548446794504,-0.228286112708
1413393905255760384,-0.716078992024,2.533962539460,1.406704021141,0.725023039205,0.342920271267,0.553152821401,-0.225320297248
1413393905305760256,-0.702297795358,2.569924338443,1.389873322932,0.730777653779,0.326703358051,0.556601744366,-0.222313820408
1413393905355760640,-0.692284840662,2.604670613916,1.373930662223,0.736451489910,0.311861666734,0.558971668822,-0.218934184826
1413393905405760512,-0.685093119613,2.639999470272,1.357154532993,0.741915763257,0.298013118937,0.561137040532,-0.214183106046
1413393905455760384,-0.673540980032,2.673798481135,1.347098049877,0.747254503261,0.283570522356,0.563612067614,-0.208662175412
1413393905505760512,-0.665080021175,2.706077063034,1.339431629131,0.752631348901,0.269739695349,0.565318709949,-0.202981047357
1413393905555760384,-0.656028862646,2.738669445329,1.330619026561,0.759938126913,0.254266944504,0.563941889407,-0.199529219836
1413393905605760512,-0.647973705148,2.771677616700,1.319747126400,0.767970282989,0.237326024935,0.561612169554,-0.196188107036
1413393905655760640,-0.642530032708,2.802332977356,1.308176304866,0.774483711379,0.220991496498,0.560328027282,-0.193313841011
1413393905705760512,-0.634692157032,2.831482273180,1.296124499887,0.779823536090,0.203643191291,0.560329250257,-0.190881729105
1413393905755760384,-0.620621380817,2.856111126585,1.291364094964,0.784544712085,0.184666915848,0.560858543906,-0.189276038259
1413393905805760256,-0.613339559144,2.882160285745,1.284609653405,0.789471853584,0.167365274269,0.559961962258,-0.187525086832
1413393905855760640,-0.602154049301,2.907379582118,1.276054419501,0.796810987304,0.150556246548,0.555041220776,-0.185349158015
1413393905905760512,-0.589353787958,2.928116649626,1.268275337196,0.805194902128,0.135818827644,0.547880861356,-0.181771772851
1413393905955760384,-0.573477436767,2.942913383602,1.264344935114,0.813037206097,0.122508457175,0.541146528492,-0.176416025703
1413393906005760512,-0.553348444716,2.958469449300,1.258076620289,0.819575027830,0.112080156575,0.536318921635,-0.167621080285
1413393906055760384,-0.532512029244,2.969935653067,1.255997016824,0.823738201762,0.106749855610,0.535635136134,-0.152167158821
1413393906105760512,-0.513846478223,2.976700799941,1.255283211156,0.824684582318,0.104820722374,0.539585920442,-0.133247852922
1413393906155760640,-0.498240211687,2.982201070622,1.256681778366,0.822577916294,0.103815220953,0.547018427498,-0.115580324893
1413393906205760512,-0.472355639714,2.984900652290,1.254763083422,0.817437117771,0.102419176213,0.558402655532,-0.097433798705
1413393906255760384,-0.445815589573,2.988044787136,1.253531147396,0.811206909979,0.101432706156,0.570003310750,-0.082164353938
1413393906305760256,-0.410980650707,2.988491043330,1.245905594107,0.805398138255,0.099234341897,0.580246909233,-0.069281372745
1413393906355760640,-0.373659607671,2.991125595512,1.240374105399,0.800875641048,0.095298775026,0.588317049186,-0.058304379695
1413393906405760512,-0.345699090016,2.994705837647,1.226794580604,0.798036410481,0.091079393183,0.593461952087,-0.051432899083
1413393906455760384,-0.316896122800,3.000978959245,1.210810412749,0.795306754847,0.085826354382,0.598376974811,-0.045453257357
1413393906505760512,-0.285866877938,3.007187515414,1.196084269654,0.794021677326,0.078167219489,0.601431785614,-0.041222190459
1413393906555760384,-0.259720512020,3.011266280435,1.178995942990,0.793197716979,0.069690318278,0.603584882146,-0.040815822461
1413393906605760512,-0.235588266119,3.016358414407,1.157664238314,0.792423196960,0.059407398103,0.605587772390,-0.042422728597
1413393906655760640,-0.209495988068,3.022122472471,1.134885509164,0.791743490073,0.046749650965,0.607347478750,-0.045670079017
1413393906705760512,-0.185386817396,3.028928245036,1.109245331367,0.792441054593,0.033577273730,0.606676997376,-0.053411258545
1413393906755760384,-0.160437995815,3.035887347761,1.085054909339,0.794175444487,0.021770604026,0.604111479365,-0.062134730014
1413393906805760256,-0.141313639847,3.041910952249,1.062418566041,0.792527502143,0.011864923517,0.605820707578,-0.068852394342
1413393906855760640,-0.124265389031,3.043738338843,1.043987597477,0.790577935641,0.005241633962,0.608119727001,-0.071759672404
1413393906905760512,-0.108378321905,3.045530263423,1.026932580140,0.788324945706,0.002138682073,0.611016832029,-0.072094639145
1413393906955760384,-0.090015242744,3.045590886877,1.007375174375,0.787029573077,0.000814416274,0.612872327601,-0.070507431446
1413393907005760512,-0.074748642353,3.043516148388,0.986631305955,0.785828416726,0.001462174707,0.614730129624,-0.067664091249
1413393907055760384,-0.061341152044,3.039438998062,0.966125461920,0.786740737342,0.007052842165,0.614448932010,-0.058666681983
1413393907105760512,-0.051057798756,3.034714422069,0.942772274908,0.787533691719,0.013918211835,0.614228175555,-0.048173811769
1413393907155760640,-0.038961163738,3.027256546267,0.924650039755,0.789347626050,0.019317869346,0.612393804342,-0.039127657430
1413393907205760512,-0.025980833261,3.019385216636,0.901965830342,0.791315844771,0.026193008191,0.610221542902,-0.027619353966
1413393907255760384,-0.016805216669,3.011190476438,0.877503669622,0.792492583370,0.036073755728,0.608684342374,-0.012552322507
1413393907305760256,-0.008556884192,3.002163452242,0.855528807361,0.793571894675,0.046706152812,0.606667319935,0.004116575509
1413393907355760640,-0.006144302690,2.993205158744,0.837195974581,0.793103280358,0.056885396364,0.606121060710,0.019196305114
1413393907405760512,0.000692560735,2.984794267793,0.824720583456,0.795107890206,0.060169584621,0.602881928040,0.026766487666
1413393907455760384,0.004959434813,2.980876889846,0.813271963331,0.798933817689,0.057557742759,0.598234592656,0.022521841649
1413393907505760512,0.006227523167,2.981651509868,0.806415971886,0.800522843459,0.051423866564,0.596917326925,0.014438416257
1413393907555760384,0.013286527900,2.990085332503,0.792734044053,0.801871612210,0.041585450056,0.596041715799,0.002615512082
1413393907605760512,0.009385019270,2.998113627682,0.791000081869,0.801750246132,0.035259833333,0.596560783954,-0.008277561766
1413393907655760640,0.010411589106,3.006932036838,0.789178769341,0.803186894394,0.029561830568,0.594782327562,-0.015839623336
1413393907705760512,0.015125953963,3.014693451756,0.786647187374,0.806119490950,0.024677476905,0.590848975650,-0.021444729373
1413393907755760384,0.008249336701,3.023047822663,0.781308874559,0.807387440532,0.023018458735,0.589020817020,-0.025498010633
1413393907805760256,0.002138619548,3.029834165319,0.769032475649,0.806144812122,0.020825479847,0.590683757177,-0.028098759490
1413393907855760640,-0.006624453388,3.035187583393,0.747707403131,0.803893731358,0.019609525649,0.593716457939,-0.029514449990
1413393907905760512,-0.014465011467,3.040890962341,0.722965103815,0.801844687568,0.019445881061,0.596393228649,-0.031338020847
1413393907955760384,-0.016260503021,3.046338950307,0.697380548536,0.800478280290,0.020176694552,0.598337755137,-0.028624370028
1413393908005760512,-0.020020831255,3.051394797304,0.663379834606,0.799055351889,0.022095436455,0.600361807000,-0.024249474239
1413393908055760384,-0.031007462900,3.056007423813,0.632977089073,0.797316364264,0.025184427060,0.602690940749,-0.020395829229
1413393908105760512,-0.033806799637,3.059775670852,0.609423372631,0.798636142184,0.025572868810,0.601023007142,-0.017253569615
1413393908155760640,-0.043339415869,3.063628979860,0.588830844284,0.802520261344,0.026388392631,0.595838027093,-0.015554045673
1413393908205760512,-0.051763578160,3.068476879763,0.573707568261,0.804209728600,0.026519847651,0.593598435872,-0.013575972761
1413393908255760384,-0.067684361534,3.074530010927,0.555935537665,0.803819937332,0.027217245376,0.594108262836,-0.012965412947
1413393908305760256,-0.077167631159,3.081989089776,0.544845044696,0.800563263806,0.026786559264,0.598521162033,-0.012383839680
1413393908355760640,-0.086895179412,3.088882614505,0.541040452269,0.795663798958,0.025178498993,0.605055292182,-0.013901640889
1413393908405760512,-0.100485650117,3.097212245576,0.535242889257,0.794174706627,0.024548378470,0.607019223356,-0.014545615981
1413393908455760384,-0.112922190631,3.105639428371,0.529014966690,0.795113691815,0.022895062937,0.605822038074,-0.015801625416
1413393908505760512,-0.125862981269,3.112930813260,0.523167159094,0.797565325775,0.020886197678,0.602634857190,-0.016868514072
1413393908555760384,-0.145533252019,3.119198610569,0.517733105259,0.799347993813,0.020039046631,0.600286849519,-0.017231357805
1413393908605760512,-0.162610161359,3.126494118349,0.514830821844,0.802328485087,0.017266447582,0.596305633901,-0.019760131187
1413393908655760640,-0.179640305389,3.133410471800,0.514940078158,0.805163667428,0.012197175985,0.592408251204,-0.024802448625
1413393908705760512,-0.199228082785,3.141314050667,0.508919513560,0.806547127599,0.001008593004,0.589842818220,-0.039574783605
1413393908755760384,-0.215860232191,3.148696774124,0.503472446241,0.805044731407,-0.011060595252,0.590546282877,-0.055097472244
1413393908805760256,-0.230422574407,3.154581810438,0.498837683673,0.801995691222,-0.020695373433,0.593251124319,-0.066541087112
1413393908855760640,-0.247213632769,3.158972629970,0.490440460004,0.796110199232,-0.023776642550,0.600703941354,-0.069267573870
1413393908905760512,-0.265540470728,3.159777572191,0.482859605794,0.792017189937,-0.019056427422,0.607165403275,-0.060793062793
1413393908955760384,-0.283821905124,3.154498322633,0.488410862775,0.793315392454,-0.010114939877,0.606949629557,-0.046481429271
1413393909005760512,-0.305944530515,3.145285329034,0.500650692891,0.795326086052,-0.002439988425,0.605240569417,-0.033679614507
1413393909055760384,-0.328835352382,3.134146257229,0.514934062251,0.798436928011,0.005221806692,0.601693815012,-0.020874810155
1413393909105760512,-0.351443391640,3.124035779170,0.526209186615,0.800891365838,0.010533625525,0.598621533818,-0.010692151717
1413393909155760640,-0.377052918348,3.112882204752,0.541546249145,0.802751328770,0.013676768024,0.596144406960,-0.003885386037
1413393909205760512,-0.401321946330,3.103115391774,0.553333168557,0.802848335419,0.014593584375,0.596003403372,0.001233199082
1413393909255760384,-0.427053860986,3.095139320219,0.560064406382,0.801423594075,0.014968905975,0.597889193272,0.004966616781
1413393909305760256,-0.455825787052,3.086478298602,0.566842720437,0.800116560400,0.015359367769,0.599591032574,0.008256709571
1413393909355760640,-0.481285914298,3.078565291422,0.574010299435,0.799753069860,0.014689073045,0.600052083152,0.010805363829
1413393909405760512,-0.507946913520,3.072525521497,0.577726645634,0.800118654946,0.014034051351,0.599536822009,0.012991630571
1413393909455760384,-0.534047738212,3.067931102585,0.579430375108,0.800550080533,0.012217247993,0.598983520558,0.013749527664
1413393909505760512,-0.563972842532,3.064195291438,0.581316239865,0.801676232743,0.011031217747,0.597503585784,0.013527566911
1413393909555760384,-0.592386220862,3.061976258307,0.580784880764,0.804515965721,0.009622062714,0.593695611690,0.013674701801
1413393909605760512,-0.619965206270,3.060917409482,0.574989646611,0.809009887352,0.007946252664,0.587563167465,0.014470088954
1413393909655760640,-0.648291410606,3.060780233548,0.563220076148,0.814948990288,0.006185457609,0.579286662588,0.015711330014
1413393909705760512,-0.675339135013,3.062155085992,0.547119749535,0.821419875730,0.004305680466,0.570030148825,0.017789837051
1413393909755760384,-0.704480984443,3.063823700234,0.530458786175,0.827587941466,0.002347545732,0.560982363383,0.019785756016
1413393909805760256,-0.732460717440,3.067051665659,0.513700663209,0.833328785695,-0.000056918807,0.552361765415,0.021438558720
1413393909855760640,-0.761602972083,3.071611088789,0.492746606229,0.837407651770,-0.002007037030,0.546091842374,0.022980344931
1413393909905760512,-0.783013408712,3.079149846344,0.462533895769,0.840743941364,-0.004327491293,0.540806058076,0.025684731416
1413393909955760384,-0.799905298044,3.084305018173,0.441470425138,0.844051977944,-0.006409179379,0.535544711802,0.026963727665
1413393910005760512,-0.814347490575,3.093513757746,0.414676098599,0.846206671596,-0.008435205493,0.531974711755,0.029428256975
1413393910055760384,-0.827518463827,3.101863322511,0.399657496644,0.849696202483,-0.010806745314,0.526328483232,0.029629469801
1413393910105760512,-0.834821556046,3.112930453176,0.385687213849,0.851995183814,-0.014382311997,0.522505391367,0.029756879078
1413393910155760640,-0.837333414486,3.124612867690,0.366854028745,0.853971172490,-0.018734865146,0.519167372393,0.029111523957
1413393910205760512,-0.836464963391,3.136569182365,0.354998926256,0.855620847519,-0.021125609539,0.516359111883,0.028981744046
1413393910255760384,-0.833150913953,3.148409488266,0.350371854079,0.857300301619,-0.022900145264,0.513511030586,0.028604154547
1413393910305760256,-0.816995552813,3.163608912767,0.344434595944,0.858140213474,-0.026022160489,0.511917802797,0.029298197242
1413393910355760640,-0.801981857249,3.175783634486,0.348737115555,0.861332853934,-0.030552803742,0.506497800040,0.025143974869
1413393910405760512,-0.782300803107,3.189302560063,0.358592969202,0.865820000618,-0.036661119901,0.498670398957,0.018426123351
1413393910455760384,-0.755022773521,3.204218865510,0.365605411043,0.868932754133,-0.042999002922,0.492925285177,0.011472479024
1413393910505760512,-0.725482355068,3.217007744598,0.376413241567,0.870576451336,-0.047774113404,0.489692988648,0.003879862963
1413393910555760384,-0.689165362098,3.230338674860,0.373130662622,0.870450576810,-0.049833934874,0.489726656071,-0.000417850282
1413393910605760512,-0.648385904832,3.240343825627,0.379416848780,0.869450464684,-0.049441651216,0.491521935068,-0.004195227397
1413393910655760640,-0.600717002516,3.248937300468,0.384863510671,0.866603586043,-0.047782575416,0.496654801699,-0.007004148350
1413393910705760512,-0.549582366398,3.255213534429,0.379352298017,0.861701452654,-0.046256876147,0.505181465519,-0.011072253537
1413393910755760384,-0.489903849242,3.261659834789,0.369701058529,0.855828068139,-0.044177393696,0.515191984393,-0.013560784943
1413393910805760256,-0.430428734404,3.265675523850,0.362881996363,0.851127576109,-0.039764948165,0.523237255943,-0.014945637425
1413393910855760640,-0.373746052100,3.266960590353,0.362080147127,0.846953839882,-0.033783150606,0.530314668323,-0.017153553718
1413393910905760512,-0.311729375589,3.270017485431,0.356642468011,0.841787713488,-0.027046865673,0.538846208173,-0.017512179078
1413393910955760384,-0.238590183819,3.271552340386,0.355627268615,0.835004187586,-0.020276312113,0.549601558983,-0.017175687606
1413393911005760512,-0.163946623181,3.271637596751,0.346708263361,0.828378254317,-0.012849915691,0.559734906040,-0.017921562514
1413393911055760384,-0.089644472052,3.269159095188,0.331819627023,0.822303232216,-0.005665720199,0.568683924590,-0.019593055291
1413393911105760512,-0.010294651722,3.266821403939,0.310988863902,0.817507909952,0.000180312509,0.575503497530,-0.021829085740
1413393911155760640,0.063082785871,3.264173315632,0.285892968875,0.814291088316,0.006561050945,0.579902275044,-0.024501581533
1413393911205760512,0.135170574967,3.260925397426,0.264357486323,0.811367710452,0.012021737445,0.583829833901,-0.026089103318
1413393911255760384,0.214401458719,3.256784117360,0.243333466418,0.810695309258,0.016332796693,0.584679393638,-0.025619561947
1413393911305760256,0.287321020662,3.253564200175,0.222983731196,0.808099613930,0.020307239071,0.588118842538,-0.026054885513
1413393911355760640,0.361141845312,3.249891070536,0.202419615107,0.802222501529,0.023970832198,0.596062830399,-0.023949101466
1413393911405760512,0.432643676166,3.245048130457,0.193884333427,0.795203775480,0.025879840908,0.605384528095,-0.022153158684
1413393911455760384,0.499712592577,3.238446109571,0.179534325548,0.787912748878,0.029293079723,0.614799370415,-0.018898406647
1413393911505760512,0.564277685548,3.234421654099,0.174285633398,0.783912369223,0.030639181491,0.619883697482,-0.016936337641
1413393911555760384,0.632236889520,3.229647237848,0.171536652047,0.782070193299,0.030576603430,0.622294449438,-0.013449991625
1413393911605760512,0.690353771451,3.227823546620,0.166378325882,0.778601862565,0.030872813636,0.626676805027,-0.010108957881
1413393911655760640,0.740404251408,3.228623404503,0.172372703983,0.773854898196,0.030604067672,0.632548977525,-0.009683935716
1413393911705760512,0.799005139352,3.228535483252,0.179156722694,0.773598391813,0.028713788708,0.632991544018,-0.006538480191
1413393911755760384,0.843928512206,3.230333203152,0.187167152895,0.778081975156,0.026581410537,0.627582023122,-0.004761596960
1413393911805760256,0.881192385336,3.233187917712,0.197368220555,0.785273175018,0.026245684959,0.618577704632,-0.004339118483
1413393911855760640,0.924524490685,3.234391462437,0.220110486089,0.792020306402,0.022304377990,0.610070888152,-0.004456500771
1413393911905760512,0.966890364938,3.235865675673,0.235882556668,0.801566819944,0.014612702470,0.597613793197,-0.011612763372
1413393911955760384,1.004693855725,3.242004767296,0.250472698071,0.813360222444,0.005491947653,0.581341701824,-0.021373178920
1413393912005760512,1.048932633892,3.246851649849,0.265569904879,0.826233932249,-0.002988536847,0.562599372537,-0.028469349641
1413393912055760384,1.086042184988,3.252291674402,0.292970319267,0.836001139678,-0.010261993715,0.547526838723,-0.034801534746
1413393912105760512,1.127338504592,3.255690705774,0.320947452343,0.844339243966,-0.015814246129,0.534180352535,-0.038632909323
1413393912155760640,1.176614604700,3.254728783049,0.361965643120,0.850004554564,-0.021306835615,0.524741694101,-0.041041813421
1413393912205760512,1.222973027340,3.254439864698,0.387878411604,0.854919433060,-0.023605217340,0.516582277022,-0.041210529693
1413393912255760384,1.273238548906,3.251216660645,0.422560341341,0.858087969023,-0.025609267803,0.511229233526,-0.040913000490
1413393912305760256,1.333569035789,3.245072219640,0.455690713947,0.859968700667,-0.028050292895,0.508018436424,-0.039803055102
1413393912355760640,1.392618985679,3.237104442652,0.499208625289,0.858294983562,-0.029318046004,0.510831235001,-0.039007982750
1413393912405760512,1.457029130490,3.228857369238,0.544063418884,0.852824059467,-0.030337967919,0.519944168076,-0.037799383328
1413393912455760384,1.530586043003,3.217472214011,0.592771243661,0.844775187618,-0.031213930301,0.533050375283,-0.035183381751
1413393912505760512,1.602203225236,3.207188547897,0.642499768418,0.835469154551,-0.030292713980,0.547678533749,-0.033494282267
1413393912555760384,1.680516776867,3.194416498045,0.679192621571,0.827403997448,-0.029729186211,0.559899022297,-0.032122971924
1413393912605760512,1.759097799691,3.179781954776,0.708579928429,0.820788770786,-0.028421961642,0.569683779937,-0.030957660192
1413393912655760640,1.831611867112,3.168160785461,0.728943749973,0.814884900678,-0.025136684460,0.578335816219,-0.029298966185
1413393912705760512,1.910657090810,3.155093157099,0.741887457224,0.808523717402,-0.023395180915,0.587439329731,-0.025633918828
1413393912755760384,1.983727963532,3.139597080029,0.764440936256,0.803023593706,-0.019705757159,0.595184155951,-0.022816914581
1413393912805760256,2.059261420170,3.120800498143,0.790989480161,0.798528671505,-0.017158491616,0.601440605205,-0.018076099160
1413393912855760640,2.136148521459,3.100311902845,0.813963775548,0.794832156661,-0.016980521899,0.606464369510,-0.012428721898
1413393912905760512,2.214490691055,3.081568399572,0.854274844436,0.792920846417,-0.019019665275,0.608981883625,-0.007473223322
1413393912955760384,2.294599167256,3.051962008392,0.877047652118,0.791889230451,-0.024152715673,0.610183012856,-0.002187199923
1413393913005760512,2.369370433382,3.026042610395,0.897311159371,0.790901025134,-0.033905180843,0.611003970112,0.000394539459
1413393913055760384,2.440292607490,3.002312469629,0.920513275470,0.790445502995,-0.044618560457,0.610902186568,0.001899816943
1413393913105760512,2.510609523598,2.972830713233,0.951799370401,0.788388171485,-0.058346370373,0.612397346962,0.003046565417
1413393913155760640,2.583280370939,2.941310795057,0.972399463110,0.784147476628,-0.075112001682,0.615996962409,0.004320232038
1413393913205760512,2.645029765537,2.920046356149,0.982071186413,0.779907537175,-0.090525375996,0.619277862571,0.006657228216
1413393913255760384,2.707775476415,2.900257513977,0.975658977245,0.776041882607,-0.108324125275,0.621243369476,0.009030847446
1413393913305760256,2.762923757032,2.875155175901,0.968490088402,0.773820139358,-0.125773363438,0.620633944352,0.014034247130
1413393913355760640,2.813879116205,2.850211123827,0.954764525832,0.772395552740,-0.142115275495,0.618701120314,0.020427488851
1413393913405760512,2.868613527116,2.814950506359,0.932494739101,0.769351616777,-0.161106768316,0.617619361299,0.026249257395
1413393913455760384,2.920411809863,2.779298365628,0.920730621728,0.765639399591,-0.180731304453,0.616477883819,0.032977630997
1413393913505760512,2.962052547714,2.767499122917,0.935932927461,0.760269749062,-0.198825941000,0.617049798222,0.041324331336
1413393913555760384,3.013386350072,2.726977044862,0.952196216438,0.753153611890,-0.215242186926,0.619214093040,0.054811904225
1413393913605760512,3.057349046696,2.687656448019,0.973905587672,0.745766593548,-0.230659810246,0.621186809895,0.068957864649
1413393913655760640,3.095247774877,2.649347796926,0.995348623546,0.737033298070,-0.244532350301,0.624265813887,0.085311434198
1413393913705760512,3.124091528379,2.604450881819,1.017572104265,0.727682681969,-0.257922285725,0.627329393010,0.102038431752
1413393913755760384,3.151585500981,2.561385888793,1.027703180312,0.718846510078,-0.271723895779,0.628974733701,0.117544050369
1413393913805760256,3.174099381270,2.511206691985,1.030651961578,0.711739763048,-0.286235120317,0.627942834140,0.131086851535
1413393913855760640,3.191727486140,2.459196797406,1.030628328150,0.704726738010,-0.300255863079,0.626143504846,0.145433671342
1413393913905760512,3.202958457184,2.404881649855,1.031030410541,0.697121418389,-0.315155989430,0.624575498041,0.156856232252
1413393913955760384,3.209242999275,2.349884398358,1.031759865794,0.691752477281,-0.327248200284,0.620321652306,0.172012131159
1413393914005760512,3.212200210303,2.290826271350,1.047268856623,0.685728920521,-0.338754058495,0.615694850070,0.189582137903
1413393914055760384,3.210787106387,2.239231748589,1.059035499344,0.678961417455,-0.348124394866,0.611859114080,0.208444774039
1413393914105760512,3.206580072458,2.187162559997,1.067789216394,0.674229128908,-0.356693887191,0.604189803213,0.230519487821
1413393914155760640,3.192271105082,2.134608088557,1.102680311470,0.673060109051,-0.366751403642,0.591679691409,0.249797198352
1413393914205760512,3.175003300936,2.079622950298,1.115523034740,0.676059754694,-0.377722370374,0.573633985962,0.266857769516
1413393914255760384,3.153321331350,2.037157389885,1.145288165329,0.676648911194,-0.392277418595,0.556928631394,0.279455143761
1413393914305760256,3.135247523561,1.987286387932,1.128182649661,0.675199069642,-0.406480725271,0.542623882857,0.290583822832
1413393914355760640,3.115333244781,1.942096148612,1.116065567813,0.672137038763,-0.420274959911,0.530261295335,0.300705367203
1413393914405760512,3.093489040946,1.901499352904,1.106077619188,0.667708595243,-0.435096956381,0.518923265103,0.309151282256
1413393914455760384,3.071134504270,1.864429908846,1.097874018406,0.661805154384,-0.451280832173,0.509870499152,0.313674388878
1413393914505760512,3.043811816088,1.828427682987,1.102854108282,0.655603362074,-0.466206760627,0.502294313806,0.317073982377
1413393914555760384,3.021553786290,1.783442768006,1.110928560886,0.645146346709,-0.480993685974,0.498467566187,0.322430381386
1413393914605760512,2.995917574318,1.745964653932,1.118707098891,0.635964049348,-0.494419968823,0.494702482061,0.326141191219
1413393914655760640,2.969159170949,1.711685416789,1.123402038701,0.627463210278,-0.506556468073,0.490935127822,0.329656130949
1413393914705760512,2.949023653049,1.666254780711,1.127407258288,0.616902829849,-0.521109019557,0.486380199713,0.333632416872
1413393914755760384,2.923354679197,1.631827302797,1.131268097392,0.606965918747,-0.534472301430,0.483259661342,0.335248910816
1413393914805760256,2.895089949524,1.594193536780,1.129772374821,0.598737768727,-0.547473066270,0.477966027827,0.336652346274
1413393914855760640,2.873121501520,1.555457440249,1.133455075321,0.590551657598,-0.561017642173,0.470207389475,0.339724823588
1413393914905760512,2.847401975325,1.520827695705,1.137942128176,0.586152728619,-0.569665755197,0.461152983658,0.345317001829
1413393914955760384,2.818471047872,1.489469071120,1.144392927163,0.586848064508,-0.575010682959,0.448803084262,0.351493748484
1413393915005760512,2.791380753921,1.451803386674,1.149308361290,0.587669004484,-0.580490149106,0.436176521419,0.356968304086
1413393915055760384,2.759008660410,1.420605121554,1.155988926351,0.589203081898,-0.583183477965,0.426873761887,0.361269360345
1413393915105760512,2.726722504451,1.380517984348,1.161930447089,0.590348194504,-0.585694295677,0.419270325753,0.364230140433
1413393915155760640,2.698395710408,1.334642626891,1.168107583332,0.591347384904,-0.588066439098,0.412233543841,0.366810085612
1413393915205760512,2.668667647821,1.296830236093,1.172877469234,0.592689031429,-0.588641956342,0.408190093369,0.368240691578
1413393915255760384,2.643700505121,1.257377666628,1.172534029935,0.592586482187,-0.588540734313,0.405795918580,0.371201747904
1413393915305760256,2.620753674495,1.217045078623,1.173750860292,0.593363727404,-0.586837481844,0.405093361013,0.373417495263
1413393915355760640,2.595587788165,1.175265740028,1.176445600061,0.596017179594,-0.580844654821,0.406632576600,0.376872599485
1413393915405760512,2.575863995718,1.131033956459,1.174679204551,0.600090080770,-0.571058195353,0.408375981698,0.383423382246
1413393915455760384,2.554319860055,1.086813487740,1.178301710039,0.605306052976,-0.558399487761,0.411289875586,0.390685592952
1413393915505760512,2.534192598767,1.033595161306,1.187509617211,0.608802394755,-0.547503019748,0.414533433436,0.397192799622
1413393915555760384,2.514485480444,0.982218140226,1.197220810815,0.611879405082,-0.539331259944,0.418583232044,0.399391366376
1413393915605760512,2.496675686947,0.932684233544,1.208767504884,0.613723213712,-0.533593270476,0.424657865384,0.397853912913
1413393915655760640,2.487400154336,0.880715985426,1.209764733527,0.614142251221,-0.530304439086,0.429451623409,0.396456555377
1413393915705760512,2.475679979543,0.835064921417,1.212414834578,0.616037717772,-0.526272313047,0.433006834585,0.395019067900
1413393915755760384,2.465876762955,0.788446808234,1.215861030431,0.618460615337,-0.521634584635,0.435436773813,0.394713368663
1413393915805760256,2.456876131190,0.740654988490,1.226307063948,0.620535177123,-0.518400165815,0.436199768081,0.394876087352
1413393915855760640,2.452107644302,0.694860700292,1.231935707068,0.623605434411,-0.514978024866,0.435641032213,0.395133885070
1413393915905760512,2.447161153361,0.653618120087,1.238659241719,0.626045540394,-0.512232594104,0.436011467411,0.394434723593
1413393915955760384,2.446723951337,0.606833865260,1.243773584922,0.627754115206,-0.510050058234,0.435717700026,0.394871871398
1413393916005760512,2.444637015741,0.570640282733,1.245020165584,0.628850063772,-0.505545393915,0.436884182691,0.397622513069
1413393916055760384,2.450222109259,0.529802907434,1.240656380762,0.630569750554,-0.501515594859,0.436447662056,0.400471392343
1413393916105760512,2.454526451592,0.488234847663,1.246401159632,0.630830356715,-0.498576389959,0.436520802464,0.403638741251
1413393916155760640,2.462260792240,0.448664412602,1.251835733974,0.630787870846,-0.495901309086,0.436916375922,0.406561968330
1413393916205760512,2.471956580925,0.411745432366,1.259644093681,0.628489143415,-0.495235868106,0.438044749816,0.409706759415
1413393916255760384,2.482748181178,0.375541080612,1.269209916316,0.621496675404,-0.500344291322,0.443241710786,0.408575890654
1413393916305760256,2.498833005038,0.337460899608,1.277478081351,0.615013061707,-0.508455455728,0.444956811839,0.406503897974
1413393916355760640,2.516288536925,0.304794613266,1.286983514700,0.607392434041,-0.518623250465,0.445214067787,0.404831803334
1413393916405760512,2.534747647257,0.277557492950,1.296949804892,0.599657517879,-0.529790516602,0.443006439387,0.404324330745
1413393916455760384,2.551341196851,0.253710539108,1.313007385146,0.591461325382,-0.541452437962,0.439238105180,0.405058816669
1413393916505760512,2.569243816590,0.229611519821,1.327708977077,0.582422581880,-0.553903197596,0.434220127576,0.406728490049
1413393916555760384,2.588271239690,0.203810961303,1.340331661171,0.572894894204,-0.566955267029,0.426384402221,0.410547813202
1413393916605760512,2.606719710169,0.176524990727,1.355995187535,-0.563876593515,0.582046326780,-0.414766562561,-0.413804252453
1413393916655760640,2.624695531024,0.156804386230,1.370533341728,-0.553706090513,0.596898468912,-0.403850801415,-0.417164611798
1413393916705760512,2.644963933834,0.133419573209,1.382401182174,-0.541564721808,0.613290742691,-0.391282556081,-0.421283845322
1413393916755760384,2.661768985412,0.110130433583,1.391404539950,-0.529040280978,0.628140226814,-0.379349049236,-0.426204804529
1413393916805760256,2.681184937939,0.083725407408,1.399617043643,-0.515243535516,0.641801314364,-0.368120094134,-0.432553775020
1413393916855760640,2.698627792204,0.050801482900,1.412685505820,-0.498931130400,0.654696785502,-0.356891847515,-0.441665094103
1413393916905760512,2.716070948227,0.031351531394,1.427785162781,-0.481512506532,0.666391083137,-0.349779433027,-0.449135813091
1413393916955760384,2.732781774422,0.009346334919,1.449711329196,-0.462299148827,0.679426364789,-0.343482896825,-0.454619413809
1413393917005760512,2.753519565200,-0.010962237046,1.467482672212,-0.439480289907,0.691264486967,-0.340484789371,-0.461606533803
1413393917055760384,2.772831636147,-0.029789069249,1.484975800880,-0.417813339602,0.702525252827,-0.337085464292,-0.467186977722
1413393917105760512,2.792347294940,-0.050310792329,1.497913036284,-0.396568536831,0.712912882504,-0.332025037800,-0.473548299364
1413393917155760640,2.808437135881,-0.079714146822,1.508583748586,-0.375986180296,0.722929264058,-0.323791722739,-0.480797869879
1413393917205760512,2.819586479394,-0.105372324632,1.522801178321,-0.356141870514,0.732961867021,-0.315245653323,-0.486364110128
1413393917255760384,2.829666577424,-0.123701855953,1.533647433385,-0.338220882319,0.743559445075,-0.306710998991,-0.488522619232
1413393917305760256,2.840004329791,-0.140606851662,1.544383391293,-0.321419351271,0.754668586860,-0.294571399573,-0.490298496009
1413393917355760640,2.846620501812,-0.158798802808,1.552789795110,-0.304725902894,0.765915451839,-0.281138645772,-0.491402794653
1413393917405760512,2.853651665267,-0.173306780987,1.558871920408,-0.286335143636,0.776415540845,-0.269233072639,-0.492650632853
1413393917455760384,2.860784938462,-0.187702866312,1.563535016353,-0.268307215383,0.786689773347,-0.254466366437,-0.494345331763
1413393917505760512,2.866042715583,-0.196463109389,1.568327080134,-0.250380830470,0.795736832047,-0.239746204436,-0.496622685059
1413393917555760384,2.868474084119,-0.209603786384,1.568838434144,-0.230727888355,0.805606504029,-0.224263399101,-0.497462290054
1413393917605760512,2.869125757445,-0.220661389156,1.566002763846,0.212875034161,-0.813888388967,0.205453778201,0.500058651718
1413393917655760640,2.869420586382,-0.224610547367,1.558771270974,0.195490694317,-0.820615028737,0.186292389292,0.503656141369
1413393917705760512,2.868352355303,-0.228032130484,1.546902360997,0.178231181943,-0.824889194460,0.165517079307,0.510289681557
1413393917755760384,2.860515905526,-0.230938653860,1.538157855480,0.160022740198,-0.827128237373,0.146078142372,0.518568006997
1413393917805760256,2.851082084966,-0.227201845825,1.528792491567,0.141633028234,-0.826454000072,0.128644034260,0.529494649196
1413393917855760640,2.836451487849,-0.230941792174,1.529499293118,0.120360364261,-0.826559360625,0.112685494272,0.538158884958
1413393917905760512,2.825970436339,-0.233242616061,1.519344026802,0.097867775023,-0.825981570382,0.099435856788,0.546158268624
1413393917955760384,2.815676268475,-0.234200538237,1.508774743820,0.075319540151,-0.826693295303,0.087058306099,0.550750409633
1413393918005760512,2.802000607619,-0.233322851197,1.506349575157,0.052136715994,-0.827786581580,0.076209936953,0.553392431924
1413393918055760384,2.791223340869,-0.235796009682,1.498731388276,0.029781214753,-0.828139441856,0.064317245948,0.556022873598
1413393918105760512,2.776720190585,-0.232280511920,1.500821743874,0.007897330687,-0.829343606997,0.053542111761,0.556111549934
1413393918155760640,2.762213490855,-0.227476442222,1.503831245096,-0.013128412799,-0.831068299339,0.042219660374,0.554410161243
1413393918205760512,2.750094171243,-0.227594573200,1.500387164714,-0.034885969696,-0.832184415065,0.031413269807,0.552508167290
1413393918255760384,2.737002646605,-0.219283320267,1.497668195703,-0.055390256082,-0.832411270160,0.019560597523,0.551036096700
1413393918305760256,2.724527027163,-0.208546723823,1.496957069412,-0.076322502325,-0.831952564759,0.008931542808,0.549499802706
1413393918355760640,2.708266806669,-0.192075207817,1.500115766782,-0.097148619398,-0.831212685059,-0.001831899420,0.547397718383
1413393918405760512,2.692374602716,-0.175071816936,1.501363608012,-0.117212858755,-0.829836440887,-0.014110894973,0.545374650824
1413393918455760384,2.674389795450,-0.156535261269,1.506268299686,-0.137105038270,-0.828524603329,-0.027755248848,0.542198152266
1413393918505760512,2.658061023773,-0.135689844393,1.506114735720,-0.157964948049,-0.825664862701,-0.041474827027,0.540004118885
1413393918555760384,2.643253191736,-0.112558644268,1.503606375701,-0.179445643257,-0.821785586076,-0.054816596405,0.538017520526
1413393918605760512,2.629615235289,-0.090581417737,1.501430471380,-0.200518131149,-0.815325569683,-0.071341421370,0.538467358433
1413393918655760640,2.614557731933,-0.066187344088,1.503339522801,-0.220617463368,-0.807686694051,-0.089472775822,0.539411495517
1413393918705760512,2.600678728442,-0.036264925741,1.504026410710,-0.243278187670,-0.797732234721,-0.105454061322,0.541588816393
1413393918755760384,2.582664571138,0.002981901851,1.509017548079,-0.269577504017,-0.787935975822,-0.119078828583,0.540652476104
1413393918805760256,2.565547624132,0.046716414559,1.518730749427,-0.295379424447,-0.776574297346,-0.132349037665,0.540524826946
1413393918855760640,2.549976144463,0.085364662495,1.524847074031,-0.322366812131,-0.761503310321,-0.146269121983,0.542952751868
1413393918905760512,2.537571260131,0.124208437126,1.530944362838,-0.345248695265,-0.744730247320,-0.167566896521,0.545986751062
1413393918955760384,2.528436974868,0.162565720906,1.540910555154,-0.366045442360,-0.728543608627,-0.190753484631,0.546669966760
1413393919005760512,2.523174497899,0.206019045375,1.547207085308,-0.385263054328,-0.712134631351,-0.216707915090,0.545412069300
1413393919055760384,2.519106673667,0.253059710328,1.556587861358,-0.405273821333,-0.695397974647,-0.241728622563,0.541979759430
1413393919105760512,2.517532788378,0.309265674772,1.566460940021,-0.423322118099,-0.680608126078,-0.264679285701,0.536205034260
1413393919155760640,2.517581506380,0.352081846421,1.573013924615,-0.442902335288,-0.663591813650,-0.286874900368,0.530269948038
1413393919205760512,2.523135310982,0.399770535139,1.575440658983,-0.461425284260,-0.645446778491,-0.306756668060,0.525723796096
1413393919255760384,2.533264706648,0.442038715612,1.578735863116,-0.478303970959,-0.625969530074,-0.326456213838,0.522315804118
1413393919305760256,2.548182468769,0.482772349068,1.581462433194,-0.494019486243,-0.604574174881,-0.345706807651,0.520501313565
1413393919355760640,2.563117302213,0.523946232962,1.585837300962,-0.508062892702,-0.583584515758,-0.362881182490,0.519247972959
1413393919405760512,2.581607185034,0.558417146713,1.589827204291,-0.522729012190,-0.562362810269,-0.375933469928,0.518822200401
1413393919455760384,2.601025411322,0.590670349071,1.589492824578,-0.538025738539,-0.545151491578,-0.383673255532,0.515880789417
1413393919505760512,2.624708207227,0.621857509661,1.586866737477,-0.553325415894,-0.531966648949,-0.388929349955,0.509486436792
1413393919555760384,2.651285353411,0.650156872565,1.585554725426,-0.568097321831,-0.520249872626,-0.392938546166,0.502199962064
1413393919605760512,2.682488904749,0.672709622704,1.583218718477,0.580869392537,0.509666124228,0.397941250721,-0.494443072156
1413393919655760640,2.717094853265,0.690663707980,1.575676375295,0.590141674078,0.500122070858,0.405327269734,-0.487155543094
1413393919705760512,2.750303949137,0.706683294685,1.573320140019,0.594585607026,0.493180067564,0.415192444613,-0.480475400839
1413393919755760384,2.784270928094,0.722230255865,1.566614659958,0.593613107701,0.489226024083,0.429753992452,-0.472856089838
1413393919805760256,2.824169459302,0.735757859323,1.552292429739,0.589415401446,0.487629170914,0.446285285274,-0.464367010413
1413393919855760640,2.871341984649,0.745813340693,1.532375717668,0.583488108072,0.489074802188,0.462094696631,-0.454770224343
1413393919905760512,2.921883554038,0.753890001555,1.510831983972,0.578840720162,0.492417045107,0.473521494359,-0.445248547163
1413393919955760384,2.971153736601,0.752302700731,1.486371742368,0.575036958204,0.497251379221,0.482351448261,-0.435213330359
1413393920005760512,3.020751653374,0.751019904758,1.457642256129,0.573797048223,0.502204011954,0.485237993551,-0.427892705525
1413393920055760384,3.070553101978,0.742824912970,1.429035965966,0.574311043533,0.506788994775,0.485388472860,-0.421580087844
1413393920105760512,3.119218466500,0.734491514142,1.405111797085,0.574418097330,0.511053574959,0.484241406292,-0.417586342465
1413393920155760640,3.163886968416,0.725320582310,1.377809382900,0.574273416482,0.515452712203,0.482540208708,-0.414334999227
1413393920205760512,3.206075251591,0.709764082874,1.342258412934,0.575339941000,0.518628040697,0.480295027658,-0.411491912557
1413393920255760384,3.247338095371,0.690682348155,1.309594745640,0.575073049884,0.521449403891,0.479506724678,-0.409212423403
1413393920305760256,3.286870077754,0.675100793122,1.274626526313,0.574938373214,0.524765119256,0.477058326818,-0.408023025615
1413393920355760640,3.325337650730,0.652592941730,1.242885953273,0.575417017615,0.528265362251,0.475508556025,-0.404626464819
1413393920405760512,3.365324573567,0.626520304179,1.207776021852,0.578116821581,0.532997289157,0.470645389031,-0.400234616369
1413393920455760384,3.400853918954,0.604771158034,1.173760088011,0.581856655265,0.539403248536,0.463911572344,-0.394046978464
1413393920505760512,3.438117546917,0.577563197344,1.138552506864,0.584769886531,0.545534828250,0.458240858647,-0.387880453799
1413393920555760384,3.470088609555,0.546608758098,1.112155699534,0.586338964443,0.549674720351,0.455010020001,-0.383445175067
1413393920605760512,3.503976532705,0.520911531976,1.081443884792,0.586032788530,0.554063666059,0.452171366571,-0.380946295394
1413393920655760640,3.535569264803,0.492483611081,1.051595210153,0.586132540150,0.557089906020,0.450417908174,-0.378448398046
1413393920705760512,3.565860290622,0.465009273840,1.023158783029,0.585865054950,0.559897134864,0.449265712362,-0.376081979699
1413393920755760384,3.594100946545,0.445504452852,0.991924936853,0.584706040432,0.562612732456,0.448027116348,-0.375309822118
1413393920805760256,3.622096030630,0.416630024598,0.965994027246,0.584920889926,0.564132205471,0.446354112735,-0.374687087210
1413393920855760640,3.649682621903,0.389408471613,0.937416092873,0.584266468753,0.566447762782,0.446262204606,-0.372316626368
1413393920905760512,3.674421944302,0.365447204410,0.907579285112,0.584764575838,0.570385389068,0.444111180306,-0.368070860445
1413393920955760384,3.697916644339,0.344052750566,0.875130602594,0.585989450461,0.575071987998,0.440395122396,-0.363263965648
1413393921005760512,3.717160637498,0.313710251281,0.842786521162,0.590491677703,0.579502112957,0.435891812245,-0.354253027734
1413393921055760384,3.736639954103,0.296954886400,0.812968580039,0.594099057333,0.585867809570,0.428727392999,-0.346407335774
1413393921105760512,3.754677462321,0.278635581522,0.780804576813,0.597062198393,0.590834193143,0.422624570280,-0.340323610787
1413393921155760640,3.772070503015,0.252099637689,0.757439593328,0.599736586444,0.593336399560,0.420049699305,-0.334404237341
1413393921205760512,3.788786628614,0.238890725886,0.734449214201,0.599843676449,0.597112477176,0.418146240901,-0.329845379905
1413393921255760384,3.805854615935,0.226142313895,0.714066038344,0.600293034786,0.599249619553,0.416792435374,-0.326852002699
1413393921305760256,3.816167926975,0.210824634312,0.694616916086,0.601015422944,0.599270607941,0.417100160761,-0.325088689029
1413393921355760640,3.826457735540,0.216973099983,0.671927348629,0.601386874665,0.600191616136,0.414398233433,-0.326156335256
1413393921405760512,3.835865476532,0.215141875210,0.646555338446,0.601273698348,0.597678285424,0.415026820713,-0.330156546044
1413393921455760384,3.843477238164,0.208482310245,0.637765211316,0.599437370655,0.593188617353,0.419627270930,-0.335730630710
1413393921505760512,3.851561143782,0.215107925221,0.623195044210,0.595224160058,0.589095940542,0.424823865890,-0.343800603681
1413393921555760384,3.860044977563,0.213974893271,0.613452306661,0.590951182897,0.583326825221,0.431774816081,-0.352245685011
1413393921605760512,3.868908265033,0.215293223427,0.598325030515,0.587171953340,0.578865271118,0.438358106283,-0.357751681701
1413393921655760640,3.876418107913,0.232618047596,0.576424012222,0.584717776554,0.576481711862,0.440399165022,-0.363073729589
1413393921705760512,3.882870892068,0.234544105717,0.555397705816,0.583227327558,0.573493118827,0.444070453551,-0.365722516850
1413393921755760384,3.890819721516,0.232625086746,0.535110449440,0.582350409820,0.570594842205,0.446878901940,-0.368223808617
1413393921805760256,3.897938274140,0.238738781780,0.512139106207,0.580719115857,0.569227962341,0.448955967891,-0.370382740232
1413393921855760640,3.902726467791,0.245519919341,0.489992087899,0.578785282099,0.567195539888,0.451915774286,-0.372919494942
1413393921905760512,3.901533405063,0.249823049906,0.463506280367,0.575875621395,0.562326413922,0.457877914656,-0.377497136624
1413393921955760384,3.902489907928,0.260843626050,0.431553460211,0.572375072032,0.558758180857,0.462813027386,-0.382073519004
1413393922005760512,3.900633239309,0.269355679990,0.403459370349,0.571044531040,0.557415048223,0.465116388695,-0.383227546702
1413393922055760384,3.898846424613,0.271416210013,0.373476078410,0.572754772530,0.557696060207,0.464418272728,-0.381107259088
1413393922105760512,3.897955184526,0.269942951056,0.342379687416,0.576385169407,0.559161355110,0.461342557888,-0.377202544689
1413393922155760640,3.896304885581,0.269475661846,0.311125106477,0.582344616181,0.563583673409,0.454743273791,-0.369400522487
1413393922205760512,3.892996847997,0.269530478550,0.279739078694,0.590505958875,0.569481321903,0.445226257326,-0.358841631259
1413393922255760384,3.889471479574,0.261756789806,0.242213473090,0.598978202210,0.574306284449,0.436220683252,-0.348007069500
1413393922305760256,3.883299575049,0.263301137818,0.202822848083,0.607461063961,0.578701943418,0.425656654304,-0.338986030839
1413393922355760640,3.873421551991,0.275654225359,0.170726374793,0.614003772166,0.582857140759,0.417053004505,-0.330671608495
1413393922405760512,3.865406263484,0.282351580687,0.135898581682,0.620138282473,0.584667573133,0.410071683481,-0.324705334026
1413393922455760384,3.856394627098,0.297342137259,0.103706695241,0.625559109266,0.583038787355,0.403585632582,-0.325361660967
1413393922505760512,3.847486752716,0.316264821758,0.079855685428,0.628904001973,0.577838192346,0.400272097068,-0.332212323791
1413393922555760384,3.840937746781,0.330090430832,0.057947303300,0.631136666731,0.570299324587,0.399558554778,-0.341728180851
1413393922605760512,3.836472707752,0.349692577259,0.038613002774,0.631403300305,0.561472116451,0.400283950695,-0.354755822543
1413393922655760640,3.832725892178,0.369397569226,0.023772157237,0.630900179847,0.554567851787,0.401710455601,-0.364757687641
1413393922705760512,3.831449301875,0.389439163196,0.015850622385,0.629731305859,0.549499495261,0.404427040031,-0.371385993841
1413393922755760384,3.831446780722,0.422313273747,0.000924667132,0.628981469978,0.548952192205,0.403337773581,-0.374636412407
1413393922805760256,3.834033006744,0.446841706412,-0.010432816143,0.628855690149,0.549526616462,0.403706683941,-0.373606654261
1413393922855760640,3.839414246857,0.470680887454,-0.026904026727,0.628337988874,0.552437387052,0.404747896006,-0.369030413114
1413393922905760512,3.845152509861,0.507382186144,-0.034295352695,0.627150879022,0.558338718272,0.404995577226,-0.361826247040
1413393922955760384,3.841906169014,0.555273487617,-0.038536638286,0.625531210040,0.564756541711,0.407692861321,-0.351492936897
1413393923005760512,3.843297098344,0.601082952003,-0.056194440880,0.623738435999,0.571592347820,0.410624734531,-0.340029232216
1413393923055760384,3.850017803703,0.650828190577,-0.066928557978,0.621125134973,0.577965862313,0.413563894016,-0.330339120104
1413393923105760512,3.858260205748,0.697066177234,-0.075875924444,0.619887173272,0.581124752785,0.415875906303,-0.324162219683
1413393923155760640,3.867075659080,0.744090905585,-0.072273479172,0.618348249012,0.583745022298,0.417875818138,-0.319792108253
1413393923205760512,3.877958534047,0.787396707569,-0.064550552577,0.617559380669,0.584414547534,0.419991864002,-0.317311963454
1413393923255760384,3.888665520598,0.834354280436,-0.056300286731,0.616941148434,0.582501463476,0.422301512259,-0.318962532534
1413393923305760256,3.897851002004,0.890614135417,-0.050744714694,0.618131168141,0.577796914587,0.421068622762,-0.326750362497
1413393923355760640,3.906072895562,0.950250206434,-0.037694992774,0.619753960588,0.570248605388,0.418444177063,-0.340038272949
1413393923405760512,3.916667629032,1.004930722584,-0.019908264112,0.621914636285,0.562578580909,0.412882650785,-0.355324418183
1413393923455760384,3.921712847922,1.079631503509,-0.009278948952,0.620448004651,0.558971637116,0.404930865661,-0.372325095125
1413393923505760512,3.929556150439,1.148787021374,0.005910890357,0.616199698325,0.557403042611,0.398252901984,-0.388579986533
1413393923555760384,3.937589364461,1.218556513998,0.016380689734,0.608345826367,0.559953126304,0.391996360555,-0.403369192175
1413393923605760512,3.944808184867,1.294088054922,0.027586017471,0.596694442242,0.568058063175,0.385341168723,-0.415665686757
1413393923655760640,3.955608938131,1.367247336050,0.040554635536,0.582011699164,0.581087737451,0.381141663996,-0.422291907791
1413393923705760512,3.965238419132,1.443677615235,0.054362184391,0.564204343823,0.597552139389,0.377496011311,-0.426733711543
1413393923755760384,3.977444640127,1.520010088353,0.065260709782,0.545827026141,0.617420707679,0.371943577312,-0.427226523707
1413393923805760256,3.996820637785,1.585140687445,0.088002610608,0.528568673836,0.636599741819,0.363789292333,-0.427800510214
1413393923855760640,4.012562311972,1.656994088267,0.090183589200,0.510447280035,0.654136535834,0.355500404984,-0.430312013367
1413393923905760512,4.030278214791,1.732250150126,0.132261339450,0.492829584251,0.670139615697,0.346327757518,-0.433692265015
1413393923955760384,4.050997814187,1.804929781325,0.168964970472,0.476217310751,0.684875676278,0.335055168659,-0.438064395882
1413393924005760512,4.070583308635,1.876991454919,0.195690727723,0.460415871912,0.698128659685,0.324367767225,-0.442062383610
1413393924055760384,4.094433435192,1.946683023319,0.221785998289,0.445602925010,0.710836579590,0.313553414776,-0.444784944015
1413393924105760512,4.116862746429,2.019181642706,0.249028542749,0.428163077499,0.723963994731,0.306119785655,-0.445918367228
1413393924155760640,4.136269113083,2.088782285486,0.277726525631,0.409177919218,0.736785384347,0.303473359355,-0.444549938700
1413393924205760512,4.152779614986,2.160033117895,0.300168921707,0.386511084335,0.749240400079,0.304971305037,-0.442990414885
1413393924255760384,4.161859506403,2.242255074936,0.324425170532,0.361549301635,0.760697779131,0.308231451685,-0.442283125956
1413393924305760256,4.172730407772,2.310390070136,0.354208201561,0.339359188616,0.769692479212,0.313435171385,-0.440644098888
1413393924355760640,4.181835255153,2.379047748202,0.378712045362,0.318442165274,0.778155464630,0.317709178960,-0.438325835249
1413393924405760512,4.185731198012,2.447679809900,0.404515644169,0.298942285291,0.784925120082,0.323195292857,-0.435971178639
1413393924455760384,4.187985716060,2.508223302900,0.427244543182,0.282628310689,0.789880681812,0.330321436354,-0.432547679663
1413393924505760512,4.181680895323,2.569809058965,0.453259973184,0.267887422007,0.793966900038,0.335985293226,-0.430077636609
1413393924555760384,4.172654363895,2.628685285600,0.466263581765,0.256284372878,0.794858721904,0.340283680617,-0.432116823483
1413393924605760512,4.157320516676,2.680763534579,0.489175035507,0.245631017770,0.793697606203,0.346988524374,-0.435095939960
1413393924655760640,4.131002063048,2.731133339843,0.508802924288,0.234755438752,0.791698936597,0.354188736996,-0.438922563048
1413393924705760512,4.094461190953,2.776855873315,0.529450580576,0.225131777404,0.788493135816,0.361710003034,-0.443576522461
1413393924755760384,4.052984204762,2.812483692097,0.548356195683,0.218840625091,0.784595201545,0.368074184533,-0.448375451160
1413393924805760256,4.004647768325,2.842343483541,0.569252347768,0.217704728291,0.781651637260,0.371426405866,-0.451295683863
1413393924855760640,3.951858296920,2.862288966746,0.584482765195,0.225482237895,0.778619043601,0.366632173651,-0.456608141167
1413393924905760512,3.895713496884,2.873253476249,0.605082087947,0.241884608320,0.776382788632,0.353712242858,-0.462178808500
1413393924955760384,3.827123770602,2.880283160352,0.641398748589,0.260779806847,0.775638107882,0.335092638113,-0.467003577956
1413393925005760512,3.753263721073,2.879733098325,0.687521208146,0.278329214443,0.775609823120,0.315206350206,-0.470751747163
1413393925055760384,3.684497816398,2.868580804448,0.718235987621,0.292864486531,0.774584754986,0.295935687506,-0.476099694111
1413393925105760512,3.609065600983,2.857212880241,0.752070367495,0.304171627147,0.774226879999,0.277001277192,-0.480960135520
1413393925155760640,3.529424221680,2.849337177102,0.792993227128,0.314544017019,0.776151297368,0.253700524176,-0.484032301592
1413393925205760512,3.446473640976,2.840469927751,0.839191515518,0.321284202333,0.778483306289,0.230749467760,-0.487334470656
1413393925255760384,3.342064634328,2.836729874356,0.854747901119,0.324762410212,0.781575968474,0.209156443069,-0.489818297678
1413393925305760256,3.258743270484,2.830440214294,0.893525820914,0.324415456681,0.785537976975,0.189578639995,-0.491675337447
1413393925355760640,3.162595278896,2.826688687940,0.956907802405,0.319413778650,0.789886007236,0.177218318554,-0.492593748590
1413393925405760512,3.072617033325,2.824400210306,1.004754777475,0.310391709479,0.793374773120,0.172693168087,-0.494358701511
1413393925455760384,2.979336269010,2.828183444210,1.053896918093,0.301567685008,0.794950155143,0.170231856266,-0.498128795904
1413393925505760512,2.891387011109,2.833139329068,1.103477725461,-0.292400789165,-0.795833791879,-0.170546234818,0.502060092010
1413393925555760384,2.802305671001,2.843602454870,1.152680181443,-0.284778310513,-0.796833488819,-0.169573733976,0.505175666183
1413393925605760512,2.711973603327,2.851619837620,1.205746075448,-0.280299089980,-0.796541878152,-0.167253906536,0.508900370658
1413393925655760640,2.621333000560,2.865254344444,1.247619869255,-0.275564110048,-0.796748652083,-0.166357902751,0.511449953416
1413393925705760512,2.533097596431,2.880114079615,1.280824730170,-0.272059637843,-0.797691443597,-0.165402006045,0.512166077230
1413393925755760384,2.446246378232,2.893000297527,1.318571212488,-0.267840087128,-0.797748513017,-0.167079745913,0.513754178778
1413393925805760256,2.363905343205,2.908492829899,1.342243482308,-0.264226454641,-0.797106877087,-0.167879496839,0.516354027494
1413393925855760640,2.278596625763,2.922765637726,1.364651092353,-0.261480380047,-0.795520198301,-0.169820557682,0.519554235026
1413393925905760512,2.199599989697,2.942078145587,1.367762902127,-0.258197225244,-0.793361231707,-0.172279147532,0.523671695079
1413393925955760384,2.124978906958,2.961511537393,1.366442125057,-0.255439462433,-0.789330586535,-0.174555255981,0.530319119777
1413393926005760512,2.049860364445,2.980002537454,1.367166588988,-0.253444207057,-0.784218191429,-0.177205541090,0.537927558643
1413393926055760384,1.971566650688,3.000384878883,1.376271044255,-0.252231299413,-0.777339860699,-0.178636484686,0.547915247921
1413393926105760512,1.897560481822,3.020409055130,1.376519242176,-0.251623182866,-0.771299583415,-0.179282181141,0.556453615312
1413393926155760640,1.828246487707,3.041624329769,1.372430195380,-0.251884457257,-0.767110755522,-0.178743104900,0.562268807071
1413393926205760512,1.763371085617,3.062990024382,1.368594048212,-0.253172143902,-0.764767088064,-0.177449508712,0.565284741015
1413393926255760384,1.700437081070,3.081910276431,1.358374955618,-0.255053436197,-0.764517897908,-0.176107235239,0.565195868845
1413393926305760256,1.635594680569,3.100542383969,1.351724850484,-0.258390706641,-0.766280028707,-0.173227658343,0.562175540833
1413393926355760640,1.575567302030,3.116300996155,1.344545465899,-0.261188950610,-0.769694596400,-0.170604582825,0.556996083173
1413393926405760512,1.516682835952,3.131994206808,1.340280266832,-0.261399871787,-0.774058588035,-0.168615739452,0.551427367591
1413393926455760384,1.458670904614,3.148535998029,1.337815950795,-0.258916540167,-0.775763064245,-0.167636331990,0.550501547298
1413393926505760512,1.404370738657,3.162920220049,1.338836715095,-0.254996412358,-0.775599836865,-0.166975537521,0.552757535099
1413393926555760384,1.347478228296,3.178725650967,1.331066228785,-0.248018330279,-0.775234862541,-0.167282715771,0.556340101691
1413393926605760512,1.296564062701,3.192337179688,1.327543664225,-0.240229871297,-0.774746458968,-0.167531485212,0.560348761680
1413393926655760640,1.246819911444,3.203723929125,1.320962251798,-0.231608286697,-0.775399931123,-0.166233434540,0.563452742995
1413393926705760512,1.196607068984,3.217324926966,1.315622261771,-0.221676456789,-0.777612996872,-0.164698165510,0.564846961467
1413393926755760384,1.149936011506,3.228802752389,1.311006046312,-0.213108444339,-0.779815069191,-0.160262780288,0.566382459182
1413393926805760256,1.103139307706,3.241172307499,1.307948474963,-0.204029509772,-0.783325271682,-0.154602865545,0.566455145490
1413393926855760640,1.051507209710,3.255529892212,1.304079355515,-0.194766647944,-0.788639069930,-0.146677843088,0.564446614461
1413393926905760512,1.008037843546,3.266053037813,1.303687096705,-0.186249200026,-0.795189446066,-0.138202814451,0.560254372970
1413393926955760384,0.967118042431,3.276666827024,1.301362201783,-0.178585416882,-0.801156586540,-0.128303044653,0.556591143887
1413393927005760512,0.930569894571,3.286806829477,1.302936805148,-0.171930792440,-0.808079608702,-0.119125267053,0.550687133825
1413393927055760384,0.894702473218,3.295671837256,1.313843553062,-0.168847595881,-0.814993869322,-0.108774833793,0.543547162504
1413393927105760512,0.854259263782,3.308921155036,1.333239355439,-0.166293689312,-0.820575261896,-0.097718770654,0.538009005799
1413393927155760640,0.822247668809,3.318008624246,1.351250230284,-0.166184520871,-0.823077395084,-0.086942323514,0.536066543543
1413393927205760512,0.783162666792,3.330835726867,1.372198623727,-0.165786823044,-0.824960680081,-0.077191480378,0.534786014199
1413393927255760384,0.738241595273,3.348325543744,1.389721800918,-0.166843179005,-0.828754915802,-0.066419094488,0.530016176207
1413393927305760256,0.696192240295,3.364528178431,1.411174130083,-0.165571183903,-0.833503547973,-0.059376615181,0.523767540181
1413393927355760640,0.656285531030,3.382587746451,1.434784965405,-0.160188600802,-0.839017836986,-0.057171200281,0.516836662062
1413393927405760512,0.614474276097,3.400081970634,1.464864141314,-0.150140117682,-0.842802778129,-0.059829083925,0.513382803527
1413393927455760384,0.573751307547,3.420438066042,1.490600334473,-0.136591337964,-0.844586613234,-0.067254388579,0.513315795935
1413393927505760512,0.530241709320,3.448080458594,1.508358444163,-0.121679518958,-0.844559427357,-0.076615466403,0.515794085500
1413393927555760384,0.485524295256,3.474830241635,1.528968369967,-0.107273155985,-0.844096436340,-0.086013408268,0.518261873729
1413393927605760512,0.429837204969,3.503312680168,1.559929709591,-0.090160540423,-0.843847277391,-0.094057572017,0.520524756891
1413393927655760640,0.381808453974,3.530323882394,1.588332170758,-0.074610268340,-0.842283982796,-0.101020769227,0.524200156780
1413393927705760512,0.337435610676,3.554877351211,1.618088354314,-0.057857224326,-0.838350098749,-0.107841003925,0.531217442667
1413393927755760384,0.282876266733,3.578188874695,1.647069900891,-0.041652311411,-0.834630392950,-0.115322998953,0.536989569760
1413393927805760256,0.230307509271,3.602507733019,1.666747383902,-0.029137851530,-0.830202596176,-0.120876015200,0.543418461096
1413393927855760640,0.178295041790,3.623610304661,1.688622056136,-0.020209691716,-0.826013831019,-0.123329578234,0.549620354844
1413393927905760512,0.117700319656,3.629952550346,1.715942768420,-0.015743274511,-0.823523976111,-0.122945666508,0.553574541652
1413393927955760384,0.058361930227,3.628917394361,1.743399512792,-0.012604000056,-0.821711486069,-0.122751959791,0.556384156148
1413393928005760512,0.003664895371,3.620772387659,1.772788356232,-0.010288303708,-0.819666574121,-0.123788914654,0.559211196852
1413393928055760384,-0.050358514453,3.613052317499,1.793799404555,-0.007915257523,-0.818098667838,-0.124653486728,0.561349647392
1413393928105760512,-0.099884278551,3.604605834353,1.814578999632,-0.006558552749,-0.816434192533,-0.125806995645,0.563528876364
1413393928155760640,-0.161485686155,3.588597241673,1.826975147095,-0.005568880947,-0.815846792522,-0.125695616644,0.564414396214
1413393928205760512,-0.211404715916,3.568003275320,1.840735283229,-0.006480522761,-0.815620947499,-0.126153384971,0.564628901391
1413393928255760384,-0.266129424631,3.551002057597,1.839141858314,-0.012109713176,-0.817915810874,-0.119810252217,0.562594511734
1413393928305760256,-0.315398330490,3.524011564136,1.850205262639,-0.021130228456,-0.820222573780,-0.109064730859,0.561153568455
1413393928355760640,-0.360723340688,3.491266982071,1.862240883990,-0.033299677353,-0.820593404800,-0.094313931161,0.562692169730
1413393928405760512,-0.407179806779,3.456886472564,1.867707808255,-0.045060377297,-0.819623979469,-0.080185433070,0.565470061984
1413393928455760384,-0.453878247374,3.418148429216,1.876187901502,-0.055489321538,-0.818211908762,-0.068086703846,0.568167588230
1413393928505760512,-0.501946336857,3.372707125220,1.888183777335,-0.064264492997,-0.815788906968,-0.058737746423,0.571759050083
1413393928555760384,-0.542813554934,3.328830969497,1.899412014268,-0.071252850842,-0.811414092848,-0.052490257294,0.577732614680
1413393928605760512,-0.587677259556,3.287645541562,1.908412600087,-0.075188850994,-0.805250901252,-0.048456861630,0.586148066004
1413393928655760640,-0.634694757551,3.242783852168,1.916019990554,-0.079033771435,-0.800650521461,-0.045834996435,0.592124614046
1413393928705760512,-0.676396190542,3.207545643275,1.924362782164,-0.080686286063,-0.799315481832,-0.046052090853,0.593686523910
1413393928755760384,-0.712668014597,3.170932503147,1.928499079046,-0.082059121099,-0.798890148196,-0.048152969665,0.593904136434
1413393928805760256,-0.747807492237,3.135632930396,1.931733584646,-0.079001764464,-0.799719785408,-0.055093382421,0.592597422582
1413393928855760640,-0.761181020319,3.100554479092,1.941831692835,-0.076570483983,-0.800121207696,-0.062663080590,0.591621798372
1413393928905760512,-0.782556934497,3.065835264580,1.947973744411,-0.073598835282,-0.800829623080,-0.072310618432,0.589937539665
1413393928955760384,-0.797955611326,3.023019219285,1.959869075818,-0.072544262426,-0.800714724700,-0.084305647273,0.588630459182
1413393929005760512,-0.813799033760,2.982057979700,1.962860599053,-0.073731058753,-0.801197566409,-0.095660358700,0.586084709175
1413393929055760384,-0.824284560046,2.946527253684,1.966088084019,-0.078744601938,-0.801929924973,-0.104222321108,0.582962598184
1413393929105760512,-0.829360159264,2.907348872837,1.976576378734,-0.085145732995,-0.801647700448,-0.115167090370,0.580385828406
1413393929155760640,-0.839226824326,2.863511217053,1.988016386676,-0.092861068498,-0.800785234841,-0.124467157598,0.578470186178
1413393929205760512,-0.848702436695,2.822607697532,2.003188242521,-0.103315460208,-0.801563896074,-0.134014669497,0.573464301026
1413393929255760384,-0.851928786525,2.780916555919,2.022009989980,-0.117583810757,-0.801753928481,-0.142239110866,0.568447641348
1413393929305760256,-0.868080434821,2.731721123550,2.039024148608,-0.133245136105,-0.802822113661,-0.147123714203,0.562207257371
1413393929355760640,-0.869687641477,2.681322067593,2.059031199572,-0.152015588045,-0.801884319201,-0.153350872709,0.557096319724
1413393929405760512,-0.876218691558,2.626919345748,2.083067349306,-0.170909067975,-0.800448715679,-0.158555245656,0.552206644407
1413393929455760384,-0.884453576270,2.567302036607,2.108751467408,-0.188365483672,-0.798186033495,-0.166130781662,0.547556448121
1413393929505760512,-0.889176830172,2.515372856564,2.127391236646,-0.206203792793,-0.796111730855,-0.174723698085,0.541440428081
1413393929555760384,-0.897646478250,2.461310642918,2.145606556528,-0.223501132997,-0.793891608840,-0.183374825868,0.534936473051
1413393929605760512,-0.907309539704,2.396396247305,2.176211191178,-0.240172461714,-0.790027345442,-0.194784507654,0.529370359640
1413393929655760640,-0.917992667151,2.331361180735,2.206143253965,-0.255784474786,-0.786205882510,-0.206979373188,0.523081400779
1413393929705760512,-0.931937991115,2.266101512240,2.228876151559,-0.271115274727,-0.781282356464,-0.218181936483,0.518161200671
1413393929755760384,-0.944869779020,2.202560600304,2.246056423242,-0.287742359054,-0.776079522535,-0.228173036397,0.512681163072
1413393929805760256,-0.956141323089,2.142087419335,2.263624619974,-0.306022378337,-0.769640067678,-0.234898220325,0.508750721149
1413393929855760640,-0.964283281811,2.082175772237,2.283530624624,-0.326474871977,-0.761503991632,-0.238714897967,0.506498791889
1413393929905760512,-0.966744715751,2.033463079213,2.299477969630,-0.347708704639,-0.752079392100,-0.239718881162,0.505974409146
1413393929955760384,-0.967608540575,1.982842164755,2.319979789980,-0.367615293028,-0.742672865598,-0.241029708559,0.505173921167
1413393930005760512,-0.951431010205,1.964577788968,2.326066672069,-0.385734901886,-0.733414286737,-0.243616805600,0.503947340013
1413393930055760384,-0.930950247110,1.952911236071,2.324130770936,-0.402730733544,-0.724581038910,-0.246595552886,0.501976999083
1413393930105760512,-0.913492417615,1.922624035959,2.329935658899,0.417316185116,0.716633654482,0.250480348295,-0.499542792983
1413393930155760640,-0.899863486824,1.884257590994,2.333313481512,0.427772676751,0.710087828649,0.255599347495,-0.497448274889
1413393930205760512,-0.901912620702,1.829657529647,2.334532491507,0.435864388551,0.704237943318,0.260779577319,-0.496049560062
1413393930255760384,-0.896752299515,1.779941512157,2.331686170495,0.440631051160,0.700809922328,0.266142023541,-0.493840209811
1413393930305760256,-0.901440530397,1.732702449110,2.325233473607,0.441759515382,0.700864083019,0.274296771718,-0.488261557701
1413393930355760640,-0.896475399577,1.683723921523,2.317115131375,0.437850665180,0.702765184645,0.286866568074,-0.481783626095
1413393930405760512,-0.884250580615,1.639889131525,2.287516763053,0.432922708912,0.705785860178,0.295981447816,-0.476276422081
1413393930455760384,-0.862624945882,1.603913913102,2.269842377773,0.427271242280,0.709252319367,0.306578678920,-0.469478377164
1413393930505760512,-0.847031037161,1.567366530397,2.263987031325,0.422961755010,0.711971105424,0.313171132228,-0.464891751678
1413393930555760384,-0.824825046982,1.534063087767,2.243648187996,0.421264009003,0.712526464505,0.315079463072,-0.464292584529
1413393930605760512,-0.802343339697,1.496238223336,2.226904828823,0.421382998566,0.710895134600,0.314486179779,-0.467079135533
1413393930655760640,-0.787120925308,1.455596652637,2.205282219874,0.421647030729,0.708373899457,0.311574879344,-0.472589985725
1413393930705760512,-0.776323992497,1.416719117627,2.173186082622,0.422240838734,0.705446974669,0.308837012096,-0.478201777491
1413393930755760384,-0.764109877621,1.378149244364,2.131880388830,0.422397370467,0.702230791005,0.306224572554,-0.484436671559
1413393930805760256,-0.753069865509,1.346122732734,2.097131144552,0.421258905025,0.701178799543,0.303089134748,-0.488903060336
1413393930855760640,-0.737058075177,1.309686680417,2.064422890411,0.421092154535,0.699383586495,0.301264130811,-0.492731082658
1413393930905760512,-0.725354199537,1.272277123066,2.032296657497,0.419987931917,0.700231578682,0.300617845652,-0.492863859637
1413393930955760384,-0.711592767085,1.239593397399,1.999397980765,0.417604581151,0.703856189018,0.297967254005,-0.491333282532
1413393931005760512,-0.698646384148,1.198301931415,1.974413081589,0.416657930666,0.705178865144,0.296323434905,-0.491234525347
1413393931055760384,-0.680157052886,1.161350633202,1.955245180725,0.416312748737,0.707297143414,0.295549870010,-0.488942451108
1413393931105760512,-0.666103978003,1.121612717220,1.940771988742,0.415554908684,0.708208047016,0.293197657184,-0.489684198063
1413393931155760640,-0.652305783560,1.078152329904,1.928239260761,0.415284189863,0.710031475342,0.291260273685,-0.488427884795
1413393931205760512,-0.634794551633,1.044914661474,1.919037484604,0.415937607500,0.712348820532,0.288347584976,-0.486220870379
1413393931255760384,-0.631741025000,1.002620675485,1.907335392748,0.416453889375,0.714773011378,0.284019099487,-0.484766801006
1413393931305760256,-0.615657710449,0.957603881204,1.901638097468,0.418485190901,0.714782816793,0.281048201805,-0.484734543927
1413393931355760640,-0.596299588784,0.919086154600,1.895979462900,0.420452151808,0.714839557884,0.276249946641,-0.485706044337
1413393931405760512,-0.578225750494,0.879747754627,1.888998771797,0.422423369605,0.715553577054,0.270202017754,-0.486346013430
1413393931455760384,-0.554372603787,0.844152229900,1.878683593486,0.425597516148,0.714144624717,0.265878242966,-0.488029680607
1413393931505760512,-0.528978422424,0.815634074762,1.862800484896,0.427906874818,0.713480810788,0.261226878719,-0.489490916112
1413393931555760384,-0.502391685606,0.787344325138,1.841898181736,0.428535678570,0.713222388671,0.258698950060,-0.490658587746
1413393931605760512,-0.474858527880,0.758579633441,1.818361466455,0.429303673698,0.713873117374,0.255692588010,-0.490616783729
1413393931655760640,-0.443925121750,0.735553145629,1.793989354454,0.429044108839,0.713641338746,0.254716615999,-0.491687540861
1413393931705760512,-0.414120116275,0.704733185830,1.770093871571,0.428702305365,0.714297327715,0.254062753231,-0.491371324372
1413393931755760384,-0.432234979193,0.658108062518,1.743464884423,0.426871592436,0.715406724341,0.253339474575,-0.491724488877
1413393931805760256,-0.414419051366,0.635692368313,1.716464299239,0.425551702616,0.715883798186,0.254047025597,-0.491809154734
1413393931855760640,-0.397073904486,0.616659909368,1.689624593125,0.424308247013,0.716747998937,0.253798096678,-0.491753336195
1413393931905760512,-0.375331042868,0.599911932232,1.661143590947,0.423349150551,0.717582666912,0.254193729611,-0.491157979373
1413393931955760384,-0.348513652763,0.584211503989,1.633850887545,0.422063571093,0.718302724032,0.255441345916,-0.490564223524
1413393932005760512,-0.315819618124,0.573125682338,1.607776826823,0.420567956029,0.719326456109,0.256502201478,-0.489794512566
1413393932055760384,-0.279575053797,0.564582113580,1.582757832437,0.417887718107,0.721252496727,0.258602594851,-0.488148941366
1413393932105760512,-0.239094789088,0.561027262230,1.559062050408,0.414698323583,0.723500587051,0.261953511324,-0.485749481585
1413393932155760640,-0.197957229820,0.560267241645,1.536815438745,0.411123762219,0.726127566018,0.266144631619,-0.482579573820
1413393932205760512,-0.156440071588,0.561834556768,1.517561486289,0.407180260310,0.729049191740,0.272075539720,-0.478190769801
1413393932255760384,-0.124392209739,0.563480450943,1.496353598903,0.401833185789,0.732755931514,0.277980911145,-0.473630075765
1413393932305760256,-0.092143305530,0.558381894122,1.474577728401,0.397911765210,0.735015761488,0.283032789524,-0.470436496806
1413393932355760640,-0.057843345152,0.554533345636,1.453510250363,0.394622355976,0.736886359411,0.288806125428,-0.466757658099
1413393932405760512,-0.046627521119,0.561547493586,1.428896229963,0.391921134783,0.738548604958,0.291807321940,-0.464534464908
1413393932455760384,-0.024264905432,0.561215585320,1.412124556038,0.390827292645,0.739818844928,0.294854526727,-0.461500717314
1413393932505760512,-0.001082012554,0.562600956041,1.393396720730,0.390396923109,0.740742060185,0.297368432038,-0.458762965296
1413393932555760384,0.025654812621,0.563767369981,1.375162188346,0.389362710355,0.740848149889,0.299289895480,-0.458220751446
1413393932605760512,0.049979452959,0.561998744405,1.354521899208,0.387460584437,0.739279984811,0.303510804931,-0.459587413726
1413393932655760640,0.075439027331,0.564698329648,1.334714638052,0.386690110649,0.737204413151,0.306684856875,-0.461459434968
1413393932705760512,0.092513088632,0.567479657713,1.314626827844,0.386055783490,0.736030097305,0.307989704540,-0.462993487852
1413393932755760384,0.108339075309,0.567410313518,1.299427668234,0.387083063383,0.733683067376,0.310099112027,-0.464450642597
1413393932805760256,0.127665308520,0.571033295755,1.281437669589,0.386982802389,0.731718469704,0.312484540586,-0.466031977061
1413393932855760640,0.138195417282,0.594074746831,1.269055933812,0.385789428980,0.731132430285,0.315200202437,-0.466112345102
1413393932905760512,0.152754098958,0.601491746722,1.257309230282,0.384953966260,0.730001814538,0.318933950296,-0.466035331257
1413393932955760384,0.164211072242,0.601787631852,1.239016546615,0.381784893620,0.725939968246,0.324206656871,-0.471318895386
1413393933005760512,0.171668870426,0.604514424179,1.221797281325,0.377698801892,0.720792633489,0.328874555052,-0.479210936433
1413393933055760384,0.178420957764,0.607973867057,1.207446930961,0.373590580515,0.716038689997,0.333048506641,-0.486618294767
1413393933105760512,0.178072422595,0.614671514125,1.195542682140,0.369681886742,0.711326733854,0.335958919730,-0.494450386361
1413393933155760640,0.180624033505,0.616238487612,1.184800872116,0.368611500718,0.707839310461,0.337311311123,-0.499309674945
1413393933205760512,0.187461153589,0.611879759950,1.174214385298,-0.369120289173,-0.704507803417,-0.336318676841,0.504290307911
1413393933255760384,0.188593777103,0.605870383067,1.168789509944,-0.372252005425,-0.702143016576,-0.330721103298,0.508966777466
1413393933305760256,0.188282208265,0.596881669599,1.163688284286,-0.378451581688,-0.698766151852,-0.322637609855,0.514203498676
1413393933355760640,0.187550447848,0.587034969022,1.157447857360,-0.383921299720,-0.696306021937,-0.314090954623,0.518757391909
1413393933405760512,0.188466730139,0.575178794715,1.152265895214,-0.391303017153,-0.694972617083,-0.303831581709,0.521134704494
1413393933455760384,0.194408047900,0.557726913922,1.145655935849,-0.400431017370,-0.694588126070,-0.292486126552,0.521204567540
1413393933505760512,0.203071129517,0.537522515836,1.142472977249,-0.409238369991,-0.696449434884,-0.279420184676,0.519043833961
1413393933555760384,0.215478301255,0.516636681052,1.137274062176,-0.417399438154,-0.697974578995,-0.268370412105,0.516320170061
1413393933605760512,0.233071818109,0.496895213711,1.132406353396,-0.423757362812,-0.699810819541,-0.261527219992,0.512150395410
1413393933655760640,0.256843307343,0.477669844381,1.127549125879,-0.426291846386,-0.701975905851,-0.259291334899,0.508205758483
1413393933705760512,0.278433807584,0.461298971335,1.123034629371,-0.423522227891,-0.706267190615,-0.262933793597,0.502674246533
1413393933755760384,0.304027744249,0.454015602300,1.115842525106,0.419181925469,0.710736709028,0.270765264879,-0.495808446010
1413393933805760256,0.339917702989,0.453182423493,1.107657217675,0.413742592424,0.715605819661,0.278916096892,-0.488805880668
1413393933855760640,0.374771530746,0.450634156533,1.095930577743,0.409642990074,0.719505480803,0.284042454203,-0.483553893571
1413393933905760512,0.406255497738,0.447797363168,1.081582722510,0.406990762796,0.721331621189,0.288488349523,-0.480430727016
1413393933955760384,0.435281291867,0.448444339715,1.071422910474,0.402698211766,0.722099799834,0.294412092239,-0.479299018633
1413393934005760512,0.468571758169,0.444321462625,1.069403187692,0.394878508053,0.719518387376,0.303704875875,-0.483867339749
1413393934055760384,0.500100923973,0.442614420985,1.071896710694,0.387765978242,0.716350880349,0.312938175616,-0.488414435273
1413393934105760512,0.544990658406,0.435927898421,1.077061598516,0.381893384817,0.713091371667,0.319466682770,-0.493557673314
1413393934155760640,0.579731477790,0.436012518466,1.086819900207,0.377613738980,0.712450884525,0.323648126827,-0.495048978663
1413393934205760512,0.614155307053,0.431034822669,1.100154510292,0.375157498150,0.711971273939,0.325965088201,-0.496085192221
1413393934255760384,0.647481611118,0.423466800001,1.108071601104,0.376228298192,0.712819234024,0.321899031494,-0.496711204593
1413393934305760256,0.677771965683,0.414292743546,1.114504602680,0.379446560127,0.713858364835,0.316715995557,-0.496102329284
1413393934355760640,0.703748233146,0.398223433533,1.115990362402,0.385189174862,0.716081831061,0.307954443724,-0.493983978874
1413393934405760512,0.716538937806,0.387682590258,1.108842093836,0.391060241065,0.717537529028,0.298853546049,-0.492847177438
1413393934455760384,0.741923957494,0.375084798784,1.100401760489,0.396593266840,0.718681371986,0.290775567020,-0.491589702782
1413393934505760512,0.771219451003,0.363009855025,1.087276875128,0.401621766026,0.719278495435,0.283307248838,-0.490994303240
1413393934555760384,0.801808742374,0.349024279423,1.071841005512,0.405959712534,0.719493142917,0.276291022480,-0.491110578171
1413393934605760512,0.830611865453,0.335048101600,1.050538597576,0.410008684114,0.718968231171,0.271037486436,-0.491443020567
1413393934655760640,0.858871402726,0.322884033630,1.029520978548,0.414547699172,0.717353710988,0.264775050724,-0.493404530741
1413393934705760512,0.888007357804,0.311221644523,1.007107882242,0.418212146318,0.715618876233,0.259490592731,-0.495633793173
1413393934755760384,0.920959549924,0.301262475494,0.981769481302,0.423529925460,0.714298310581,0.248313798313,-0.498738993170
1413393934805760256,0.955061955997,0.291578000331,0.954600795273,-0.427821898019,-0.714052110122,-0.235649974278,0.501564649103
1413393934855760640,0.991383592060,0.285379040441,0.932807791917,0.428720860255,0.719384779092,0.221665142768,-0.499548324064
1413393934905760512,1.029920351444,0.279194558227,0.912525716030,0.425710136733,0.726483906797,0.210902305142,-0.496499980194
1413393934955760384,1.070080358907,0.274049771802,0.888702809988,0.416358627937,0.736933569761,0.204681367859,-0.491609544611
1413393935005760512,1.114685534310,0.271961952552,0.863259094349,0.398606046693,0.750898914143,0.205640679952,-0.484743180486
1413393935055760384,1.160174932375,0.276049286652,0.836803896971,0.376657064389,0.767306519858,0.207725703828,-0.475626105674
1413393935105760512,1.205427229547,0.280972079718,0.809934638230,0.352756388797,0.782237170564,0.210135824870,-0.468519876053
1413393935155760640,1.251328451547,0.292073390152,0.781194585930,0.330867779876,0.794781468982,0.207298665983,-0.464624786128
1413393935205760512,1.290008395431,0.304136393397,0.757381567233,0.309069336421,0.805974998168,0.201665003163,-0.462830070448
1413393935255760384,1.324614406308,0.317920718030,0.738302020017,0.288509204377,0.815572327676,0.193615392923,-0.462728102607
1413393935305760256,1.358343945730,0.331794293157,0.717760136677,0.270154577312,0.823287503675,0.183015259601,-0.464456247027
1413393935355760640,1.390161765427,0.345199962603,0.705477329900,0.253088106313,0.829228427205,0.171257169424,-0.467971802440
1413393935405760512,1.417855673189,0.361957628232,0.696902143771,0.232421502119,0.834954457243,0.161844711262,-0.471844878238
1413393935455760384,1.443554701151,0.378832208716,0.693308583853,0.212299164462,0.839439871843,0.153047670751,-0.476283714613
1413393935505760512,1.464147151479,0.398241035893,0.695099644897,0.191444723032,0.843572144368,0.144503913548,-0.480472240861
1413393935555760384,1.481982592132,0.416218106990,0.695777939196,0.169181680447,0.847164126117,0.137187104222,-0.484634089656
1413393935605760512,1.498211656885,0.432341806910,0.697441595081,0.149017170416,0.850310009120,0.132132633992,-0.487142421008
1413393935655760640,1.510818007676,0.446323898396,0.699518130219,0.129465917986,0.853100799734,0.130356837311,-0.488328471972
1413393935705760512,1.519372968979,0.463576322040,0.703836387800,0.109640371421,0.855273892858,0.130823621468,-0.489255288389
1413393935755760384,1.522887756688,0.478837238978,0.708240406819,0.090410991610,0.856659850102,0.133447596258,-0.490052540930
1413393935805760256,1.524604973476,0.491234145298,0.714584154638,0.070932373899,0.857160113945,0.137393116917,-0.491292447345
1413393935855760640,1.522928715820,0.500658673956,0.717975678935,0.051886099395,0.856508793913,0.140225861697,-0.494001241244
1413393935905760512,1.515923282498,0.506526508433,0.723525175238,0.038411358201,0.856817422980,0.136352056731,-0.495778769074
1413393935955760384,1.506608662761,0.509820210643,0.725187865257,-0.033036040092,-0.856550530668,-0.119310251066,0.500993884652
1413393936005760512,1.492633312805,0.507218096458,0.730872651929,-0.030622090963,-0.856323044774,-0.096430137048,0.506432976023
1413393936055760384,1.476743047573,0.498064372302,0.737637969201,-0.026570001121,-0.855603212739,-0.074032338847,0.511621334774
1413393936105760512,1.457152815277,0.486029461109,0.744672118307,-0.021571563678,-0.854321571356,-0.049274832402,0.516953877293
1413393936155760640,1.437244609176,0.470724426871,0.751961763120,-0.016194257649,-0.852492460840,-0.023570572482,0.521956682439
1413393936205760512,1.413454757095,0.458815667628,0.764600436375,-0.008944595873,-0.852126600450,0.004314943132,0.523241466511
1413393936255760384,1.390257098327,0.441504295471,0.775795802716,-0.000418882804,-0.851319596666,0.029064494538,0.523841602039
1413393936305760256,1.365788492181,0.423582817527,0.784387069058,0.010483864822,-0.850446031110,0.052199434508,0.523361114131
1413393936355760640,1.337958017635,0.410358845066,0.794304606986,0.024899884998,-0.849795609967,0.074402189067,0.521240569478
1413393936405760512,1.313282275914,0.392874096237,0.803318429388,0.039471734313,-0.848196349460,0.092600992853,0.520028836773
1413393936455760384,1.285844423855,0.379815964020,0.808990970932,0.057538947954,-0.845565272047,0.107988587689,0.519660567202
1413393936505760512,1.256212315937,0.369979159385,0.818301699470,0.079352235833,-0.840672101810,0.119851199501,0.522120033982
1413393936555760384,1.225153565674,0.361505257015,0.825408719088,0.101003934070,-0.833937588314,0.129791873289,0.526783042369
1413393936605760512,1.193478147803,0.354986683924,0.833211273856,0.121076071341,-0.825607555902,0.139883834523,0.533052775460
1413393936655760640,1.160059023197,0.347661289880,0.843971854764,0.138785443860,-0.816380928066,0.150252505546,0.540078665973
1413393936705760512,1.125000399736,0.340986661712,0.858253435871,0.155389747054,-0.807569354586,0.159556826788,0.546101989622
1413393936755760384,1.090171182258,0.337142213788,0.870110213444,0.170886326129,-0.799365763221,0.169324666048,0.550582779970
1413393936805760256,1.056698176018,0.333994515458,0.880399380269,0.185838569775,-0.792002557622,0.178697351765,0.553410544873
1413393936855760640,1.027954956009,0.333430134327,0.891657491981,0.201220776157,-0.784726226471,0.187612104344,0.555442748657
1413393936905760512,1.000239324466,0.334021012383,0.902510610356,0.216620089119,-0.776801628597,0.196238388069,0.557804142909
1413393936955760384,0.974949340613,0.335552509655,0.913238851919,0.233072425175,-0.769239761620,0.205111099209,0.558459372512
1413393937005760512,0.949747113970,0.338175335491,0.927681109176,0.250579681750,-0.760874409538,0.212926816090,0.559412305007
1413393937055760384,0.927377195973,0.341953547965,0.941985601659,0.267784396264,-0.752532461470,0.221663361571,0.559331534680
1413393937105760512,0.908470473638,0.346110421964,0.957035036652,0.284857297712,-0.744495047949,0.230921365620,0.557905696709
1413393937155760640,0.893824488880,0.348410128264,0.972883936975,0.300352427960,-0.737018749603,0.240171655384,0.555796147614
1413393937205760512,0.882522681353,0.352987785294,0.988392557625,0.315460724300,-0.728706179227,0.250967202911,0.553612950393
1413393937255760384,0.874704356243,0.357771722076,1.005271601750,0.329365889651,-0.721573657219,0.260821990418,0.550292156274
1413393937305760256,0.870141514066,0.364274326377,1.025211129950,0.342354621448,-0.714969751477,0.271712204860,0.545695927579
1413393937355760640,0.869734615893,0.368680574614,1.043616311169,0.354124652008,-0.709847187461,0.280271235320,0.540518950590
1413393937405760512,0.871336296099,0.380502075837,1.065018876024,0.363958849459,-0.705518729673,0.287816149645,0.535667006623
1413393937455760384,0.870920089065,0.389848714645,1.090810974721,0.374147370420,-0.705694145199,0.291910677472,0.526115647950
1413393937505760512,0.875066470564,0.405027986889,1.107585512770,0.381716081604,-0.709150145910,0.295240210809,0.514035136466
1413393937555760384,0.882860030078,0.419896430159,1.118025691357,0.386301500108,-0.713697055252,0.299320817550,0.501811431237
1413393937605760512,0.891839661637,0.434442664211,1.123038800793,-0.389850118038,0.717846382832,-0.302257550538,-0.491277751647
1413393937655760640,0.901618388901,0.449234934598,1.123278446646,-0.392347554536,0.722298819357,-0.305938727495,-0.480363723675
1413393937705760512,0.913218163526,0.463459360854,1.120964767662,-0.393854424570,0.727174590964,-0.307525597350,-0.470663163502
1413393937755760384,0.922049481694,0.477918059813,1.118104841843,-0.395740613239,0.732580456176,-0.307455552619,-0.460636869374
1413393937805760256,0.931321729283,0.491478641409,1.115151012893,-0.397217383580,0.737697192966,-0.306806544075,-0.451542850885
1413393937855760640,0.943286641281,0.506376849315,1.111142322049,-0.397079369514,0.741493314380,-0.306238726461,-0.445795335834
1413393937905760512,0.952108519853,0.518288436109,1.108770362728,-0.398551617342,0.741627341930,-0.304734667791,-0.445288980621
1413393937955760384,0.958559041271,0.529341553051,1.108959581384,-0.399725179158,0.738451642501,-0.303509870104,-0.450322897024
1413393938005760512,0.967570266766,0.538073370816,1.109744495078,-0.400479665656,0.734765237232,-0.300219439175,-0.457825700342
1413393938055760384,0.972326552115,0.546907614041,1.113112416152,-0.404164573321,0.729189551353,-0.296203117392,-0.466044320981
1413393938105760512,0.978211242917,0.554756780420,1.117144991505,-0.408413616843,0.721863887406,-0.291318857858,-0.476701341191
1413393938155760640,0.985206911237,0.562773481519,1.123978459108,-0.414327128959,0.711993027157,-0.286136779278,-0.489412610210
1413393938205760512,0.990469796988,0.568669966027,1.134470021591,0.422802664648,-0.700723987930,0.282126835741,0.500627853860
1413393938255760384,0.998656360600,0.573310568353,1.146106215489,0.429244334857,-0.690940149689,0.281183402332,0.509202223869
1413393938305760256,1.010048760589,0.576933689288,1.157051460289,0.434147719704,-0.683475074302,0.284668572900,0.513167987979
1413393938355760640,1.025032826144,0.579826349703,1.168742543167,0.437137995382,-0.678197458851,0.294154609192,0.512280826981
1413393938405760512,1.041707702851,0.581223817623,1.183584357769,0.437148893451,-0.676644192593,0.308499368640,0.505847428711
1413393938455760384,1.066966685294,0.584059947828,1.195494316374,-0.436739788150,0.675052740063,-0.326518950938,-0.496938155367
1413393938505760512,1.096747653270,0.586993935956,1.206125602084,-0.439083788124,0.672884721609,-0.342495099130,-0.486958607587
1413393938555760384,1.129384088299,0.586017454030,1.218532257695,-0.441813325815,0.671414201712,-0.355582871457,-0.477037499992
1413393938605760512,1.160249566556,0.590708207747,1.231176143343,-0.447238883765,0.668030661942,-0.368321329066,-0.466960184714
1413393938655760640,1.192468561832,0.597716243588,1.241832471228,-0.453173416225,0.664685979252,-0.379857066065,-0.456656340341
1413393938705760512,1.228481198675,0.603625502020,1.245205131905,-0.459044037131,0.661570583024,-0.388955161250,-0.447567668838
1413393938755760384,1.263639844455,0.616962819116,1.244841596424,-0.464774687382,0.655582502044,-0.399748564364,-0.440904931104
1413393938805760256,1.298588134876,0.625708819774,1.242137503679,-0.470942314708,0.647894144766,-0.408454346905,-0.437734576987
1413393938855760640,1.330955241671,0.633044818440,1.243816019649,-0.478391097161,0.639320029512,-0.414757608128,-0.436334716155
1413393938905760512,1.364027907976,0.647366582325,1.242652668108,-0.486561777134,0.629906429113,-0.420921745364,-0.435086671680
1413393938955760384,1.396602848692,0.660781077638,1.241997151729,-0.495469379373,0.621644942393,-0.425513589688,-0.432441724042
1413393939005760512,1.431499839573,0.674857230650,1.238143632982,-0.504328065170,0.613686319410,-0.429475475494,-0.429643014606
1413393939055760384,1.464122771982,0.690709824556,1.236298803481,-0.511231536593,0.605286296581,-0.434316701100,-0.428532167181
1413393939105760512,1.494047901621,0.711741820651,1.237497090531,-0.513273649826,0.591408813189,-0.446739173860,-0.432677578129
1413393939155760640,1.523496451896,0.727742589230,1.244456148344,-0.514655152069,0.578563146886,-0.458161422048,-0.436443433747
1413393939205760512,1.553090329399,0.742102035769,1.257352711420,-0.521909461099,0.572764267369,-0.462093836745,-0.431301396337
1413393939255760384,1.584239256416,0.767787695436,1.261977750197,-0.531085911580,0.571116691088,-0.461276064276,-0.423081401397
1413393939305760256,1.614815546050,0.792507809829,1.266409084410,-0.543253220417,0.574442107769,-0.455093229128,-0.409612446260
1413393939355760640,1.647803249250,0.824021639504,1.267437190110,-0.558051703961,0.581624072899,-0.443122093356,-0.392344929762
1413393939405760512,1.676461429918,0.850921544835,1.271226193960,-0.571377716204,0.594532739182,-0.429759782116,-0.367919634080
1413393939455760384,1.711206776484,0.878433595893,1.263255821999,-0.582828377245,0.608448682014,-0.415539023199,-0.342678572764
1413393939505760512,1.742356060968,0.904984179326,1.253020461546,-0.591164569698,0.622216974989,-0.403160209501,-0.317541073004
1413393939555760384,1.769672214358,0.930389241721,1.239407175745,-0.596131017563,0.634420438510,-0.393900240346,-0.294925613937
1413393939605760512,1.799204837683,0.950189840521,1.221320142137,-0.599828855762,0.644813519322,-0.384147520832,-0.277221123535
1413393939655760640,1.824144293631,0.962626303343,1.202055611098,-0.603117480916,0.653460791021,-0.374897599881,-0.262087940231
1413393939705760512,1.847213526217,0.969706488565,1.185743215902,-0.607986955944,0.656543332622,-0.365146114321,-0.256848260629
1413393939755760384,1.868668975863,0.968342833991,1.167998917408,-0.610770275423,0.654638162330,-0.360350036314,-0.261832768020
1413393939805760256,1.885688136621,0.960157623118,1.152377986922,-0.607978864277,0.647001346113,-0.366212420785,-0.278638514179
1413393939855760640,1.897967615475,0.941374476291,1.137791174131,-0.597240706149,0.634484988253,-0.384033455072,-0.305369684131
1413393939905760512,1.915592448171,0.913377886975,1.124796307039,-0.580172298248,0.618732744472,-0.407669070146,-0.338194950450
1413393939955760384,1.930277465438,0.882258312926,1.115526006321,-0.559178736979,0.599821133798,-0.434861270007,-0.372061047957
1413393940005760512,1.944350169906,0.851046594212,1.102856212881,-0.536921715181,0.581406222397,-0.460805186242,-0.401672076024
1413393940055760384,1.950656178902,0.817667994870,1.106628596283,-0.513222889137,0.564690474684,-0.487027846546,-0.424889174440
1413393940105760512,1.955386590117,0.783071732993,1.121399162931,-0.493197901622,0.551912036185,-0.507807338130,-0.440772777619
1413393940155760640,1.967008972522,0.754710323622,1.129724142756,-0.477850212282,0.542711140561,-0.523205261084,-0.450976770252
1413393940205760512,1.974268386301,0.740752436544,1.141089573780,0.466468288924,-0.535136175395,0.535529900247,0.457432328497
1413393940255760384,1.982214503616,0.733759159947,1.146675424894,0.460696726915,-0.533457341486,0.541366812476,0.458370772382
1413393940305760256,1.991228336906,0.727129309229,1.150487474784,-0.468333315428,0.541555152693,-0.534217122722,-0.449437412821
1413393940355760640,1.995394742506,0.731494942044,1.153640155410,-0.483911299194,0.553230438616,-0.518797193618,-0.436595245272
1413393940405760512,1.995802835728,0.744894297780,1.151896001845,-0.502760942444,0.568345926040,-0.497503084416,-0.420362967094
1413393940455760384,1.997666591014,0.762850525490,1.142277418032,-0.522694804544,0.586840840211,-0.472967817346,-0.398383500307
1413393940505760512,2.002095728799,0.790749792509,1.134757826522,-0.543459217661,0.607588732548,-0.445744778213,-0.369864304192
1413393940555760384,2.013709825019,0.844169836682,1.131052954693,-0.559046484496,0.627767758343,-0.422285708875,-0.339189401128
1413393940605760512,2.020784114087,0.874962338374,1.122644938577,-0.567670850641,0.645524122292,-0.403876618364,-0.312941032801
1413393940655760640,2.005147610735,0.905245043805,1.113959109848,-0.571810906807,0.658626506480,-0.392061947810,-0.292456562413
1413393940705760512,1.990570272281,0.917178479832,1.104679787043,-0.571210679769,0.670104251676,-0.385859702013,-0.275301546609
1413393940755760384,1.977750356172,0.929137297108,1.097100563895,-0.565902735187,0.680411310872,-0.384905849583,-0.261996239099
1413393940805760256,1.962015700119,0.932598458007,1.085499617203,-0.559362402019,0.683462784451,-0.390039398462,-0.260502577962
1413393940855760640,1.944866030467,0.932973539054,1.077425070200,-0.553233504593,0.677362725437,-0.398211851624,-0.276658180451
1413393940905760512,1.919764892390,0.923311164222,1.075663614826,-0.548124118421,0.665442460390,-0.407001474232,-0.301821276070
1413393940955760384,1.887239615065,0.905682668920,1.081021249145,-0.541565054663,0.649991382198,-0.419627058017,-0.328833737344
1413393941005760512,1.854407523149,0.884853472434,1.091293134379,-0.531453703535,0.632489586510,-0.434779488622,-0.358442017945
1413393941055760384,1.821776896282,0.855781582351,1.099266902329,-0.518190143038,0.614542177029,-0.452485364311,-0.386100872047
1413393941105760512,1.786611934154,0.841592917363,1.117030339278,-0.504806739487,0.595693862029,-0.469724416028,-0.411919836250
1413393941155760640,1.756827886792,0.836861144228,1.137494155052,-0.493865980052,0.579201010060,-0.484331350577,-0.431330182738
1413393941205760512,1.722142191790,0.828493939450,1.162382151447,-0.485059484047,0.566336552056,-0.495323885867,-0.445684254636
1413393941255760384,1.687993625145,0.816159258402,1.182644792699,-0.482865116107,0.559830012356,-0.498550322564,-0.452635850087
1413393941305760256,1.650707410611,0.811498190180,1.203974620073,-0.491128118859,0.562549506394,-0.492560703745,-0.446895040080
1413393941355760640,1.615238080929,0.813010437560,1.214168344304,-0.502810505217,0.570355709236,-0.482439016595,-0.434889130759
1413393941405760512,1.578200354127,0.819752192326,1.225752947845,-0.518002071405,0.582104673037,-0.467691907139,-0.417243674183
1413393941455760384,1.538803712104,0.829463864014,1.224861877969,-0.533732445672,0.594204049222,-0.451257677664,-0.398017251728
1413393941505760512,1.500248480741,0.837810882646,1.226954031368,-0.550317794929,0.607186933942,-0.431927155065,-0.376713796603
1413393941555760384,1.458340041434,0.848432844884,1.222218539719,-0.564859000619,0.618146753651,-0.414124053114,-0.356833531220
1413393941605760512,1.414825784526,0.861361577353,1.223140426972,-0.577006775824,0.627762174751,-0.398354049144,-0.338070827100
1413393941655760640,1.372090919860,0.868877768084,1.223597323133,-0.585985371684,0.634348706715,-0.385731574569,-0.324706043742
1413393941705760512,1.330465613334,0.869617619331,1.223452569775,-0.591490055768,0.640567413849,-0.374655305507,-0.315351081017
1413393941755760384,1.285653276082,0.868772026848,1.222251484868,-0.595997047822,0.645312218603,-0.364820734514,-0.308651083228
1413393941805760256,1.239047772005,0.862523681602,1.220000776265,-0.598554120871,0.648551062808,-0.357776077134,-0.305140560971
1413393941855760640,1.195799743691,0.853103865829,1.214424484305,-0.596485008085,0.648230451613,-0.357086620112,-0.310631715167
1413393941905760512,1.150682059746,0.837477132871,1.209383756617,-0.588493778517,0.642868672592,-0.367512012844,-0.324545625239
1413393941955760384,1.108455517452,0.813640453171,1.208106362618,-0.577954598432,0.634926916593,-0.380926549714,-0.343119886424
1413393942005760512,1.068450419700,0.782031933716,1.209315545536,-0.564236088547,0.623586227429,-0.398714453721,-0.365793162506
1413393942055760384,1.027315928817,0.750569897529,1.214279727794,-0.547171788749,0.609605540614,-0.419232656140,-0.391443608296
1413393942105760512,0.990418967336,0.725370205200,1.223761441777,-0.530238243428,0.594485205707,-0.438306361181,-0.416319924038
1413393942155760640,0.960352727641,0.698146185108,1.230137396139,-0.514491843147,0.580426688012,-0.454154548166,-0.438345354212
1413393942205760512,0.919076536435,0.660925938583,1.233343694700,-0.502033950468,0.568407274751,-0.465838967297,-0.455926681754
1413393942255760384,0.878393258021,0.628424151749,1.237483014797,-0.494174333168,0.560408603871,-0.472115508757,-0.467804309018
1413393942305760256,0.838034839046,0.605344113014,1.236420225112,-0.488019490501,0.554631000318,-0.477045071276,-0.476077126471
1413393942355760640,0.799915047340,0.587672504309,1.234242155917,-0.486351669905,0.552128007986,-0.477728802187,-0.479991570278
1413393942405760512,0.764161216374,0.577291860033,1.233603402942,-0.489228185030,0.554089853414,-0.473908714406,-0.478592465178
1413393942455760384,0.726903921698,0.568257831244,1.240487930246,-0.497602813601,0.562658331592,-0.463822691110,-0.469761165911
1413393942505760512,0.694029332668,0.573560366029,1.239980332034,-0.507402491847,0.570906521169,-0.453011198249,-0.459770931677
1413393942555760384,0.661771469552,0.583079362807,1.242070227914,-0.520191763966,0.582552548073,-0.438485807557,-0.444705806131
1413393942605760512,0.633677221204,0.595469855665,1.240062274441,-0.534125156335,0.596332408410,-0.420850739793,-0.426594222730
1413393942655760640,0.604649395623,0.606945240398,1.233410112742,-0.546936819408,0.609858110247,-0.404348890033,-0.406737232216
1413393942705760512,0.575310458182,0.620504715237,1.226886829284,-0.558730611301,0.621134692798,-0.388321170715,-0.388868185602
1413393942755760384,0.546211344837,0.630877669787,1.220114130239,-0.568260035517,0.630581775931,-0.374716237006,-0.372873836065
1413393942805760256,0.517010075694,0.639302797612,1.210433618022,-0.576546240554,0.637120690364,-0.363340951601,-0.360076396480
1413393942855760640,0.490948700684,0.645516807210,1.200395078398,-0.582514930662,0.641826711656,-0.354742983312,-0.350559900090
1413393942905760512,0.464132283609,0.647102483496,1.189677335925,-0.587292013310,0.645081799868,-0.348488045044,-0.342802632782
1413393942955760384,0.438759217156,0.645824192046,1.174888311020,-0.590163998098,0.646979787476,-0.344933809434,-0.337852448646
1413393943005760512,0.414563241230,0.641432709027,1.156639133267,-0.588769380193,0.644412574353,-0.348560112702,-0.341451166049
1413393943055760384,0.392015713319,0.626805521937,1.144091667430,-0.582541283521,0.636444293744,-0.360947544034,-0.353979073408
1413393943105760512,0.370045041458,0.609301901252,1.134790031899,-0.572148748653,0.624939693964,-0.377645153037,-0.373470650402
1413393943155760640,0.350141937200,0.588140437443,1.131147786606,-0.559014914780,0.610656390553,-0.398152922654,-0.395063726393
1413393943205760512,0.329463193816,0.564602027279,1.128940194028,-0.545631456140,0.595442263477,-0.418551602503,-0.415390636604
1413393943255760384,0.311674652307,0.536817568632,1.127473155836,-0.530922129611,0.581641109253,-0.435522966755,-0.436044788692
1413393943305760256,0.295774414971,0.514966775196,1.124729370890,-0.517339013693,0.570127367690,-0.451170765324,-0.451397906551
1413393943355760640,0.277521697637,0.496961883666,1.121994797699,-0.506586209488,0.558080514091,-0.465899917444,-0.463523267026
1413393943405760512,0.264850717113,0.481116330754,1.118902899492,-0.496976124905,0.551041236438,-0.475033439444,-0.472981520178
1413393943455760384,0.250311628354,0.468733859694,1.118591732095,-0.492002687035,0.546576843443,-0.480506456644,-0.477808178336
1413393943505760512,0.240454107687,0.452688910708,1.121876628222,-0.498113179458,0.550353061507,-0.473573582435,-0.474049396330
1413393943555760384,0.231248491397,0.451706721518,1.114874048958,-0.506976952693,0.560200916279,-0.460865647624,-0.465566491147
1413393943605760512,0.220561939018,0.450484054826,1.111689155329,-0.518916097918,0.572303629374,-0.445121882992,-0.452836778993
1413393943655760640,0.210616319455,0.459029061766,1.105294949122,-0.533365582730,0.586285517694,-0.426847381863,-0.435421358568
1413393943705760512,0.201330217080,0.469624316354,1.099806473491,-0.546687364462,0.600575129604,-0.407687499269,-0.417412676111
1413393943755760384,0.191574851387,0.481730940391,1.094531923323,-0.558450258946,0.614083166559,-0.390298583551,-0.398374432551
1413393943805760256,0.182277735804,0.494069855956,1.087224630896,-0.568555203019,0.625028634710,-0.374229867536,-0.382146821466
1413393943855760640,0.171626232362,0.503216371411,1.081658956000,-0.573548141941,0.634704280553,-0.360954707795,-0.371355226225
1413393943905760512,0.163270775764,0.510500057515,1.076105998818,-0.574101300830,0.642531306937,-0.351597107491,-0.365979084095
1413393943955760384,0.152970575926,0.513781331405,1.072469217539,-0.571899088842,0.646492082429,-0.346488111903,-0.367321940329
1413393944005760512,0.142980658112,0.507421032016,1.075720661482,-0.562672927433,0.649487413312,-0.348659639783,-0.374168053512
1413393944055760384,0.133266504943,0.497816136823,1.078668868715,-0.549053211454,0.649853310913,-0.355967400269,-0.386676163259
1413393944105760512,0.125742328169,0.483178182371,1.087162377527,-0.531495629842,0.650373964061,-0.367529022323,-0.399310055071
1413393944155760640,0.118146565145,0.464643492472,1.096317117562,-0.510357887235,0.650932362646,-0.382138259219,-0.412058535937
1413393944205760512,0.108788847988,0.443550211106,1.106737303398,-0.487423759471,0.651051115919,-0.397416138352,-0.424983453961
1413393944255760384,0.100509161596,0.423693060858,1.118835015079,-0.466456104538,0.647375129193,-0.410441001473,-0.441432134027
1413393944305760256,0.094803157259,0.406703854787,1.129297618637,-0.445656400479,0.643842981123,-0.420940163298,-0.457892964888
1413393944355760640,0.089222437902,0.387432961913,1.140880738645,-0.428777281199,0.641224262109,-0.425338793468,-0.473358637380
1413393944405760512,0.079840589873,0.374191659104,1.146240527120,-0.415695938628,0.638586545102,-0.426892311284,-0.486998013948
1413393944455760384,0.073269865083,0.366532430624,1.150854989020,-0.405671148254,0.638397682156,-0.426317750893,-0.496117419736
1413393944505760512,0.064761733508,0.361468030517,1.156879609935,0.403992507955,-0.641477563741,0.416885623525,0.501500713490
1413393944555760384,0.055507563589,0.359213398750,1.162953569553,-0.410358064463,0.649547789524,-0.399849034007,-0.499814643701
1413393944605760512,0.046496190107,0.366725605792,1.169042479362,-0.418985923671,0.660489860756,-0.379609400567,-0.494065423406
1413393944655760640,0.036812346736,0.377267571636,1.174676922702,-0.428881060403,0.674035340809,-0.359946307003,-0.481846501951
1413393944705760512,0.027272833326,0.389759829168,1.180054701090,-0.439458579463,0.688311084753,-0.340800513712,-0.465788597323
1413393944755760384,0.017978843277,0.401791555514,1.186315985069,-0.448100904901,0.701628873908,-0.323383627662,-0.449828335797
1413393944805760256,0.007933631287,0.417104534249,1.190761944207,-0.454719084330,0.712974719721,-0.310479081496,-0.434166262322
1413393944855760640,-0.002400456989,0.427848518468,1.198363346086,-0.459811535510,0.722106337495,-0.299814724206,-0.421007031189
1413393944905760512,-0.011832515628,0.435691167145,1.206392799485,-0.463062640837,0.728947968400,-0.291437661846,-0.411426711923
1413393944955760384,-0.020250164439,0.436639789830,1.214533019117,-0.463648267348,0.734813646393,-0.286547605230,-0.403695007644
1413393945005760512,-0.028618337728,0.440698565193,1.223707692428,-0.460644702295,0.735128580163,-0.286397119342,-0.406656020375
1413393945055760384,-0.039857408607,0.437257911398,1.237204679598,-0.453252014676,0.730193961267,-0.291130988865,-0.420264366136
1413393945105760512,-0.053142362350,0.428243434063,1.253538937504,-0.441791415929,0.721229212476,-0.299600443638,-0.441461597486
1413393945155760640,-0.071092922265,0.414231284950,1.269923662422,-0.427836969116,0.710153847495,-0.309433969915,-0.465711991480
1413393945205760512,-0.087554284567,0.398788060058,1.281849358392,-0.411044582288,0.697507306004,-0.319092846832,-0.492651666539
1413393945255760384,-0.102446230276,0.388992237809,1.294525559632,0.393721457731,-0.684719691424,0.327607124136,0.518474618581
1413393945305760256,-0.117001282267,0.377689808864,1.301218687596,0.377005847367,-0.675132246815,0.333123933621,0.539528947518
1413393945355760640,-0.131181256770,0.365168832088,1.305173923628,0.362826531216,-0.671759439174,0.332579699155,0.553612597252
1413393945405760512,-0.138591287637,0.358900745600,1.301946225193,0.351267700116,-0.673059473518,0.329208726512,0.561447737862
1413393945455760384,-0.146069324272,0.355531001238,1.295953695395,0.342046241383,-0.679651113442,0.323643670537,0.562435336082
1413393945505760512,-0.150538459259,0.358360505164,1.283201053286,0.333681635115,-0.692867983999,0.315394024552,0.555983032487
1413393945555760384,-0.153121958771,0.366012630620,1.267719738399,0.327911745942,-0.708073085180,0.304259909994,0.546381094189
1413393945605760512,-0.152850414523,0.376357558643,1.253958804327,0.324168648005,-0.722905025749,0.290389001784,0.536653742221
1413393945655760640,-0.153072322911,0.392137149421,1.238936061068,0.320554323065,-0.737219978483,0.275068164340,0.527341572661
1413393945705760512,-0.154114580413,0.408153837968,1.223533301491,0.317734974273,-0.751626813410,0.258357123793,0.517062100788
1413393945755760384,-0.153170404357,0.425106620300,1.208812729970,0.314170354296,-0.766096075220,0.241387675080,0.506088709945
1413393945805760256,-0.151513684876,0.445853466598,1.196183473689,-0.310064006762,0.780483896120,-0.224499578823,-0.494272332542
1413393945855760640,-0.147913951859,0.460966003425,1.184498816858,-0.304724998701,0.793138201616,-0.208153451950,-0.484506562129
1413393945905760512,-0.147713484349,0.474971475752,1.173706788467,-0.298939684056,0.802403677124,-0.194185431772,-0.478618242779
1413393945955760384,-0.147392654338,0.489314768931,1.168200031829,-0.288394135921,0.805193530759,-0.187101070101,-0.483203259465
1413393946005760512,-0.148683767006,0.506334574820,1.167971469025,-0.276146597679,0.801703869725,-0.181587440993,-0.498036106254
1413393946055760384,-0.156167853068,0.520895009868,1.170215882728,0.262570871178,-0.794435452977,0.179905879059,0.517264655029
1413393946105760512,-0.163392694055,0.529210112882,1.172786366979,0.247978117400,-0.784471738856,0.178151819254,0.539789656739
1413393946155760640,-0.171038874361,0.534572959903,1.175872985519,0.232624521071,-0.773481819802,0.176916439499,0.562416464969
1413393946205760512,-0.173377018834,0.537510127490,1.180825645916,0.217405399182,-0.762967469849,0.174947440832,0.583102842820
1413393946255760384,-0.166504516509,0.542227586745,1.186010910251,0.202585853054,-0.756246617989,0.170410539557,0.598339596659
1413393946305760256,-0.159373602426,0.549055375879,1.191289590628,0.189245839618,-0.756938436857,0.163992510277,0.603603074519
1413393946355760640,-0.147548883793,0.556874511660,1.195650059924,0.174305154998,-0.761838141032,0.159779523589,0.603067876488
1413393946405760512,-0.130553135570,0.560747237284,1.198425834598,0.159041017069,-0.772741310559,0.152801117547,0.595171101719
1413393946455760384,-0.102194658436,0.568343189924,1.206004934809,0.144470587707,-0.784830314681,0.146665055548,0.584516028803
1413393946505760512,-0.074593258445,0.573749701866,1.207707887582,0.129229883457,-0.797946028588,0.136268923799,0.572723801748
1413393946555760384,-0.050502819900,0.583770386374,1.211688626112,0.115929396582,-0.812233700966,0.123514826463,0.558194300999
1413393946605760512,-0.030124021473,0.592548323697,1.214584288536,0.105211726565,-0.826536433061,0.108221601012,0.542269400290
1413393946655760640,-0.006707449975,0.602299449052,1.217820539415,0.093062390803,-0.840887489103,0.089323230517,0.525612958913
1413393946705760512,0.013127658266,0.618271511917,1.225227709582,0.082487750693,-0.853243897936,0.069098676324,0.510290108224
1413393946755760384,0.029954592385,0.633185350976,1.227005999017,0.071880567234,-0.861368406203,0.050208032010,0.500356679151
1413393946805760256,0.042259426424,0.645386755421,1.231586896754,-0.058120720246,0.865575351145,-0.032298434105,-0.496344743623
1413393946855760640,0.053042855837,0.655792795404,1.234099925494,-0.043878882918,0.865009397634,-0.017830621903,-0.499515219548
1413393946905760512,0.056166180960,0.662226091951,1.237937909089,0.030206423634,-0.860057928087,0.004499082224,0.509281543515
1413393946955760384,0.054223130095,0.666866496221,1.241650981275,0.015897661723,-0.849053372312,-0.006466964763,0.528028231901
1413393947005760512,0.045824747657,0.669908226663,1.245015973552,0.001801217548,-0.833315005160,-0.016244435251,0.552556762798
1413393947055760384,0.039931722712,0.672770083192,1.248935819769,-0.011999733545,-0.816763442131,-0.026092232430,0.576257478390
1413393947105760512,0.038327504216,0.675872173024,1.251892281875,-0.025716643968,-0.801876767411,-0.035767426001,0.595863235438
1413393947155760640,0.035107435494,0.673929204563,1.253544134285,-0.040057162229,-0.792350562766,-0.046400602319,0.606978577500
1413393947205760512,0.034203572202,0.671100541531,1.246857448837,-0.054686494258,-0.787290110096,-0.056851281401,0.611515822930
1413393947255760384,0.033602428426,0.667443986446,1.237890793274,-0.068533187930,-0.785426377996,-0.067010885153,0.611488469369
1413393947305760256,0.046681354198,0.663836864123,1.223203493961,-0.083909822168,-0.783708817069,-0.077345302469,0.610554940999
1413393947355760640,0.065068349514,0.651526918499,1.205816063439,-0.099478927680,-0.782031308211,-0.087096481338,0.609052689728
1413393947405760512,0.082241716706,0.640316561151,1.181236186840,-0.117178692372,-0.782064682025,-0.093097898379,0.604960137943
1413393947455760384,0.101092741369,0.632633447366,1.155677338990,-0.140294554545,-0.783720216593,-0.093536953367,0.597788339150
1413393947505760512,0.121225189738,0.622750422030,1.130768034587,-0.163725658859,-0.785872096785,-0.093070514261,0.589013442546
1413393947555760384,0.141435479931,0.612561138824,1.105613291051,-0.187254828061,-0.787103123700,-0.091463854426,0.580550312517
1413393947605760512,0.165170471877,0.603775074020,1.080424562544,-0.211575082347,-0.787457560671,-0.091728324124,0.571605186493
1413393947655760640,0.187771488218,0.598515757010,1.054476935272,-0.234349128502,-0.789611623220,-0.092126215503,0.559559407805
1413393947705760512,0.213045012712,0.592207509864,1.031764324422,-0.252634036263,-0.794051652262,-0.096990620074,0.544289295209
1413393947755760384,0.240060429637,0.589511337563,1.008134572382,-0.267105113746,-0.798538638197,-0.109890350814,0.528124050120
1413393947805760256,0.266214423687,0.594237479167,0.988112266590,-0.276104849661,-0.803341098017,-0.126960963496,0.512142661744
1413393947855760640,0.287928889404,0.599529068095,0.972764121154,0.281891577972,0.806162068599,0.148128137918,-0.498696212315
1413393947905760512,0.312768911262,0.610508982668,0.958219659539,0.287484388028,0.805156113324,0.168128547788,-0.490723090180
1413393947955760384,0.334256609180,0.620666775909,0.949069339146,0.289961716597,0.800738732602,0.189808784373,-0.488581938260
1413393948005760512,0.353685243171,0.633057711482,0.942598411466,0.286728181450,0.793202261971,0.216933166689,-0.491484610906
1413393948055760384,0.365932869830,0.651018435458,0.934317982734,0.284425467450,0.785720783052,0.240016363961,-0.494102367508
1413393948105760512,0.377124707751,0.667467427324,0.926781290213,0.283306242218,0.778050206284,0.259293641486,-0.497134043400
1413393948155760640,0.387387770422,0.682089834400,0.918571432926,-0.286847302610,-0.769382250517,-0.272065157313,0.501747075479
1413393948205760512,0.395878372747,0.693036333679,0.911766675301,-0.291647660944,-0.758711700111,-0.280929672197,0.510271219314
1413393948255760384,0.403108909983,0.702058151428,0.905692389477,-0.297952002374,-0.747879539991,-0.286790097661,0.519280500142
1413393948305760256,0.406730780635,0.707578655668,0.900867696900,-0.305477277878,-0.736197505000,-0.289265189800,0.530115568817
1413393948355760640,0.411888431661,0.707877813955,0.897396109041,-0.311904356601,-0.723492423476,-0.293905567621,0.541196732093
1413393948405760512,0.415950330972,0.706882982823,0.895682393214,-0.317471598736,-0.712470181622,-0.298303649273,0.550102678713
1413393948455760384,0.419895391979,0.701414006218,0.895393329260,-0.323514409734,-0.703618160232,-0.301630904908,0.556128320166
1413393948505760512,0.426837245200,0.691564188687,0.896220347414,-0.331424474493,-0.697768996280,-0.304827613013,0.557096375757
1413393948555760384,0.433663942877,0.684200867142,0.894280407518,-0.342851337453,-0.698907195101,-0.301573236999,0.550486399259
1413393948605760512,0.442130238833,0.671129914203,0.892463400869,-0.354877010230,-0.704665350192,-0.299431150661,0.536516577436
1413393948655760640,0.453050504561,0.654341650701,0.887674377053,-0.367900107390,-0.713058653730,-0.297156294316,0.517585745624
1413393948705760512,0.465573070173,0.635421482253,0.884813122358,0.380471475471,0.722109969838,0.293881189116,-0.497425868343
1413393948755760384,0.478219050776,0.614727036563,0.880477154635,0.393932543019,0.730012997976,0.292072173910,-0.476016826976
1413393948805760256,0.491241496777,0.593343010226,0.879046046547,0.407372146094,0.735194648892,0.288266213343,-0.458736692528
1413393948855760640,0.504483542262,0.570408464932,0.878795908187,0.420968308933,0.736786274566,0.285847510854,-0.445222269236
1413393948905760512,0.519551122055,0.549788255608,0.876022512461,0.433200675540,0.734037739982,0.286703425009,-0.437409324412
1413393948955760384,0.529261427196,0.530774744346,0.874866317485,0.443981410275,0.727892839407,0.290848328186,-0.434119536144
1413393949005760512,0.534306350160,0.518202835025,0.879043437293,0.451757529252,0.718153084116,0.299593182371,-0.436365910237
1413393949055760384,0.539998710405,0.507366100752,0.885503630898,0.455440619847,0.707014237126,0.313510782476,-0.440925957011
1413393949105760512,0.544078823282,0.500249323270,0.894763312613,0.458721137207,0.693940868071,0.328839850004,-0.447085386642
1413393949155760640,0.548387011804,0.493623950356,0.903865237897,0.460481603083,0.680047107771,0.345493304816,-0.454012115215
1413393949205760512,0.551111497853,0.489170672348,0.911564052418,0.461851340285,0.666383507016,0.360958947757,-0.460798219494
1413393949255760384,0.552916750950,0.481521098929,0.920823007736,0.463772567540,0.652794239325,0.375548249468,-0.466624258931
1413393949305760256,0.555232185073,0.476177197781,0.931654314608,0.465487757120,0.639141759954,0.389495478842,-0.472347573949
1413393949355760640,0.556794412808,0.468673155090,0.941530312651,0.468087793700,0.626260196903,0.401292541473,-0.477133397827
1413393949405760512,0.558583348570,0.454056255310,0.948797211197,0.470100309008,0.611948660288,0.413303791857,-0.483429945575
1413393949455760384,0.560243523847,0.436937169714,0.956201907989,0.474114150657,0.598626008406,0.421465466534,-0.489110963612
1413393949505760512,0.562800030603,0.426386559224,0.961936724420,0.485241345768,0.590421231215,0.418666015710,-0.490573514753
1413393949555760384,0.564917871118,0.408491736534,0.966971696843,0.500549363072,0.586949240952,0.409293458195,-0.487257415288
1413393949605760512,0.568931457438,0.383180806603,0.971599595118,0.515871516299,0.585741720757,0.397919655748,-0.482123597022
1413393949655760640,0.572914601838,0.355294937330,0.978411237267,0.529336910015,0.586258414069,0.384907036320,-0.477441180692
1413393949705760512,0.581443820832,0.322852603460,0.981602562686,0.544335213959,0.584246978479,0.371433119532,-0.473700412388
1413393949755760384,0.592067038413,0.290627742954,0.985233650748,0.558563038634,0.580528232312,0.358913017740,-0.471355225980
1413393949805760256,0.606473626895,0.258614851948,0.988154823748,0.572017281695,0.574713736371,0.346924231236,-0.471321470389
1413393949855760640,0.623746668257,0.228261254335,0.993650556285,0.585857339812,0.566633832667,0.335827790453,-0.472140839396
1413393949905760512,0.645939307238,0.198927551676,1.000832607213,0.598269752852,0.560026525234,0.325554066279,-0.471654687018
1413393949955760384,0.671978648099,0.170078385411,1.011222091706,0.607288234310,0.554972472429,0.317429350864,-0.471640925412
1413393950005760512,0.703371829973,0.141813912991,1.023349036064,0.613350495485,0.552782017856,0.315397517738,-0.467715315366
1413393950055760384,0.741641923403,0.121505748038,1.036737651254,0.612346055156,0.560196854778,0.320420804319,-0.456664319595
1413393950105760512,0.783953733433,0.099575993058,1.052395779709,0.605202780858,0.572959363240,0.335841921963,-0.438927517445
1413393950155760640,0.836241199657,0.076735544491,1.064309428189,0.600012396234,0.585969478320,0.347800487495,-0.419117782659
1413393950205760512,0.889231008199,0.061365511989,1.079228331579,0.592085023073,0.600739874183,0.359434926697,-0.399191010031
1413393950255760384,0.945544530195,0.047617714511,1.091285923706,0.584682466405,0.613965250677,0.369476961378,-0.380368057873
1413393950305760256,1.006121078899,0.032569926886,1.098210165574,0.580816151922,0.621540177233,0.376154209331,-0.367217124539
1413393950355760640,1.061768146095,0.025015801459,1.107324414755,0.580701481730,0.625695607311,0.377095420819,-0.359290745366
1413393950405760512,1.115643615400,0.019468224694,1.113349150539,0.581434482893,0.626939756862,0.376797866198,-0.356235668340
1413393950455760384,1.169150344476,0.012637697178,1.118386636770,0.582021811432,0.625320544095,0.378232031634,-0.356602521578
1413393950505760512,1.221537630793,0.010585790568,1.123209454496,0.582469096538,0.620742576414,0.380586639435,-0.361333938745
1413393950555760384,1.271722382406,0.009476598594,1.126965039155,0.579417664404,0.615003994416,0.387153487573,-0.368995168111
1413393950605760512,1.321975985927,0.017673124589,1.129688993881,0.576176597286,0.609509402375,0.393304614282,-0.376603634531
1413393950655760640,1.369758333690,0.027479314286,1.131897778479,0.572477818507,0.602689515323,0.400810943545,-0.385207843859
1413393950705760512,1.419422320635,0.040818751918,1.128895470648,0.568106848690,0.597261279291,0.408012236414,-0.392504251783
1413393950755760384,1.465418405157,0.054462495507,1.125175218916,0.563950119270,0.593607172891,0.414717324007,-0.396989078484
1413393950805760256,1.511860031681,0.064422532471,1.114102001674,0.561000857742,0.589923518688,0.421033914924,-0.399998402741
1413393950855760640,1.557740741822,0.082272600353,1.098258107393,0.558140305036,0.588299171660,0.424682519597,-0.402527318411
1413393950905760512,1.601486348917,0.097121707194,1.081777352262,0.555773811550,0.588929215224,0.429412431419,-0.399853490161
1413393950955760384,1.645238374022,0.110592823832,1.065597077080,0.552618120369,0.591295066099,0.436056149951,-0.393495097729
1413393951005760512,1.689066382527,0.127456475739,1.047217155859,0.548963315073,0.595775002215,0.440405544990,-0.386955270519
1413393951055760384,1.731865844709,0.143225353728,1.024793987268,0.547828579407,0.598070822935,0.443072602025,-0.381944770449
1413393951105760512,1.770835763390,0.155763371196,1.006630394471,0.549748758782,0.597766930478,0.442044637289,-0.380851070221
1413393951155760640,1.807177532830,0.170713901768,0.991774643184,0.551629265545,0.596013582388,0.440100802255,-0.383124322978
1413393951205760512,1.842043054876,0.187155351732,0.978364947411,0.553934053021,0.593284058625,0.437916909078,-0.386522795482
1413393951255760384,1.874580109476,0.202396607301,0.965135857497,0.555911959607,0.590309844224,0.436590723056,-0.389723904219
1413393951305760256,1.906556850319,0.219334647749,0.953933121631,0.558416049424,0.588230118872,0.435051441393,-0.391007782965
1413393951355760640,1.934527067485,0.236206225398,0.948387525977,0.559842675318,0.587120436794,0.434556407530,-0.391186017473
1413393951405760512,1.963145936025,0.251292353721,0.940752535660,0.562831738544,0.586749866992,0.433122420915,-0.389037268360
1413393951455760384,1.991887324332,0.265095860313,0.934050025542,0.566341895288,0.587661477436,0.431558735508,-0.384275816812
1413393951505760512,2.019293452943,0.281344471179,0.923610657285,0.568922482996,0.589262054043,0.429364402635,-0.380451902026
1413393951555760384,2.044912312710,0.297789953980,0.913145145840,0.571466106541,0.590290971480,0.427767976553,-0.376825710773
1413393951605760512,2.067032853559,0.314013835949,0.905167438526,0.572248035542,0.590837311531,0.428728125505,-0.373678540356
1413393951655760640,2.086749607212,0.332422693818,0.894295114886,0.572240730494,0.589543122232,0.431176072281,-0.372916408978
1413393951705760512,2.106817636161,0.356514336024,0.879711012434,0.570997173911,0.588984589122,0.434224620246,-0.372167113452
1413393951755760384,2.125378785480,0.380306743657,0.861572170497,0.570008797835,0.587764499483,0.437928224387,-0.371270432195
1413393951805760256,2.144032546758,0.406334078642,0.840202727602,0.569846556436,0.584889717021,0.440094960381,-0.373490758772
1413393951855760640,2.161713825857,0.426929122317,0.824651757692,0.569766971395,0.580584498211,0.443400326451,-0.376408540349
1413393951905760512,2.176244277720,0.452516415844,0.811758164970,0.570377816586,0.577852362619,0.445092202286,-0.377688661237
1413393951955760384,2.190155909575,0.479124138749,0.797068858822,0.571856359671,0.575130137388,0.445857739240,-0.378703717082
1413393952005760512,2.203588088853,0.504295143301,0.781890685342,0.573662773838,0.572520151477,0.446726251602,-0.378902829488
1413393952055760384,2.213599978801,0.530111749089,0.770958586699,0.575089167135,0.570133628545,0.448059362632,-0.378764970665
1413393952105760512,2.219425696684,0.557959629785,0.766436923345,0.576153507751,0.568222483791,0.448835457504,-0.379100351501
1413393952155760640,2.225878576459,0.583493568534,0.761629579431,0.576859978341,0.566077603192,0.451019709050,-0.378642225064
1413393952205760512,2.231449127100,0.611556369285,0.755966273291,0.579171650296,0.563150505738,0.450389087438,-0.380225429577
1413393952255760384,2.234689099695,0.639787773437,0.754834301915,0.581249216710,0.560509314486,0.449908904552,-0.381524093672
1413393952305760256,2.237035674152,0.668725945085,0.756609857927,0.582435490963,0.559069362600,0.449337069478,-0.382500385179
1413393952355760640,2.237423645537,0.700162663930,0.761750729170,0.581533334553,0.559514921896,0.447597446851,-0.385251292732
1413393952405760512,2.236306229568,0.731057539425,0.765541100870,0.578622147479,0.562067186265,0.445908719656,-0.387868924129
1413393952455760384,2.237348942803,0.757538428501,0.769974061217,0.574336263186,0.565871617517,0.445090077953,-0.389643416198
1413393952505760512,2.237174164663,0.786138641943,0.774105952159,0.569174157458,0.571996560747,0.442094757569,-0.391679637339
1413393952555760384,2.235977310946,0.812175812347,0.780557961830,0.563392159874,0.578825285498,0.439156391979,-0.393309326668
1413393952605760512,2.234587759075,0.838878371350,0.784458025290,0.556402152439,0.585886946300,0.436365592936,-0.395901755766
1413393952655760640,2.229166859104,0.870082645729,0.783904270870,0.549397123844,0.593260094593,0.431939998632,-0.399541109346
1413393952705760512,2.224481527097,0.898174021459,0.781397914863,0.543747155264,0.600755384199,0.426306340342,-0.402113048385
1413393952755760384,2.218842198002,0.921768550016,0.783917861759,0.537381451412,0.607047916352,0.420644717300,-0.407151107992
1413393952805760256,2.211521147426,0.946591353813,0.788136668367,0.531252289093,0.613130050950,0.415458856941,-0.411383621630
1413393952855760640,2.207065100337,0.967720417508,0.789540782378,0.527914752448,0.617535241518,0.409717490819,-0.414834686771
1413393952905760512,2.201901401957,0.990874279688,0.791670958770,0.527325849032,0.619775867276,0.401785722921,-0.419968518037
1413393952955760384,2.195191186426,1.015999411187,0.798745572820,0.527302997205,0.621517446935,0.393319713478,-0.425402415701
1413393953005760512,2.189219100596,1.036753922340,0.807697637349,0.528279487678,0.621513340582,0.386250042429,-0.430642374949
1413393953055760384,2.183299635533,1.061485156701,0.812314831376,0.529165882684,0.621880094070,0.378935668924,-0.435495552240
1413393953105760512,2.175277650989,1.087880894457,0.813813602126,0.530320633660,0.622186419949,0.372876436144,-0.438870422465
1413393953155760640,2.166598003687,1.114456938500,0.813225828081,0.531645238465,0.621946280594,0.368346032013,-0.441426511632
1413393953205760512,2.158015331361,1.139787822312,0.811978325794,0.531985472796,0.622139997934,0.365000152868,-0.443517945646
1413393953255760384,2.153188760344,1.163203674911,0.806383483748,0.532551359828,0.620806500854,0.362918393770,-0.446406291517
1413393953305760256,2.149725800670,1.186526859019,0.795578159108,0.533984694438,0.618640905463,0.359370951737,-0.450551101698
1413393953355760640,2.148052915540,1.214457916943,0.787602422009,0.535167013279,0.616409908682,0.356743566551,-0.454278681100
1413393953405760512,2.149159478063,1.239131024890,0.785618173970,0.535073413697,0.613052702572,0.357430598471,-0.458373421022
1413393953455760384,2.152128021435,1.267192939193,0.787250549176,0.534779106575,0.611078026605,0.358450145564,-0.460552326794
1413393953505760512,2.156523635704,1.298899453897,0.793308914298,0.531033987079,0.610146861475,0.363502572142,-0.462157540288
1413393953555760384,2.161454979457,1.325685563019,0.809430680835,0.524836386844,0.611091327175,0.374070594344,-0.459549069570
1413393953605760512,2.171042574418,1.355043714851,0.816684621623,0.517872599686,0.613070455034,0.385438319317,-0.455400801121
1413393953655760640,2.183074440717,1.382285912301,0.826895933316,0.512185622106,0.615439721949,0.394213113386,-0.451105152253
1413393953705760512,2.198691763585,1.405011412696,0.836623524218,0.507411527218,0.616195025975,0.402820429730,-0.447853696425
1413393953755760384,2.211365309169,1.428680753888,0.845463694613,0.503252934540,0.616023926409,0.409687678007,-0.446550123120
1413393953805760256,2.221708572748,1.451185820429,0.854076415585,0.500453465482,0.616766156789,0.413189793288,-0.445443634424
1413393953855760640,2.228384121962,1.474436332687,0.861551219330,0.496757115986,0.618890621883,0.414964969336,-0.444984089701
1413393953905760512,2.236735281029,1.492872248552,0.865854314268,0.492978066164,0.620212693821,0.414975513239,-0.447330039363
1413393953955760384,2.246942619609,1.512117972575,0.858895180125,0.491899054177,0.624918014141,0.410118159195,-0.446448083880
1413393954005760512,2.255031635234,1.526012707029,0.854033068099,0.491733939393,0.632413199969,0.403126290546,-0.442425667457
1413393954055760384,2.261186213327,1.539933595021,0.850295008739,0.490178306440,0.640471946818,0.395692270946,-0.439259080667
1413393954105760512,2.268791894315,1.548868353526,0.845130868571,0.491038228985,0.648256823978,0.385617678462,-0.435825141427
1413393954155760640,2.279365971518,1.554582929465,0.843548215569,0.491337225281,0.658261501739,0.375041181193,-0.429678529591
1413393954205760512,2.286170948394,1.564935416023,0.842154158261,0.491457750208,0.668994217122,0.362232510808,-0.423914643922
1413393954255760384,2.291046150963,1.572741487910,0.846326199470,0.489811668720,0.679291223925,0.350572254972,-0.419221965465
1413393954305760256,2.295017906076,1.582125342536,0.847972279409,0.486549122622,0.688661410393,0.339628682680,-0.416734653002
1413393954355760640,2.291990183902,1.592371617271,0.856908011983,0.481530210406,0.697990031943,0.329992405977,-0.414781368641
1413393954405760512,2.289336476131,1.610050494070,0.860921753420,0.474605717414,0.707187857732,0.320191371126,-0.414864113573
1413393954455760384,2.282541967755,1.628029581150,0.867986786833,0.465948818111,0.715990272000,0.311856152717,-0.415927120196
1413393954505760512,2.274612607432,1.647849112344,0.877817210945,0.455508254336,0.724516908502,0.304826286660,-0.417933504864
1413393954555760384,2.265005787889,1.672388255812,0.879282556023,0.444561702376,0.731924934535,0.297089347173,-0.422360867959
1413393954605760512,2.261526775602,1.690219455181,0.892223304808,0.434859958214,0.738534656366,0.290676758584,-0.425406158991
1413393954655760640,2.253274667114,1.718042699952,0.904447788231,0.425055012559,0.744935232421,0.284101457327,-0.428586161397
1413393954705760512,2.243589864086,1.747407470239,0.912832114831,0.416591859070,0.750607452569,0.278433976348,-0.430713589198
1413393954755760384,2.231542618155,1.779991672814,0.922040118215,0.409943253009,0.755226908890,0.273702931364,-0.432048088484
1413393954805760256,2.214141149638,1.815278305037,0.936683874750,0.403586402220,0.759589332200,0.269918578388,-0.432765552455
1413393954855760640,2.196927840970,1.853798144131,0.947375910377,0.398646974909,0.762876735646,0.266705073901,-0.433552856247
1413393954905760512,2.178736452397,1.893265747699,0.961883352676,0.393782416448,0.765198065706,0.265089482629,-0.434896418628
1413393954955760384,2.161990208696,1.934515883889,0.971763456981,0.389828836058,0.766042504666,0.264683176483,-0.437212963794
1413393955005760512,2.141390680697,1.979908681044,0.978430154031,0.384714573141,0.763923020621,0.266440837827,-0.444326001621
1413393955055760384,2.117128519627,2.024701245933,0.987600837503,0.377574871264,0.760449665137,0.270679379302,-0.453746842418
1413393955105760512,2.089597213530,2.073339872785,0.993583193068,0.370116464129,0.758366535342,0.273460021239,-0.461642305078
1413393955155760640,2.060930906801,2.121933192602,1.000835112462,0.363293691603,0.756125733450,0.275844021940,-0.469256480419
1413393955205760512,2.027976223860,2.176451450909,1.003814330962,0.358703476793,0.754339673122,0.272819785982,-0.477360280780
1413393955255760384,1.993587266570,2.230132244990,1.006812448356,0.355286983011,0.753479788734,0.266684499027,-0.484684171035
1413393955305760256,1.966636179423,2.274269142231,1.012244108171,0.352691411127,0.751565115513,0.261485079284,-0.492325297922
1413393955355760640,1.929302078837,2.324945012605,1.023540955590,0.346850543269,0.752986121636,0.256046698511,-0.497138501264
1413393955405760512,1.890377473262,2.378788029809,1.028594942453,-0.340738921269,-0.756066205537,-0.248868355809,0.500325316024
1413393955455760384,1.855469219851,2.432807330106,1.037907232431,-0.329559459129,-0.758524194600,-0.244098365383,0.506406553200
1413393955505760512,1.815672754898,2.487606261227,1.047587151805,-0.315300186163,-0.760552619185,-0.238974141286,0.514817313087
1413393955555760384,1.778176548303,2.537124189040,1.057819247479,-0.299211840974,-0.761519334021,-0.234506100926,0.524945203580
1413393955605760512,1.738954495350,2.588911600835,1.059859039250,-0.278952659037,-0.763218790245,-0.230562065971,0.535279016932
1413393955655760640,1.698985607428,2.634398667714,1.065713680288,-0.257624630241,-0.766442858558,-0.228522662115,0.542192112962
1413393955705760512,1.663243826928,2.676934226292,1.068409360462,-0.236361635838,-0.772084866387,-0.229712899195,0.543369230030
1413393955755760384,1.627129376633,2.721791305997,1.064958991119,-0.214511256398,-0.778581902448,-0.233002898060,0.541760825045
1413393955805760256,1.597276737643,2.761242893690,1.057106300874,-0.195860303411,-0.785695320410,-0.236353455556,0.537083465655
1413393955855760640,1.566836865050,2.799554528455,1.040968180490,-0.182430689012,-0.793524178710,-0.237429749165,0.529778761108
1413393955905760512,1.536371532429,2.834353037799,1.019791109343,-0.175713834449,-0.801322351892,-0.231407534672,0.522931821215
1413393955955760384,1.506945768386,2.863551391918,0.995656524543,-0.177031757961,-0.807606867571,-0.216144101395,0.519338648242
1413393956005760512,1.475166396160,2.888349659007,0.979461415450,-0.181118103475,-0.811892968394,-0.199054394058,0.518076624324
1413393956055760384,1.439942836371,2.908826731774,0.971640903310,-0.184757234269,-0.814662489341,-0.182275194173,0.518618883608
1413393956105760512,1.401081101827,2.927053091716,0.970398494407,-0.187033766882,-0.816100685983,-0.166933425347,0.520702671287
1413393956155760640,1.359118086606,2.943456935140,0.972338308319,-0.185511455824,-0.817087483314,-0.154036308864,0.523666267694
1413393956205760512,1.315774608046,2.962531730345,0.969974922453,-0.181392733437,-0.818305097976,-0.141415186593,0.526759136498
1413393956255760384,1.275943587473,2.978498127190,0.970311936305,-0.173478733230,-0.817298516635,-0.133123739589,0.533110057850
1413393956305760256,1.235298939151,2.994828550973,0.973647796909,-0.161943191622,-0.815411460761,-0.126389330740,0.541206327958
1413393956355760640,1.195592966401,3.009014905024,0.978001787321,-0.148392724018,-0.812555490801,-0.119772747741,0.550806374988
1413393956405760512,1.159109786424,3.024115382754,0.978346770068,-0.134770927483,-0.810116812389,-0.112328985502,0.559401239189
1413393956455760384,1.119376568098,3.040605483067,0.978754714348,-0.120526323802,-0.808282630938,-0.103772454946,0.566907286413
1413393956505760512,1.079862920299,3.055853212987,0.983308819339,-0.105717074625,-0.808517222051,-0.093705463347,0.571264464079
1413393956555760384,1.039771392964,3.067287596477,0.988114985063,-0.091489726380,-0.810684142921,-0.082126017045,0.572430054860
1413393956605760512,1.004506506295,3.076081163673,0.990728381979,-0.077234607363,-0.813794946839,-0.069882790521,0.571742070792
1413393956655760640,0.961223290114,3.089156749928,0.989041794666,-0.061913937291,-0.819570321260,-0.055141830426,0.566948438058
1413393956705760512,0.930063368028,3.096396649141,0.991219310238,-0.047425416872,-0.825809617078,-0.042854473791,0.560314911681
1413393956755760384,0.899836907500,3.104665911644,0.988751221743,-0.033735208042,-0.831877557400,-0.029499400020,0.553146861721
1413393956805760256,0.864711360005,3.112688668227,0.987397483764,-0.018994357549,-0.836337256964,-0.015758449936,0.547659454634
1413393956855760640,0.837064501930,3.120818726458,0.978642444966,-0.007768649298,-0.838512022427,-0.000305434336,0.544827626909
1413393956905760512,0.802125018625,3.130146452557,0.967845962060,0.004608198898,-0.839434897857,0.016461467154,0.543191344612
1413393956955760384,0.768062611973,3.134106609716,0.969007210011,0.016556365675,-0.839898857783,0.030954676992,0.541606502383
1413393957005760512,0.740579706864,3.139235457466,0.971749835254,0.029317396576,-0.839578355224,0.043178879432,0.540725679128
1413393957055760384,0.705295112706,3.146513880596,0.973818774770,0.043658139966,-0.839704232144,0.055750603709,0.538407503216
1413393957105760512,0.672814707963,3.153189991396,0.976722822484,0.061096884358,-0.838481400757,0.064788684803,0.537604443459
1413393957155760640,0.638070973339,3.161510142520,0.976731342257,0.079161786245,-0.836973825371,0.074081921689,0.536395466165
1413393957205760512,0.600793616739,3.168610521551,0.978881981800,0.097811436644,-0.834670058933,0.084343744661,0.535392331211
1413393957255760384,0.565234684898,3.175569611417,0.982525518515,0.116069771123,-0.832437196472,0.095324773643,0.533375392843
1413393957305760256,0.524008924629,3.184891150499,0.979615050621,0.134593919969,-0.830157531782,0.108139469582,0.530121499518
1413393957355760640,0.482906273600,3.191532392642,0.979645495024,0.153204910696,-0.826582235354,0.120323823270,0.528026742778
1413393957405760512,0.444650727798,3.196461385615,0.979765887237,0.170023317663,-0.822415551135,0.131752007250,0.526655619251
1413393957455760384,0.410817622263,3.203313997546,0.977440455822,0.186315936134,-0.816688827104,0.143375674561,0.527019114995
1413393957505760512,0.375464976696,3.210096872617,0.973520120326,0.201042546025,-0.811103748265,0.154634523647,0.527049113779
1413393957555760384,0.337233355105,3.216566601709,0.967909126452,0.215635551690,-0.805155441874,0.166129617111,0.526903191855
1413393957605760512,0.296894424537,3.223746150382,0.959128959123,0.230668489018,-0.798162557344,0.178336653698,0.527185563324
1413393957655760640,0.260949720772,3.229794244251,0.948480348263,0.244521572692,-0.789178563983,0.191170831118,0.529962364671
1413393957705760512,0.222017197978,3.236801548775,0.937318181364,0.258614463568,-0.779249389096,0.204466573528,0.532993779642
1413393957755760384,0.191036304786,3.242764119202,0.927058634774,0.273451963609,-0.769588069843,0.215828867936,0.535141220725
1413393957805760256,0.154974999663,3.250817791638,0.914435101059,0.291182345468,-0.760178777423,0.224181832576,0.535801804762
1413393957855760640,0.123401746019,3.259157766052,0.893949197863,0.309085911053,-0.751319192927,0.230371658432,0.535643789210
1413393957905760512,0.094955763911,3.266784185883,0.882398623855,0.327767582056,-0.744779811436,0.232720154085,0.532646951097
1413393957955760384,0.066308284298,3.274288590074,0.872704429203,0.347681078723,-0.738908445864,0.232348379146,0.528343076832
1413393958005760512,0.044548930208,3.283999913391,0.857291084344,0.363775982277,-0.735251620630,0.231249143080,0.523063975919
1413393958055760384,0.016745416123,3.298157419816,0.829550146799,0.377553271026,-0.731497747386,0.233147969953,0.517693535997
1413393958105760512,-0.002002717695,3.308350321053,0.805421099005,0.386028399511,-0.729566228579,0.235967975845,0.512868703728
1413393958155760640,-0.019716600288,3.312309630907,0.805117866240,0.392836279268,-0.729417188023,0.238686249758,0.506615335026
1413393958205760512,-0.035247249924,3.316113468133,0.806174898616,0.397304742010,-0.728572330935,0.242387590790,0.502572936402
1413393958255760384,-0.050407196908,3.317339315540,0.815456840543,-0.397334053711,0.729948155202,-0.249571748205,-0.497006320862
1413393958305760256,-0.062496692938,3.318537694944,0.823853386574,-0.395189317574,0.731986534659,-0.257720402649,-0.491529562094
1413393958355760640,-0.072420659736,3.319826815704,0.832343120812,-0.390851930127,0.734409619615,-0.267168391954,-0.486310939291
1413393958405760512,-0.081799715995,3.318419540388,0.843822228912,-0.387602288196,0.737932276971,-0.273148169078,-0.480219219231
1413393958455760384,-0.091203989934,3.315390933765,0.855971349920,-0.385808206837,0.741182451912,-0.276221381265,-0.474870876183
1413393958505760512,-0.096523386139,3.313029978405,0.864761598346,-0.384996274925,0.745101145368,-0.276551100636,-0.469171226955
1413393958555760384,-0.103236939368,3.312039775316,0.865364756979,-0.385241764166,0.749195250969,-0.275477192056,-0.463041656576
1413393958605760512,-0.112345255739,3.310198102770,0.863175898183,-0.386112690778,0.753350450394,-0.273390476908,-0.456768799337
1413393958655760640,-0.121148472814,3.307389272929,0.855552357145,-0.386612482500,0.756965922229,-0.271033445851,-0.451745782702
1413393958705760512,-0.131475669334,3.302230659837,0.846419386219,-0.387231568656,0.759573629921,-0.268631332683,-0.448259768511
1413393958755760384,-0.142709786565,3.295514221328,0.833019129880,-0.386022164582,0.758935557579,-0.268532711702,-0.450437443647
1413393958805760256,-0.155915627038,3.286271767441,0.821553384780,-0.384084526800,0.756026357528,-0.269260381619,-0.456510755498
1413393958855760640,-0.172114900984,3.274260837105,0.815913643162,-0.382217500392,0.752727988743,-0.270034839929,-0.463024343402
1413393958905760512,-0.185900951869,3.263202555758,0.804683064925,-0.379749883839,0.749740621706,-0.270732853525,-0.469449409319
1413393958955760384,-0.197059098962,3.252532682268,0.787119968064,-0.376487071284,0.747268258700,-0.272138227622,-0.475171989665
1413393959005760512,-0.215207250584,3.240105393069,0.763659053277,-0.371966930203,0.745417342986,-0.276369187978,-0.479180195278
1413393959055760384,-0.227634685754,3.228514560809,0.739435575853,-0.364512321805,0.744707403602,-0.283298832320,-0.481957904676
1413393959105760512,-0.243253487428,3.214815386021,0.714277316749,-0.356694716940,0.744102769596,-0.291174517556,-0.484042712489
1413393959155760640,-0.258377862411,3.199751000517,0.697257144395,-0.350117932054,0.742574098645,-0.297343488067,-0.487429986542
1413393959205760512,-0.275610843096,3.187908761549,0.678332440173,-0.347349132642,0.738965232659,-0.300219201421,-0.493099783079
1413393959255760384,-0.290742264328,3.175691248984,0.674540360155,-0.348630244454,0.737082258921,-0.295913489860,-0.497596124135
1413393959305760256,-0.305735054412,3.166930120827,0.660002441155,-0.350839037998,0.737549457513,-0.290516314108,-0.498530880062
1413393959355760640,-0.320108113076,3.161919482866,0.638795064064,-0.353784068616,0.738511668847,-0.285249336378,-0.498066425154
1413393959405760512,-0.337702250117,3.155988927756,0.623536414452,-0.357105952837,0.740254065045,-0.280135164530,-0.496007608033
1413393959455760384,-0.348092050043,3.152814878500,0.604173020766,-0.358567821645,0.741469115539,-0.276126539080,-0.495385508870
1413393959505760512,-0.359928893780,3.151384105424,0.584624567548,-0.359316606424,0.740659164702,-0.273649364992,-0.497424972362
1413393959555760384,-0.373138980899,3.149742937113,0.562009633661,0.359425059306,-0.737886888124,0.273670059107,0.501439194546
1413393959605760512,-0.384484922587,3.146720124727,0.545534071433,0.356753457613,-0.730408021741,0.276617138294,0.512556388176
1413393959655760640,-0.395821377050,3.144973051180,0.534008327876,0.352875546370,-0.720460213778,0.281376423182,0.526538923171
1413393959705760512,-0.408147136648,3.144722914682,0.521434581675,0.348606251263,-0.712334884670,0.287009178867,0.537288027885
1413393959755760384,-0.417829450130,3.143839029740,0.523780153712,0.346126144947,-0.708012346881,0.289073965355,0.543462465128
1413393959805760256,-0.428399343915,3.145171435849,0.528717890502,0.347767944569,-0.710995604641,0.286948679176,0.539632432708
1413393959855760640,-0.432144593637,3.152539153795,0.518100708987,0.350863896661,-0.718348358222,0.282621178569,0.530090022246
1413393959905760512,-0.428379029519,3.163658731423,0.507237796711,0.354628279161,-0.725564078080,0.276111068761,0.521112492584
1413393959955760384,-0.434464649353,3.173108096890,0.492667550531,0.359504686999,-0.733095668160,0.270680532979,0.509959969426
1413393960005760512,-0.430149143108,3.184406588170,0.483132748895,0.362499509835,-0.740049393179,0.265381050190,0.500493655529
1413393960055760384,-0.424553522198,3.196934536532,0.477093079759,-0.365072491180,0.746203977972,-0.260600014107,-0.491924112125
1413393960105760512,-0.425140971522,3.204534515540,0.478472697280,-0.368328198048,0.751942330399,-0.256032182861,-0.483078245852
1413393960155760640,-0.424022294705,3.212916239333,0.476461875979,-0.371446918193,0.756978712775,-0.251794216064,-0.474984303032
1413393960205760512,-0.418726007738,3.221640121551,0.477382093184,-0.373809749528,0.762531006753,-0.246900759297,-0.466746987089
1413393960255760384,-0.414654550797,3.228976059388,0.472348918601,-0.376694910175,0.768731433231,-0.242124011268,-0.456649637444
1413393960305760256,-0.414502293120,3.234607793123,0.463337711942,-0.378440283126,0.771887903388,-0.240111334563,-0.450908597973
1413393960355760640,-0.412810850141,3.238642644431,0.449382464269,-0.378466165263,0.771351110005,-0.240931012609,-0.451368002862
1413393960405760512,-0.417675226765,3.237704267471,0.445148517708,-0.378413908937,0.766756880126,-0.245623155702,-0.456679390475
1413393960455760384,-0.422193646905,3.233907441114,0.441969321192,-0.378723799875,0.760330609474,-0.252255254605,-0.463500738112
1413393960505760512,-0.426333280294,3.226869743242,0.442846189572,-0.381154581608,0.752992803016,-0.259302105727,-0.469558773201
1413393960555760384,-0.427733017898,3.219755697846,0.434461257375,-0.385603818248,0.746078423946,-0.266860638789,-0.472717759493
1413393960605760512,-0.432063558870,3.209803774047,0.428267889318,-0.393223858378,0.738726989980,-0.274919893287,-0.473367176463
1413393960655760640,-0.433146760162,3.201394433227,0.408170294587,-0.401583621257,0.730688916244,-0.284580747782,-0.473115314494
1413393960705760512,-0.432069599272,3.190325960962,0.384584348384,-0.411879663963,0.723188587983,-0.293396414972,-0.470395527515
1413393960755760384,-0.432471540858,3.179098503989,0.350991038109,-0.422584714015,0.716512610167,-0.303128057408,-0.464914206886
1413393960805760256,-0.429872728364,3.165697682232,0.323669982393,-0.434764261301,0.710519170858,-0.310620168503,-0.457883889057
1413393960855760640,-0.422026983129,3.155394603294,0.289764437328,-0.446635968507,0.707479647031,-0.314746502301,-0.448244910693
1413393960905760512,-0.419103919753,3.143849389890,0.255946433075,-0.457516690678,0.707528593065,-0.317833011605,-0.434814839306
1413393960955760384,-0.411272236808,3.133570046991,0.230474402691,-0.465313453294,0.708205538641,-0.321366733825,-0.422672127792
1413393961005760512,-0.400956611504,3.121809521295,0.198948071430,-0.470426095432,0.708572425754,-0.324460938894,-0.413943843208
1413393961055760384,-0.403807931663,3.105374237496,0.170622496010,-0.476166421713,0.704745494886,-0.327767294954,-0.411300287660
1413393961105760512,-0.400052695806,3.086904161062,0.144800946039,-0.477435357948,0.699510231430,-0.332201195360,-0.415190656094
1413393961155760640,-0.400390440506,3.066550461110,0.128473562320,-0.477459351949,0.693844484489,-0.336976978773,-0.420783690699
1413393961205760512,-0.401617131031,3.047494979799,0.098642504063,-0.472077648154,0.686334884019,-0.347916335041,-0.430164323142
1413393961255760384,-0.402808285384,3.025203084641,0.091249893684,-0.459365256075,0.677962214817,-0.365447604647,-0.442491632746
1413393961305760256,-0.404512096783,3.002709545510,0.078494226481,-0.444252117952,0.666597109370,-0.385132346526,-0.458215478934
1413393961355760640,-0.408198447422,2.980205017947,0.080177146853,-0.427643694109,0.656037459085,-0.405406833296,-0.471572924035
1413393961405760512,-0.416552385675,2.959834468089,0.101680758209,-0.418585230103,0.645959379035,-0.417100244859,-0.483270391722
1413393961455760384,-0.421963431077,2.945514855027,0.118379756926,-0.413986523823,0.640267756847,-0.421736503089,-0.490724647432
1413393961505760512,-0.427516848087,2.936097701323,0.146675736482,-0.420356866174,0.641794547713,-0.413873536867,-0.490008733665
1413393961555760384,-0.434810643982,2.933596301276,0.175985356102,-0.430603987589,0.647100135295,-0.400234519458,-0.485442015289
1413393961605760512,-0.438631987475,2.938975363203,0.199186235985,-0.441463544941,0.653786182771,-0.386268178017,-0.477985836983
1413393961655760640,-0.442717487857,2.947408718976,0.214338541482,-0.452454230811,0.660252759446,-0.372040855030,-0.470039429042
1413393961705760512,-0.446577484264,2.959618465705,0.233019098678,-0.458733463093,0.663836312542,-0.363820728456,-0.465316491795
1413393961755760384,-0.449019269145,2.974449578587,0.269729678156,-0.461812403915,0.664786176121,-0.359250975703,-0.464464616612
1413393961805760256,-0.450731581473,2.990460581018,0.307478293580,-0.464369856905,0.667768203541,-0.355220537911,-0.460721859459
1413393961855760640,-0.451354726975,3.006732062202,0.349979630920,-0.466981558043,0.670116403635,-0.351384729278,-0.457603542443
1413393961905760512,-0.446777317971,3.023865070559,0.399000330063,-0.469362291876,0.673626193783,-0.346492363770,-0.453728808721
1413393961955760384,-0.445953593017,3.040838564999,0.450384761505,-0.472404860879,0.675649560321,-0.342751702159,-0.450391595973
1413393962005760512,-0.443244218799,3.056236343685,0.505428867086,-0.474820755634,0.678836285978,-0.338779340838,-0.446043837622
1413393962055760384,-0.445047326236,3.070128203555,0.564738820048,-0.477443463113,0.681932889800,-0.336400864326,-0.440283694702
1413393962105760512,-0.442772728751,3.083355401575,0.622663457319,-0.479858785038,0.684248027236,-0.333406946551,-0.436325556938
1413393962155760640,-0.437242718579,3.094724527205,0.686798573603,-0.481431469575,0.688401517924,-0.330028585063,-0.430590551759
1413393962205760512,-0.440192505324,3.104697357582,0.750606584217,-0.483486657568,0.690705614355,-0.329017136364,-0.425340017199
1413393962255760384,-0.436644464330,3.109778087294,0.816181515327,-0.485113734693,0.691940656524,-0.327140226503,-0.422920872582
1413393962305760256,-0.434923957685,3.116521050034,0.887801948929,-0.486676354140,0.694190797903,-0.324954843037,-0.419105729399
1413393962355760640,-0.434436228374,3.120068220563,0.955110182730,-0.489547743945,0.697055633287,-0.321042571752,-0.413990480112
1413393962405760512,-0.431957194757,3.121807374516,1.020030737435,-0.492887203372,0.700917787509,-0.315530574856,-0.407697088825
1413393962455760384,-0.426780776986,3.121471035822,1.082133109606,-0.496112108771,0.707483392471,-0.306653410496,-0.399128689447
1413393962505760512,-0.422911523881,3.120101611599,1.137417221586,-0.497924612703,0.714372013935,-0.297446735184,-0.391496035101
1413393962555760384,-0.421991538954,3.117439458954,1.182258587096,-0.497370603012,0.721390207085,-0.288643887537,-0.385879979487
1413393962605760512,-0.415176472706,3.112800544385,1.220818967428,-0.494262792174,0.726928430420,-0.279823399699,-0.385976960842
1413393962655760640,-0.413868251078,3.102665119135,1.256472851741,-0.489796754745,0.730869274343,-0.270607367252,-0.390769619663
1413393962705760512,-0.409133839818,3.087716256879,1.287447720740,-0.482544276680,0.733365505233,-0.261107636927,-0.401433504726
1413393962755760384,-0.410597009798,3.066735831337,1.318360849589,-0.473457442716,0.734145846920,-0.253200462405,-0.415641012443
1413393962805760256,-0.409936465189,3.046992592314,1.341696087628,-0.462057019106,0.733233051246,-0.244481570498,-0.434857867978
1413393962855760640,-0.411052596321,3.017941963972,1.371824543609,-0.449626756769,0.733777116503,-0.233617146857,-0.452581430892
1413393962905760512,-0.413961901877,2.986040232499,1.399464371015,-0.436325418612,0.733344754219,-0.223364989546,-0.471098378238
1413393962955760384,-0.413089414612,2.950900885147,1.424783163724,-0.421377930140,0.734499822109,-0.211758747933,-0.487964019151
1413393963005760512,-0.411576090752,2.914540067194,1.442437090192,0.404850991511,-0.737182930546,0.200887928972,0.502295771013
1413393963055760384,-0.409682842269,2.875266719877,1.456152552263,0.387138419789,-0.740629586020,0.190496532409,0.515075461825
1413393963105760512,-0.401894038352,2.836079941291,1.464294506769,0.367797665873,-0.743859098840,0.180258737454,0.528114860256
1413393963155760640,-0.395586660070,2.793015694796,1.472391154221,0.347902334921,-0.747881351558,0.172211159866,0.538498621879
1413393963205760512,-0.384401871853,2.750228360625,1.476683809349,0.325377179778,-0.753840325557,0.167971709695,0.545563891021
1413393963255760384,-0.371100565517,2.702579945967,1.482213715408,0.302008051431,-0.759341255803,0.164216187068,0.552471753134
1413393963305760256,-0.353474845781,2.651724467221,1.492367373848,0.280585479959,-0.764657151045,0.159650117391,0.557748213632
1413393963355760640,-0.331178396801,2.604486577859,1.494314568626,0.259921879375,-0.769716845735,0.152895933849,0.562671687067
1413393963405760512,-0.308600843980,2.554409688149,1.494890196157,0.241145899196,-0.775353780922,0.144636365640,0.565469266579
1413393963455760384,-0.283209985586,2.504651342671,1.491349768003,0.223424617757,-0.780751556343,0.134436214052,0.567833912160
1413393963505760512,-0.260306736610,2.456400886640,1.480885113498,0.205820935604,-0.785732139544,0.126613119344,0.569413615367
1413393963555760384,-0.232961670045,2.406752948559,1.470553316484,0.189390706907,-0.789898023739,0.118352387473,0.571126067177
1413393963605760512,-0.203276626292,2.357032214676,1.459037649731,0.173246190518,-0.793253076113,0.110017433522,0.573263882544
1413393963655760640,-0.170798710498,2.307234771685,1.449583456599,0.159542243558,-0.795636307979,0.101008587720,0.575592219504
1413393963705760512,-0.134741745273,2.257310007063,1.437172760289,0.146112610709,-0.797301628942,0.091735262570,0.578399394086
1413393963755760384,-0.098806674422,2.207948085815,1.420509220485,0.133572696297,-0.799036530437,0.081505720912,0.580565048285
1413393963805760256,-0.061690382305,2.156284787979,1.404225542211,0.122724425145,-0.800316574142,0.070228561240,0.582666324590
1413393963855760640,-0.023690247446,2.104059786812,1.383722544548,0.111907983810,-0.802794638402,0.058813114132,0.582699227148
1413393963905760512,0.017338192590,2.053478706212,1.359967268995,0.101170088288,-0.805714692072,0.047019411204,0.581702349303
1413393963955760384,0.058816738185,2.002040293142,1.335314991702,0.090538747416,-0.809731086663,0.034782234571,0.578730074099
1413393964005760512,0.101267200843,1.950635166251,1.310061539709,0.080517866950,-0.813133399641,0.023735818933,0.575992672167
1413393964055760384,0.149797312096,1.899877891823,1.280609516474,0.068437652417,-0.815566295059,0.013013352713,0.574455010202
1413393964105760512,0.199278659011,1.849332876560,1.249630018533,0.055004201819,-0.816749741520,0.004319300578,0.574348101026
1413393964155760640,0.246598743626,1.796813038308,1.214151625184,0.040690023064,-0.818047733663,-0.001727887864,0.573706581691
1413393964205760512,0.292905110870,1.741454401505,1.180929109489,0.025360466109,-0.818643265078,-0.006278696425,0.573707790842
1413393964255760384,0.344657543223,1.684932576840,1.148575908214,0.007871707375,-0.819481989481,-0.010855670586,0.572948042631
1413393964305760256,0.393812829131,1.627075534354,1.118252513860,-0.008675975625,-0.821127336986,-0.014473233751,0.570495529699
1413393964355760640,0.441402143804,1.571014882461,1.088235005221,-0.022911923625,-0.822550821678,-0.019031752395,0.567911068665
1413393964405760512,0.494312715943,1.514910741608,1.059259724161,-0.038831019516,-0.822893259368,-0.023420159060,0.566383555341
1413393964455760384,0.546672573382,1.460970378556,1.028440409319,-0.052637610856,-0.823156533448,-0.028216388577,0.564664890693
1413393964505760512,0.597570665075,1.407214523831,1.000672212852,-0.066048735241,-0.823404755427,-0.032980813488,0.562631708362
1413393964555760384,0.647008995514,1.354013816153,0.973471585247,-0.080092611953,-0.822422469390,-0.036807073600,0.562006845764
1413393964605760512,0.695876064839,1.303227089417,0.947167965384,-0.093604426973,-0.821778222437,-0.039840986903,0.560652709030
1413393964655760640,0.747481643336,1.252757763743,0.922860424840,-0.107397099722,-0.819944460421,-0.042813872791,0.560645981964
1413393964705760512,0.798940272893,1.206026733188,0.900273217189,-0.119750483954,-0.817236679804,-0.047209355844,0.561743097418
1413393964755760384,0.855361734611,1.158109179353,0.879747886024,-0.133855273200,-0.815465960314,-0.051184882001,0.560783506588
1413393964805760256,0.907884937974,1.115759214022,0.859110802616,-0.147741891378,-0.815473756807,-0.053632921091,0.557044338690
1413393964855760640,0.960092134589,1.075477979723,0.840366116538,-0.159821021842,-0.816557898052,-0.057031704247,0.551758846614
1413393964905760512,1.015073901802,1.037928279532,0.823044146525,-0.174166544111,-0.818703523194,-0.060231735426,0.543840688134
1413393964955760384,1.069742038479,1.005255851552,0.803990140055,-0.188225049616,-0.822465359283,-0.059504333029,0.533461617952
1413393965005760512,1.123394691465,0.975804470767,0.785855009552,-0.205114322589,-0.825470561829,-0.057057854768,0.522753161092
1413393965055760384,1.177000953659,0.949488901980,0.771949033965,-0.222850776786,-0.828037484288,-0.053506684695,0.511691792579
1413393965105760512,1.231431830690,0.927030442885,0.758568609425,-0.241102446932,-0.829510990175,-0.048622153028,0.501415011240
1413393965155760640,1.281252943314,0.910959561750,0.748776787887,0.258507075239,0.829936503897,0.046154434873,-0.492188236036
1413393965205760512,1.327134593406,0.904333985445,0.743168577943,0.272294362114,0.831780151451,0.047321980457,-0.481412702553
1413393965255760384,1.370093156976,0.906249264405,0.738743579222,0.281211051217,0.835710162834,0.053156277186,-0.468703828238
1413393965305760256,1.412959439615,0.914179264261,0.732224970080,0.285907268696,0.839465772873,0.062403774372,-0.457886469364
1413393965355760640,1.451372904365,0.927014321506,0.728310592370,0.283083461515,0.844117945689,0.078514878055,-0.448513167595
1413393965405760512,1.488492632207,0.949850866381,0.726708918354,0.273570135959,0.848762339255,0.099451917911,-0.441442168577
1413393965455760384,1.514760658663,0.978924080167,0.731877009647,0.258441091430,0.853134071301,0.124667876038,-0.435692987469
1413393965505760512,1.536614727040,1.017274190874,0.741938949081,0.236169105444,0.856012656908,0.153125577716,-0.433611626109
1413393965555760384,1.553367380973,1.057448942422,0.740755083954,0.215368949353,0.857031121956,0.179224371145,-0.432426290183
1413393965605760512,1.560073377397,1.096976901318,0.745319239230,0.197595835727,0.856293308167,0.200482098927,-0.433041088237
1413393965655760640,1.563227304262,1.139104965402,0.746635926191,0.183814078057,0.854903839657,0.215475544498,-0.434651698916
1413393965705760512,1.562294701490,1.177319172771,0.744298399500,0.178733528308,0.850847639077,0.221523477004,-0.441633298191
1413393965755760384,1.552794000445,1.214548299456,0.745445059206,0.180742361320,0.844121432908,0.218882228995,-0.454842582835
1413393965805760256,1.537205247153,1.248201581038,0.749323333544,0.183253072332,0.834717240298,0.215196716617,-0.472605346339
1413393965855760640,1.516871976570,1.279041491646,0.758778106304,0.186022852934,0.824608009730,0.211597060651,-0.490554596757
1413393965905760512,1.492938194029,1.306027388778,0.768642359801,-0.185380884256,-0.817823085840,-0.211914079242,0.501888185793
1413393965955760384,1.465491614639,1.331475400081,0.780492323411,-0.179997207874,-0.814586789032,-0.218211577762,0.506392215207
1413393966005760512,1.435616639914,1.356763633090,0.781913221197,-0.174351640407,-0.812161926407,-0.224860717729,0.509344842326
1413393966055760384,1.408801652766,1.382430516534,0.771317105821,-0.171743324507,-0.810358929590,-0.227913456066,0.511740258593
1413393966105760512,1.376936325841,1.402253593048,0.766856297575,-0.173606730906,-0.809821332181,-0.224854512849,0.513313316582
1413393966155760640,1.342852478188,1.415460042095,0.771215815602,-0.178092718635,-0.810182256159,-0.220982181280,0.512888458568
1413393966205760512,1.305494150443,1.428181553915,0.777939969578,-0.180285543517,-0.809861966633,-0.218001815513,0.513902642758
1413393966255760384,1.263388955071,1.435763184906,0.794330268115,-0.179139306168,-0.809681118410,-0.218300123410,0.514461516146
1413393966305760256,1.221719095086,1.440246262953,0.812304770852,-0.175108848139,-0.809979113227,-0.223464951371,0.513160932796
1413393966355760640,1.174297505258,1.443656573921,0.835774722520,-0.167530624128,-0.809333540927,-0.231433882892,0.513177422885
1413393966405760512,1.127285241599,1.443186002890,0.860383762535,-0.158618877819,-0.805204769592,-0.239953777322,0.518562932896
1413393966455760384,1.079034624055,1.438499350538,0.885839089802,-0.154379088647,-0.799758070750,-0.243881045701,0.526380243556
1413393966505760512,1.028935214333,1.430203999256,0.910007489286,-0.153002654233,-0.792305545228,-0.242986919196,0.538330259134
1413393966555760384,0.977282835333,1.417213204761,0.934280375542,-0.153221676767,-0.784972172461,-0.239039099968,0.550637916345
1413393966605760512,0.927341806509,1.398558020918,0.957507821552,-0.154148349440,-0.778354773706,-0.235265870528,0.561295022942
1413393966655760640,0.878025914363,1.375844355077,0.975624504359,-0.155263767495,-0.772735188817,-0.231970373208,0.570055467846
1413393966705760512,0.827355051422,1.348303572058,0.992644127149,-0.156778888068,-0.768014795385,-0.229431420352,0.577005093289
1413393966755760384,0.778746603494,1.319717984372,1.003254404386,-0.158142497831,-0.764318981223,-0.226815989489,0.582547811115
1413393966805760256,0.730864740193,1.288427674441,1.011384943318,-0.158844986740,-0.762802234814,-0.224940191221,0.585066604007
1413393966855760640,0.689776957434,1.252625860884,1.013719623233,-0.162413548880,-0.762431943775,-0.222000990190,0.585691839286
1413393966905760512,0.647095155974,1.217942930367,1.010916753514,-0.169225092040,-0.766080342606,-0.215231587408,0.581514523188
1413393966955760384,0.603765676281,1.178390069722,1.010250599777,-0.179986851121,-0.770601133335,-0.204868007613,0.576027539431
1413393967005760512,0.564408180459,1.135101798124,1.006850702086,-0.193783594879,-0.775219379503,-0.193771954093,0.569153109282
1413393967055760384,0.523876024899,1.090159109295,1.002913985042,-0.206105305481,-0.778467999090,-0.184175464425,0.563549089033
1413393967105760512,0.488630718783,1.042345721472,0.997464910841,-0.216612175491,-0.780130840875,-0.178142043914,0.559232016907
1413393967155760640,0.454085335661,0.996444625971,0.991258816194,-0.225114549754,-0.781130882881,-0.174887410634,0.555492913456
1413393967205760512,0.420679949762,0.948555700365,0.984997812095,-0.232005227916,-0.780536070860,-0.174029630316,0.553760511484
1413393967255760384,0.389857708771,0.905695995745,0.973799450032,-0.238192112514,-0.777591752531,-0.176253709800,0.554572099653
1413393967305760256,0.359399318704,0.862389143547,0.962975374697,-0.244397811820,-0.774936660745,-0.181228023862,0.553984913854
1413393967355760640,0.329339196823,0.823562296887,0.947576999581,-0.250396260890,-0.770958032009,-0.188189857766,0.554535844510
1413393967405760512,0.302768404593,0.784174867557,0.932088773521,-0.257758112781,-0.766284754151,-0.196707800466,0.554684119194
1413393967455760384,0.280266713633,0.746771999008,0.914353822553,-0.268009332052,-0.760022354269,-0.203914054172,0.555838175602
1413393967505760512,0.258162546183,0.707289779816,0.896985388647,-0.279384741509,-0.753825408716,-0.209782730769,0.556491352364
1413393967555760384,0.238309298482,0.670573983664,0.878606097373,-0.291601830715,-0.748400994896,-0.218369975398,0.554237202835
1413393967605760512,0.218731801348,0.633928544768,0.861025019833,-0.304211659308,-0.744551358678,-0.225276135404,0.549862895137
1413393967655760640,0.201516912593,0.594589956546,0.841796561476,-0.316986749341,-0.739597358697,-0.232693612295,0.546231480738
1413393967705760512,0.188558306060,0.555878524323,0.828470001155,-0.328416059303,-0.734540364932,-0.242995350056,0.541799413186
1413393967755760384,0.179040374738,0.517574702262,0.815517889742,-0.339962552933,-0.729625471645,-0.251801195830,0.537278597664
1413393967805760256,0.168928534082,0.479715369873,0.804534706544,-0.351955678849,-0.725060226870,-0.261349931189,0.531141300414
1413393967855760640,0.160851655158,0.443445511407,0.797417099958,-0.363188366226,-0.721938491477,-0.269144159903,0.523889727282
1413393967905760512,0.153519683225,0.406790460438,0.793353540016,-0.375743170216,-0.722833320483,-0.273357353299,0.511473184276
1413393967955760384,0.147620855405,0.370241423019,0.792989978346,0.387711748258,0.725223046072,0.274335443276,-0.498468853863
1413393968005760512,0.141441429036,0.334471627780,0.797181768016,0.397826774575,0.729046001358,0.274072505286,-0.484881477457
1413393968055760384,0.136761358009,0.300614763774,0.806089269106,0.404647725182,0.730048054862,0.277949502378,-0.475430468340
1413393968105760512,0.131713311338,0.269187276225,0.818710258548,0.408516416500,0.730278283296,0.280907497204,-0.469998877031
1413393968155760640,0.125625823861,0.242557090045,0.834154278831,0.412414399010,0.728898376229,0.282450467661,-0.467806855377
1413393968205760512,0.117917649947,0.218926044527,0.851961538078,0.418064928364,0.726096208331,0.282310716991,-0.467232994331
1413393968255760384,0.110790879777,0.195327444273,0.871634926065,0.422530953669,0.724581582641,0.279479429438,-0.467269057194
1413393968305760256,0.100885706673,0.172900258644,0.892738767178,0.424348376927,0.725648602046,0.279431479374,-0.463983415311
1413393968355760640,0.091749870078,0.152860974060,0.909644828617,0.421388973623,0.729179179692,0.284737790873,-0.457879293330
1413393968405760512,0.082552817930,0.136312530328,0.922265610522,0.415528278641,0.733900352759,0.291563879185,-0.451350225683
1413393968455760384,0.072923912323,0.121881761736,0.930400817614,0.409527236094,0.737272808201,0.298447110333,-0.446817156698
1413393968505760512,0.062970046555,0.109587140837,0.938845567445,0.402818157638,0.737970191921,0.305823633547,-0.446776714789
1413393968555760384,0.050646335402,0.101051826424,0.946471569577,0.398228803547,0.737990087031,0.311912902456,-0.446648399473
1413393968605760512,0.036561698354,0.093630746609,0.950074000601,0.394625119862,0.739061359278,0.315937587663,-0.445244609959
1413393968655760640,0.024477091116,0.087328595276,0.953529399873,0.394164415430,0.739416904559,0.318157785478,-0.443477934515
1413393968705760512,0.009275825001,0.081074359116,0.953622522826,0.397205911480,0.738646438623,0.319098553527,-0.441367211891
1413393968755760384,-0.007256404485,0.074502785096,0.951060474942,0.400253521550,0.736994687406,0.319860531852,-0.440823308578
1413393968805760256,-0.025297411650,0.068469618680,0.944807479576,0.403031188975,0.731828045261,0.323442858632,-0.444272765408
1413393968855760640,-0.047845027906,0.063173245423,0.934971403021,0.405646426134,0.724087007016,0.330488652108,-0.449362030064
1413393968905760512,-0.070757515678,0.060829472344,0.923675176875,0.410318515578,0.713626225456,0.336998483624,-0.456955520976
1413393968955760384,-0.092594136807,0.057972909735,0.910816127586,0.418043823374,0.701495856149,0.340780089774,-0.465845313338
1413393969005760512,-0.116453200252,0.055595764200,0.897228640814,0.427950271964,0.689140104929,0.344438481864,-0.472553290874
1413393969055760384,-0.139737760709,0.055119704197,0.880491917711,0.437759404317,0.677603876921,0.348821571784,-0.477014885482
1413393969105760512,-0.162734486256,0.051399116663,0.862393535134,0.446184451502,0.666366149805,0.355860384258,-0.479832237921
1413393969155760640,-0.184993185468,0.047107019722,0.843510264075,0.453282996704,0.656483530192,0.366502676770,-0.478789815479
1413393969205760512,-0.206132064675,0.043692731579,0.825276538511,0.461247212905,0.648578800353,0.376082404389,-0.474508770656
1413393969255760384,-0.225931613221,0.041855997822,0.807330675453,0.471064156025,0.640429258076,0.384878074297,-0.468847303751
1413393969305760256,-0.244969856691,0.037594965931,0.788974727884,0.482505165052,0.632935029578,0.391322602982,-0.462005015586
1413393969355760640,-0.264141847111,0.030694917031,0.772036154002,0.494220547330,0.624909180954,0.395998698462,-0.456529951891
1413393969405760512,-0.281725024344,0.021072996719,0.756728292831,0.507302703899,0.615111360512,0.398799114593,-0.453035591302
1413393969455760384,-0.297203647505,0.010816581576,0.742522659653,0.521234832887,0.603584840625,0.397558449751,-0.453813693253
1413393969505760512,-0.314744659307,0.000994951132,0.728052981470,0.536110467557,0.590774508946,0.395035404459,-0.455541518833
1413393969555760384,-0.331152920955,-0.010173235383,0.713189087623,0.548917621431,0.578619180785,0.394973513501,-0.455944308159
1413393969605760512,-0.346099901529,-0.020650991311,0.696669492019,0.560928369281,0.570143584273,0.393575254749,-0.453204343202
1413393969655760640,-0.356020953102,-0.031672884544,0.687078646407,0.573519029791,0.561430272642,0.393928342089,-0.447987089911
1413393969705760512,-0.360763682481,-0.042180617768,0.682108578640,0.584376344920,0.555267913076,0.393909807342,-0.441607173726
1413393969755760384,-0.363615064043,-0.053384567007,0.678804809247,0.593818701427,0.549857790943,0.393745035962,-0.435890589748
1413393969805760256,-0.365228709802,-0.064742015905,0.678099544331,0.600635407713,0.545394612581,0.394768852022,-0.431206884272
1413393969855760640,-0.359917031791,-0.076593477448,0.684265716396,0.606479937656,0.540270821997,0.395102280077,-0.429166299233
1413393969905760512,-0.352618355549,-0.088211519181,0.695678819734,0.609192762319,0.537205436163,0.398208717172,-0.426291350209
1413393969955760384,-0.341686689140,-0.095867074396,0.713693219103,0.610038378641,0.537661068404,0.403097256379,-0.419864685353
1413393970005760512,-0.328526834123,-0.105523414543,0.732345040981,0.607861875830,0.541205903356,0.411515151188,-0.410189456749
1413393970055760384,-0.312197979212,-0.114514662984,0.755310416909,0.601391294733,0.549149348485,0.423055139306,-0.397225191527
1413393970105760512,-0.294041696183,-0.122070234753,0.779669354970,0.596095524026,0.557369025621,0.433016196486,-0.382762157344
1413393970155760640,-0.273233805124,-0.128971609184,0.803013348457,0.592434470536,0.563996350211,0.439304745918,-0.371403897776
1413393970205760512,-0.253015392479,-0.135829270752,0.823148622691,0.589482959120,0.569438405677,0.442788690405,-0.363576565109
1413393970255760384,-0.233465049119,-0.138984623885,0.838440553987,0.588548726921,0.571980590846,0.444473167129,-0.359015603334
1413393970305760256,-0.214430653442,-0.142006199984,0.852607718054,0.587391012954,0.573954213193,0.445190239431,-0.356866935670
1413393970355760640,-0.196758241725,-0.142170795515,0.863646580926,0.587463860216,0.575426420002,0.444149681841,-0.355670786297
1413393970405760512,-0.181491348155,-0.140787086519,0.874188000359,0.586936058457,0.576878345730,0.443945848378,-0.354442549954
1413393970455760384,-0.168849188453,-0.137498157812,0.883662512993,0.585236195703,0.577916442642,0.444950547852,-0.354302399834
1413393970505760512,-0.157011197079,-0.134178638783,0.894780967529,0.581460691959,0.576178971238,0.449273307474,-0.357875330249
1413393970555760384,-0.147507825108,-0.129179960456,0.905911401922,0.577254750510,0.573787740563,0.453757462905,-0.362834323969
1413393970605760512,-0.138905587187,-0.124893119207,0.917850533502,0.572099943507,0.572420972655,0.459437239151,-0.365996322365
1413393970655760640,-0.132838221185,-0.118253048912,0.927956275282,0.565356486364,0.571717001791,0.466653595209,-0.368437423816
1413393970705760512,-0.127840382759,-0.112123508699,0.936334733961,0.558514391392,0.571572783028,0.475565827017,-0.367700112161
1413393970755760384,-0.124269071717,-0.104705660417,0.942243143911,0.551336738530,0.575012073203,0.484538525798,-0.361401900154
1413393970805760256,-0.121740193421,-0.097029649589,0.943008626732,0.544473032449,0.580771499380,0.492311934645,-0.351969517786
1413393970855760640,-0.118866679595,-0.091489958994,0.939277942660,0.539533804091,0.585438232341,0.498888254226,-0.342455632385
1413393970905760512,-0.119633339639,-0.083625795648,0.934553877123,0.536184004972,0.589339814160,0.503246780601,-0.334556383996
1413393970955760384,-0.125852429016,-0.078862605075,0.928654278823,0.533346790255,0.590341845471,0.506707517356,-0.332092153876
1413393971005760512,-0.135735378040,-0.073961229382,0.924440407860,0.533349676305,0.588551193649,0.506600746288,-0.335412133202
1413393971055760384,-0.150699747027,-0.071246979350,0.921116956839,0.535501520571,0.583047582592,0.503115272563,-0.346653516372
1413393971105760512,-0.176818735015,-0.067243904807,0.919386150320,0.536990518279,0.576751115329,0.500174825719,-0.358921269865
1413393971155760640,-0.206220534774,-0.066647597293,0.921319049123,0.533660937359,0.568541508368,0.501763839471,-0.374432379207
1413393971205760512,-0.241358718838,-0.068435182631,0.925666491437,0.527712778543,0.559589950616,0.505719687795,-0.390673659093
1413393971255760384,-0.279813581825,-0.071056695073,0.930775981809,0.520944150980,0.552142371960,0.510220797637,-0.404265667978
1413393971305760256,-0.316444996442,-0.078473676872,0.938527622818,0.512984817826,0.544286932934,0.515744987869,-0.417858132391
1413393971355760640,-0.356883510536,-0.088561701957,0.944056173671,0.505024847860,0.537994443712,0.521977078743,-0.427845545549
1413393971405760512,-0.398076261635,-0.099940035437,0.945792393942,0.501536947014,0.533990059500,0.524180144789,-0.434224000884
1413393971455760384,-0.441363666527,-0.117164150617,0.945379411228,0.503791047666,0.534033075435,0.519342526790,-0.437363229478
1413393971505760512,-0.486256581796,-0.138950630179,0.939264147696,0.512584964389,0.536847904639,0.508196402616,-0.436792167896
1413393971555760384,-0.531242233324,-0.165531486941,0.932026470572,0.526909656006,0.540315279465,0.490670298208,-0.435509209594
1413393971605760512,-0.576210792462,-0.199032959313,0.922130035548,0.544408829348,0.539508552148,0.468914079937,-0.438940923501
1413393971655760640,-0.623978057828,-0.237529309757,0.909419357779,0.560448899479,0.536120320379,0.447535873271,-0.445178251137
1413393971705760512,-0.670090216646,-0.275614433183,0.900819236316,0.575463226378,0.528785898723,0.427575987587,-0.454319626735
1413393971755760384,-0.712089732524,-0.316621069434,0.893738445005,0.589488049901,0.518755996124,0.408702853092,-0.465143024653
1413393971805760256,-0.752030289711,-0.359096244241,0.887721813127,0.601184016745,0.509866033443,0.394000451938,-0.472628871129
1413393971855760640,-0.786552340221,-0.400616699449,0.886275011150,0.610666347326,0.504836913023,0.383433644866,-0.474557629248
1413393971905760512,-0.814619698185,-0.445956485563,0.886846757926,0.613655313701,0.505318692733,0.381675245522,-0.471597478467
1413393971955760384,-0.837047079828,-0.488418647412,0.890559856288,0.615213459769,0.509122059597,0.385702649608,-0.462104526525
1413393972005760512,-0.851811877386,-0.535661336694,0.895002581492,0.614100956478,0.513094120319,0.393132403186,-0.452837004353
1413393972055760384,-0.857008973762,-0.583816584028,0.904774000254,0.611940884392,0.519071975831,0.399636401435,-0.443151649624
1413393972105760512,-0.858520169693,-0.628321297194,0.913674229574,0.613680841420,0.522431275721,0.401646510405,-0.434903975266
1413393972155760640,-0.859236678885,-0.669758577749,0.917296310352,0.619139094672,0.525901701777,0.398067378850,-0.426188389578
1413393972205760512,-0.855754286670,-0.714784868909,0.913014207195,0.623993432526,0.530031657003,0.392852938792,-0.418766291887
1413393972255760384,-0.852443130324,-0.759043491697,0.900891530208,0.626016627168,0.535671180021,0.391748665511,-0.409502811315
1413393972305760256,-0.845895822056,-0.798984059230,0.889570777434,0.621318229889,0.542934989598,0.401718966025,-0.397249451369
1413393972355760640,-0.833343448255,-0.837222697669,0.883550487187,0.611842173755,0.550756738591,0.414910759579,-0.387511588080
1413393972405760512,-0.819467085074,-0.876067999301,0.877230559249,0.603402030711,0.556530928465,0.426913260769,-0.379373671695
1413393972455760384,-0.803455695360,-0.906990190008,0.877950436984,0.596714520534,0.562465180531,0.435596231914,-0.371242002495
1413393972505760512,-0.788990531203,-0.938811739499,0.873783596222,0.592424136328,0.569946428812,0.440215722678,-0.361116087274
1413393972555760384,-0.776514962139,-0.971504415157,0.866401439350,0.592179128748,0.576829482249,0.440235404447,-0.350406073798
1413393972605760512,-0.763133672287,-1.000783683438,0.862326237430,0.593654451305,0.581358769723,0.438370688726,-0.342676979936
1413393972655760640,-0.753865765558,-1.030554822359,0.854660530299,0.593325121238,0.583936477161,0.438607662884,-0.338536274582
1413393972705760512,-0.744594223210,-1.056410791370,0.849206074834,0.593273737778,0.584847838204,0.439103103506,-0.336404135977
1413393972755760384,-0.738468574396,-1.080060526006,0.843040963563,0.593555061978,0.584496091843,0.440260363893,-0.335003759688
1413393972805760256,-0.734224192417,-1.100960046586,0.838763957236,0.592416632421,0.583070995905,0.443177201592,-0.335655649966
1413393972855760640,-0.734249463616,-1.118918449560,0.834177458602,0.591439147572,0.582017267907,0.446356293600,-0.334995065249
1413393972905760512,-0.733610775859,-1.137602992041,0.825204647131,0.589704841763,0.580722770232,0.450163927678,-0.335203970671
1413393972955760384,-0.737020702154,-1.153945784652,0.816365181715,0.588062680377,0.579007017819,0.455492819889,-0.333855430229
1413393973005760512,-0.738337800250,-1.169342104269,0.808186815633,0.585365870717,0.578695295562,0.460092229235,-0.332826821173
1413393973055760384,-0.743860257001,-1.179959277499,0.800709748577,0.581654299580,0.577929216969,0.465216382330,-0.333541322126
1413393973105760512,-0.751184974308,-1.189375514291,0.794196352377,0.578559000300,0.574931586077,0.470296152929,-0.336963919498
1413393973155760640,-0.759512432752,-1.200698722274,0.786284052241,0.573704114983,0.571338493297,0.476075470437,-0.343202652928
1413393973205760512,-0.772080721667,-1.207377679056,0.779945219880,0.568466423933,0.568118296926,0.482103025407,-0.348803954181
1413393973255760384,-0.785881678433,-1.217321595647,0.774692051123,0.562269553794,0.563554704328,0.488821811609,-0.356808464868
1413393973305760256,-0.803155946832,-1.228626271185,0.768053724773,0.554659501395,0.558430658646,0.496414972299,-0.366169649581
1413393973355760640,-0.821882782436,-1.238814527822,0.760864403166,0.548043284596,0.552962823184,0.502942764317,-0.375405447760
1413393973405760512,-0.844917934579,-1.249592286437,0.752570090665,0.540898767707,0.548136822963,0.509483927722,-0.383927953916
1413393973455760384,-0.869649666105,-1.265975217759,0.743117314335,0.533288468007,0.544621648526,0.515370408329,-0.391642709706
1413393973505760512,-0.895808822306,-1.285868975284,0.737450523985,0.526781354552,0.539883074346,0.521285441571,-0.399110459568
1413393973555760384,-0.927240117807,-1.307335001635,0.730584184996,0.523023612300,0.537527840995,0.524184966479,-0.403410760948
1413393973605760512,-0.955565074336,-1.335882210609,0.726957149852,0.521849491785,0.535414537271,0.522814349300,-0.409474709071
1413393973655760640,-0.988798965244,-1.364453644610,0.725083619783,0.526136243062,0.532188806396,0.516153598286,-0.416582754155
1413393973705760512,-1.022501459388,-1.397062868368,0.721572907753,0.536843399812,0.530219552027,0.501388215948,-0.423410259247
1413393973755760384,-1.056644412406,-1.439423272480,0.710647067275,0.550415229007,0.528496353593,0.481611896618,-0.431027448026
1413393973805760256,-1.092941374101,-1.483032006786,0.704077112647,0.566683667456,0.526255353444,0.458831146181,-0.437491603696
1413393973855760640,-1.127048181357,-1.529266549792,0.698491355986,0.586002078670,0.522616221017,0.430764206730,-0.444877564645
1413393973905760512,-1.160954750486,-1.580091208490,0.689893169939,0.603481604463,0.518518270852,0.403468974180,-0.451842387057
1413393973955760384,-1.191665786440,-1.628285027543,0.687018939428,0.621307502472,0.519066937738,0.376504583266,-0.450322995525
1413393974005760512,-1.216642980079,-1.677751292160,0.674478015296,0.636744290148,0.525551970527,0.353079341867,-0.440098640745
1413393974055760384,-1.233099183346,-1.727064921711,0.666046236694,0.651977566386,0.535058499402,0.330404173228,-0.423639867647
1413393974105760512,-1.237778752887,-1.777045895004,0.668004016094,0.665258861922,0.547180099695,0.309323471494,-0.402918819509
1413393974155760640,-1.237529784600,-1.823169095989,0.668068868188,0.675749516321,0.559944723883,0.292551466841,-0.379786962173
1413393974205760512,-1.231093723608,-1.859589690302,0.667774338463,0.678839582832,0.577415182786,0.286052720725,-0.352054496397
1413393974255760384,-1.219106635274,-1.888419342785,0.668604558177,0.674765963615,0.596744314163,0.289848937518,-0.323380134331
1413393974305760256,-1.200854335722,-1.906520379804,0.676801469173,0.668306989346,0.613091107588,0.298059977505,-0.297733625238
1413393974355760640,-1.174276077250,-1.915651404709,0.692255096940,0.660467248149,0.627458877141,0.305944982852,-0.276543014895
1413393974405760512,-1.150115890447,-1.910083078586,0.709230021931,0.651809252757,0.639821530418,0.315347195047,-0.257544663717
1413393974455760384,-1.126169092385,-1.894277404403,0.725103157276,0.639551523773,0.650862622105,0.329372565282,-0.242621946300
1413393974505760512,-1.099496235977,-1.869171538929,0.742754488874,0.623781924464,0.660965823909,0.345694611311,-0.233485601368
1413393974555760384,-1.077414567788,-1.832761869357,0.759984723407,0.606876799395,0.667347152630,0.365245472326,-0.230095791308
1413393974605760512,-1.061097202065,-1.782391686959,0.783449780033,0.590795998086,0.670259933534,0.384024948084,-0.232887417851
1413393974655760640,-1.049303807628,-1.725091909088,0.806335940887,0.573915482678,0.669857011440,0.404213511704,-0.241917423771
1413393974705760512,-1.042785482739,-1.664934874547,0.830733040040,0.557150333272,0.665259858231,0.425323571493,-0.257123874220
1413393974755760384,-1.043980150892,-1.595314780267,0.859481852932,0.543046139953,0.659546254003,0.442208288754,-0.273041128899
1413393974805760256,-1.049504261868,-1.520900589578,0.887433577803,0.531801182119,0.652417670751,0.456386757572,-0.288530437045
1413393974855760640,-1.060008599407,-1.444586643431,0.908324887190,0.526151936703,0.642055651864,0.464747965427,-0.308120119507
1413393974905760512,-1.075999095566,-1.368786425259,0.916996796687,0.523805864166,0.630759190077,0.468624304111,-0.328879191186
1413393974955760384,-1.097077278877,-1.288208222846,0.926666898261,0.524162007108,0.619343132797,0.470506751394,-0.346830896915
1413393975005760512,-1.117436436777,-1.209262981523,0.935867958603,0.525182744703,0.608450474805,0.470370394892,-0.364311399746
1413393975055760384,-1.142079960232,-1.135012159976,0.936469516109,0.527433072686,0.599225482495,0.468764587185,-0.378157291041
1413393975105760512,-1.169084230040,-1.065742109883,0.929011350893,0.529880187574,0.590183813663,0.467327582869,-0.390531667341
1413393975155760640,-1.197999066788,-1.000194495955,0.924008615986,0.534260071469,0.583919489569,0.462276802244,-0.399880436933
1413393975205760512,-1.228251075555,-0.935103871042,0.914609563761,0.538580052592,0.579703906746,0.458290564307,-0.404777304354
1413393975255760384,-1.258877223019,-0.873370648587,0.905926077409,0.542933045913,0.577028549012,0.453681514683,-0.407964268675
1413393975305760256,-1.293079959892,-0.816933303335,0.896332536986,0.545228678798,0.576799157994,0.450595418331,-0.408646776732
1413393975355760640,-1.327292599708,-0.757207107132,0.888857048283,0.543339162579,0.576516684367,0.454032926493,-0.407756261404
1413393975405760512,-1.362808405578,-0.698679915051,0.884614530921,0.539923605184,0.577419821298,0.458496348465,-0.406017178185
1413393975455760384,-1.398761111102,-0.647652696982,0.887577668198,0.534638931594,0.578943111409,0.464144845472,-0.404420139209
1413393975505760512,-1.435219751956,-0.597154032383,0.885466691225,0.530191918981,0.578988177785,0.469673987749,-0.403826155993
1413393975555760384,-1.470959292335,-0.557177431332,0.882562456315,0.525344616163,0.578346296054,0.475255666799,-0.404549931757
1413393975605760512,-1.509101295581,-0.516730451527,0.882223296018,0.522504476131,0.578033820795,0.478112486773,-0.405307814422
1413393975655760640,-1.547947962012,-0.477456153856,0.886504551125,0.522611398920,0.577011212911,0.477808328641,-0.406982293196
1413393975705760512,-1.589119399960,-0.443322168147,0.886173919029,0.526713594647,0.574307371236,0.472885139689,-0.411246248882
1413393975755760384,-1.630844203163,-0.409587092778,0.887337928725,0.532695671780,0.570484668199,0.466775124288,-0.415816724006
1413393975805760256,-1.674883860364,-0.381276961367,0.882617538062,0.538462166252,0.566691683308,0.461011968028,-0.419984519856
1413393975855760640,-1.718990037872,-0.357419664748,0.877833749341,0.543573829418,0.560742260971,0.456969490788,-0.425763424006
1413393975905760512,-1.764262124479,-0.333573107754,0.872517433704,0.550056898779,0.555109009977,0.452066286439,-0.430031938132
1413393975955760384,-1.808459903707,-0.313357884879,0.865852645025,0.554503933718,0.554658347427,0.448812588095,-0.428306859492
1413393976005760512,-1.848124152746,-0.296916296356,0.860966963215,0.559011925150,0.554667082363,0.447381322330,-0.423910424161
1413393976055760384,-1.889133205430,-0.284825939539,0.851213674144,0.562154220126,0.557248673524,0.447394317794,-0.416287008031
1413393976105760512,-1.925229178348,-0.271495833009,0.844192674464,0.565881755916,0.559402914490,0.446652144187,-0.409081996272
1413393976155760640,-1.958013938097,-0.260964993512,0.841053020043,0.568944134175,0.559639929727,0.445688668644,-0.405545721078
1413393976205760512,-1.991847358104,-0.251515500276,0.826465990138,0.572541773965,0.558266974370,0.444721435699,-0.403431217214
1413393976255760384,-2.025737387347,-0.246644196579,0.815116728741,0.576056380965,0.556808934320,0.441399016040,-0.404091283313
1413393976305760256,-2.059932317567,-0.242035254078,0.798497390235,0.578458742422,0.553180552272,0.439837638700,-0.407332310879
1413393976355760640,-2.092822297040,-0.233564440168,0.783933018215,0.579991004091,0.548335595334,0.439057515739,-0.412513039717
1413393976405760512,-2.125241172011,-0.230115699627,0.772580070613,0.579335350704,0.545675542579,0.438232755071,-0.417804746309
1413393976455760384,-2.154210046455,-0.222874340134,0.766751588803,0.579648767934,0.544706078911,0.435216364673,-0.421769260794
1413393976505760512,-2.180732409818,-0.220784108600,0.759471718518,0.579629956600,0.547905207356,0.429470987448,-0.423537091769
1413393976555760384,-2.205694920222,-0.222173968947,0.753711589591,0.577642887809,0.553645217637,0.424501619329,-0.423797171225
1413393976605760512,-2.228667510630,-0.224475320134,0.742594642553,0.576168142060,0.559322546762,0.419119386934,-0.423706856511
1413393976655760640,-2.246185903195,-0.223649451396,0.734548784382,0.574108878650,0.563863067648,0.414875163017,-0.424659905699
1413393976705760512,-2.263514579759,-0.225113991878,0.726195232131,0.572831297620,0.566914310031,0.409190511964,-0.427826593923
1413393976755760384,-2.276114652005,-0.229648445354,0.721730771532,0.572005594450,0.569777371740,0.403041496195,-0.430953476510
1413393976805760256,-2.287132700660,-0.230192322549,0.712764566147,0.572889437326,0.572896901800,0.397058977952,-0.431197171299
1413393976855760640,-2.293318851193,-0.225568444543,0.699464697168,0.574460436876,0.578918793799,0.391026012527,-0.426552334630
1413393976905760512,-2.291242104847,-0.222161957095,0.691953203614,0.576198112045,0.586824180942,0.384872680857,-0.418934524560
1413393976955760384,-2.287975962028,-0.214045157028,0.682375502536,0.577408553014,0.594917217187,0.380939992689,-0.409337989407
1413393977005760512,-2.280043018875,-0.215151727944,0.680366658457,0.575667549056,0.603543953108,0.380227562965,-0.399710607806
1413393977055760384,-2.272897992345,-0.211341932615,0.677740713181,0.572243741944,0.609519443948,0.384957589969,-0.390935801867
1413393977105760512,-2.270214340748,-0.215027966354,0.670257539684,0.566601271315,0.614683297513,0.392089104129,-0.383918712133
1413393977155760640,-2.268429668536,-0.213349772244,0.672110231828,0.561667412195,0.617852861299,0.397408204724,-0.380597265728
1413393977205760512,-2.265471450843,-0.206360732173,0.680246763262,0.556955760369,0.618403929180,0.404516583501,-0.379134797979
1413393977255760384,-2.262803410817,-0.198793543955,0.688445668412,0.552347305364,0.617853919490,0.410747085894,-0.380073440084
1413393977305760256,-2.261219428378,-0.189852388020,0.701740586329,0.548291744816,0.616706918230,0.416008059135,-0.382081188111
1413393977355760640,-2.262138420405,-0.182139397836,0.716135517506,0.545441041282,0.615119945410,0.420936129840,-0.383320098404
1413393977405760512,-2.264584030078,-0.173666102908,0.732202463354,0.543172132383,0.614178086836,0.425083108216,-0.383475766330
1413393977455760384,-2.269187820456,-0.162320617757,0.748687821145,0.542681524888,0.614052776174,0.427006750518,-0.382231848007
1413393977505760512,-2.271752066140,-0.149791569138,0.772012934155,0.542818673185,0.613850660452,0.428944925993,-0.380186145419
1413393977555760384,-2.275005110910,-0.139573701112,0.792628347769,0.543142336281,0.613154089645,0.430473574149,-0.379118671196
1413393977605760512,-2.280347307320,-0.130054908606,0.810133263390,0.543916561281,0.612412572165,0.431619847797,-0.377902001590
1413393977655760640,-2.286935463763,-0.120747384539,0.825203576559,0.544711088370,0.611920388336,0.432168673367,-0.376926393750
1413393977705760512,-2.295370056358,-0.110659073541,0.836291197036,0.545632700662,0.611400371093,0.432940744519,-0.375548737092
1413393977755760384,-2.305031903365,-0.100466597790,0.842364132286,0.546921167004,0.610025059558,0.434062664528,-0.374614824930
1413393977805760256,-2.316087184279,-0.089608849662,0.848670847203,0.547866605530,0.608555421365,0.435051396316,-0.374476653792
1413393977855760640,-2.329450740017,-0.077872350685,0.853202299470,0.548291613945,0.607742248249,0.436616276986,-0.373352236424
1413393977905760512,-2.342310821190,-0.067027310395,0.858820054438,0.549310538465,0.606442997211,0.437290189023,-0.373178394403
1413393977955760384,-2.356084977102,-0.051735669990,0.864769950135,0.551614868951,0.604996507919,0.437257791459,-0.372163788629
1413393978005760512,-2.371459278564,-0.039546488569,0.869515890761,0.553707100066,0.603230675398,0.437119603813,-0.372085543333
1413393978055760384,-2.386562346117,-0.025456238172,0.870479595383,0.556993774520,0.600816780682,0.436285861616,-0.372064212404
1413393978105760512,-2.401777045369,-0.015981151728,0.874992316890,0.560009165684,0.598117809411,0.434846373356,-0.373568537212
1413393978155760640,-2.419986602476,-0.001920561875,0.883444189837,0.563821375474,0.595304543642,0.432662979597,-0.374860911491
1413393978205760512,-2.439265505404,0.010677022567,0.894053810105,0.567135289422,0.591534713985,0.431468897727,-0.377198669056
1413393978255760384,-2.457672719408,0.024022499674,0.895081730999,0.570344882669,0.587035688519,0.431868041167,-0.378927183292
1413393978305760256,-2.475471062276,0.038505503934,0.907462924972,0.574723476560,0.580701600813,0.432712822507,-0.381101285148
1413393978355760640,-2.493374209505,0.056045898316,0.908920037313,0.579206537552,0.573195827672,0.435107255675,-0.382946479362
1413393978405760512,-2.509010198125,0.064792505409,0.917956677040,0.583555310854,0.565374314589,0.437448853635,-0.385296748015
1413393978455760384,-2.526491388480,0.085705911116,0.923282347815,0.589461489736,0.554853780660,0.442505717669,-0.385825250646
1413393978505760512,-2.541782681302,0.097949711780,0.932867922322,0.595257006198,0.544846109938,0.446682390223,-0.386376313096
1413393978555760384,-2.558620999222,0.111650884654,0.944738558516,0.601260403481,0.534668288681,0.452153586398,-0.384932309104
1413393978605760512,-2.573698881987,0.124755975243,0.952669830493,0.609192932635,0.523661529861,0.458184139418,-0.380433788401
1413393978655760640,-2.586543504176,0.127806795949,0.956894628536,0.616241973470,0.514158468427,0.463212082034,-0.375927475101
1413393978705760512,-2.597959188671,0.138207242784,0.961467582879,0.625413395842,0.504668985719,0.467456835295,-0.368308846337
1413393978755760384,-2.607518216852,0.147950615720,0.968030695245,0.635533420299,0.493771622019,0.471764299818,-0.360173989051
1413393978805760256,-2.616132818022,0.149295480392,0.982637849637,0.645022039435,0.484336135032,0.473728155070,-0.353478022003
1413393978855760640,-2.626940646287,0.156159641463,0.984859919541,0.653887796813,0.472731129155,0.478983646363,-0.345732114829
1413393978905760512,-2.631964474063,0.157156801065,0.994470941804,0.661920104380,0.460647651366,0.483875911712,-0.339896482438
1413393978955760384,-2.637708788058,0.155129245861,1.001286046135,0.668836510889,0.448942228809,0.489088523396,-0.334516088068
1413393979005760512,-2.642808753872,0.157763503082,1.005873583745,0.676548439911,0.435448311746,0.494131886847,-0.329394375562
1413393979055760384,-2.644419445759,0.156419151179,1.012213190686,0.683871361394,0.422524192828,0.498643167192,-0.324265723371
1413393979105760512,-2.645218178047,0.155788493701,1.022422394177,0.691283179761,0.408319503140,0.503348179895,-0.319442261657
1413393979155760640,-2.645556765128,0.158286818997,1.027902258036,0.698812381663,0.394270573768,0.509269155777,-0.311218407021
1413393979205760512,-2.642822933086,0.152875357243,1.038087494245,0.704874897753,0.380997288099,0.516057419417,-0.302782405110
1413393979255760384,-2.639469639000,0.148655588184,1.042627156382,0.710892072361,0.367507304861,0.522362762673,-0.294462198762
1413393979305760256,-2.630912813375,0.142851318589,1.049920167750,0.717521077165,0.353049177298,0.527354663349,-0.287083335073
1413393979355760640,-2.620580187351,0.136634810111,1.052089678003,0.723905666449,0.337959089394,0.531946024008,-0.280673596051
1413393979405760512,-2.609303046293,0.130544067315,1.050173444575,0.730255772886,0.322359944059,0.536127029887,-0.274551234667
1413393979455760384,-2.595153381235,0.122960328823,1.047573964121,0.736270502929,0.306524614600,0.540196623989,-0.268581485942
1413393979505760512,-2.581116568777,0.109373977403,1.041327592615,0.741843471662,0.290358397373,0.543573415238,-0.264363777538
1413393979555760384,-2.565352501588,0.099359820447,1.029013476041,0.747102441737,0.273510689978,0.547853220335,-0.258624617906
1413393979605760512,-2.545477287248,0.085695958816,1.017246345207,0.752301318009,0.258126793916,0.551401785926,-0.251732706779
1413393979655760640,-2.525002423879,0.073119708259,1.004544261928,0.757266281034,0.245005352262,0.555376625093,-0.240991620751
1413393979705760512,-2.506795396900,0.058550462906,0.990706738699,0.760608477036,0.231402931744,0.561675479900,-0.229015464806
1413393979755760384,-2.483253504304,0.035167562779,0.981834404009,0.764246419250,0.220893561564,0.565673675017,-0.217132997299
1413393979805760256,-2.458702994856,0.013905282904,0.972151148512,0.767061743730,0.211006349986,0.571211250333,-0.202015615890
1413393979855760640,-2.433537706594,-0.011321928172,0.963181129025,0.770410662540,0.201005324702,0.575566735545,-0.186513279473
1413393979905760512,-2.406556657403,-0.038961394785,0.956336074966,0.773960761169,0.190513210253,0.578687818404,-0.172655337942
1413393979955760384,-2.377192984234,-0.070777148055,0.953082727398,0.778135993785,0.179868515098,0.580197816725,-0.159756645933
1413393980005760512,-2.348814092921,-0.101225804264,0.950346718379,0.782305103197,0.168765640198,0.581306503588,-0.146968136300
1413393980055760384,-2.321539242197,-0.131901209908,0.942744635625,0.787225971125,0.159114000720,0.580948915996,-0.132122527083
1413393980105760512,-2.290583400346,-0.164858535999,0.940930508761,0.792659421549,0.151059590832,0.579160672380,-0.115952391158
1413393980155760640,-2.259398866003,-0.199566352722,0.940502407672,0.797578705518,0.144325939839,0.577237959140,-0.099169401135
1413393980205760512,-2.230204133610,-0.235183607857,0.934549843522,0.802366882067,0.138806080917,0.574538533027,-0.082738942042
1413393980255760384,-2.195156305115,-0.266813810608,0.933761988878,0.806964415893,0.134262028464,0.571003230816,-0.068829133310
1413393980305760256,-2.157866532627,-0.296338031629,0.931259462212,0.810677036775,0.130582882437,0.567868606712,-0.057237211423
1413393980355760640,-2.121102339145,-0.323757757654,0.928620184459,0.812704635494,0.127661343098,0.566418663663,-0.048822683053
1413393980405760512,-2.080413702042,-0.351069236875,0.928107220717,0.812822458568,0.126247550641,0.567031640316,-0.043085098181
1413393980455760384,-2.039702914295,-0.372213476868,0.925130244702,0.811184428548,0.123231768698,0.570270987928,-0.039808973772
1413393980505760512,-1.998422311037,-0.391747182380,0.921633584250,0.806824297349,0.121683137804,0.576893797775,-0.037700308629
1413393980555760384,-1.955545672047,-0.408236257797,0.920216483523,0.800565817606,0.120690894450,0.585763888471,-0.037533273796
1413393980605760512,-1.909613193893,-0.420128328692,0.923793270305,0.793911557010,0.119877073282,0.594957927998,-0.036864493222
1413393980655760640,-1.863128798370,-0.432932694758,0.927758023452,0.788698906579,0.120030566388,0.601816527159,-0.036926488203
1413393980705760512,-1.817367964734,-0.443594548351,0.930301993159,0.785238719540,0.120270363931,0.606246563496,-0.037420544427
1413393980755760384,-1.775447367878,-0.449205825976,0.930851686623,0.784949731802,0.120132085284,0.606693817638,-0.036671682110
1413393980805760256,-1.730356582796,-0.457399246884,0.933061841779,0.788109817022,0.119301421634,0.602610914043,-0.038860949369
1413393980855760640,-1.688116705312,-0.460900658198,0.933575527763,0.792069975165,0.117310358726,0.597612855685,-0.041500709606
1413393980905760512,-1.644268920481,-0.465372913932,0.935539684653,0.798272083180,0.115115148608,0.589427083193,-0.045671625482
1413393980955760384,-1.599790878530,-0.466533081436,0.942221974132,0.803368767107,0.111653845553,0.582665156948,-0.051316251707
1413393981005760512,-1.556396532786,-0.464250887744,0.945810789630,0.806831884054,0.106472905841,0.578206511756,-0.057991904246
1413393981055760384,-1.511645088802,-0.462961346187,0.951626689715,0.808078038168,0.102998924503,0.576379686306,-0.064711382275
1413393981105760512,-1.464610381702,-0.461303073258,0.959231630698,0.807886919772,0.098828602650,0.576511587313,-0.072014039275
1413393981155760640,-1.416518695452,-0.455272745964,0.972715515998,0.805765190211,0.094234148565,0.579551079471,-0.077349400600
1413393981205760512,-1.363643427988,-0.450985384457,0.990535615726,0.803253152083,0.091161954384,0.582835229949,-0.082322332764
1413393981255760384,-1.312958376948,-0.449520301590,1.005598084561,0.800668555861,0.090176066017,0.585983282841,-0.086149480573
1413393981305760256,-1.260135147412,-0.447219168089,1.027360046673,0.800601640479,0.091118674777,0.585641834135,-0.088079750679
1413393981355760640,-1.209672115792,-0.442580711846,1.047306869320,0.801099872279,0.091071294616,0.584836690170,-0.088944138443
1413393981405760512,-1.158310405146,-0.438331611335,1.068786498985,0.801641401556,0.094490514331,0.583826017648,-0.087119384353
1413393981455760384,-1.102136550928,-0.440996118921,1.091749912020,0.802791388127,0.097949026221,0.582087510500,-0.084297719608
1413393981505760512,-1.047995688391,-0.441126595530,1.113451584775,0.802345233825,0.103505509883,0.582584391883,-0.078257022152
1413393981555760384,-0.988589447148,-0.443142649148,1.135083079799,0.802063778670,0.109492427943,0.582665689703,-0.072151210745
1413393981605760512,-0.927685837012,-0.445191330131,1.150830340382,0.801024138810,0.114242930718,0.583637202169,-0.068384925744
1413393981655760640,-0.866980894418,-0.442823684808,1.161808038768,0.800514616906,0.118014217175,0.584055011782,-0.064255240070
1413393981705760512,-0.801916930298,-0.438309547996,1.167293277213,0.799933669179,0.122047085481,0.584310355882,-0.061579557071
1413393981755760384,-0.736682686911,-0.434009404168,1.170494515612,0.798871472456,0.125105634471,0.585392704969,-0.058892543582
1413393981805760256,-0.671477612969,-0.427151390946,1.172489234899,0.796570674293,0.128779551010,0.587973797948,-0.056371987951
1413393981855760640,-0.607535932088,-0.419100900662,1.174352999478,0.793527045271,0.135220314278,0.590883258239,-0.053733324503
1413393981905760512,-0.540701015826,-0.411884497796,1.178442955619,0.790322075699,0.142308845538,0.593543702007,-0.053339319014
1413393981955760384,-0.474019719625,-0.405181776641,1.186721867475,0.786692560350,0.150708559455,0.596084671429,-0.055541066650
1413393982005760512,-0.406794912123,-0.393757409558,1.196226333203,0.783099056709,0.159065365745,0.598307775843,-0.059007475519
1413393982055760384,-0.338593649180,-0.378390504483,1.207719402838,0.780309627302,0.169393626288,0.598708693896,-0.063012576252
1413393982105760512,-0.269926853536,-0.363202875343,1.216856889361,0.776295136265,0.181960090762,0.599505943571,-0.069634836145
1413393982155760640,-0.203298928883,-0.343758694311,1.226185774356,0.771430492466,0.194194449549,0.600900182502,-0.078118382771
1413393982205760512,-0.138355417025,-0.324532167163,1.229752278099,0.766676460815,0.207938700498,0.600934297149,-0.088581441497
1413393982255760384,-0.075076178400,-0.301793539616,1.234330148096,0.761875502873,0.223351501893,0.599541997432,-0.101040675169
1413393982305760256,-0.016854642311,-0.271189341556,1.240039544006,0.756714848226,0.239333579588,0.598015079304,-0.111714104214
1413393982355760640,0.040161742971,-0.242963643560,1.246446477173,0.752520585941,0.257387072398,0.593353824433,-0.124080222955
1413393982405760512,0.097303011172,-0.210656831854,1.255020178168,0.748355943772,0.277425464559,0.587180591281,-0.134972020282
1413393982455760384,0.151710146530,-0.179227168700,1.262372686521,0.743399360740,0.297417748506,0.580718339349,-0.147194713457
1413393982505760512,0.206214639991,-0.146025876008,1.269402483278,0.737763174151,0.318518316400,0.573210266554,-0.160254707581
1413393982555760384,0.255795702982,-0.108800164833,1.275988733989,0.730448034520,0.340524170068,0.565949908592,-0.173751717776
1413393982605760512,0.298216090754,-0.068383596621,1.283128774771,0.720532067290,0.363998937048,0.559720766871,-0.187219061444
1413393982655760640,0.343220734691,-0.026477932810,1.289443590168,0.710828551506,0.387381113574,0.551940339219,-0.200051256316
1413393982705760512,0.384426523645,0.011279764930,1.295471714301,0.698242555315,0.412176553010,0.545745743718,-0.211493277223
1413393982755760384,0.428412998709,0.053892762904,1.305098215636,0.683926499598,0.439063300496,0.537482928049,-0.224900118633
1413393982805760256,0.470829930305,0.097924454769,1.310594402475,0.669649533273,0.463418840505,0.529876742460,-0.236734278575
1413393982855760640,0.516462194579,0.138045064323,1.321350986095,0.653646461437,0.487912585431,0.522599348412,-0.248148208673
1413393982905760512,0.556428357894,0.178002218883,1.326878661125,0.636140139564,0.512931012620,0.513966682033,-0.260894133485
1413393982955760384,0.584773678408,0.221061766307,1.331685058754,0.620219535135,0.535913267558,0.504553133963,-0.271202568019
1413393983005760512,0.617842578401,0.253967375300,1.341587939149,0.604004412736,0.557826392616,0.493554628712,-0.283570473735
1413393983055760384,0.647871137947,0.290072435403,1.351066112753,0.585948500462,0.579207794048,0.483508800261,-0.295638167682
1413393983105760512,0.674938993570,0.328407252425,1.358496845543,0.567930380523,0.599189630899,0.473673079470,-0.306693141246
1413393983155760640,0.696210337030,0.362214922867,1.371733303309,0.548764487095,0.619489249829,0.463894435474,-0.316057842470
1413393983205760512,0.714757678097,0.402706316000,1.381254508751,0.528969584155,0.639164330261,0.454104288277,-0.324729785097
1413393983255760384,0.728286638008,0.442790382521,1.391248050956,0.508783837832,0.657256703908,0.445321418463,-0.332928619656
1413393983305760256,0.744493422239,0.482693912646,1.401354386357,0.489370379170,0.675103888227,0.434122906930,-0.341011251677
1413393983355760640,0.758623485742,0.525758819869,1.400495578539,0.468315556150,0.690569307913,0.425514729523,-0.350330966081
1413393983405760512,0.765292745547,0.573445375793,1.401553512284,0.446730036456,0.705315651109,0.415844597260,-0.360604184334
1413393983455760384,0.763744392592,0.619215624330,1.406722971134,0.426185479672,0.718689607579,0.405254951327,-0.370971170443
1413393983505760512,0.757893631857,0.667894962011,1.410976677433,0.405253940814,0.730289502211,0.395942338286,-0.381675452667
1413393983555760384,0.746715373172,0.711687966287,1.414007990387,0.384187740783,0.740790010050,0.385356103890,-0.393866238762
1413393983605760512,0.727173343178,0.754780328863,1.418538276451,0.362931971997,0.750485342531,0.374652541659,-0.405817209317
1413393983655760640,0.706441319613,0.792615708832,1.422916406381,0.342588675157,0.759841441684,0.363434080257,-0.416160608975
1413393983705760512,0.682810106149,0.827185006693,1.430466395500,0.323408815323,0.767871439717,0.350641430826,-0.427587157462
1413393983755760384,0.654056252413,0.858929848197,1.429924319415,0.305711408876,0.775333971261,0.336928544170,-0.438037582424
1413393983805760256,0.614739269306,0.885596652397,1.434007006646,0.289508267725,0.782408456872,0.322140151187,-0.447490438476
1413393983855760640,0.578203628538,0.912185113630,1.435619263849,0.274172432560,0.789372916404,0.306287167365,-0.455969348947
1413393983905760512,0.536746422715,0.930170087538,1.441742392332,0.258670958937,0.794993414339,0.292487924095,-0.464247369857
1413393983955760384,0.490815279920,0.946452602609,1.447064933999,0.241154648477,0.800195058031,0.280761360871,-0.471916690595
1413393984005760512,0.443498282436,0.957498782734,1.452831541994,0.223957470522,0.805279985779,0.269022681209,-0.478533168022
1413393984055760384,0.392679350426,0.967374156389,1.456675312189,0.205988532124,0.809775577240,0.257832385407,-0.485133693093
1413393984105760512,0.340709384391,0.970489593289,1.463169730581,0.187400532989,0.813841155477,0.246674643394,-0.491625095162
1413393984155760640,0.283681628330,0.973030437893,1.468419842046,0.169530289416,0.818113104003,0.235002468959,-0.496713468322
1413393984205760512,0.226967802738,0.968623722397,1.474761323216,-0.151270216142,-0.821526569616,-0.223617260913,0.502201889428
1413393984255760384,0.171026844059,0.960326772190,1.480965477390,-0.133972417800,-0.824642815604,-0.210925055790,0.507470431436
1413393984305760256,0.113893837716,0.949864032533,1.482935267944,-0.119216644597,-0.827344426358,-0.196645180813,0.512463915498
1413393984355760640,0.052698837814,0.931870265989,1.488828879853,-0.105779472556,-0.829200493358,-0.182686215957,0.517554819802
1413393984405760512,-0.008638496515,0.909428888877,1.495208134010,-0.092835844639,-0.830151587859,-0.169891870564,0.522844718288
1413393984455760384,-0.066264158213,0.879970983925,1.501322194478,-0.079966300827,-0.830245589143,-0.159247360175,0.528145747609
1413393984505760512,-0.130206520918,0.849921486252,1.509513161776,-0.069388368096,-0.830511725943,-0.148663692723,0.532291869100
1413393984555760384,-0.196360980801,0.816757529096,1.517674600650,-0.058259374009,-0.830207418970,-0.138143996635,0.536915005397
1413393984605760512,-0.258174954648,0.780073623459,1.524598524587,-0.051182205655,-0.831014918616,-0.126852913982,0.539168735255
1413393984655760640,-0.317936329359,0.739204651151,1.528732922964,-0.049378009486,-0.832884894719,-0.111527327409,0.539839068214
1413393984705760512,-0.377115947622,0.693431587632,1.532130667364,-0.052189845679,-0.834604434830,-0.093175222922,0.540398034048
1413393984755760384,-0.437825960093,0.646789238499,1.531031691466,-0.055039089882,-0.835192150558,-0.078826171480,0.541489801309
1413393984805760256,-0.499824014362,0.599298332361,1.527417016483,-0.059342351412,-0.836212222833,-0.064895161702,0.541309728069
1413393984855760640,-0.557387234155,0.550357173798,1.522071015830,-0.067868355000,-0.838455926673,-0.050871504640,0.538328557140
1413393984905760512,-0.617032601446,0.504247553773,1.510860601520,-0.080082845025,-0.841167416037,-0.039278312863,0.533367912672
1413393984955760384,-0.671194702793,0.452674416392,1.500770108705,-0.093904206542,-0.842986248792,-0.030359777011,0.528804754405
1413393985005760512,-0.726324276028,0.404819599747,1.487451972961,-0.108423010685,-0.843998590754,-0.026142769199,0.524621182548
1413393985055760384,-0.777936946235,0.364810699578,1.471152257567,-0.121878934939,-0.843833119988,-0.028531431340,0.521801828528
1413393985105760512,-0.830731542748,0.319175703620,1.459237391985,-0.132439840569,-0.842096718763,-0.038094179310,0.521422706047
1413393985155760640,-0.878928439742,0.281044800028,1.446309768368,-0.141401487696,-0.838195508607,-0.052072492553,0.524139641840
1413393985205760512,-0.930626169101,0.240837494682,1.428148527010,-0.150368865238,-0.834260302273,-0.068195742415,0.526068715222
1413393985255760384,-0.978846382809,0.204648492426,1.407279302044,-0.159736108651,-0.829866302100,-0.085629806695,0.527706198976
1413393985305760256,-1.024894324079,0.172290961693,1.387439151204,-0.169646894744,-0.825292466348,-0.103883184982,0.528507861787
1413393985355760640,-1.069520018265,0.135799226867,1.365902546977,-0.179199097162,-0.820752235757,-0.123166809474,0.528283435403
1413393985405760512,-1.115806884510,0.102365328632,1.346351583369,-0.190206467660,-0.816809387369,-0.140338422426,0.526259490705
1413393985455760384,-1.158313656024,0.068245423796,1.329735562058,-0.203190379205,-0.812207584036,-0.156370631390,0.524004518941
1413393985505760512,-1.202755392019,0.037741117218,1.311212897781,-0.216529427727,-0.807439283736,-0.171362207751,0.521336555176
1413393985555760384,-1.249981019455,0.002787412669,1.292715412824,-0.232197874615,-0.803518902286,-0.182284877811,0.516927213459
1413393985605760512,-1.294877828932,-0.033006974876,1.276042499997,-0.250037644316,-0.800082285413,-0.190559667180,0.510917337969
1413393985655760640,-1.340340058792,-0.073758782146,1.258268571402,-0.268779877462,-0.798110163943,-0.195180284361,0.502675044417
1413393985705760512,-1.385786586272,-0.112747132142,1.243792947269,0.288875812794,0.795524413792,0.199016648066,-0.494048626794
1413393985755760384,-1.431070687802,-0.152826535674,1.229147148996,0.308283079103,0.793111894989,0.203049257733,-0.484464719149
1413393985805760256,-1.476422053747,-0.196458033539,1.213090025745,0.325873027181,0.790164204534,0.207412798050,-0.475843704628
1413393985855760640,-1.522008419600,-0.232476182322,1.199312987539,0.343802054213,0.786386573436,0.211603402034,-0.467568502881
1413393985905760512,-1.568522489031,-0.261304361312,1.187776537446,0.361644691074,0.781213246277,0.215040534626,-0.461168678173
1413393985955760384,-1.615284018360,-0.294581146628,1.175929185054,0.378094486471,0.774992808651,0.220634716191,-0.455797134535
1413393986005760512,-1.662357676586,-0.322937586978,1.166039273270,0.393825216211,0.767869858700,0.226371606295,-0.451700647598
1413393986055760384,-1.708053792975,-0.347238626969,1.156797206832,0.408430666443,0.760410006864,0.232902059759,-0.448015226002
1413393986105760512,-1.751514574090,-0.365617200932,1.148305856243,0.423750036699,0.751370799835,0.239361284589,-0.445627650615
1413393986155760640,-1.793492448882,-0.383753216487,1.142234844279,0.438439606711,0.741818380526,0.244960131689,-0.444376794471
1413393986205760512,-1.836766389410,-0.399099978307,1.136202459994,0.454539754701,0.731081187973,0.248625409116,-0.443958684937
1413393986255760384,-1.877796677623,-0.408539829887,1.127852063310,0.470090856663,0.718930798504,0.254352406237,-0.444362404896
1413393986305760256,-1.915024094227,-0.413119310243,1.118517820133,0.485111934728,0.707301555186,0.259881460061,-0.443680681946
1413393986355760640,-1.950298407154,-0.419028345038,1.114766672331,0.499303696516,0.695694232538,0.266027278982,-0.442645275923
1413393986405760512,-1.985127200306,-0.416990168767,1.108605295220,0.513943917220,0.683386293325,0.273630984342,-0.440421285198
1413393986455760384,-2.015691209922,-0.414858144284,1.106575938634,0.526554387790,0.672623170683,0.281564248705,-0.437081366350
1413393986505760512,-2.042585252558,-0.410031161681,1.102895863390,0.534517399689,0.663064141523,0.295679778092,-0.432678359158
1413393986555760384,-2.065846313552,-0.401417940025,1.102055032973,0.538309411350,0.654794336548,0.315607720892,-0.426449435444
1413393986605760512,-2.085085523955,-0.392785153368,1.100881293986,0.537460489195,0.648833849094,0.339628241690,-0.418095104338
1413393986655760640,-2.101775093914,-0.377445176341,1.104077490293,0.537028284296,0.643226862011,0.362756621569,-0.407759070238
1413393986705760512,-2.118076355431,-0.363405447114,1.111301912214,0.536863201123,0.634599690718,0.384902950525,-0.401136952296
1413393986755760384,-2.133070702155,-0.347905271875,1.118017986898,0.536855875965,0.626050446612,0.405042473948,-0.394698873874
1413393986805760256,-2.149909799391,-0.333834647954,1.120583811688,0.536605257206,0.616228901297,0.426121213449,-0.388249211968
1413393986855760640,-2.164197003876,-0.322212165962,1.124941917441,0.536706795840,0.607625284986,0.443522762519,-0.382132028849
1413393986905760512,-2.180433531946,-0.311957556842,1.129013206614,0.538022262511,0.600113061144,0.457003246469,-0.376223858367
1413393986955760384,-2.194763384190,-0.299536994961,1.133823132177,0.542866496837,0.594035676706,0.463806982546,-0.370541042738
1413393987005760512,-2.214095243399,-0.287661432241,1.133962268221,0.549969900545,0.589640751745,0.465875667837,-0.364440330498
1413393987055760384,-2.234301240111,-0.281170406425,1.135397032805,0.556842178929,0.586191121104,0.466140797323,-0.359192865150
1413393987105760512,-2.257131061763,-0.274466356249,1.134126478083,0.563007244312,0.583755410512,0.465471729074,-0.354384724532
1413393987155760640,-2.281724706430,-0.267897015973,1.128907260411,0.568156594348,0.581825691021,0.464829147107,-0.350158269311
1413393987205760512,-2.305523823071,-0.261213425136,1.123005702226,0.572468947014,0.579868746370,0.463998634966,-0.347472025403
1413393987255760384,-2.331052263448,-0.257783436545,1.117253177989,0.575734897819,0.579386747588,0.462743560367,-0.344541320442
1413393987305760256,-2.357785154642,-0.251901312036,1.111503947293,0.578418114186,0.578499606196,0.462082219902,-0.342418914289
1413393987355760640,-2.384424226765,-0.247108405622,1.107870130038,0.580212556014,0.578453107018,0.460599941847,-0.341457298054
1413393987405760512,-2.411861725432,-0.242066161192,1.106216162800,0.581333173521,0.578708996239,0.459569367572,-0.340504971220
1413393987455760384,-2.441680266351,-0.232946399813,1.103382640615,0.582123615776,0.579260726708,0.458130079356,-0.340155753794
1413393987505760512,-2.471951468233,-0.227144891011,1.104049573864,0.582411112147,0.579363215954,0.457630488649,-0.340161573823
1413393987555760384,-2.503661249545,-0.220303647226,1.103285901434,0.581424317699,0.578602945684,0.459806852079,-0.340208837061
1413393987605760512,-2.536548531414,-0.212312413493,1.101024953484,0.580988206753,0.576555049137,0.463601432485,-0.339279664476
1413393987655760640,-2.569046614495,-0.203785352968,1.099946626673,0.581499156513,0.574203472527,0.466707742674,-0.338131610530
1413393987705760512,-2.603184315460,-0.193490736191,1.098457908128,0.583543719936,0.570332826940,0.470180663747,-0.336344075132
1413393987755760384,-2.637253956666,-0.188563227119,1.097154183799,0.585842720016,0.565870343574,0.472920694567,-0.336043268520
1413393987805760256,-2.674768805677,-0.185656703129,1.097033037428,0.589286116363,0.561859905670,0.473761312027,-0.335567487533
1413393987855760640,-2.714041757757,-0.178511726098,1.097662080462,0.593655343178,0.557349046522,0.473331890492,-0.335994487010
1413393987905760512,-2.753431414783,-0.178077474299,1.093324740723,0.597306453911,0.554026710260,0.472357488410,-0.336389369002
1413393987955760384,-2.794172226890,-0.172425881086,1.084704553427,0.599794072272,0.550861640130,0.472889758952,-0.336413139131
1413393988005760512,-2.831247943535,-0.166651546165,1.075600715801,0.601823059693,0.548297512432,0.473148055315,-0.336615151819
1413393988055760384,-2.871519717218,-0.161616338266,1.063110586008,0.603362605804,0.546734352268,0.473807778391,-0.335471762006
1413393988105760512,-2.914560632018,-0.160561838513,1.043363315416,0.603167336479,0.544978955122,0.476894022498,-0.334304044224
1413393988155760640,-2.951638765238,-0.155828024427,1.029143639724,0.602261038294,0.543932313444,0.479686416118,-0.333646852729
1413393988205760512,-2.989401589415,-0.147685891175,1.007900328736,0.600717464336,0.543125839982,0.484108585178,-0.331348348030
1413393988255760384,-3.025484947197,-0.139938888385,0.985718887603,0.598116168614,0.542653550044,0.488653136808,-0.330154941436
1413393988305760256,-3.062321802422,-0.135952529082,0.960402415185,0.595156437016,0.542473931999,0.493354126355,-0.328804736263
1413393988355760640,-3.103097065724,-0.127298605460,0.935753509399,0.592391456628,0.542980698755,0.497413795431,-0.326839163824
1413393988405760512,-3.147329018298,-0.119202963131,0.909524066162,0.589602030859,0.544641422533,0.501635003244,-0.322641425717
1413393988455760384,-3.188601277828,-0.107899973984,0.882864126161,0.586327155003,0.548136353593,0.505977504410,-0.315838202575
1413393988505760512,-3.230222446844,-0.102910301761,0.855615568616,0.582237606010,0.552529255536,0.511291641910,-0.307069452791
1413393988555760384,-3.273680828362,-0.093231879041,0.831649944931,0.578562317926,0.556769774535,0.516114087503,-0.298159875103
1413393988605760512,-3.317815713676,-0.085512955962,0.821917527668,0.576470140200,0.559040623287,0.518667207528,-0.293496314811
1413393988655760640,-3.370984151028,-0.083176061268,0.806463594611,0.578741609602,0.556837145060,0.517191274692,-0.295810291538
1413393988705760512,-3.428551486377,-0.081667168277,0.792615427837,0.583861144015,0.554395676165,0.512439946207,-0.298591527491
1413393988755760384,-3.492002492814,-0.082277657403,0.775977606150,0.592435302985,0.548326118407,0.504430762998,-0.306444913471
1413393988805760256,-3.556564296219,-0.071697163389,0.750331821952,0.604343544974,0.541178178575,0.495145391790,-0.311008198722
1413393988855760640,-3.620453994276,-0.071774816052,0.728654925614,0.620103980642,0.532072973855,0.481121944556,-0.317633559549
1413393988905760512,-3.684800581443,-0.069853089780,0.704353532330,0.636949299464,0.521505739480,0.466912125666,-0.322986718779
1413393988955760384,-3.746488011351,-0.061833516566,0.694065786250,0.653521804694,0.509655660473,0.454710737140,-0.326187835559
1413393989005760512,-3.809768333509,-0.061522655780,0.691904153031,0.668156764605,0.499776834187,0.443562451958,-0.327172745099
1413393989055760384,-3.869367559702,-0.062678667327,0.695439458436,0.681596450007,0.489653517085,0.434078785715,-0.327477205827
1413393989105760512,-3.925457090933,-0.060268476680,0.691151509558,0.694444261143,0.479935515815,0.424941507579,-0.326854377302
1413393989155760640,-3.973237400214,-0.059405622332,0.700341561552,0.705487703187,0.471501648105,0.417120022953,-0.325552120156
1413393989205760512,-4.015389875219,-0.051922848887,0.709531960393,0.714424214437,0.466225529739,0.412357347955,-0.319676734896
1413393989255760384,-4.060591092319,-0.057804174924,0.704182886536,0.715944445217,0.465290508589,0.417482280391,-0.310864664347
1413393989305760256,-4.094038765279,-0.054531246066,0.712115403164,0.706272961490,0.468620120330,0.437889893706,-0.299710072703
1413393989355760640,-4.114455283793,-0.037220018036,0.737308137191,0.692030934448,0.471770298865,0.463049631665,-0.290018981259
1413393989405760512,-4.129170711727,-0.019389333961,0.761014016432,0.674225216723,0.472167408795,0.490761514638,-0.285712147024
1413393989455760384,-4.144171792466,0.008769501542,0.787620291616,0.657688393327,0.470974452800,0.516178898295,-0.281404312417
1413393989505760512,-4.146949529645,0.054801736605,0.826375733131,0.645051330636,0.469647271346,0.533681436249,-0.280221958393
1413393989555760384,-4.154502300572,0.091091991899,0.859673178399,0.636525080528,0.467811174788,0.545792013622,-0.279463064589
1413393989605760512,-4.166459637772,0.119347195840,0.874928974638,0.630915690359,0.466657955124,0.553500568591,-0.278949574561
1413393989655760640,-4.180520897280,0.148627526888,0.881827853380,0.628528012468,0.465984355139,0.557417958668,-0.277662272668
1413393989705760512,-4.197807405289,0.175976434612,0.890233322764,0.631536867098,0.464443732752,0.556682578632,-0.274877629594
1413393989755760384,-4.217231514524,0.202299983549,0.902565405226,0.636418298183,0.461464981971,0.554697564388,-0.272639748046
1413393989805760256,-4.238998052364,0.223451647168,0.905686076031,0.641729188610,0.456710287464,0.552701168772,-0.272251317441
1413393989855760640,-4.261199133055,0.244940729101,0.908814146406,0.648805581846,0.447643713146,0.550516228502,-0.274951459722
1413393989905760512,-4.286191611536,0.258618535198,0.904832783766,0.656167126444,0.437455502125,0.548245685862,-0.278395498831
1413393989955760384,-4.310592498055,0.269560193853,0.900142722575,0.663132512045,0.423744071535,0.547728404582,-0.284059550309
1413393990005760512,-4.334482190719,0.290148197113,0.882585140566,0.670526615919,0.409126487100,0.548405676459,-0.286811417006
1413393990055760384,-4.357516994802,0.307157427070,0.869515129097,0.676935754296,0.394273872179,0.552088757630,-0.285489232670
1413393990105760512,-4.379051290407,0.319050170956,0.859083513755,0.683209209611,0.379867105187,0.556817809441,-0.280855986921
1413393990155760640,-4.398419590800,0.327319484638,0.855577855067,0.690313638533,0.364554847299,0.561793319648,-0.273779308505
1413393990205760512,-4.418008630075,0.333951814096,0.846620424446,0.697161077349,0.348551741168,0.567365707393,-0.265658182695
1413393990255760384,-4.437985993076,0.338442879536,0.831786125874,0.705128506742,0.332518867445,0.571532236510,-0.256077906903
1413393990305760256,-4.458186196245,0.339409789265,0.813069066958,0.714295461538,0.315549754761,0.573993651837,-0.246458178090
1413393990355760640,-4.476713726251,0.337841994255,0.798079373934,0.724643624872,0.297943150520,0.574480584522,-0.236840777734
1413393990405760512,-4.493475158692,0.338565276058,0.785099756156,0.734223396142,0.279600716987,0.575626450609,-0.226701638673
1413393990455760384,-4.510512811134,0.331924395858,0.767688221428,0.743339226535,0.260688232042,0.575788593479,-0.218988437113
1413393990505760512,-4.528230003172,0.320123262022,0.752065582270,0.752524181320,0.242092169323,0.574732337696,-0.211616346457
1413393990555760384,-4.541684517718,0.309201924857,0.741732704119,0.763273797404,0.224855582898,0.570585915139,-0.203186590309
1413393990605760512,-4.554191966603,0.300518495716,0.728829496506,0.776372260144,0.209388219410,0.562530024078,-0.192256753491
1413393990655760640,-4.563267743973,0.283559865535,0.721957129258,0.791455133311,0.199239026973,0.549978241935,-0.177275253450
1413393990705760512,-4.572499019148,0.267883735627,0.706293280848,0.806971248316,0.195711405206,0.535140657078,-0.155302696068
1413393990755760384,-4.576733209259,0.247211486129,0.703005593853,0.819311566440,0.196321171720,0.522539145920,-0.130917514538
1413393990805760256,-4.581013570291,0.227221125522,0.691620512389,0.827797355719,0.199431615593,0.513379828512,-0.106863091116
1413393990855760640,-4.580826495769,0.212007039327,0.689166239036,0.834152016870,0.203731615268,0.505457190044,-0.084834372306
1413393990905760512,-4.571465263981,0.192972521264,0.671792275743,0.835054388050,0.208223889558,0.504862047470,-0.066643032952
1413393990955760384,-4.550999376924,0.191074528924,0.657686559283,0.829047575567,0.212836129786,0.514522739905,-0.051451427821
1413393991005760512,-4.532300262704,0.179018870267,0.647412612448,0.815881545320,0.218236324704,0.533723192453,-0.043008887722
1413393991055760384,-4.507575703707,0.179868053658,0.648392674494,0.799496058833,0.221053872055,0.557144927805,-0.039125017333
1413393991105760512,-4.477961851898,0.190316908620,0.657202522773,0.780121419356,0.221733800003,0.583561326955,-0.041241613453
1413393991155760640,-4.448161642923,0.199166476991,0.674622161464,0.758132670191,0.220120712658,0.611822016731,-0.049553466994
1413393991205760512,-4.422645650681,0.218378710857,0.680449312767,0.735876444525,0.215500303467,0.639031839754,-0.060694195601
1413393991255760384,-4.398519338950,0.238864432563,0.699221133385,0.714208869850,0.211373278275,0.663221544382,-0.073240770933
1413393991305760256,-4.379483405480,0.257116594840,0.719921753172,0.694383757015,0.206885539046,0.683887830419,-0.085597938837
1413393991355760640,-4.362643598417,0.278932328647,0.730578361080,0.682097872261,0.201113643186,0.695774264661,-0.100965181209
1413393991405760512,-4.342552367031,0.299838470694,0.765503786840,0.680070735333,0.195882009732,0.697230688215,-0.114032454232
1413393991455760384,-4.327221703247,0.330740136388,0.813512430357,0.693257843603,0.192956538656,0.683259065645,-0.123767466185
1413393991505760512,-4.322993490423,0.348668765029,0.820334908223,0.709214853239,0.189543449299,0.665716306466,-0.133825902121
1413393991555760384,-4.327471430556,0.365135254701,0.809510210520,0.725650027297,0.185485011898,0.646714347809,-0.144180097734
1413393991605760512,-4.339171064310,0.370906030900,0.797829323554,0.743229694412,0.181814104295,0.625091965940,-0.154315543417
1413393991655760640,-4.351934296320,0.383188050511,0.791148975659,0.761938470916,0.178609875967,0.601429256518,-0.160720652530
1413393991705760512,-4.362938912809,0.390911791898,0.779277114836,0.777127097940,0.176600301208,0.581530331175,-0.163426684432
1413393991755760384,-4.369547355741,0.397619671692,0.781698210207,0.788994936155,0.174596831595,0.565843056004,-0.163782090264
1413393991805760256,-4.376257631299,0.401567649246,0.766894870325,0.795109201202,0.174046365303,0.558129857939,-0.161246031165
1413393991855760640,-4.377269555958,0.398295348408,0.771880037877,0.793165418320,0.177031649495,0.561882842829,-0.154389394691
1413393991905760512,-4.381427495094,0.387732321747,0.777684409529,0.783179506460,0.184411903048,0.576514098453,-0.142315160683
1413393991955760384,-4.380602580548,0.378977415801,0.792155932984,0.766933417884,0.192116479329,0.598538167782,-0.129059879943
1413393992005760512,-4.379535634399,0.370268252190,0.819354417986,0.749557792511,0.198226347225,0.619853359580,-0.121042321400
1413393992055760384,-4.377990241732,0.362726534934,0.836066801043,0.732976766959,0.202709003974,0.639208413625,-0.114309766672
1413393992105760512,-4.369876192943,0.361007711182,0.866305384027,0.722449361176,0.205273486165,0.651176354008,-0.109082869398
1413393992155760640,-4.365563250087,0.357622123355,0.899018308431,0.721904722282,0.208172430800,0.651530748945,-0.105002353212
1413393992205760512,-4.363143754605,0.349916543540,0.914166979901,0.731229112548,0.210611471137,0.641116287001,-0.099582627653
1413393992255760384,-4.361599159845,0.343642806936,0.929222385376,0.745234633708,0.213100152652,0.624840096094,-0.093747106488
1413393992305760256,-4.364532277480,0.333897667889,0.939443127769,0.759463708531,0.212894483122,0.607904730217,-0.091338127094
1413393992355760640,-4.372809147801,0.320718790473,0.947045422133,0.774966819772,0.205501487051,0.589310829966,-0.099540508117
1413393992405760512,-4.383149591689,0.307327491174,0.950480319680,0.787678983116,0.197848132517,0.573022253225,-0.109833662083
1413393992455760384,-4.391375854464,0.298915305338,0.944217056755,0.796302316328,0.189125178028,0.561670011224,-0.121082973778
1413393992505760512,-4.402309326875,0.290628073159,0.923578615820,0.798087216070,0.182309413307,0.559377313774,-0.130065730305
1413393992555760384,-4.408117743157,0.282232837738,0.907579341156,0.794363930190,0.178258054877,0.564538812907,-0.136036542906
1413393992605760512,-4.411199180998,0.275846123748,0.885351287921,0.785376125058,0.177327948925,0.576915175303,-0.137506440661
1413393992655760640,-4.408318098456,0.272044340623,0.877435540772,0.771429908378,0.180163078651,0.595654695771,-0.132787969927
1413393992705760512,-4.402182080487,0.263225125663,0.883559344318,0.754081977768,0.185441749230,0.617114481514,-0.127048987219
1413393992755760384,-4.394644956833,0.251511529944,0.882919148895,0.735441451775,0.190534002997,0.638902370712,-0.120939759432
1413393992805760256,-4.385841980843,0.242295490132,0.888494115435,0.719822992136,0.195066875183,0.656246283764,-0.114649854970
1413393992855760640,-4.376098062668,0.226598052511,0.910547399963,0.711461656657,0.200411742452,0.664737437223,-0.108543005986
1413393992905760512,-4.369311434452,0.212289398329,0.943119073113,0.711965675000,0.204183173036,0.663761137314,-0.104092564877
1413393992955760384,-4.368886127866,0.209343675229,0.958821256660,0.720208041574,0.206049160853,0.655276861443,-0.097243791680
1413393993005760512,-4.374579365723,0.193513724812,0.961695258913,0.731800029311,0.209091205740,0.642160370167,-0.091540394194
1413393993055760384,-4.386526779726,0.174181049725,0.953785473792,0.743305405752,0.212571437653,0.628416756013,-0.086039749160
1413393993105760512,-4.397904168446,0.162924295245,0.942818397516,0.753670171314,0.212174269556,0.616437230049,-0.083477503674
1413393993155760640,-4.408953436705,0.145452823819,0.950603986559,0.768175023712,0.211436068691,0.598436812518,-0.084114821677
1413393993205760512,-4.421095779184,0.140811136403,0.962382326422,0.784926985872,0.209484549703,0.577050005775,-0.083780314640
1413393993255760384,-4.436669496560,0.136577177158,0.956135823229,0.800974806851,0.207477876296,0.555617716616,-0.081738868484
1413393993305760256,-4.451581972947,0.120231656742,0.951318874950,0.815424762872,0.207241063210,0.534430302963,-0.080733196945
1413393993355760640,-4.467302738326,0.111667962237,0.934443815823,0.824255880177,0.207528534031,0.521140556004,-0.077114670751
1413393993405760512,-4.475696760420,0.112828533779,0.925007803352,0.829005243600,0.208970283788,0.513762709844,-0.071621257674
1413393993455760384,-4.478057523575,0.103259463635,0.914460276108,0.828011316483,0.212909500500,0.514310121144,-0.067467797217
1413393993505760512,-4.476399777218,0.099483748879,0.903344340696,0.820636395842,0.214697754217,0.525366190687,-0.066716908186
1413393993555760384,-4.468394686070,0.109265701291,0.906469185340,0.808471279648,0.214741742432,0.543767109752,-0.067657256768
1413393993605760512,-4.455469165635,0.118604267138,0.912143756275,0.791922450500,0.214593956677,0.567147675685,-0.071775902058
1413393993655760640,-4.440438888766,0.129834421987,0.922353081065,0.771483753719,0.213738532126,0.594247036394,-0.077453969357
1413393993705760512,-4.426308764712,0.146229649890,0.925998622113,0.749176453735,0.211821970387,0.622080428551,-0.082958028208
1413393993755760384,-4.408318239841,0.163338863655,0.947262133846,0.728282240443,0.210042083528,0.646281513804,-0.088360094600
1413393993805760256,-4.391266376792,0.177979245927,0.957511554325,0.710061585944,0.209057733062,0.666008797998,-0.092410439906
1413393993855760640,-4.375972930612,0.194137075030,0.960433954540,0.694908738377,0.207042981819,0.681966706209,-0.095689396639
1413393993905760512,-4.368841069542,0.206791593809,0.952122265617,0.681922999129,0.205286506884,0.695010312799,-0.098990597804
1413393993955760384,-4.368398347717,0.217143525566,0.939280616643,0.669960433603,0.202866038715,0.706639996168,-0.103239060236
1413393994005760512,-4.371140337303,0.225782666451,0.931917637031,0.661906259333,0.199564590892,0.714212238843,-0.109338720517
1413393994055760384,-4.378671272819,0.241414611558,0.932125830248,0.658368792716,0.194708872081,0.717546165494,-0.117330679261
1413393994105760512,-4.395150979727,0.253784845237,0.929860565899,0.659446083791,0.189267128180,0.716660029143,-0.125328446063
1413393994155760640,-4.418369441078,0.253768244784,0.950854178611,0.665732259935,0.184232437454,0.710132046922,-0.136277081733
1413393994205760512,-4.453365697177,0.258265083204,0.959939768333,0.673370508452,0.179170896209,0.702490159903,-0.144836195540
1413393994255760384,-4.490030062049,0.262142712580,0.981013029139,0.685982273395,0.175810086484,0.689905415083,-0.150165416513
1413393994305760256,-4.532549916364,0.261330983240,1.006591336322,0.704170764726,0.174799140144,0.670684146072,-0.154180319488
1413393994355760640,-4.585814273869,0.253469414463,1.015841253279,0.723936332251,0.176978370668,0.649722598464,-0.149851220241
1413393994405760512,-4.637117783737,0.244801462372,1.032536458427,0.746200268931,0.179374957727,0.624505060226,-0.144924852736
1413393994455760384,-4.696548603039,0.231613390994,1.030237927948,0.770379296812,0.182751101574,0.595216803726,-0.137239682596
1413393994505760512,-4.749465272326,0.219462817991,1.033889464148,0.793586374935,0.186622679283,0.565035321799,-0.126994984997
1413393994555760384,-4.802703251293,0.196071050664,1.017690723519,0.813784455074,0.190052744643,0.536446471399,-0.117728493825
1413393994605760512,-4.857216571024,0.178820329428,0.995012901434,0.831616533212,0.190834693386,0.510036381455,-0.108898811200
1413393994655760640,-4.909472495020,0.164591890841,0.970242053284,0.846224003735,0.190749806635,0.487280167190,-0.100386679569
1413393994705760512,-4.955061733328,0.145352595019,0.942525443031,0.857561641271,0.190900605077,0.468497485848,-0.093032769260
1413393994755760384,-4.990338026902,0.133268601564,0.910058844892,0.863792062463,0.191923275291,0.458388736826,-0.083117357868
1413393994805760256,-5.014468363100,0.116112756511,0.866242879674,0.861632200913,0.196194882098,0.462348263531,-0.073017818362
1413393994855760640,-5.026742162441,0.107063946154,0.844338464992,0.852076779357,0.200085110787,0.479060967037,-0.066571017598
1413393994905760512,-5.030363647222,0.104638440287,0.847241102102,0.838460160682,0.203135228060,0.501811943133,-0.062493294027
1413393994955760384,-5.028197321134,0.103185748752,0.858648478790,0.824284936572,0.202594490497,0.524732708710,-0.064539911455
1413393995005760512,-5.022023327429,0.111115518624,0.858798829176,0.810470768989,0.198399215799,0.546749148433,-0.069571923023
1413393995055760384,-5.010455203126,0.117932569717,0.856789426744,0.798658695313,0.193207580760,0.564585913175,-0.077832292672
1413393995105760512,-4.995400154817,0.123031524093,0.853280815694,0.788796139158,0.187776339064,0.578563975961,-0.088342645751
1413393995155760640,-4.978408582421,0.132380825306,0.853485022980,0.782257044930,0.182465627883,0.587136929031,-0.100251867150
1413393995205760512,-4.963564137359,0.136025880351,0.845338380614,0.778018367273,0.177422791176,0.591148674226,-0.117268147076
1413393995255760384,-4.947922198335,0.138828689159,0.823647034532,0.773851862355,0.177250256954,0.593514275377,-0.132198511577
1413393995305760256,-4.929974949674,0.149593867247,0.814376688006,0.772540778159,0.178218501127,0.591631523440,-0.146256802949
1413393995355760640,-4.911303999903,0.150791465757,0.803416261935,0.770880088344,0.184713141116,0.588378869300,-0.159484328558
1413393995405760512,-4.894538185441,0.155023820854,0.781235490676,0.768402325918,0.194385392271,0.585568973467,-0.169944585405
1413393995455760384,-4.874362047710,0.160707685765,0.761759225354,0.765271858896,0.206419512457,0.582741874560,-0.179337320416
1413393995505760512,-4.852782191628,0.155177219799,0.739388435499,0.760885116323,0.222280343589,0.579998836879,-0.187740879485
1413393995555760384,-4.828423172845,0.154443470119,0.727907817932,0.755595671694,0.238221083129,0.578057844841,-0.195384299494
1413393995605760512,-4.804823035139,0.152375509047,0.714129146766,0.748639035799,0.256884319584,0.577072182553,-0.201339853368
1413393995655760640,-4.781542135531,0.137849501228,0.704484611629,0.739625945305,0.277720244195,0.576563013779,-0.208326710093
1413393995705760512,-4.757679467027,0.134768324604,0.701535619165,0.728961165143,0.299510156090,0.577540050139,-0.212971304636
1413393995755760384,-4.732167450120,0.127893561900,0.703898915930,0.717489710202,0.321635775016,0.577732475998,-0.219052802223
1413393995805760256,-4.708290464717,0.110443716259,0.693499437546,0.704601967550,0.343604041429,0.577434899626,-0.228125550372
1413393995855760640,-4.688212055343,0.098724861818,0.677758750009,0.691810492480,0.363859622998,0.576384913526,-0.238295716925
1413393995905760512,-4.667385328975,0.088331506351,0.667569779642,0.680285069531,0.383184006403,0.572772007793,-0.249628661214
1413393995955760384,-4.647750020896,0.075459904799,0.666127897867,0.669045530925,0.401094877573,0.568692756497,-0.260939696943
1413393996005760512,-4.629197585119,0.062760969565,0.661417140398,0.658739752516,0.416791298249,0.564341968938,-0.271781335369
1413393996055760384,-4.610740882408,0.042815473112,0.656645592065,0.649477245413,0.431032279684,0.559507665443,-0.281676505713
1413393996105760512,-4.591987538566,0.034408244484,0.658872312989,0.643094115411,0.440356358830,0.555058641487,-0.290561767052
1413393996155760640,-4.573777371581,0.012188024250,0.662561666850,0.638949327647,0.447620850445,0.548471581547,-0.300928986940
1413393996205760512,-4.558715111304,-0.012926676662,0.663765761229,0.637982602141,0.453290522792,0.539807835095,-0.310021616154
1413393996255760384,-4.546039136570,-0.032274491485,0.652155794843,0.640685559628,0.460889286353,0.529068013969,-0.311753293494
1413393996305760256,-4.533171872014,-0.058937503284,0.649207362067,0.643675938346,0.469188949033,0.518781227901,-0.310498074192
1413393996355760640,-4.518628417769,-0.089631162064,0.635575015787,0.645957358749,0.476415877711,0.510927038786,-0.307767059932
1413393996405760512,-4.501247609404,-0.116116305772,0.625980767672,0.648300426603,0.483004823686,0.504406873990,-0.303292932056
1413393996455760384,-4.483663913161,-0.147608219409,0.613935806802,0.649908263234,0.488573683016,0.499455810424,-0.299096805528
1413393996505760512,-4.466266766699,-0.176776452177,0.591782363821,0.651739467851,0.492803101809,0.495446937087,-0.294810280390
1413393996555760384,-4.447707483853,-0.205455543103,0.571533131061,0.654714805785,0.496029332304,0.491087732765,-0.290062516207
1413393996605760512,-4.429654545502,-0.239980188707,0.552287744553,0.657137873063,0.499488349774,0.486938742769,-0.285607886825
1413393996655760640,-4.412563005790,-0.275856920109,0.533322843970,0.658527194711,0.503032852022,0.483078938515,-0.282727117156
1413393996705760512,-4.396105534198,-0.307454972513,0.516110332104,0.658798939101,0.506116609301,0.480393164178,-0.281162485835
1413393996755760384,-4.379928518970,-0.336934098566,0.497956755914,0.657515353758,0.509025763522,0.478817133024,-0.281603417532
1413393996805760256,-4.362610994637,-0.365695044578,0.483830744549,0.653729801836,0.513829771230,0.478485901039,-0.282254415192
1413393996855760640,-4.346465723424,-0.387825687538,0.474355001599,0.649917459757,0.518688981831,0.477875211916,-0.283203667821
1413393996905760512,-4.329328440509,-0.408985699647,0.464285834621,0.645604433976,0.523924642538,0.477189644137,-0.284583779052
1413393996955760384,-4.312824807889,-0.430474539734,0.454353289464,0.640565288831,0.529757719262,0.476256860960,-0.286726824724
1413393997005760512,-4.300459233240,-0.446994370903,0.443863426586,0.636411313206,0.535771049910,0.474379407058,-0.287913529834
1413393997055760384,-4.287602002324,-0.467569111516,0.438328202241,0.633312735230,0.541002145023,0.471272694406,-0.290058107942
1413393997105760512,-4.276867609145,-0.487533057234,0.431614888408,0.629499007330,0.545142793859,0.470446824889,-0.291941978868
1413393997155760640,-4.265857130644,-0.507851865724,0.426219420487,0.626258827320,0.548343306399,0.469259759886,-0.294813122644
1413393997205760512,-4.255875559308,-0.521893763702,0.420834928951,0.622481622246,0.549933925899,0.470001795809,-0.298642962496
1413393997255760384,-4.248814701444,-0.541993254316,0.419669148465,0.618374033966,0.551318245955,0.471079634960,-0.302895565037
1413393997305760256,-4.241786443980,-0.553642013754,0.412718887179,0.614581917900,0.553026728219,0.472502413892,-0.305273603397
1413393997355760640,-4.234007392131,-0.564399151261,0.412310524170,0.611763324801,0.554096749974,0.473144326537,-0.307988428943
1413393997405760512,-4.225020029514,-0.574010180957,0.402040847377,0.609532408357,0.555306835877,0.473397584314,-0.309837519284
1413393997455760384,-4.220788042767,-0.585329030394,0.393260730163,0.607991507010,0.557036062306,0.472932983608,-0.310469878910
1413393997505760512,-4.216062338188,-0.592633796586,0.380248425615,0.607416154997,0.557594632019,0.472524304308,-0.311214753555
1413393997555760384,-4.208747159460,-0.597539223230,0.366631231980,0.606475105991,0.557499953402,0.473155724252,-0.312258560137
1413393997605760512,-4.204332591626,-0.612182344461,0.350213395603,0.604724519584,0.557195193315,0.474128576370,-0.314712352842
1413393997655760640,-4.201229646180,-0.615333255919,0.336455224109,0.603626905689,0.556398623275,0.475902410359,-0.315550355033
1413393997705760512,-4.195783651397,-0.629058315742,0.324139050137,0.603957796792,0.557135275156,0.474340719917,-0.315968584355
1413393997755760384,-4.193008106263,-0.637459039016,0.304568941927,0.603935864992,0.558093065835,0.474222742338,-0.314493865589
1413393997805760256,-4.190790474041,-0.642649037984,0.293310618142,0.605114566720,0.557773195244,0.474068966459,-0.313024022802
1413393997855760640,-4.190963990862,-0.657551782191,0.283083265210,0.605588019334,0.558442249580,0.473303413439,-0.312072561353
1413393997905760512,-4.191283251018,-0.665468053112,0.272026309291,0.606266211099,0.558509761081,0.473367489926,-0.310533971635
1413393997955760384,-4.192138645634,-0.670595153390,0.260257137388,0.607038232156,0.558261779079,0.473846342535,-0.308736156592
1413393998005760512,-4.195496286055,-0.676263821899,0.261095771171,0.608071792603,0.558129021620,0.473339087197,-0.307718700760
1413393998055760384,-4.200199435404,-0.683066035501,0.256653152295,0.609132915967,0.558263315003,0.473139540643,-0.305676523284
1413393998105760512,-4.205794411992,-0.690175214107,0.250638689877,0.609670117497,0.557214276004,0.474158425728,-0.304939970747
1413393998155760640,-4.212054260883,-0.698537556800,0.244582125292,0.610051397075,0.556026554786,0.475495138077,-0.304263269167
1413393998205760512,-4.218260718298,-0.702122865967,0.241128969314,0.610418993027,0.554732468839,0.477155096359,-0.303287907747
1413393998255760384,-4.226000360615,-0.709820467177,0.242579967732,0.611352046433,0.553181373943,0.477998850042,-0.302912763355
1413393998305760256,-4.236863230574,-0.709921513526,0.242256406984,0.612603754299,0.551310451635,0.478985876126,-0.302234936115
1413393998355760640,-4.240368440607,-0.711400930179,0.242999303827,0.614438797494,0.549484052233,0.478699681257,-0.302289357471
1413393998405760512,-4.256142488224,-0.718779643264,0.243093524295,0.617404677354,0.549093081936,0.476522661115,-0.300390421278
1413393998455760384,-4.270978497872,-0.726127904371,0.242683171558,0.622050873455,0.547383799920,0.472351029917,-0.300513212614
1413393998505760512,-4.284621470553,-0.726396188086,0.240488927716,0.626861368632,0.544266408389,0.468562296150,-0.302106398216
1413393998555760384,-4.296132627151,-0.727957390792,0.241531850103,0.630253212352,0.540695369343,0.466069566041,-0.305300778744
1413393998605760512,-4.301999368227,-0.726938486144,0.237978801997,0.633017729391,0.535571197507,0.463964694883,-0.311751196598
1413393998655760640,-4.314973271305,-0.726167039541,0.237269650557,0.635519762419,0.530545610605,0.462132684153,-0.317914090408
1413393998705760512,-4.327409139844,-0.726508563579,0.234520179154,0.637528512235,0.525287593402,0.460282590034,-0.325223427227
1413393998755760384,-4.337826869683,-0.728813030261,0.230265348458,0.639332273470,0.522030036534,0.457752174069,-0.330457005056
1413393998805760256,-4.347479052982,-0.725511791140,0.221677824595,0.639769555867,0.519785504092,0.457395343042,-0.333627704613
1413393998855760640,-4.355315339433,-0.727836996363,0.216997734630,0.638659620316,0.519660209279,0.458265054844,-0.334754082542
1413393998905760512,-4.365617312362,-0.730441896552,0.199354131520,0.636335639197,0.521300433267,0.460957043366,-0.332928545989
1413393998955760384,-4.371175854449,-0.730164830449,0.182826546398,0.631897765358,0.524597935854,0.466542813252,-0.328390047406
1413393999005760512,-4.372099003120,-0.731156704755,0.174147920282,0.626643501918,0.528364916637,0.472478599349,-0.323901851690
1413393999055760384,-4.373051777302,-0.724865459613,0.160277733431,0.621073359853,0.531667470592,0.479786108131,-0.318438177422
1413393999105760512,-4.374405451888,-0.729679643156,0.155541627488,0.617026446976,0.537054709346,0.483759626840,-0.311170735033
1413393999155760640,-4.376747769625,-0.732217137575,0.147407386966,0.615287764898,0.541309666323,0.485458730184,-0.304523616160
1413393999205760512,-4.379982613609,-0.730560488665,0.140055136739,0.615798507671,0.543622907073,0.485145414922,-0.299833719312
1413393999255760384,-4.384717655676,-0.729410729081,0.131543929786,0.618000496300,0.544961493252,0.482522082382,-0.297093920266
1413393999305760256,-4.385504516526,-0.725519252239,0.135968313557,0.622899090983,0.543798179794,0.476653167988,-0.298466111230
1413393999355760640,-4.391463576321,-0.722989932400,0.131884517167,0.628184100358,0.540463689042,0.470539996650,-0.303110290880
1413393999405760512,-4.398598230401,-0.720527252906,0.124221123564,0.632709285758,0.536960269347,0.465466125126,-0.307723764470
1413393999455760384,-4.403802653598,-0.718427289190,0.114754889442,0.635932178177,0.534124378537,0.461836743852,-0.311461450326
1413393999505760512,-4.410969042717,-0.719816584353,0.109954337731,0.638155980056,0.531154636316,0.459408245374,-0.315556273145
1413393999555760384,-4.419032044829,-0.715974644286,0.107812458002,0.640325273110,0.527643252815,0.457638127249,-0.319598946907
1413393999605760512,-4.424718726866,-0.708656546487,0.101743497952,0.641391133734,0.524663308605,0.456611416331,-0.323808339373
1413393999655760640,-4.433400646837,-0.717108652444,0.100130864922,0.641409687209,0.522469917897,0.456133748446,-0.327964634642
1413393999705760512,-4.437393240734,-0.711060729733,0.090645660585,0.641668264824,0.519916079194,0.456540765387,-0.330937513819
1413393999755760384,-4.440952350089,-0.711173747546,0.081811988934,0.641434593654,0.518865221725,0.456460006494,-0.333143822126
1413393999805760256,-4.440212427754,-0.708526117521,0.070553794920,0.641139400715,0.517826918166,0.456450953662,-0.335332787801
1413393999855760640,-4.441573250221,-0.711258772174,0.064725378802,0.642193102723,0.517923220217,0.454791106831,-0.335423025332
1413393999905760512,-4.449729178573,-0.702247034744,0.046171249459,0.641881082853,0.518137860960,0.454243945980,-0.336428699808
1413393999955760384,-4.457282255751,-0.697827247610,0.032191485976,0.639471460485,0.520644834189,0.456462499019,-0.334136491343
1413394000005760512,-4.464814222585,-0.693914088854,0.019930256588,0.629930771520,0.525861599697,0.469510696222,-0.325908740585
1413394000055760384,-4.479725961484,-0.691242267811,0.014919178421,0.624016226397,0.529387438904,0.476851890609,-0.320881540675
1413394000105760512,-4.509334565189,-0.691306384613,0.018317470055,0.625384183979,0.526980095098,0.474907837400,-0.325037148301
1413394000155760640,-4.540420905029,-0.690151724364,0.025165205666,0.617646663774,0.528187953471,0.486188189694,-0.321171494284
1413394000205760512,-4.573919414156,-0.689888116891,0.027520978507,0.612093110241,0.530498855015,0.494684875673,-0.314960097478
1413394000255760384,-4.608869834670,-0.689984521436,0.020849958111,0.609568661188,0.534365526979,0.499449071678,-0.305663468008
1413394000305760256,-4.644246073154,-0.689149952196,0.003440891555,0.615646336280,0.527660932152,0.498544727570,-0.306605094410
1413394000355760640,-4.676766243036,-0.686564370035,-0.008328145164,0.626326234657,0.512342355500,0.488384555511,-0.326651625556
1413394000405760512,-4.714231424624,-0.680486133343,-0.002683502943,0.622177998466,0.517810193792,0.491937100058,-0.320569853567
1413394000455760384,-4.756552520231,-0.672445653008,-0.004287854291,0.623449321405,0.517832752505,0.490327869738,-0.320528882053
1413394000505760512,-4.780562555065,-0.719970444345,-0.016251801882,0.624198215141,0.518326921706,0.489665282441,-0.319283105757
1413394000555760384,-4.803091814622,-0.731467440155,-0.002647381530,0.623850287929,0.516104127717,0.490347990275,-0.322499916338
1413394000605760512,-4.824498589189,-0.744531996878,-0.016134925815,0.623106148946,0.515820768543,0.491120204817,-0.323216036586
1413394000655760640,-4.857070534778,-0.746714856437,-0.004555612717,0.622221504692,0.517659240550,0.492035436555,-0.320578288327
1413394000705760512,-4.884389720189,-0.757236067892,-0.007817670561,0.623763382281,0.516762609182,0.490138266096,-0.321931869788
1413394000755760384,-4.902340610781,-0.768318975537,-0.005161253469,0.623075265115,0.517014805472,0.490869058380,-0.321745975034
1413394000805760256,-4.919619968517,-0.777495875479,-0.005565942531,0.623015049833,0.515830604604,0.490998804251,-0.323560209635
1413394000855760640,-4.931558815895,-0.784910756230,-0.000106263885,0.622867154469,0.516663612396,0.491064552642,-0.322414057771
1413394000905760512,-4.940971645177,-0.790755980074,-0.002995540408,0.623459309497,0.515945156338,0.490560347867,-0.323186680038
1413394000955760384,-4.949041494608,-0.793313360108,0.000007897519,0.623264603260,0.515944933518,0.491027558130,-0.322852903125
1413394001005760512,-4.954935136476,-0.799655832710,-0.001936505543,0.623106822211,0.515773399412,0.490929526655,-0.323579802262
1413394001055760384,-4.959996659443,-0.800353311493,0.003854506136,0.623539920425,0.515689428221,0.490706683587,-0.323217159106
1413394001105760512,-4.964542667624,-0.804506927754,-0.000075763833,0.623438688796,0.515773224306,0.490620412808,-0.323409636432
1413394001155760640,-4.967787518860,-0.806640843889,0.005553187087,0.623401698833,0.515590949059,0.490600274754,-0.323801892448
1413394001205760512,-4.970909404608,-0.807413087076,0.002488584739,0.623543800435,0.515516966726,0.490631986636,-0.323597959892
1413394001255760384,-4.973046365987,-0.811426884126,0.006354825268,0.623425568766,0.515733449657,0.490240281716,-0.324074120066
1413394001305760256,-4.975385869474,-0.810647007156,0.003388675847,0.623417354687,0.515659022169,0.490583450492,-0.323688820991
1413394001355760640,-4.977269842461,-0.809605310594,0.006058621551,0.623596279047,0.515494959996,0.490501407918,-0.323729819152
1413394001405760512,-4.978676388292,-0.812718917276,0.005085623529,0.623419592854,0.515851452420,0.490238462183,-0.323900510153
1413394001455760384,-4.975999838609,-0.809413176288,0.006803599334,0.623466168685,0.515532597487,0.490555877996,-0.323837934773
1413394001505760512,-4.961157870030,-0.799568981810,0.010891601267,0.623535446254,0.515499868865,0.490485709005,-0.323862936637
1413394001555760384,-4.960422343619,-0.796410434570,0.012875229523,0.623806381140,0.515514884758,0.490251858626,-0.323671310986
1413394001605760512,-4.961236177587,-0.797340384454,0.011198622675,0.623611726790,0.515489367548,0.490387991436,-0.323880755852
1413394001655760640,-4.962248650385,-0.800347977758,0.011778917256,0.623469596783,0.515627652837,0.490256103168,-0.324133828569
1413394001705760512,-4.962960738767,-0.803919035979,0.011708820942,0.623327002958,0.515930215017,0.490040494752,-0.324252639340
1413394001755760384,-4.963322991664,-0.807147478617,0.011818691924,0.623137850467,0.516093434618,0.489923644759,-0.324532907986
1413394001805760256,-4.964016882360,-0.809271129553,0.011256086467,0.622975378955,0.516255518134,0.489907399812,-0.324611547579
1413394001855760640,-4.964809437999,-0.810633786510,0.011947186752,0.622943508677,0.516302345865,0.489821967879,-0.324727135353
1413394001905760512,-4.965472715081,-0.812449402846,0.012848240654,0.622913653651,0.516426032110,0.489667192915,-0.324821140995
1413394001955760384,-4.965977450810,-0.815208904049,0.013733145826,0.622859928821,0.516586975454,0.489464474135,-0.324973744201
1413394002005760512,-4.966982785388,-0.817025200942,0.013978448495,0.622831779286,0.516656957959,0.489430662576,-0.324967366107
1413394002055760384,-4.967213323452,-0.821334125167,0.014571624146,0.622605165914,0.516920331699,0.489274572782,-0.325217727811
1413394002105760512,-4.968152423077,-0.824663709422,0.014186381111,0.622430152077,0.517091150349,0.489264399112,-0.325296473664
1413394002155760640,-4.969399266812,-0.826620258641,0.014116199533,0.622417652132,0.517234708200,0.489155233973,-0.325256329722
1413394002205760512,-4.970882882317,-0.828489646074,0.014586625897,0.622413371484,0.517288537287,0.489057561576,-0.325325783875
1413394002255760384,-4.972602568292,-0.829155000355,0.014430425255,0.622380355248,0.517256562410,0.489137138770,-0.325320152345
1413394002305760256,-4.974081242397,-0.829501791335,0.014017984372,0.622368917695,0.517249256511,0.489177289957,-0.325293276777
1413394002355760640,-4.975795364914,-0.829666224703,0.013425782130,0.622376630308,0.517170199429,0.489261797936,-0.325277124848
1413394002405760512,-4.977374084393,-0.830352163853,0.013629843976,0.622376356729,0.517203289034,0.489234359938,-0.325266305437
1413394002455760384,-4.978845635796,-0.831126433556,0.013109233591,0.622350850365,0.517256597897,0.489252696801,-0.325202751609
1413394002505760512,-4.980320609252,-0.831141341624,0.013409996917,0.622409228462,0.517165669044,0.489257210219,-0.325228850712
1413394002555760384,-4.981657203538,-0.831443670675,0.012808574559,0.622343403689,0.517152642231,0.489374064198,-0.325199719876
1413394002605760512,-4.983060908010,-0.831552064253,0.012706159965,0.622386141215,0.517156760587,0.489364565360,-0.325125665508
1413394002655760640,-4.982034239973,-0.830897580508,0.012467482486,0.622327531932,0.517189866149,0.489397967506,-0.325134917769
1413394002705760512,-4.975521107818,-0.826020935316,0.011841606944,0.622278847143,0.517191126143,0.489459590623,-0.325133333549
1413394002755760384,-4.970344814563,-0.820777893197,0.011682451404,0.622324638963,0.517268091005,0.489377424719,-0.325046922680
1413394002805760256,-4.965702243050,-0.815222846683,0.011155241219,0.622265696132,0.517273890415,0.489446974516,-0.325045819617
1413394002855760640,-4.964856720291,-0.813074762172,0.010660372782,0.622334594251,0.517323089936,0.489361065350,-0.324964953706
1413394002905760512,-4.964786646992,-0.812482669454,0.010014614845,0.622249730003,0.517266491454,0.489475534794,-0.325045152506
1413394002955760384,-4.965181612990,-0.812191256998,0.011049816422,0.622388358258,0.517265470767,0.489333000262,-0.324995967839
1413394003005760512,-4.965718522492,-0.812887275743,0.011315893864,0.622449318989,0.517341411097,0.489214901741,-0.324936131523
1413394003055760384,-4.966430143239,-0.812788214466,0.011730319146,0.622440596447,0.517262786628,0.489239595542,-0.325040815313
1413394003105760512,-4.967540288056,-0.813743624898,0.012054851766,0.622509838986,0.517340439766,0.489186652380,-0.324864262241
1413394003155760640,-4.968529974558,-0.814640935260,0.011797147939,0.622484358451,0.517254193246,0.489236273929,-0.324975678050
1413394003205760512,-4.969376997917,-0.815501025385,0.012762109766,0.622457204911,0.517254242915,0.489248263036,-0.325009558870
1413394003255760384,-4.970108674982,-0.816094709577,0.012618162116,0.622498505503,0.517279671227,0.489184881074,-0.324985391225
1413394003305760256,-4.970678618013,-0.816523760064,0.012853271889,0.622417395593,0.517241555235,0.489273512540,-0.325067976164
1413394003355760640,-4.970712939341,-0.816952496888,0.013903282014,0.622332914016,0.517239257836,0.489298084111,-0.325196370170
